sample_index,true_label,true_class,predicted_label,predicted_class,confidence,shift,severity
8218,9,truck,6,frog,0.99995816,rotation,5
8218,9,truck,6,frog,0.9999418,rotation,4
2226,2,bird,6,frog,0.9998878,rotation,3
971,4,deer,6,frog,0.99982625,rotation,5
1911,4,deer,6,frog,0.9998242,rotation,5
6369,9,truck,6,frog,0.999747,rotation,5
5266,4,deer,6,frog,0.9997445,rotation,5
2226,2,bird,6,frog,0.9997372,rotation,5
5057,2,bird,6,frog,0.99973196,rotation,5
6498,4,deer,6,frog,0.99972993,rotation,4
5511,3,cat,6,frog,0.99968207,rotation,4
2226,2,bird,6,frog,0.9996666,rotation,4
3957,9,truck,0,airplane,0.9996178,contrast,2
1341,4,deer,6,frog,0.99960107,rotation,5
3988,1,automobile,6,frog,0.9995505,rotation,4
4337,1,automobile,6,frog,0.99954224,rotation,4
3957,9,truck,0,airplane,0.9995228,brightness,1
3957,9,truck,0,airplane,0.99950576,contrast,1
3957,9,truck,0,airplane,0.99950147,contrast,3
1619,4,deer,6,frog,0.9994881,rotation,5
6429,8,ship,6,frog,0.9994772,rotation,4
2625,2,bird,6,frog,0.99946266,rotation,4
7031,0,airplane,6,frog,0.9994106,rotation,4
5416,9,truck,1,automobile,0.99941003,brightness,4
3988,1,automobile,6,frog,0.9994073,rotation,5
5403,7,horse,6,frog,0.9993974,rotation,5
5416,9,truck,1,automobile,0.99933916,brightness,3
3957,9,truck,0,airplane,0.9993266,clean,0
5029,3,cat,6,frog,0.99932504,rotation,5
6015,0,airplane,6,frog,0.9993067,rotation,4
1837,9,truck,6,frog,0.9993044,rotation,5
564,2,bird,6,frog,0.9993032,rotation,4
6429,8,ship,6,frog,0.99929225,rotation,5
3957,9,truck,0,airplane,0.9992872,brightness,2
2405,3,cat,6,frog,0.9992494,rotation,5
9643,9,truck,0,airplane,0.9992424,brightness,1
9643,9,truck,0,airplane,0.9992387,brightness,2
8456,4,deer,6,frog,0.9992379,rotation,5
4832,4,deer,6,frog,0.9991911,rotation,5
5511,3,cat,6,frog,0.9991726,rotation,5
2845,5,dog,6,frog,0.9991516,rotation,5
2226,2,bird,6,frog,0.9991352,noise,1
1258,1,automobile,6,frog,0.9991153,rotation,5
5416,9,truck,1,automobile,0.9991142,noise,1
689,0,airplane,6,frog,0.9990941,rotation,4
5416,9,truck,1,automobile,0.9990859,brightness,2
3854,8,ship,6,frog,0.99908054,rotation,4
7927,7,horse,6,frog,0.99904126,rotation,5
2405,3,cat,6,frog,0.9990402,noise,1
354,2,bird,6,frog,0.9990362,rotation,5
5511,3,cat,6,frog,0.999032,brightness,1
3989,2,bird,6,frog,0.99901307,rotation,5
4448,4,deer,6,frog,0.9990049,rotation,4
6866,4,deer,6,frog,0.99900025,rotation,5
3854,8,ship,6,frog,0.99899703,rotation,5
7815,0,airplane,6,frog,0.9989868,rotation,4
2255,1,automobile,6,frog,0.9989737,rotation,4
6383,3,cat,6,frog,0.9989679,rotation,5
2405,3,cat,6,frog,0.99895513,rotation,1
9740,3,cat,6,frog,0.9989164,rotation,5
3928,3,cat,6,frog,0.9989153,rotation,4
5511,3,cat,6,frog,0.9989089,brightness,2
6182,1,automobile,6,frog,0.9988871,rotation,4
2721,8,ship,6,frog,0.99888533,rotation,5
665,8,ship,0,airplane,0.99888235,clean,0
9088,2,bird,6,frog,0.998862,rotation,4
9252,7,horse,6,frog,0.99883705,rotation,5
3443,4,deer,2,bird,0.99880683,blur,2
4448,4,deer,6,frog,0.99880683,rotation,5
9643,9,truck,0,airplane,0.99877995,contrast,1
2409,4,deer,6,frog,0.9987797,rotation,5
6757,4,deer,6,frog,0.9987747,rotation,5
9643,9,truck,0,airplane,0.9987696,contrast,2
3928,3,cat,6,frog,0.99875724,rotation,5
5416,9,truck,1,automobile,0.9987544,brightness,1
2676,4,deer,6,frog,0.99875057,rotation,5
5511,3,cat,6,frog,0.99873084,clean,0
2405,3,cat,6,frog,0.9987091,rotation,3
3957,9,truck,0,airplane,0.9986822,blur,1
5202,9,truck,6,frog,0.9986519,rotation,4
6016,4,deer,6,frog,0.9986249,rotation,5
1837,9,truck,6,frog,0.9986085,rotation,4
3524,5,dog,4,deer,0.9986078,contrast,2
5739,2,bird,6,frog,0.99859935,rotation,4
3524,5,dog,4,deer,0.998594,contrast,1
6497,4,deer,6,frog,0.9985656,rotation,5
5057,2,bird,6,frog,0.9985642,rotation,4
6526,8,ship,6,frog,0.9985146,rotation,4
450,2,bird,6,frog,0.99847263,rotation,4
7958,5,dog,6,frog,0.9984705,rotation,5
5511,3,cat,6,frog,0.99843603,contrast,1
9503,2,bird,6,frog,0.99843067,rotation,5
3524,5,dog,4,deer,0.9984193,clean,0
5494,9,truck,6,frog,0.9984054,rotation,4
6369,9,truck,6,frog,0.99840313,rotation,4
7129,1,automobile,6,frog,0.99840087,rotation,4
6995,1,automobile,6,frog,0.99839324,rotation,4
665,8,ship,0,airplane,0.99835664,contrast,1
669,3,cat,2,bird,0.9983399,blur,5
8642,3,cat,6,frog,0.9983169,rotation,5
6726,3,cat,6,frog,0.9982955,rotation,4
5416,9,truck,1,automobile,0.99828476,clean,0
2226,2,bird,6,frog,0.9982711,noise,2
9426,2,bird,6,frog,0.998257,rotation,5
5511,3,cat,6,frog,0.99825174,noise,1
9740,3,cat,6,frog,0.9982419,rotation,4
2940,3,cat,0,airplane,0.9982278,rotation,1
8370,4,deer,6,frog,0.9982273,clean,0
2226,2,bird,6,frog,0.9982192,rotation,1
5009,7,horse,2,bird,0.99820936,rotation,2
2629,2,bird,6,frog,0.9982034,rotation,4
3580,4,deer,6,frog,0.9981833,rotation,5
1619,4,deer,6,frog,0.9981811,rotation,4
6253,5,dog,6,frog,0.99817693,rotation,5
2405,3,cat,6,frog,0.99817395,clean,0
8301,5,dog,6,frog,0.9981723,rotation,5
7815,0,airplane,6,frog,0.99815065,rotation,5
3524,5,dog,4,deer,0.998139,contrast,3
8932,6,frog,2,bird,0.9981371,brightness,3
5024,1,automobile,6,frog,0.99813443,rotation,5
3524,5,dog,4,deer,0.9981329,brightness,1
2226,2,bird,6,frog,0.9981013,rotation,2
9163,4,deer,6,frog,0.9980829,rotation,5
3524,5,dog,4,deer,0.9980477,brightness,2
8370,4,deer,6,frog,0.998041,brightness,1
4383,4,deer,6,frog,0.99804085,rotation,5
831,3,cat,6,frog,0.99803156,rotation,4
4832,4,deer,6,frog,0.9980196,rotation,4
7519,2,bird,6,frog,0.99801767,rotation,5
8773,6,frog,2,bird,0.9980173,contrast,2
9643,9,truck,0,airplane,0.99800843,brightness,3
260,8,ship,6,frog,0.99800617,rotation,4
7927,7,horse,6,frog,0.9979965,rotation,4
1953,4,deer,6,frog,0.99799037,rotation,4
9325,6,frog,2,bird,0.9979837,blur,5
2759,3,cat,6,frog,0.9979792,rotation,4
2940,3,cat,0,airplane,0.99797875,clean,0
669,3,cat,2,bird,0.99797755,blur,4
2226,2,bird,6,frog,0.9979748,clean,0
887,1,automobile,6,frog,0.99797255,rotation,4
6053,4,deer,6,frog,0.99794096,rotation,4
9715,4,deer,6,frog,0.9979366,rotation,5
5416,9,truck,1,automobile,0.99792284,contrast,1
5023,2,bird,6,frog,0.9979206,rotation,5
6849,4,deer,2,bird,0.9979183,blur,5
2405,3,cat,6,frog,0.9979133,noise,3
9643,9,truck,0,airplane,0.99787426,clean,0
9325,6,frog,2,bird,0.99787307,blur,4
3524,5,dog,4,deer,0.99787164,brightness,3
5009,7,horse,2,bird,0.99785787,brightness,1
5511,3,cat,6,frog,0.99785763,brightness,3
8932,6,frog,2,bird,0.99785644,brightness,2
8536,1,automobile,0,airplane,0.9978544,contrast,4
3028,1,automobile,6,frog,0.99783546,rotation,4
1095,2,bird,6,frog,0.99783164,rotation,5
665,8,ship,0,airplane,0.9978284,brightness,1
3402,4,deer,6,frog,0.99782664,rotation,5
4649,8,ship,0,airplane,0.9977841,rotation,2
4097,3,cat,6,frog,0.9977823,rotation,4
4043,3,cat,6,frog,0.9977718,rotation,4
8370,4,deer,6,frog,0.99776804,noise,1
1341,4,deer,6,frog,0.9977671,rotation,4
8612,4,deer,6,frog,0.9977563,rotation,4
6383,3,cat,6,frog,0.99775547,rotation,4
8686,9,truck,6,frog,0.99775165,rotation,4
3957,9,truck,0,airplane,0.9977508,contrast,4
2845,5,dog,6,frog,0.99774784,rotation,4
3957,9,truck,0,airplane,0.99774545,rotation,1
3559,4,deer,6,frog,0.997733,rotation,5
4376,7,horse,6,frog,0.99772054,rotation,4
8536,1,automobile,0,airplane,0.9976751,contrast,5
8019,3,cat,6,frog,0.99764305,noise,2
9643,9,truck,0,airplane,0.99762255,blur,1
5029,3,cat,6,frog,0.99761105,rotation,3
1095,2,bird,6,frog,0.9976071,rotation,4
6396,4,deer,6,frog,0.99760455,rotation,4
8102,3,cat,6,frog,0.9975776,rotation,5
8370,4,deer,6,frog,0.9975579,brightness,2
2690,2,bird,6,frog,0.9975567,rotation,4
9982,2,bird,6,frog,0.9975389,rotation,4
8773,6,frog,2,bird,0.99753547,contrast,1
2532,0,airplane,1,automobile,0.9975188,clean,0
2405,3,cat,6,frog,0.9975164,brightness,1
8642,3,cat,6,frog,0.99751246,rotation,4
568,9,truck,6,frog,0.9974827,rotation,5
5416,9,truck,1,automobile,0.99747735,brightness,5
6557,9,truck,6,frog,0.99746585,rotation,4
2940,3,cat,0,airplane,0.99745816,contrast,1
7797,3,cat,6,frog,0.9974439,rotation,5
1491,4,deer,6,frog,0.99743587,rotation,5
5009,7,horse,2,bird,0.9974222,clean,0
5416,9,truck,1,automobile,0.99739635,contrast,2
7093,2,bird,6,frog,0.9973928,rotation,4
2472,5,dog,6,frog,0.99737036,rotation,4
4998,5,dog,6,frog,0.9973688,rotation,4
2413,4,deer,6,frog,0.9973627,rotation,4
2482,9,truck,6,frog,0.9973483,rotation,5
6866,4,deer,6,frog,0.99734384,rotation,4
9325,6,frog,2,bird,0.9973404,blur,3
2219,5,dog,6,frog,0.99733716,rotation,5
2226,2,bird,6,frog,0.99733233,brightness,1
5455,9,truck,6,frog,0.99732924,rotation,4
2405,3,cat,6,frog,0.99731356,rotation,2
1151,2,bird,6,frog,0.99730045,rotation,5
6849,4,deer,2,bird,0.9972951,blur,4
705,4,deer,6,frog,0.99729246,rotation,5
5009,7,horse,2,bird,0.99728465,contrast,1
9436,1,automobile,6,frog,0.99728084,rotation,4
2550,4,deer,6,frog,0.99726874,rotation,4
2441,4,deer,6,frog,0.9972594,rotation,4
6913,3,cat,6,frog,0.997248,rotation,5
8773,6,frog,2,bird,0.9972222,contrast,3
2226,2,bird,6,frog,0.99720997,brightness,2
669,3,cat,2,bird,0.9972052,blur,3
665,8,ship,0,airplane,0.9972011,contrast,2
8456,4,deer,6,frog,0.997182,rotation,4
8462,2,bird,6,frog,0.9971763,rotation,5
5511,3,cat,6,frog,0.9971601,contrast,2
9694,1,automobile,6,frog,0.997157,rotation,4
7685,9,truck,0,airplane,0.99715674,blur,2
7958,5,dog,6,frog,0.9971464,rotation,4
6726,3,cat,6,frog,0.9971373,rotation,5
2000,1,automobile,6,frog,0.9971306,rotation,5
5270,1,automobile,6,frog,0.9971173,rotation,5
7641,7,horse,6,frog,0.997115,rotation,5
3957,9,truck,0,airplane,0.9970854,brightness,3
2405,3,cat,6,frog,0.99708265,contrast,1
3524,5,dog,4,deer,0.9970452,noise,1
5009,7,horse,2,bird,0.9970451,brightness,2
564,2,bird,6,frog,0.99704236,rotation,5
5642,5,dog,4,deer,0.9970395,brightness,4
7602,2,bird,6,frog,0.9970198,rotation,5
9498,3,cat,6,frog,0.99701524,rotation,4
2472,5,dog,6,frog,0.99701095,rotation,5
2442,4,deer,6,frog,0.99697816,rotation,5
1148,2,bird,6,frog,0.99697685,rotation,5
3895,1,automobile,6,frog,0.9969759,rotation,4
9697,8,ship,0,airplane,0.9969722,rotation,2
9896,4,deer,6,frog,0.9969632,rotation,4
1277,2,bird,6,frog,0.99695,rotation,4
3460,1,automobile,6,frog,0.99694437,rotation,4
6498,4,deer,6,frog,0.9969414,rotation,5
4163,2,bird,6,frog,0.99693006,rotation,4
2932,9,truck,6,frog,0.99692804,rotation,4
8209,2,bird,6,frog,0.9969177,rotation,4
7243,1,automobile,6,frog,0.996917,rotation,4
3113,3,cat,6,frog,0.99691355,rotation,4
2532,0,airplane,1,automobile,0.9969022,brightness,1
5023,2,bird,6,frog,0.9968995,rotation,4
1595,3,cat,6,frog,0.996894,noise,2
9982,2,bird,6,frog,0.9968811,rotation,5
707,9,truck,6,frog,0.9968548,rotation,4
689,0,airplane,6,frog,0.9968539,rotation,5
8370,4,deer,6,frog,0.99684167,brightness,3
6218,9,truck,6,frog,0.99683964,rotation,5
1911,4,deer,6,frog,0.99683017,rotation,4
8218,9,truck,6,frog,0.9968297,rotation,3
6458,2,bird,6,frog,0.99682885,rotation,5
641,3,cat,6,frog,0.9968232,rotation,5
4337,1,automobile,6,frog,0.9968162,rotation,5
5642,5,dog,4,deer,0.9968076,brightness,3
5134,5,dog,6,frog,0.99680674,noise,1
2705,8,ship,0,airplane,0.9968029,rotation,2
2145,7,horse,4,deer,0.99679834,noise,1
7505,7,horse,6,frog,0.9967949,rotation,5
2242,2,bird,6,frog,0.9967924,rotation,5
5792,2,bird,6,frog,0.99679214,rotation,5
8961,0,airplane,6,frog,0.9967908,rotation,4
9711,4,deer,6,frog,0.9967847,rotation,5
6308,4,deer,6,frog,0.9967769,rotation,5
1258,1,automobile,6,frog,0.99677026,rotation,4
165,4,deer,2,bird,0.9967624,blur,2
9088,2,bird,6,frog,0.9967525,rotation,5
7472,1,automobile,0,airplane,0.9967458,contrast,5
9808,1,automobile,6,frog,0.9967391,rotation,4
4523,4,deer,6,frog,0.99673563,rotation,4
5004,4,deer,6,frog,0.9967355,rotation,5
196,8,ship,6,frog,0.99672925,rotation,4
3450,9,truck,6,frog,0.9967121,rotation,4
5623,8,ship,6,frog,0.9966844,rotation,4
5009,7,horse,2,bird,0.9966743,contrast,2
1480,1,automobile,6,frog,0.9966665,rotation,4
7839,3,cat,4,deer,0.99664223,contrast,2
3524,5,dog,4,deer,0.996639,brightness,4
2405,3,cat,6,frog,0.9966319,brightness,2
3988,1,automobile,6,frog,0.9966281,rotation,3
6339,3,cat,6,frog,0.9966008,rotation,4
5786,4,deer,6,frog,0.9965849,rotation,5
4965,3,cat,6,frog,0.99655557,rotation,5
8257,3,cat,6,frog,0.9965502,rotation,5
2226,2,bird,6,frog,0.9965385,brightness,3
665,8,ship,0,airplane,0.9965262,blur,1
2405,3,cat,6,frog,0.99652416,rotation,4
5416,9,truck,1,automobile,0.99651426,blur,1
3607,3,cat,2,bird,0.9965126,rotation,1
7879,3,cat,6,frog,0.99648917,noise,1
5202,9,truck,6,frog,0.9964803,rotation,5
4987,3,cat,6,frog,0.99646914,rotation,4
9061,7,horse,6,frog,0.9964677,rotation,5
6134,3,cat,6,frog,0.9964664,rotation,4
2219,5,dog,6,frog,0.9964579,rotation,4
2423,2,bird,6,frog,0.9964328,rotation,4
2851,4,deer,6,frog,0.9964311,rotation,4
8773,6,frog,2,bird,0.9964294,brightness,1
4031,4,deer,6,frog,0.9964281,rotation,4
3450,9,truck,1,automobile,0.9964259,clean,0
9217,9,truck,0,airplane,0.9964174,blur,2
2940,3,cat,0,airplane,0.99638855,contrast,2
7805,9,truck,6,frog,0.9963845,rotation,5
707,9,truck,6,frog,0.9963813,rotation,5
4529,4,deer,6,frog,0.99637467,rotation,4
9360,5,dog,0,airplane,0.99637234,clean,0
5940,7,horse,6,frog,0.9963509,rotation,5
7602,2,bird,6,frog,0.9963432,rotation,4
8961,0,airplane,6,frog,0.9963421,rotation,5
2405,3,cat,6,frog,0.996292,noise,2
3041,4,deer,6,frog,0.996292,rotation,4
6387,2,bird,6,frog,0.9962692,rotation,4
6498,4,deer,6,frog,0.9962607,rotation,3
7839,3,cat,4,deer,0.9962573,contrast,3
439,1,automobile,6,frog,0.99624556,rotation,5
155,5,dog,6,frog,0.99623054,noise,2
8932,6,frog,2,bird,0.9962243,brightness,4
5009,7,horse,2,bird,0.996219,rotation,1
9497,3,cat,6,frog,0.99621683,rotation,4
1835,0,airplane,6,frog,0.9962064,rotation,5
8720,2,bird,0,airplane,0.9961957,rotation,1
6093,2,bird,6,frog,0.9961875,rotation,4
4754,3,cat,6,frog,0.996179,rotation,4
503,4,deer,6,frog,0.9961655,rotation,5
155,5,dog,6,frog,0.9961628,rotation,4
4618,3,cat,6,frog,0.996157,noise,1
627,4,deer,6,frog,0.9961482,rotation,5
6095,9,truck,8,ship,0.99613523,contrast,4
8474,4,deer,6,frog,0.9961157,rotation,5
7916,4,deer,6,frog,0.9961118,rotation,5
5261,2,bird,6,frog,0.99608254,rotation,4
2866,9,truck,6,frog,0.9960576,rotation,5
7093,2,bird,6,frog,0.9960503,rotation,5
8299,3,cat,6,frog,0.9960425,rotation,4
8370,4,deer,6,frog,0.9960323,contrast,1
5942,4,deer,6,frog,0.99601716,rotation,4
2705,8,ship,0,airplane,0.9960169,clean,0
9643,9,truck,0,airplane,0.9959927,contrast,3
2911,1,automobile,6,frog,0.995987,rotation,4
2932,9,truck,6,frog,0.99598676,rotation,5
1684,1,automobile,8,ship,0.9959656,noise,1
1771,2,bird,6,frog,0.9959556,rotation,5
7604,1,automobile,6,frog,0.9959363,rotation,4
7830,2,bird,6,frog,0.9959168,rotation,4
1303,4,deer,6,frog,0.9959162,rotation,4
5289,4,deer,2,bird,0.9959053,brightness,1
6781,3,cat,6,frog,0.995867,rotation,4
5580,5,dog,6,frog,0.9958652,rotation,5
2940,3,cat,0,airplane,0.9958573,brightness,1
6849,4,deer,2,bird,0.9958176,blur,3
8067,8,ship,6,frog,0.9958118,rotation,4
4052,5,dog,6,frog,0.995811,noise,2
5281,3,cat,6,frog,0.9958016,rotation,5
1085,4,deer,6,frog,0.9957943,rotation,5
881,4,deer,6,frog,0.99579227,rotation,5
3989,2,bird,6,frog,0.99579066,rotation,4
9901,3,cat,6,frog,0.99578935,rotation,4
2327,1,automobile,6,frog,0.99577725,rotation,5
957,3,cat,6,frog,0.99576086,noise,2
7472,1,automobile,0,airplane,0.9957568,contrast,4
8729,5,dog,6,frog,0.99575436,rotation,4
7830,2,bird,6,frog,0.9957424,rotation,5
118,2,bird,6,frog,0.9957307,rotation,5
4685,4,deer,6,frog,0.9956937,rotation,4
8398,4,deer,6,frog,0.9956826,rotation,5
5029,3,cat,6,frog,0.9956729,rotation,4
5642,5,dog,4,deer,0.99563015,contrast,4
8452,4,deer,6,frog,0.9956181,rotation,4
5642,5,dog,4,deer,0.99561596,brightness,2
8938,1,automobile,6,frog,0.99561065,noise,2
5416,9,truck,1,automobile,0.9956001,contrast,3
8773,6,frog,2,bird,0.99558854,clean,0
794,7,horse,2,bird,0.9955811,rotation,5
731,2,bird,0,airplane,0.99556386,rotation,2
51,8,ship,6,frog,0.9955609,rotation,4
2629,2,bird,6,frog,0.9955329,rotation,5
5289,4,deer,2,bird,0.9955165,clean,0
2759,3,cat,6,frog,0.9955122,rotation,5
5638,4,deer,6,frog,0.99549377,rotation,5
1501,2,bird,6,frog,0.99548644,rotation,4
7490,4,deer,6,frog,0.99547845,rotation,5
7129,1,automobile,6,frog,0.99544585,rotation,5
3450,9,truck,1,automobile,0.99543977,brightness,1
5851,1,automobile,6,frog,0.9954234,rotation,4
4029,4,deer,6,frog,0.9954164,rotation,4
5511,3,cat,6,frog,0.99541616,rotation,3
2940,3,cat,0,airplane,0.9954117,rotation,2
2829,3,cat,6,frog,0.9953945,noise,2
3827,4,deer,6,frog,0.9953875,rotation,5
848,2,bird,6,frog,0.9953856,rotation,4
6357,7,horse,4,deer,0.9953799,noise,1
5289,4,deer,2,bird,0.99537814,contrast,1
5940,7,horse,6,frog,0.99536824,rotation,4
9896,4,deer,6,frog,0.9953622,rotation,5
7967,9,truck,6,frog,0.99534947,rotation,4
1491,4,deer,6,frog,0.99529344,noise,1
7174,3,cat,6,frog,0.99528754,rotation,4
7358,8,ship,6,frog,0.9952631,rotation,4
2807,9,truck,6,frog,0.9952603,rotation,4
5511,3,cat,6,frog,0.99525476,rotation,2
817,5,dog,6,frog,0.9952478,rotation,5
3524,5,dog,4,deer,0.9952415,blur,1
8536,1,automobile,0,airplane,0.99521494,contrast,3
3279,8,ship,0,airplane,0.9952122,rotation,1
5539,4,deer,6,frog,0.9952106,rotation,5
2293,8,ship,6,frog,0.99519956,rotation,5
8845,2,bird,6,frog,0.9951859,rotation,5
9087,3,cat,6,frog,0.99517196,rotation,5
1938,8,ship,0,airplane,0.9951638,clean,0
3299,0,airplane,6,frog,0.99516296,rotation,4
6424,8,ship,0,airplane,0.9951626,rotation,2
9731,2,bird,6,frog,0.995152,rotation,5
4960,4,deer,6,frog,0.9951461,rotation,5
1837,9,truck,6,frog,0.9951125,rotation,3
4237,1,automobile,6,frog,0.9951062,rotation,4
3292,4,deer,6,frog,0.9950958,rotation,4
7805,9,truck,6,frog,0.99507314,rotation,4
7641,7,horse,6,frog,0.99506855,rotation,4
9267,2,bird,6,frog,0.99506664,rotation,4
8312,9,truck,6,frog,0.9950582,rotation,5
9011,2,bird,6,frog,0.9950299,noise,1
2202,9,truck,6,frog,0.9950228,rotation,5
1628,4,deer,2,bird,0.9950197,blur,2
8683,7,horse,6,frog,0.99501723,rotation,5
8612,4,deer,6,frog,0.99498934,rotation,5
6757,4,deer,6,frog,0.9949856,rotation,4
8773,6,frog,2,bird,0.9949647,brightness,2
1075,8,ship,6,frog,0.99495775,rotation,5
5642,5,dog,4,deer,0.9949302,clean,0
8577,3,cat,6,frog,0.994902,rotation,4
716,3,cat,6,frog,0.99489754,rotation,5
458,4,deer,6,frog,0.99489415,rotation,4
5678,1,automobile,6,frog,0.9948881,rotation,4
91,3,cat,6,frog,0.99486595,rotation,5
5852,3,cat,6,frog,0.9948625,rotation,5
5511,3,cat,6,frog,0.9948618,noise,2
2092,1,automobile,6,frog,0.99485826,rotation,4
5642,5,dog,4,deer,0.9948494,contrast,3
6819,2,bird,6,frog,0.994849,rotation,4
312,8,ship,0,airplane,0.9948403,rotation,1
9909,1,automobile,6,frog,0.99483526,rotation,5
5736,9,truck,6,frog,0.9948259,rotation,5
5642,5,dog,4,deer,0.9948256,brightness,1
5134,5,dog,6,frog,0.9948237,rotation,4
7833,8,ship,0,airplane,0.99480826,rotation,1
5104,8,ship,6,frog,0.9948037,rotation,5
7248,4,deer,6,frog,0.9947935,rotation,4
2405,3,cat,6,frog,0.99478465,contrast,2
7391,4,deer,6,frog,0.99477166,rotation,5
2293,8,ship,6,frog,0.994769,rotation,4
4696,5,dog,6,frog,0.99476886,noise,2
689,0,airplane,6,frog,0.9947626,rotation,3
7270,9,truck,6,frog,0.994752,rotation,4
1493,1,automobile,6,frog,0.99473935,noise,2
8384,2,bird,6,frog,0.994735,noise,2
1325,2,bird,4,deer,0.99470055,clean,0
5233,1,automobile,6,frog,0.9946872,rotation,4
676,3,cat,6,frog,0.99468625,rotation,5
3524,5,dog,4,deer,0.99468565,contrast,4
4251,8,ship,0,airplane,0.9946794,rotation,1
6360,2,bird,6,frog,0.99467456,rotation,4
2261,3,cat,6,frog,0.9946707,rotation,4
2367,4,deer,6,frog,0.9946531,rotation,5
1916,9,truck,6,frog,0.99465066,rotation,5
8596,1,automobile,6,frog,0.99463934,rotation,4
9360,5,dog,0,airplane,0.9946201,blur,1
8099,3,cat,6,frog,0.9946021,rotation,4
4754,3,cat,6,frog,0.9946021,rotation,5
3299,0,airplane,6,frog,0.9945833,rotation,5
3443,4,deer,2,bird,0.99456656,blur,1
9817,9,truck,1,automobile,0.9945386,rotation,1
3443,4,deer,2,bird,0.99453825,blur,3
5289,4,deer,2,bird,0.99453497,brightness,2
9023,8,ship,6,frog,0.994534,rotation,4
8773,6,frog,2,bird,0.9945192,rotation,1
9506,4,deer,2,bird,0.9945098,blur,2
5795,7,horse,4,deer,0.99449426,noise,1
2632,3,cat,6,frog,0.99447423,rotation,5
51,8,ship,6,frog,0.99445045,rotation,5
2029,3,cat,6,frog,0.99445033,rotation,5
1325,2,bird,4,deer,0.99443465,brightness,1
4951,7,horse,6,frog,0.9944296,rotation,4
6467,3,cat,6,frog,0.994419,rotation,5
7604,1,automobile,6,frog,0.9944155,noise,2
2705,8,ship,0,airplane,0.99441093,brightness,1
971,4,deer,6,frog,0.9944041,rotation,4
5642,5,dog,4,deer,0.9944022,contrast,1
5009,7,horse,2,bird,0.99439776,brightness,3
8320,7,horse,6,frog,0.99436086,rotation,4
8301,5,dog,6,frog,0.99435693,rotation,4
1894,3,cat,6,frog,0.9943541,rotation,5
9475,2,bird,6,frog,0.9943441,rotation,5
4237,1,automobile,6,frog,0.9943409,rotation,5
7839,3,cat,4,deer,0.9943356,brightness,3
9503,2,bird,6,frog,0.9943288,rotation,4
7839,3,cat,4,deer,0.9943236,contrast,1
4250,1,automobile,6,frog,0.99432135,rotation,5
7662,5,dog,6,frog,0.9943176,noise,3
4484,4,deer,6,frog,0.99429953,rotation,5
5289,4,deer,2,bird,0.9942934,contrast,2
731,2,bird,0,airplane,0.99429286,rotation,1
4097,3,cat,6,frog,0.99428374,rotation,3
2807,9,truck,6,frog,0.9942781,rotation,5
1577,5,dog,6,frog,0.99427795,rotation,5
4878,7,horse,6,frog,0.994262,rotation,4
6838,1,automobile,6,frog,0.9942478,rotation,4
3513,3,cat,6,frog,0.99423814,rotation,4
6902,4,deer,6,frog,0.9942139,rotation,5
1325,2,bird,4,deer,0.9942116,contrast,1
3726,5,dog,6,frog,0.9941906,rotation,5
8773,6,frog,2,bird,0.9941847,blur,1
9542,1,automobile,6,frog,0.9941831,rotation,5
8900,2,bird,6,frog,0.9941818,rotation,5
5266,4,deer,6,frog,0.99416935,rotation,4
676,3,cat,6,frog,0.9941643,rotation,4
2059,9,truck,0,airplane,0.9941433,clean,0
7358,8,ship,6,frog,0.9941316,rotation,5
327,5,dog,6,frog,0.99412954,rotation,4
2176,1,automobile,6,frog,0.9941294,rotation,4
2512,2,bird,6,frog,0.9941269,noise,1
568,9,truck,6,frog,0.9941241,rotation,4
5642,5,dog,4,deer,0.99411327,contrast,2
2532,0,airplane,1,automobile,0.9941049,brightness,2
9113,1,automobile,6,frog,0.9940929,rotation,4
731,2,bird,0,airplane,0.99407464,clean,0
3450,9,truck,1,automobile,0.9940737,contrast,1
5678,1,automobile,6,frog,0.9940718,rotation,5
227,4,deer,6,frog,0.9940612,rotation,4
5637,7,horse,6,frog,0.9940414,rotation,5
5004,4,deer,6,frog,0.9940341,rotation,4
6238,8,ship,0,airplane,0.9939891,rotation,2
1491,4,deer,6,frog,0.9939883,rotation,2
4826,3,cat,6,frog,0.9939593,rotation,4
2405,3,cat,6,frog,0.9939414,brightness,3
3690,9,truck,6,frog,0.9939336,rotation,5
9506,4,deer,2,bird,0.99393094,blur,3
9697,8,ship,0,airplane,0.9939283,rotation,1
8224,3,cat,6,frog,0.9939074,noise,1
7417,3,cat,6,frog,0.99390405,rotation,4
7248,4,deer,6,frog,0.9939037,rotation,5
3041,4,deer,6,frog,0.9938963,rotation,5
6308,4,deer,6,frog,0.99388665,rotation,4
3726,5,dog,6,frog,0.9938782,rotation,4
8285,9,truck,6,frog,0.99387264,rotation,4
9989,2,bird,6,frog,0.9938651,rotation,5
2464,2,bird,6,frog,0.9938485,rotation,5
1162,7,horse,6,frog,0.9938414,rotation,4
7174,3,cat,6,frog,0.9938356,noise,2
4523,4,deer,6,frog,0.99383426,rotation,5
4331,2,bird,6,frog,0.9938287,noise,2
6769,3,cat,6,frog,0.9938186,rotation,5
5389,4,deer,6,frog,0.9938175,rotation,5
5227,4,deer,6,frog,0.9938154,rotation,4
7264,4,deer,6,frog,0.99380636,rotation,5
4484,4,deer,6,frog,0.99380374,rotation,4
9140,7,horse,6,frog,0.9938,rotation,5
6781,3,cat,6,frog,0.993796,rotation,5
9360,5,dog,0,airplane,0.9937797,contrast,1
1181,3,cat,6,frog,0.9937775,rotation,5
196,8,ship,6,frog,0.99377644,rotation,5
7063,1,automobile,6,frog,0.9937723,noise,4
1238,1,automobile,6,frog,0.9937611,rotation,4
3468,2,bird,6,frog,0.99374443,rotation,5
32,4,deer,6,frog,0.9937344,rotation,5
3638,9,truck,6,frog,0.9937238,rotation,4
8932,6,frog,2,bird,0.99371415,brightness,1
5009,7,horse,2,bird,0.99371064,noise,1
889,4,deer,6,frog,0.99370474,rotation,5
2226,2,bird,6,frog,0.9936978,brightness,4
8507,8,ship,0,airplane,0.9936786,contrast,4
834,5,dog,2,bird,0.9936727,contrast,3
2638,4,deer,6,frog,0.99364823,rotation,5
8304,1,automobile,6,frog,0.9936358,rotation,4
2940,3,cat,0,airplane,0.9936248,contrast,3
7829,2,bird,0,airplane,0.9935969,clean,0
7550,4,deer,6,frog,0.99355984,rotation,5
2550,4,deer,6,frog,0.9935375,rotation,5
3590,7,horse,4,deer,0.9935276,noise,2
8824,3,cat,6,frog,0.99352586,noise,2
6995,1,automobile,6,frog,0.9935202,rotation,5
9461,4,deer,6,frog,0.9935155,rotation,4
5907,5,dog,6,frog,0.9934956,rotation,4
1181,3,cat,6,frog,0.99349505,rotation,4
9073,4,deer,6,frog,0.99349445,rotation,5
3447,4,deer,6,frog,0.99346054,rotation,5
4071,3,cat,2,bird,0.99345326,brightness,3
7839,3,cat,4,deer,0.99343866,brightness,4
9483,0,airplane,6,frog,0.9934291,rotation,4
9360,5,dog,0,airplane,0.9934042,brightness,1
3569,9,truck,6,frog,0.99339724,rotation,5
5642,5,dog,4,deer,0.99339324,contrast,5
9252,7,horse,6,frog,0.99338055,rotation,4
9694,1,automobile,6,frog,0.99336386,rotation,5
525,5,dog,6,frog,0.9933629,rotation,4
9472,8,ship,6,frog,0.9933589,rotation,4
4529,4,deer,6,frog,0.9933528,rotation,5
2551,2,bird,6,frog,0.99334854,rotation,5
493,1,automobile,6,frog,0.99334514,rotation,4
8507,8,ship,0,airplane,0.9933437,contrast,3
3807,8,ship,6,frog,0.9933416,rotation,4
6270,2,bird,6,frog,0.9933321,rotation,3
2226,2,bird,6,frog,0.993331,contrast,1
6951,9,truck,6,frog,0.99333006,rotation,4
5834,5,dog,2,bird,0.9933298,blur,2
2157,3,cat,6,frog,0.99331635,rotation,4
853,9,truck,1,automobile,0.9933067,brightness,1
9817,9,truck,1,automobile,0.9933014,blur,1
5009,7,horse,2,bird,0.9932908,contrast,3
1577,5,dog,6,frog,0.9932702,rotation,4
1842,4,deer,6,frog,0.99323833,rotation,5
1063,4,deer,6,frog,0.9932382,rotation,5
4828,4,deer,6,frog,0.9932249,rotation,4
7829,2,bird,0,airplane,0.9932225,noise,1
6393,3,cat,2,bird,0.9932094,contrast,3
7149,5,dog,6,frog,0.99320316,noise,2
3363,2,bird,6,frog,0.9931838,rotation,4
9087,3,cat,6,frog,0.99318063,rotation,4
665,8,ship,0,airplane,0.9931804,brightness,2
1495,2,bird,0,airplane,0.99314296,rotation,5
8370,4,deer,6,frog,0.9931243,rotation,4
2262,2,bird,6,frog,0.99307394,rotation,5
6153,4,deer,6,frog,0.9930668,rotation,5
8013,8,ship,0,airplane,0.9930633,rotation,2
8219,3,cat,6,frog,0.9930583,noise,2
8370,4,deer,6,frog,0.99304515,brightness,4
731,2,bird,0,airplane,0.99301636,brightness,1
9217,9,truck,0,airplane,0.9930146,rotation,2
7156,1,automobile,6,frog,0.99301296,rotation,4
5028,9,truck,6,frog,0.9929952,rotation,4
6654,4,deer,6,frog,0.99299353,rotation,5
4445,9,truck,6,frog,0.9929677,rotation,4
8181,3,cat,6,frog,0.9929542,rotation,5
4158,7,horse,6,frog,0.99295324,rotation,5
665,8,ship,0,airplane,0.992938,contrast,3
6054,3,cat,2,bird,0.99292,blur,5
990,1,automobile,6,frog,0.99291503,rotation,4
2438,1,automobile,0,airplane,0.9929032,contrast,4
6312,2,bird,6,frog,0.9928976,rotation,5
731,2,bird,0,airplane,0.99288225,blur,1
2516,2,bird,6,frog,0.9928799,rotation,4
3884,3,cat,6,frog,0.99285156,rotation,4
2705,8,ship,0,airplane,0.9928445,rotation,1
5330,7,horse,6,frog,0.99282277,rotation,4
3151,8,ship,0,airplane,0.9928226,brightness,2
1325,2,bird,4,deer,0.99281025,contrast,2
9498,3,cat,6,frog,0.99280214,rotation,5
1676,8,ship,0,airplane,0.9927898,rotation,1
627,4,deer,6,frog,0.9927811,rotation,4
1938,8,ship,0,airplane,0.99278027,contrast,1
8720,2,bird,0,airplane,0.99277157,clean,0
3443,4,deer,2,bird,0.9927705,blur,4
834,5,dog,2,bird,0.9927678,contrast,4
3151,8,ship,0,airplane,0.99276614,brightness,3
2705,8,ship,0,airplane,0.99274665,brightness,2
8114,3,cat,6,frog,0.99274105,noise,3
7829,2,bird,0,airplane,0.99273336,brightness,1
6262,8,ship,0,airplane,0.9927302,rotation,2
731,2,bird,0,airplane,0.9927281,contrast,1
5795,7,horse,4,deer,0.9926878,contrast,5
9506,4,deer,2,bird,0.9926863,blur,4
6734,8,ship,6,frog,0.9926569,rotation,4
8720,2,bird,0,airplane,0.99262357,rotation,2
8618,5,dog,6,frog,0.9925845,rotation,5
7669,7,horse,4,deer,0.99258256,noise,1
2473,0,airplane,8,ship,0.9925823,noise,1
6698,3,cat,6,frog,0.9925605,rotation,4
8046,8,ship,0,airplane,0.99255496,contrast,2
5238,2,bird,0,airplane,0.9925483,clean,0
6270,2,bird,6,frog,0.9925459,rotation,4
9635,7,horse,6,frog,0.9925371,rotation,5
781,1,automobile,6,frog,0.99252445,rotation,5
3571,5,dog,6,frog,0.9925184,rotation,5
7618,3,cat,6,frog,0.9925103,rotation,5
1994,8,ship,6,frog,0.9925029,rotation,4
8046,8,ship,0,airplane,0.9925016,contrast,1
7476,5,dog,6,frog,0.9925007,rotation,5
2926,9,truck,6,frog,0.992461,rotation,5
9360,5,dog,0,airplane,0.9924555,blur,2
1325,2,bird,4,deer,0.9924549,brightness,2
9506,4,deer,2,bird,0.99245316,blur,5
7797,3,cat,6,frog,0.9924495,rotation,4
8542,2,bird,6,frog,0.9924441,rotation,4
1554,4,deer,6,frog,0.99242765,rotation,5
1845,7,horse,6,frog,0.9924264,rotation,5
8102,3,cat,6,frog,0.992417,rotation,4
6822,4,deer,2,bird,0.9924069,blur,5
8370,4,deer,6,frog,0.9923879,contrast,2
1249,4,deer,6,frog,0.99238294,rotation,4
2327,1,automobile,6,frog,0.99237615,rotation,4
4669,6,frog,2,bird,0.99236816,blur,1
8370,4,deer,6,frog,0.9923679,blur,1
2705,8,ship,0,airplane,0.99236345,contrast,1
957,3,cat,6,frog,0.9923626,noise,1
7086,7,horse,6,frog,0.99234736,rotation,4
7862,1,automobile,6,frog,0.9923374,rotation,5
7834,5,dog,6,frog,0.99233234,rotation,4
3417,7,horse,6,frog,0.9923185,rotation,4
2019,9,truck,6,frog,0.9922822,rotation,5
2824,7,horse,4,deer,0.9922786,noise,2
2728,2,bird,6,frog,0.9922725,rotation,4
2059,9,truck,0,airplane,0.9922714,contrast,1
853,9,truck,1,automobile,0.99226975,clean,0
1066,9,truck,6,frog,0.9922577,rotation,4
8292,9,truck,6,frog,0.9922497,rotation,5
9303,9,truck,1,automobile,0.9922261,rotation,3
5642,5,dog,4,deer,0.9922156,brightness,5
9011,2,bird,6,frog,0.9922036,rotation,5
5235,1,automobile,6,frog,0.9921963,rotation,5
3443,4,deer,2,bird,0.99218434,blur,5
1175,9,truck,6,frog,0.99218094,noise,2
4416,4,deer,6,frog,0.9921794,rotation,4
3469,9,truck,6,frog,0.99217826,rotation,4
4071,3,cat,2,bird,0.99217623,brightness,4
3180,3,cat,6,frog,0.99217623,noise,1
7279,5,dog,6,frog,0.9921595,rotation,5
1938,8,ship,0,airplane,0.9921457,brightness,1
6918,4,deer,6,frog,0.99212825,rotation,4
7721,2,bird,6,frog,0.99211884,rotation,4
336,3,cat,6,frog,0.99210346,rotation,4
7200,4,deer,6,frog,0.9920787,rotation,4
3292,4,deer,6,frog,0.99207836,rotation,5
7326,4,deer,6,frog,0.99206746,rotation,4
6054,3,cat,2,bird,0.992065,blur,4
4464,3,cat,6,frog,0.9920589,rotation,4
3450,9,truck,1,automobile,0.9920195,rotation,1
385,8,ship,0,airplane,0.99199826,brightness,3
8359,2,bird,6,frog,0.99199146,rotation,5
2059,9,truck,0,airplane,0.9919817,blur,1
5289,4,deer,2,bird,0.99198157,rotation,1
91,3,cat,6,frog,0.991979,rotation,4
9475,2,bird,6,frog,0.991979,rotation,4
6529,2,bird,6,frog,0.99197304,rotation,4
385,8,ship,0,airplane,0.99197257,brightness,2
7068,2,bird,0,airplane,0.9919681,rotation,2
2497,9,truck,0,airplane,0.9919566,rotation,2
5792,2,bird,6,frog,0.991951,rotation,4
5924,4,deer,2,bird,0.9919478,rotation,1
5238,2,bird,0,airplane,0.99193585,contrast,1
6014,5,dog,6,frog,0.99193573,rotation,5
699,5,dog,6,frog,0.9919293,rotation,5
4878,7,horse,6,frog,0.9919234,rotation,5
450,2,bird,6,frog,0.99190533,rotation,5
5233,1,automobile,6,frog,0.9918996,rotation,5
9037,9,truck,6,frog,0.9918989,rotation,4
7440,3,cat,6,frog,0.99188566,rotation,4
546,1,automobile,6,frog,0.99187297,rotation,4
270,2,bird,6,frog,0.9918657,rotation,5
4099,4,deer,6,frog,0.99185807,rotation,5
665,8,ship,0,airplane,0.99183464,rotation,1
9832,2,bird,6,frog,0.991831,rotation,5
641,3,cat,6,frog,0.9918283,rotation,4
7930,2,bird,0,airplane,0.9918269,contrast,3
5238,2,bird,0,airplane,0.99182445,brightness,1
217,9,truck,6,frog,0.9918162,rotation,4
2676,4,deer,6,frog,0.99179274,rotation,4
2497,9,truck,0,airplane,0.99178547,rotation,1
7553,9,truck,6,frog,0.99176604,rotation,4
4754,3,cat,8,ship,0.9917625,contrast,3
5654,4,deer,6,frog,0.99175584,rotation,5
1053,3,cat,6,frog,0.9917442,rotation,5
7747,3,cat,6,frog,0.9917359,rotation,5
8065,9,truck,6,frog,0.9917265,rotation,4
8420,3,cat,6,frog,0.99168396,noise,1
8577,3,cat,6,frog,0.9916769,noise,1
3203,4,deer,6,frog,0.9916677,rotation,5
1918,2,bird,6,frog,0.99166346,rotation,4
4669,6,frog,2,bird,0.9916609,contrast,2
8606,1,automobile,6,frog,0.9916604,rotation,4
4892,7,horse,6,frog,0.9916598,rotation,4
5009,7,horse,2,bird,0.99165523,blur,1
3524,5,dog,4,deer,0.99163955,rotation,1
8398,4,deer,6,frog,0.9916318,rotation,4
4537,3,cat,6,frog,0.99162877,rotation,5
6095,9,truck,8,ship,0.9915937,contrast,5
279,3,cat,6,frog,0.99154246,rotation,5
5024,1,automobile,6,frog,0.9915413,rotation,4
4029,4,deer,6,frog,0.99153346,rotation,5
6027,3,cat,6,frog,0.99153227,rotation,4
2363,2,bird,6,frog,0.9915046,rotation,5
7829,2,bird,0,airplane,0.9915025,brightness,2
6053,4,deer,6,frog,0.9915001,rotation,5
2762,4,deer,2,bird,0.99148566,rotation,5
3607,3,cat,2,bird,0.9914801,brightness,4
6915,1,automobile,6,frog,0.99146664,rotation,5
4649,8,ship,0,airplane,0.99145925,rotation,1
7985,5,dog,6,frog,0.99145365,rotation,4
8877,9,truck,1,automobile,0.99145085,clean,0
8412,2,bird,6,frog,0.99141383,rotation,5
6822,4,deer,2,bird,0.991402,blur,2
6810,8,ship,6,frog,0.99140054,rotation,4
5289,4,deer,2,bird,0.9913995,blur,1
5580,5,dog,6,frog,0.991385,rotation,4
887,1,automobile,6,frog,0.99138266,rotation,5
1623,2,bird,6,frog,0.99137926,rotation,4
1916,9,truck,6,frog,0.9913617,rotation,4
2557,2,bird,6,frog,0.9913421,rotation,5
6182,1,automobile,6,frog,0.9913345,rotation,5
1148,2,bird,6,frog,0.9913258,rotation,4
7184,5,dog,6,frog,0.9913235,rotation,4
586,3,cat,6,frog,0.99132043,rotation,4
8845,2,bird,6,frog,0.99129206,rotation,4
8720,2,bird,0,airplane,0.99128693,brightness,1
6009,3,cat,6,frog,0.9912578,rotation,4
293,9,truck,6,frog,0.9912572,rotation,5
8753,4,deer,6,frog,0.9912504,rotation,4
4987,3,cat,6,frog,0.99122405,rotation,5
3930,1,automobile,6,frog,0.9912179,rotation,4
7112,2,bird,0,airplane,0.9911993,rotation,1
4828,4,deer,6,frog,0.9911801,rotation,5
1162,7,horse,4,deer,0.99117684,noise,1
1558,4,deer,6,frog,0.99117416,rotation,5
7839,3,cat,4,deer,0.991155,brightness,1
7393,5,dog,4,deer,0.99115235,brightness,2
3910,4,deer,6,frog,0.9911436,rotation,5
8300,5,dog,6,frog,0.99111736,noise,1
2817,9,truck,6,frog,0.99109685,rotation,4
3000,5,dog,6,frog,0.9910836,rotation,5
2405,3,cat,6,frog,0.991078,blur,1
8370,4,deer,6,frog,0.99107766,rotation,1
3607,3,cat,2,bird,0.99107164,brightness,3
1383,8,ship,6,frog,0.9910534,rotation,4
3032,2,bird,6,frog,0.9910534,rotation,5
8370,4,deer,6,frog,0.9910523,rotation,3
8796,9,truck,6,frog,0.9910453,rotation,4
3525,2,bird,6,frog,0.99102026,rotation,4
2000,1,automobile,6,frog,0.9910039,noise,1
731,2,bird,0,airplane,0.9909903,blur,2
312,8,ship,0,airplane,0.9909729,clean,0
7444,9,truck,1,automobile,0.9909601,rotation,5
3716,3,cat,6,frog,0.990957,rotation,5
8209,2,bird,6,frog,0.9909491,rotation,5
2642,7,horse,6,frog,0.9909356,rotation,4
3716,3,cat,6,frog,0.9909276,rotation,4
9697,8,ship,0,airplane,0.9908851,rotation,3
1953,4,deer,6,frog,0.9908791,rotation,5
683,8,ship,0,airplane,0.99085706,contrast,4
7839,3,cat,4,deer,0.9908351,brightness,2
1686,0,airplane,8,ship,0.99083346,noise,1
9377,4,deer,6,frog,0.99081856,rotation,5
4251,8,ship,0,airplane,0.9908048,rotation,2
7393,5,dog,4,deer,0.99080396,brightness,1
4097,3,cat,6,frog,0.9907985,rotation,5
9542,1,automobile,6,frog,0.99079496,rotation,4
5736,9,truck,6,frog,0.9907945,rotation,4
8651,4,deer,2,bird,0.99079436,rotation,2
7829,2,bird,0,airplane,0.99078876,contrast,1
5946,8,ship,6,frog,0.99078804,rotation,4
5565,3,cat,6,frog,0.9907857,rotation,5
2117,7,horse,6,frog,0.9907453,rotation,5
1505,2,bird,6,frog,0.9907358,rotation,5
2532,0,airplane,1,automobile,0.9907353,contrast,1
5238,2,bird,0,airplane,0.99072367,contrast,2
2940,3,cat,0,airplane,0.9907161,noise,1
458,4,deer,6,frog,0.99071527,noise,1
3279,8,ship,0,airplane,0.9907108,rotation,2
853,9,truck,1,automobile,0.9906942,brightness,2
8616,3,cat,6,frog,0.9906859,rotation,4
731,2,bird,0,airplane,0.9906555,brightness,2
814,0,airplane,6,frog,0.9906155,rotation,5
4986,8,ship,6,frog,0.99061066,rotation,4
1623,2,bird,6,frog,0.9906093,rotation,5
7112,2,bird,0,airplane,0.9906014,clean,0
5642,5,dog,4,deer,0.9905896,noise,1
722,8,ship,6,frog,0.99058086,rotation,4
480,8,ship,6,frog,0.99056435,rotation,4
3032,2,bird,6,frog,0.99056387,rotation,4
1938,8,ship,0,airplane,0.9905567,brightness,2
4875,1,automobile,6,frog,0.9905503,noise,3
8487,4,deer,6,frog,0.9905363,rotation,5
7640,9,truck,8,ship,0.99052644,contrast,3
731,2,bird,0,airplane,0.9905165,contrast,2
9009,2,bird,6,frog,0.9905156,rotation,4
1986,4,deer,6,frog,0.990497,rotation,5
8507,8,ship,0,airplane,0.99048036,contrast,2
5289,4,deer,2,bird,0.990475,contrast,3
6841,1,automobile,6,frog,0.990473,rotation,5
7210,3,cat,6,frog,0.9904697,rotation,5
7393,5,dog,4,deer,0.9904536,contrast,1
8720,2,bird,0,airplane,0.99045277,contrast,1
5915,5,dog,6,frog,0.9904497,rotation,4
3252,4,deer,6,frog,0.99044514,rotation,5
3746,7,horse,6,frog,0.990431,rotation,5
4422,3,cat,6,frog,0.9904265,rotation,5
7909,1,automobile,6,frog,0.9904242,rotation,4
9303,9,truck,1,automobile,0.9904075,rotation,2
2441,4,deer,6,frog,0.9903976,rotation,5
385,8,ship,0,airplane,0.9903796,brightness,4
1277,2,bird,6,frog,0.99037325,rotation,5
4640,2,bird,6,frog,0.9903723,rotation,5
8667,4,deer,2,bird,0.99036485,blur,2
5408,9,truck,6,frog,0.99036074,rotation,5
2747,3,cat,6,frog,0.99035853,rotation,4
6913,3,cat,6,frog,0.9903502,rotation,4
5852,3,cat,6,frog,0.9903488,rotation,4
1265,9,truck,6,frog,0.99031126,rotation,4
2059,9,truck,0,airplane,0.99028814,brightness,1
7393,5,dog,4,deer,0.9902844,clean,0
6822,4,deer,2,bird,0.9902727,blur,4
5428,4,deer,6,frog,0.99024945,noise,2
5403,7,horse,6,frog,0.9902442,rotation,4
7383,4,deer,2,bird,0.99024385,blur,3
8246,8,ship,0,airplane,0.9902436,rotation,2
2288,5,dog,6,frog,0.99024314,rotation,4
4599,8,ship,6,frog,0.9902384,rotation,4
4951,7,horse,6,frog,0.9902383,rotation,5
5238,2,bird,0,airplane,0.9902328,brightness,2
9461,4,deer,6,frog,0.9902306,rotation,5
7825,3,cat,6,frog,0.9902244,noise,2
5209,7,horse,6,frog,0.99020046,rotation,4
8681,2,bird,6,frog,0.9901896,rotation,5
7867,4,deer,6,frog,0.99016553,rotation,4
8046,8,ship,0,airplane,0.9901619,clean,0
3513,3,cat,6,frog,0.99015653,rotation,5
2186,9,truck,6,frog,0.9901447,rotation,4
1386,3,cat,6,frog,0.99013186,rotation,4
5511,3,cat,6,frog,0.99011236,contrast,3
8581,8,ship,6,frog,0.99011165,rotation,5
8041,8,ship,6,frog,0.9901051,rotation,4
1050,3,cat,0,airplane,0.9901036,contrast,2
8681,2,bird,6,frog,0.9901008,rotation,4
1304,4,deer,6,frog,0.99008054,rotation,5
6557,9,truck,6,frog,0.9900802,rotation,5
6500,7,horse,6,frog,0.9900719,rotation,4
7358,8,ship,6,frog,0.9900711,rotation,3
5897,4,deer,6,frog,0.9900169,noise,5
503,4,deer,6,frog,0.9900158,rotation,4
990,1,automobile,6,frog,0.9900137,rotation,5
4703,4,deer,6,frog,0.9900086,rotation,5
2977,2,bird,6,frog,0.98998976,noise,2
2940,3,cat,0,airplane,0.9899843,blur,1
8420,3,cat,6,frog,0.9899817,noise,2
3460,1,automobile,6,frog,0.9899761,rotation,5
7112,2,bird,0,airplane,0.9899705,brightness,1
7383,4,deer,2,bird,0.98995507,blur,4
9291,8,ship,4,deer,0.989944,noise,1
2721,8,ship,6,frog,0.9899406,rotation,4
5839,2,bird,6,frog,0.98992574,rotation,5
7383,4,deer,2,bird,0.9899158,blur,5
9628,9,truck,6,frog,0.98988706,rotation,4
9454,3,cat,6,frog,0.9898727,noise,2
2202,9,truck,6,frog,0.9898691,rotation,4
752,9,truck,6,frog,0.9898414,rotation,4
6270,2,bird,6,frog,0.9898086,rotation,2
9509,4,deer,6,frog,0.98980296,rotation,4
6488,2,bird,6,frog,0.989801,rotation,4
1118,4,deer,6,frog,0.98976666,rotation,4
3399,0,airplane,4,deer,0.989746,noise,1
8001,1,automobile,6,frog,0.9897418,rotation,4
7930,2,bird,0,airplane,0.9897127,contrast,4
5739,2,bird,6,frog,0.9897043,rotation,5
1582,9,truck,6,frog,0.9897036,rotation,4
3113,3,cat,6,frog,0.9896966,rotation,5
2242,2,bird,6,frog,0.9896908,rotation,4
9443,5,dog,2,bird,0.98968595,blur,3
8930,3,cat,6,frog,0.98967266,rotation,5
1576,7,horse,6,frog,0.9896653,rotation,5
7792,9,truck,1,automobile,0.98965293,blur,2
8720,2,bird,0,airplane,0.98965096,blur,1
7833,8,ship,0,airplane,0.9896438,rotation,2
3658,2,bird,6,frog,0.98964196,rotation,5
6027,3,cat,6,frog,0.9896365,rotation,5
4669,6,frog,2,bird,0.98962235,contrast,1
5455,9,truck,6,frog,0.98960006,rotation,5
9105,8,ship,0,airplane,0.98958975,brightness,2
7174,3,cat,6,frog,0.98958,noise,1
9077,2,bird,6,frog,0.98956865,rotation,5
5542,9,truck,6,frog,0.98955005,rotation,4
1325,2,bird,4,deer,0.98953164,blur,1
3269,7,horse,6,frog,0.9895201,rotation,5
5966,9,truck,6,frog,0.98951054,rotation,5
2636,1,automobile,6,frog,0.98950434,rotation,4
7930,2,bird,0,airplane,0.9894795,contrast,2
354,2,bird,6,frog,0.9894593,rotation,4
7550,4,deer,6,frog,0.9894532,rotation,4
3541,2,bird,6,frog,0.9894443,rotation,4
4490,0,airplane,6,frog,0.9894254,rotation,5
6845,2,bird,6,frog,0.98941517,rotation,5
7393,5,dog,4,deer,0.9894125,brightness,3
7559,8,ship,1,automobile,0.98939496,rotation,4
2758,1,automobile,9,truck,0.989389,noise,3
9774,5,dog,6,frog,0.9893818,rotation,4
1085,4,deer,6,frog,0.9893729,rotation,4
9518,9,truck,1,automobile,0.98936254,clean,0
1716,1,automobile,6,frog,0.9893624,rotation,4
7834,5,dog,6,frog,0.98935986,rotation,5
2390,1,automobile,6,frog,0.98935694,rotation,5
6423,5,dog,4,deer,0.98935354,noise,1
8773,6,frog,2,bird,0.9893426,contrast,4
6799,0,airplane,6,frog,0.9893367,rotation,5
8046,8,ship,0,airplane,0.9893327,contrast,3
7393,5,dog,4,deer,0.98931456,noise,1
4669,6,frog,2,bird,0.9893098,contrast,3
3151,8,ship,0,airplane,0.98930895,brightness,4
439,1,automobile,6,frog,0.98929477,rotation,4
8581,8,ship,6,frog,0.9892945,rotation,4
7112,2,bird,0,airplane,0.9892755,brightness,2
2632,3,cat,6,frog,0.98926556,rotation,4
8720,2,bird,0,airplane,0.9892635,brightness,2
7638,1,automobile,6,frog,0.98924935,rotation,4
3389,1,automobile,6,frog,0.98924446,rotation,4
6500,7,horse,6,frog,0.98923486,rotation,5
2019,9,truck,6,frog,0.9892324,rotation,4
2705,8,ship,0,airplane,0.98922473,brightness,3
53,3,cat,6,frog,0.98919475,rotation,4
4343,5,dog,6,frog,0.98919183,rotation,5
9035,4,deer,6,frog,0.98919,rotation,4
5670,4,deer,6,frog,0.98916745,rotation,4
853,9,truck,1,automobile,0.9891639,contrast,1
8487,4,deer,6,frog,0.9891521,rotation,4
5238,2,bird,0,airplane,0.98913705,blur,1
4576,4,deer,6,frog,0.98913133,rotation,5
2128,4,deer,6,frog,0.9891311,rotation,5
2405,3,cat,6,frog,0.9891261,contrast,3
4754,3,cat,8,ship,0.9891242,contrast,4
2111,9,truck,1,automobile,0.9891236,rotation,1
3450,9,truck,1,automobile,0.98911965,brightness,2
6624,4,deer,6,frog,0.9891149,rotation,5
5795,7,horse,4,deer,0.9890949,contrast,4
545,9,truck,6,frog,0.9890948,rotation,4
2125,1,automobile,2,bird,0.9890448,blur,5
7918,4,deer,6,frog,0.989017,rotation,5
6393,3,cat,2,bird,0.98901397,contrast,2
8046,8,ship,0,airplane,0.9889759,brightness,1
1732,9,truck,1,automobile,0.9889537,clean,0
3524,5,dog,4,deer,0.9889465,rotation,2
7967,9,truck,6,frog,0.9889465,rotation,5
8699,4,deer,6,frog,0.98894554,rotation,4
7797,3,cat,6,frog,0.9889425,rotation,3
3242,4,deer,6,frog,0.98893946,rotation,4
1684,1,automobile,8,ship,0.9889254,noise,2
881,4,deer,6,frog,0.9888875,rotation,4
2720,3,cat,6,frog,0.98888105,rotation,4
7107,2,bird,6,frog,0.9888728,rotation,5
1293,4,deer,6,frog,0.98884344,rotation,4
6054,3,cat,2,bird,0.988837,blur,3
5834,5,dog,2,bird,0.98882324,blur,3
1938,8,ship,0,airplane,0.98881257,contrast,2
6630,7,horse,6,frog,0.9888081,rotation,4
9132,2,bird,6,frog,0.98880696,noise,2
7778,0,airplane,6,frog,0.9887792,noise,3
2413,4,deer,6,frog,0.9887734,rotation,5
3884,3,cat,6,frog,0.988772,rotation,5
5193,4,deer,6,frog,0.9887527,rotation,5
6423,5,dog,4,deer,0.9887496,brightness,3
2254,8,ship,0,airplane,0.9887317,rotation,2
3397,9,truck,6,frog,0.9887291,rotation,4
1938,8,ship,0,airplane,0.9887285,blur,1
9643,9,truck,0,airplane,0.9887272,rotation,1
2500,4,deer,6,frog,0.98871756,rotation,5
8305,4,deer,6,frog,0.9887066,rotation,4
1791,4,deer,6,frog,0.98870313,rotation,5
2494,5,dog,4,deer,0.9886967,noise,2
6902,4,deer,6,frog,0.9886891,rotation,4
2355,9,truck,6,frog,0.98868704,rotation,4
9750,2,bird,6,frog,0.98867387,rotation,5
2641,4,deer,6,frog,0.9886673,rotation,5
6519,2,bird,6,frog,0.98864263,rotation,4
5238,2,bird,0,airplane,0.98862517,contrast,3
537,2,bird,6,frog,0.9886002,rotation,4
4937,0,airplane,6,frog,0.98858416,rotation,4
9105,8,ship,0,airplane,0.9885839,brightness,1
1395,3,cat,6,frog,0.988576,noise,1
1439,9,truck,1,automobile,0.988572,brightness,3
1121,3,cat,6,frog,0.988572,rotation,4
5885,4,deer,6,frog,0.98856807,rotation,4
7449,0,airplane,6,frog,0.9885576,rotation,5
7112,2,bird,0,airplane,0.9885572,contrast,1
2423,2,bird,6,frog,0.98855585,rotation,5
4071,3,cat,2,bird,0.9885456,brightness,2
5486,3,cat,6,frog,0.98852485,rotation,5
3383,8,ship,0,airplane,0.98852044,rotation,2
7232,9,truck,1,automobile,0.98851717,rotation,3
2532,0,airplane,1,automobile,0.9885085,rotation,1
6492,1,automobile,6,frog,0.98848873,rotation,4
3607,3,cat,2,bird,0.9884856,blur,5
731,2,bird,0,airplane,0.9884848,rotation,3
6646,5,dog,6,frog,0.9884722,rotation,5
2369,1,automobile,6,frog,0.9884679,rotation,4
8065,9,truck,6,frog,0.98844284,rotation,5
7440,3,cat,6,frog,0.9884343,rotation,5
4152,5,dog,6,frog,0.9884243,noise,2
8276,9,truck,0,airplane,0.9884001,rotation,1
7839,3,cat,4,deer,0.9883928,contrast,4
2880,4,deer,6,frog,0.988381,rotation,5
9170,0,airplane,9,truck,0.98836726,rotation,1
5681,3,cat,6,frog,0.9883586,rotation,4
5391,9,truck,0,airplane,0.9883533,contrast,5
3506,2,bird,6,frog,0.9883386,rotation,4
5238,2,bird,0,airplane,0.9883328,noise,1
697,2,bird,6,frog,0.9883283,rotation,4
3521,8,ship,0,airplane,0.98832613,rotation,2
8773,6,frog,2,bird,0.98832303,brightness,3
2524,3,cat,6,frog,0.98831326,rotation,4
3389,1,automobile,6,frog,0.9883089,rotation,5
4483,2,bird,6,frog,0.9883073,rotation,5
6743,8,ship,6,frog,0.9882951,rotation,4
7966,7,horse,6,frog,0.9882912,rotation,4
6992,4,deer,6,frog,0.9882647,rotation,5
458,4,deer,6,frog,0.9882571,rotation,5
4163,2,bird,6,frog,0.9882544,rotation,5
1212,1,automobile,6,frog,0.98823416,rotation,5
834,5,dog,2,bird,0.9882308,contrast,2
9037,9,truck,6,frog,0.98821044,rotation,5
4618,3,cat,6,frog,0.9881791,noise,2
8141,3,cat,6,frog,0.98817307,rotation,4
814,0,airplane,6,frog,0.98816514,rotation,4
4366,2,bird,6,frog,0.98815817,rotation,5
7839,3,cat,4,deer,0.9881358,clean,0
2306,3,cat,6,frog,0.988135,rotation,4
5739,2,bird,6,frog,0.9881116,rotation,3
4669,6,frog,2,bird,0.98809403,brightness,2
5515,4,deer,6,frog,0.9880927,rotation,4
8370,4,deer,6,frog,0.9880818,rotation,2
3957,9,truck,0,airplane,0.98808074,blur,2
2508,6,frog,4,deer,0.9880756,contrast,3
8015,8,ship,0,airplane,0.9880657,brightness,3
3550,0,airplane,4,deer,0.9880624,noise,1
5318,1,automobile,0,airplane,0.98805654,clean,0
2510,4,deer,6,frog,0.9880476,rotation,4
3080,1,automobile,0,airplane,0.98803794,blur,3
1050,3,cat,0,airplane,0.9880121,contrast,3
5511,3,cat,6,frog,0.9879704,brightness,4
3223,7,horse,6,frog,0.9879458,rotation,5
258,0,airplane,6,frog,0.98793375,rotation,4
9850,7,horse,4,deer,0.9879103,noise,1
6467,3,cat,6,frog,0.9879056,rotation,4
2940,3,cat,0,airplane,0.98788303,brightness,2
1644,2,bird,6,frog,0.9878736,rotation,5
3821,8,ship,6,frog,0.98786396,rotation,4
9011,2,bird,6,frog,0.9878599,noise,2
4376,7,horse,6,frog,0.9878577,rotation,5
2198,8,ship,6,frog,0.9878572,rotation,4
7004,3,cat,0,airplane,0.98784155,brightness,1
2042,1,automobile,6,frog,0.9878373,rotation,4
2059,9,truck,0,airplane,0.9878321,contrast,2
9217,9,truck,0,airplane,0.9878099,blur,1
8057,9,truck,6,frog,0.98780847,rotation,4
5318,1,automobile,0,airplane,0.98779535,contrast,1
6628,4,deer,6,frog,0.98774606,rotation,5
3576,4,deer,6,frog,0.98773694,rotation,5
8322,4,deer,6,frog,0.9877201,rotation,5
3269,7,horse,6,frog,0.9877137,rotation,4
7829,2,bird,0,airplane,0.987711,brightness,3
3332,7,horse,6,frog,0.98770636,rotation,4
2919,8,ship,0,airplane,0.98769855,rotation,2
716,3,cat,6,frog,0.987688,rotation,4
779,5,dog,6,frog,0.98767173,noise,3
5803,1,automobile,6,frog,0.9876716,rotation,4
6071,7,horse,4,deer,0.9876631,brightness,3
4589,3,cat,6,frog,0.98765695,rotation,4
1075,8,ship,6,frog,0.98765415,rotation,4
3957,9,truck,0,airplane,0.9876495,rotation,2
1325,2,bird,4,deer,0.98763716,contrast,3
8200,3,cat,6,frog,0.98762965,rotation,4
9296,8,ship,6,frog,0.9876288,rotation,4
7914,7,horse,6,frog,0.98761475,rotation,4
8536,1,automobile,0,airplane,0.9876003,contrast,2
1732,9,truck,1,automobile,0.9875947,brightness,4
731,2,bird,0,airplane,0.98758495,contrast,3
8051,9,truck,6,frog,0.98756415,rotation,5
630,2,bird,6,frog,0.9875608,rotation,4
9360,5,dog,0,airplane,0.9875415,contrast,2
7640,9,truck,8,ship,0.9875404,contrast,4
2226,2,bird,6,frog,0.98748684,blur,1
1718,0,airplane,6,frog,0.9874836,rotation,4
4096,8,ship,0,airplane,0.9874801,clean,0
9105,8,ship,0,airplane,0.9874757,brightness,3
1628,4,deer,2,bird,0.9874692,blur,5
5289,4,deer,2,bird,0.9874533,brightness,3
2125,1,automobile,2,bird,0.98745084,blur,4
4754,3,cat,8,ship,0.98742,contrast,2
3095,4,deer,6,frog,0.9874165,rotation,4
3523,4,deer,6,frog,0.98741585,rotation,4
1643,9,truck,6,frog,0.9874113,rotation,5
6822,4,deer,2,bird,0.9873956,blur,3
204,1,automobile,6,frog,0.98738587,noise,2
4065,4,deer,6,frog,0.98738444,rotation,5
3192,5,dog,4,deer,0.9873563,noise,1
4806,1,automobile,6,frog,0.9873448,rotation,4
3670,9,truck,6,frog,0.9873388,rotation,4
9629,1,automobile,6,frog,0.987324,rotation,4
835,4,deer,6,frog,0.9873197,rotation,5
1325,2,bird,4,deer,0.98731124,brightness,3
5795,7,horse,4,deer,0.98729867,blur,2
3729,8,ship,6,frog,0.9872966,rotation,4
3080,1,automobile,0,airplane,0.9872801,blur,4
1842,4,deer,6,frog,0.9872781,rotation,4
972,2,bird,6,frog,0.987263,rotation,4
2508,6,frog,4,deer,0.9872623,contrast,4
2825,2,bird,6,frog,0.987258,rotation,4
9333,0,airplane,6,frog,0.98723817,rotation,4
4821,4,deer,6,frog,0.9872206,rotation,5
5642,5,dog,4,deer,0.98721594,blur,1
8420,3,cat,6,frog,0.98721176,rotation,4
2588,4,deer,6,frog,0.98717856,rotation,4
6202,3,cat,6,frog,0.98715824,rotation,4
1929,2,bird,6,frog,0.98714983,rotation,4
6276,7,horse,6,frog,0.9871257,rotation,4
8422,2,bird,6,frog,0.98711604,rotation,4
1331,8,ship,0,airplane,0.9871141,blur,2
1439,9,truck,1,automobile,0.9871071,brightness,2
167,4,deer,6,frog,0.9870697,rotation,5
8665,3,cat,6,frog,0.9870652,rotation,5
6396,4,deer,6,frog,0.9870271,rotation,5
3351,1,automobile,6,frog,0.98701096,rotation,4
870,3,cat,6,frog,0.98700815,noise,2
385,8,ship,0,airplane,0.9869969,blur,1
9708,9,truck,1,automobile,0.98696506,clean,0
8304,1,automobile,6,frog,0.98695195,rotation,5
3580,4,deer,6,frog,0.9869186,rotation,4
1576,7,horse,6,frog,0.98691314,rotation,4
7427,2,bird,6,frog,0.98690355,rotation,5
8110,5,dog,6,frog,0.9868772,rotation,5
9643,9,truck,0,airplane,0.98687553,brightness,4
4649,8,ship,0,airplane,0.9868693,rotation,3
683,8,ship,0,airplane,0.9868656,contrast,3
312,8,ship,0,airplane,0.9868477,rotation,2
8601,3,cat,6,frog,0.9868443,rotation,5
5238,2,bird,0,airplane,0.98683226,rotation,1
3155,8,ship,0,airplane,0.98680276,rotation,2
9011,2,bird,6,frog,0.9867951,rotation,4
9562,3,cat,6,frog,0.98677385,noise,2
9324,9,truck,6,frog,0.9867697,rotation,4
9105,8,ship,0,airplane,0.9867287,contrast,1
515,3,cat,6,frog,0.9867203,noise,3
6353,2,bird,6,frog,0.9867013,rotation,4
259,9,truck,1,automobile,0.9866997,clean,0
3397,9,truck,6,frog,0.9866968,rotation,5
3055,9,truck,6,frog,0.9866941,rotation,4
1303,4,deer,6,frog,0.98668844,rotation,5
9105,8,ship,0,airplane,0.9866703,rotation,1
1386,3,cat,6,frog,0.986666,rotation,5
781,1,automobile,6,frog,0.98666567,rotation,4
6624,4,deer,6,frog,0.98662823,rotation,4
279,3,cat,6,frog,0.98662114,rotation,4
7829,2,bird,0,airplane,0.98660207,blur,1
8316,5,dog,6,frog,0.9865955,rotation,4
853,9,truck,1,automobile,0.98659515,rotation,2
8507,8,ship,0,airplane,0.98657113,rotation,2
8175,3,cat,6,frog,0.9865694,rotation,4
1050,3,cat,0,airplane,0.98656696,contrast,1
8932,6,frog,2,bird,0.98652005,blur,1
201,1,automobile,0,airplane,0.98651135,rotation,1
6781,3,cat,6,frog,0.9865013,rotation,3
2261,3,cat,6,frog,0.9864991,rotation,5
9105,8,ship,0,airplane,0.986498,contrast,2
9060,9,truck,6,frog,0.98648953,rotation,4
8433,3,cat,6,frog,0.98647654,rotation,5
3150,1,automobile,6,frog,0.98647445,rotation,4
2945,7,horse,6,frog,0.98647285,rotation,5
3617,3,cat,4,deer,0.9864677,noise,1
118,2,bird,6,frog,0.9864662,rotation,4
686,9,truck,6,frog,0.9864586,rotation,5
6393,3,cat,2,bird,0.98645,contrast,4
7112,2,bird,0,airplane,0.98644525,blur,1
7149,5,dog,6,frog,0.98643434,noise,3
5134,5,dog,6,frog,0.9864305,rotation,5
2323,8,ship,1,automobile,0.98642355,rotation,5
6918,4,deer,6,frog,0.98641974,rotation,5
2409,4,deer,6,frog,0.9864123,rotation,4
5038,4,deer,6,frog,0.9864102,rotation,5
4167,0,airplane,6,frog,0.9864048,noise,4
9443,5,dog,2,bird,0.98639107,blur,2
7393,5,dog,4,deer,0.9863846,contrast,2
9491,8,ship,6,frog,0.98637843,rotation,4
6447,4,deer,6,frog,0.986369,rotation,5
731,2,bird,0,airplane,0.98636824,brightness,3
9813,1,automobile,6,frog,0.9863614,rotation,5
5390,1,automobile,6,frog,0.98636127,rotation,4
7792,9,truck,1,automobile,0.98635846,rotation,3
8757,8,ship,6,frog,0.986326,rotation,4
1191,1,automobile,6,frog,0.9863225,rotation,5
1545,1,automobile,6,frog,0.9863166,rotation,4
1938,8,ship,0,airplane,0.98630893,brightness,3
1120,5,dog,2,bird,0.98626965,clean,0
5642,5,dog,4,deer,0.9862683,rotation,1
5416,9,truck,1,automobile,0.9862394,rotation,1
7476,5,dog,6,frog,0.9862111,rotation,4
1732,9,truck,1,automobile,0.98618895,rotation,1
4021,9,truck,6,frog,0.9861879,rotation,4
1732,9,truck,1,automobile,0.9861509,brightness,3
3150,1,automobile,6,frog,0.9861464,rotation,5
8370,4,deer,6,frog,0.9861304,contrast,3
2634,1,automobile,6,frog,0.9861173,rotation,4
6947,8,ship,0,airplane,0.9861015,rotation,2
8393,8,ship,0,airplane,0.9860919,rotation,2
7112,2,bird,0,airplane,0.986078,brightness,3
6741,9,truck,0,airplane,0.9860752,blur,1
3185,2,bird,6,frog,0.9860729,rotation,2
5238,2,bird,0,airplane,0.9860621,brightness,3
7050,8,ship,6,frog,0.98604506,rotation,4
8276,9,truck,0,airplane,0.9860393,clean,0
5318,1,automobile,0,airplane,0.9860239,brightness,1
5235,1,automobile,6,frog,0.9860108,rotation,2
385,8,ship,0,airplane,0.9860074,brightness,1
6916,4,deer,6,frog,0.98600024,rotation,4
7792,9,truck,1,automobile,0.9859773,blur,1
7344,4,deer,6,frog,0.9859719,rotation,4
4669,6,frog,2,bird,0.9859553,brightness,1
5193,4,deer,6,frog,0.9859474,rotation,4
3350,8,ship,0,airplane,0.98594683,rotation,1
1292,4,deer,6,frog,0.9859161,rotation,5
6488,2,bird,6,frog,0.9859098,rotation,5
9817,9,truck,1,automobile,0.9858888,contrast,3
5966,9,truck,6,frog,0.9858425,rotation,4
4002,4,deer,6,frog,0.98583764,rotation,5
8720,2,bird,0,airplane,0.9858337,contrast,2
8248,1,automobile,0,airplane,0.9857971,contrast,4
6066,2,bird,6,frog,0.9857875,rotation,5
258,0,airplane,8,ship,0.98578703,noise,1
2940,3,cat,0,airplane,0.9857836,rotation,3
7050,8,ship,6,frog,0.9857781,rotation,5
3443,4,deer,2,bird,0.98577756,noise,1
8507,8,ship,0,airplane,0.9857738,contrast,1
5655,3,cat,6,frog,0.98575205,rotation,4
1350,4,deer,6,frog,0.9857298,rotation,4
4047,4,deer,6,frog,0.98572457,rotation,5
9716,7,horse,6,frog,0.98572,rotation,5
2111,9,truck,1,automobile,0.9857173,rotation,3
9817,9,truck,1,automobile,0.98571694,contrast,2
4685,4,deer,6,frog,0.9856976,rotation,5
9518,9,truck,1,automobile,0.98567355,contrast,1
147,2,bird,6,frog,0.985655,rotation,5
4779,9,truck,1,automobile,0.9856514,rotation,1
3791,2,bird,6,frog,0.9856479,rotation,4
8359,2,bird,6,frog,0.98563474,rotation,4
7518,3,cat,6,frog,0.9856089,rotation,5
5144,0,airplane,6,frog,0.9856081,rotation,4
9850,7,horse,4,deer,0.98558354,rotation,3
548,2,bird,6,frog,0.9855773,rotation,4
8699,4,deer,6,frog,0.98557603,rotation,5
3947,2,bird,6,frog,0.98556757,rotation,5
8438,1,automobile,6,frog,0.9855664,rotation,4
624,7,horse,4,deer,0.9855575,noise,2
5204,3,cat,6,frog,0.9855483,rotation,4
1595,3,cat,6,frog,0.9855328,noise,4
6017,9,truck,6,frog,0.98553073,rotation,4
2246,9,truck,6,frog,0.9855151,rotation,5
2775,3,cat,6,frog,0.98548996,rotation,4
5559,3,cat,2,bird,0.98548245,clean,0
7112,2,bird,0,airplane,0.98545897,contrast,2
7829,2,bird,0,airplane,0.9854429,contrast,2
1491,4,deer,6,frog,0.9854409,rotation,4
9105,8,ship,0,airplane,0.98543173,contrast,3
4476,1,automobile,6,frog,0.98542506,rotation,4
5130,5,dog,2,bird,0.9854096,brightness,1
1531,7,horse,6,frog,0.98540145,rotation,5
4476,1,automobile,6,frog,0.9853758,noise,2
9105,8,ship,0,airplane,0.98535764,blur,1
5340,3,cat,6,frog,0.98535234,rotation,4
3205,8,ship,6,frog,0.98534805,rotation,4
1181,3,cat,6,frog,0.98534507,rotation,3
3092,5,dog,6,frog,0.9853439,rotation,5
9349,9,truck,0,airplane,0.9853402,blur,2
9782,2,bird,6,frog,0.985333,rotation,4
5760,2,bird,6,frog,0.98533094,rotation,4
6753,4,deer,6,frog,0.98529273,rotation,3
9105,8,ship,0,airplane,0.9852925,clean,0
7283,3,cat,4,deer,0.98529136,contrast,4
7397,4,deer,6,frog,0.9852821,rotation,4
293,9,truck,6,frog,0.9852808,rotation,4
1325,2,bird,4,deer,0.9852706,rotation,1
4705,3,cat,6,frog,0.9852646,rotation,5
7930,2,bird,0,airplane,0.9852535,contrast,1
2223,8,ship,0,airplane,0.9852502,rotation,2
7444,9,truck,1,automobile,0.9852395,rotation,4
3080,1,automobile,0,airplane,0.98523927,blur,5
1126,2,bird,0,airplane,0.9852385,rotation,5
8114,3,cat,6,frog,0.98523444,rotation,5
9817,9,truck,1,automobile,0.9852136,brightness,3
6368,7,horse,6,frog,0.98521185,rotation,5
1777,4,deer,6,frog,0.9851961,rotation,5
2634,1,automobile,6,frog,0.98518974,rotation,5
167,4,deer,6,frog,0.98518306,rotation,4
2508,6,frog,4,deer,0.9851751,contrast,2
720,4,deer,6,frog,0.9851688,rotation,5
3270,8,ship,0,airplane,0.9851437,rotation,2
8190,4,deer,6,frog,0.9851217,rotation,4
4490,0,airplane,6,frog,0.9851216,rotation,4
2940,3,cat,0,airplane,0.98511374,contrast,4
4543,1,automobile,0,airplane,0.9850819,contrast,5
6243,4,deer,6,frog,0.98502815,rotation,5
961,1,automobile,6,frog,0.9850181,contrast,4
2867,7,horse,6,frog,0.9850026,rotation,5
2363,2,bird,6,frog,0.9849914,noise,2
9461,4,deer,6,frog,0.98498523,noise,2
5914,1,automobile,6,frog,0.98497564,rotation,4
8720,2,bird,0,airplane,0.98497206,brightness,3
4669,6,frog,2,bird,0.9849686,blur,2
7406,7,horse,6,frog,0.98496765,rotation,5
3443,4,deer,2,bird,0.9849636,rotation,2
155,5,dog,6,frog,0.98495805,rotation,3
7004,3,cat,0,airplane,0.9849386,contrast,1
7031,0,airplane,6,frog,0.9849095,rotation,5
160,2,bird,0,airplane,0.984891,rotation,5
3523,4,deer,6,frog,0.98488647,rotation,5
4720,8,ship,0,airplane,0.9848509,blur,2
2129,9,truck,6,frog,0.9848208,rotation,5
1286,8,ship,6,frog,0.9848199,rotation,4
440,1,automobile,6,frog,0.98479396,noise,2
1120,5,dog,2,bird,0.9847928,contrast,2
6545,9,truck,0,airplane,0.9847756,rotation,2
4669,6,frog,2,bird,0.98475814,clean,0
5350,9,truck,1,automobile,0.9847445,rotation,1
711,8,ship,0,airplane,0.9847431,clean,0
3572,3,cat,6,frog,0.9847035,rotation,4
3433,4,deer,2,bird,0.9846943,blur,5
5494,9,truck,6,frog,0.9846837,rotation,5
9295,3,cat,6,frog,0.9846734,noise,2
8141,3,cat,6,frog,0.98467064,rotation,5
8070,5,dog,6,frog,0.98463154,rotation,5
9817,9,truck,1,automobile,0.9846267,brightness,2
3095,4,deer,6,frog,0.98457634,rotation,5
7004,3,cat,0,airplane,0.9845599,contrast,2
8877,9,truck,1,automobile,0.98454094,contrast,1
5394,1,automobile,6,frog,0.9845404,rotation,4
1008,9,truck,6,frog,0.98451334,rotation,4
5128,3,cat,6,frog,0.98451066,rotation,5
48,7,horse,6,frog,0.9845035,rotation,5
3433,4,deer,2,bird,0.98448807,blur,4
2068,3,cat,6,frog,0.98448306,rotation,5
3076,2,bird,6,frog,0.9844806,rotation,4
227,4,deer,6,frog,0.98447347,rotation,5
7004,3,cat,0,airplane,0.98446345,brightness,2
8421,2,bird,6,frog,0.9844632,rotation,5
6277,2,bird,6,frog,0.98446286,rotation,4
6127,5,dog,2,bird,0.9844626,brightness,2
1439,9,truck,1,automobile,0.98445016,rotation,1
1628,4,deer,2,bird,0.9844492,blur,4
887,1,automobile,6,frog,0.98444694,contrast,4
3687,9,truck,6,frog,0.98443663,rotation,4
5637,7,horse,2,bird,0.98442924,blur,2
3607,3,cat,2,bird,0.9844268,blur,4
7482,4,deer,6,frog,0.9844216,rotation,5
5238,2,bird,0,airplane,0.98440784,contrast,4
8525,3,cat,6,frog,0.9843992,rotation,5
1095,2,bird,6,frog,0.98439586,rotation,3
2965,7,horse,9,truck,0.9843789,noise,2
1193,5,dog,2,bird,0.9843652,brightness,1
8507,8,ship,0,airplane,0.9843166,blur,1
8546,8,ship,0,airplane,0.9843157,blur,2
340,2,bird,6,frog,0.98430735,rotation,4
4001,2,bird,6,frog,0.9842939,rotation,4
5638,4,deer,6,frog,0.9842753,rotation,4
7239,4,deer,6,frog,0.98426235,rotation,5
2765,9,truck,6,frog,0.98423934,rotation,5
201,1,automobile,0,airplane,0.9841822,contrast,4
4236,1,automobile,6,frog,0.98417044,rotation,4
9817,9,truck,1,automobile,0.984162,clean,0
5795,7,horse,4,deer,0.98416,noise,2
5330,7,horse,6,frog,0.98415506,rotation,5
1224,7,horse,6,frog,0.9841494,rotation,4
5235,1,automobile,6,frog,0.98412275,rotation,1
1387,9,truck,6,frog,0.9841186,rotation,5
5179,5,dog,6,frog,0.98411566,rotation,5
7207,3,cat,6,frog,0.9841143,rotation,4
3450,9,truck,1,automobile,0.98411363,contrast,2
4885,2,bird,6,frog,0.98409665,noise,2
5760,2,bird,6,frog,0.9840904,rotation,5
8757,8,ship,6,frog,0.98408914,rotation,5
6423,5,dog,4,deer,0.9840873,brightness,2
8713,2,bird,6,frog,0.9840661,rotation,4
779,5,dog,6,frog,0.9840608,noise,4
8276,9,truck,0,airplane,0.9840597,contrast,1
2252,3,cat,6,frog,0.98405844,rotation,4
5416,9,truck,1,automobile,0.9840577,contrast,4
1732,9,truck,1,automobile,0.9840551,brightness,1
4669,6,frog,2,bird,0.9840515,brightness,3
5458,3,cat,6,frog,0.98404586,rotation,5
2902,9,truck,6,frog,0.9840427,rotation,4
779,5,dog,6,frog,0.98404056,rotation,4
4547,3,cat,6,frog,0.9840321,rotation,4
110,4,deer,6,frog,0.9840316,rotation,4
8276,9,truck,0,airplane,0.98400915,blur,1
1732,9,truck,1,automobile,0.98400396,rotation,2
165,4,deer,2,bird,0.98398966,rotation,3
9072,9,truck,6,frog,0.98398787,rotation,5
2762,4,deer,2,bird,0.9839624,rotation,1
8683,7,horse,6,frog,0.9839485,rotation,4
6276,7,horse,6,frog,0.9839432,rotation,5
3607,3,cat,2,bird,0.9839422,brightness,2
6439,3,cat,6,frog,0.98390204,rotation,4
4535,2,bird,6,frog,0.9839013,rotation,5
1193,5,dog,2,bird,0.98389363,clean,0
4448,4,deer,6,frog,0.9838823,rotation,3
6433,8,ship,6,frog,0.9838794,rotation,5
6498,4,deer,6,frog,0.9838753,rotation,2
5378,1,automobile,6,frog,0.9838668,rotation,5
7173,1,automobile,6,frog,0.98385566,noise,2
9170,0,airplane,9,truck,0.9838282,noise,2
6561,9,truck,6,frog,0.9838255,rotation,4
6254,4,deer,6,frog,0.98382425,rotation,5
2003,5,dog,6,frog,0.98380834,rotation,4
7283,3,cat,4,deer,0.98379993,contrast,3
9817,9,truck,1,automobile,0.9837996,contrast,1
1220,9,truck,6,frog,0.98376346,noise,1
7112,2,bird,0,airplane,0.9837509,rotation,2
3485,1,automobile,8,ship,0.9837504,noise,2
2098,0,airplane,8,ship,0.98374695,rotation,4
3109,8,ship,6,frog,0.9837427,rotation,4
6429,8,ship,6,frog,0.9837404,rotation,3
7605,2,bird,6,frog,0.98373175,rotation,4
1529,4,deer,6,frog,0.9837127,rotation,5
2633,3,cat,6,frog,0.9837118,noise,2
8370,4,deer,6,frog,0.9837104,rotation,5
2078,2,bird,6,frog,0.98370415,rotation,5
9817,9,truck,1,automobile,0.9837015,brightness,1
147,2,bird,6,frog,0.9837007,rotation,4
3528,1,automobile,0,airplane,0.9836891,blur,4
8086,4,deer,6,frog,0.9836885,rotation,4
7482,4,deer,6,frog,0.9836872,rotation,4
5288,4,deer,6,frog,0.9836797,rotation,5
8051,9,truck,6,frog,0.9836782,rotation,4
2755,5,dog,4,deer,0.98366946,noise,1
8939,8,ship,6,frog,0.983668,rotation,5
8269,8,ship,0,airplane,0.98365915,blur,1
2595,4,deer,6,frog,0.9836474,rotation,5
6127,5,dog,2,bird,0.98362535,brightness,1
9729,4,deer,6,frog,0.9836162,rotation,4
3910,4,deer,6,frog,0.98360944,rotation,4
6781,3,cat,6,frog,0.98359364,rotation,2
1118,4,deer,6,frog,0.9835464,rotation,5
6326,7,horse,6,frog,0.98354197,rotation,4
4965,3,cat,6,frog,0.9835159,rotation,4
4096,8,ship,0,airplane,0.9835081,rotation,1
4620,7,horse,4,deer,0.98349243,noise,1
3151,8,ship,0,airplane,0.98349035,brightness,1
165,4,deer,2,bird,0.9834899,rotation,1
7004,3,cat,0,airplane,0.9834801,clean,0
9105,8,ship,0,airplane,0.98346806,brightness,4
9443,5,dog,2,bird,0.98344284,blur,4
1249,4,deer,6,frog,0.98343015,rotation,5
3223,7,horse,6,frog,0.9833977,rotation,4
911,3,cat,6,frog,0.98339754,noise,2
2705,8,ship,0,airplane,0.9833853,brightness,4
6647,3,cat,6,frog,0.9833839,rotation,4
1732,9,truck,1,automobile,0.98337954,brightness,2
2498,3,cat,6,frog,0.9833739,rotation,4
312,8,ship,0,airplane,0.98337364,contrast,1
3146,2,bird,6,frog,0.9833635,noise,1
3569,9,truck,6,frog,0.98336107,rotation,4
8877,9,truck,1,automobile,0.9833575,rotation,3
6857,2,bird,6,frog,0.9833477,rotation,5
7399,3,cat,6,frog,0.98331785,noise,3
8046,8,ship,0,airplane,0.98331624,brightness,2
8877,9,truck,1,automobile,0.98331314,blur,1
1821,4,deer,6,frog,0.983313,rotation,5
2500,4,deer,6,frog,0.9833106,rotation,4
5825,3,cat,6,frog,0.9833066,noise,3
6046,2,bird,6,frog,0.98329884,rotation,5
6930,2,bird,0,airplane,0.9832949,brightness,3
2243,3,cat,6,frog,0.9832947,rotation,4
3668,2,bird,6,frog,0.98329437,rotation,5
8932,6,frog,2,bird,0.9832881,blur,2
887,1,automobile,6,frog,0.98328674,noise,2
9832,2,bird,6,frog,0.98328465,rotation,4
2953,8,ship,0,airplane,0.9832825,rotation,2
2213,4,deer,6,frog,0.983282,rotation,5
2125,1,automobile,2,bird,0.9832683,blur,3
2456,8,ship,0,airplane,0.98326164,rotation,2
7397,4,deer,6,frog,0.98325783,rotation,5
8642,3,cat,6,frog,0.9832508,rotation,3
1845,7,horse,4,deer,0.9832497,noise,1
4021,9,truck,6,frog,0.9832409,rotation,5
5641,4,deer,6,frog,0.983232,rotation,4
9039,2,bird,6,frog,0.98320943,rotation,4
7824,9,truck,1,automobile,0.98320735,rotation,1
1874,8,ship,0,airplane,0.9831892,rotation,3
3185,2,bird,6,frog,0.983183,noise,2
853,9,truck,1,automobile,0.98317164,rotation,1
8668,3,cat,6,frog,0.98315513,noise,3
7781,5,dog,6,frog,0.9831407,noise,2
8671,4,deer,6,frog,0.9831234,noise,2
5318,1,automobile,0,airplane,0.9831213,blur,1
3145,9,truck,6,frog,0.9831162,rotation,4
5511,3,cat,6,frog,0.98311365,blur,1
2581,4,deer,6,frog,0.9831081,rotation,4
2532,0,airplane,1,automobile,0.983094,blur,1
9855,7,horse,4,deer,0.9830929,contrast,5
4660,7,horse,6,frog,0.9830831,rotation,4
5459,5,dog,6,frog,0.9830766,noise,1
6986,5,dog,6,frog,0.9830651,noise,2
9217,9,truck,0,airplane,0.9830639,clean,0
1120,5,dog,2,bird,0.9830565,contrast,1
5130,5,dog,2,bird,0.9830468,clean,0
7825,3,cat,6,frog,0.9830428,noise,3
1050,3,cat,0,airplane,0.9830224,clean,0
6424,8,ship,0,airplane,0.98299986,rotation,3
1430,8,ship,6,frog,0.9829966,rotation,5
4476,1,automobile,6,frog,0.9829958,noise,1
7261,8,ship,0,airplane,0.9829736,rotation,2
3021,8,ship,6,frog,0.98294765,rotation,5
5428,4,deer,6,frog,0.9829465,noise,4
9817,9,truck,1,automobile,0.9829432,blur,2
9907,1,automobile,6,frog,0.9829419,rotation,5
1628,4,deer,2,bird,0.98292726,blur,1
9048,0,airplane,6,frog,0.98290217,rotation,4
3957,9,truck,0,airplane,0.98289627,blur,3
336,3,cat,6,frog,0.982886,rotation,5
5635,7,horse,4,deer,0.98285204,noise,1
2469,9,truck,6,frog,0.982847,rotation,4
9708,9,truck,0,airplane,0.9828079,contrast,5
495,8,ship,0,airplane,0.98278505,rotation,2
3154,9,truck,0,airplane,0.9827754,blur,2
7055,8,ship,6,frog,0.98272943,rotation,4
7618,3,cat,6,frog,0.98272127,rotation,4
7149,5,dog,6,frog,0.9827147,noise,4
5130,5,dog,2,bird,0.9827068,brightness,2
8305,4,deer,6,frog,0.98270375,rotation,5
6393,3,cat,2,bird,0.98268914,noise,1
469,8,ship,6,frog,0.98266935,rotation,4
2705,8,ship,0,airplane,0.98266715,contrast,2
7666,2,bird,6,frog,0.9826649,rotation,5
731,2,bird,0,airplane,0.9826538,contrast,4
8248,1,automobile,0,airplane,0.98265046,contrast,5
6819,2,bird,6,frog,0.98261595,rotation,5
8626,1,automobile,6,frog,0.9826127,rotation,5
7414,8,ship,0,airplane,0.9826111,brightness,1
3855,1,automobile,6,frog,0.9826064,rotation,5
9892,5,dog,2,bird,0.98260456,blur,1
7685,9,truck,0,airplane,0.98258096,contrast,5
5559,3,cat,2,bird,0.9825414,contrast,1
2705,8,ship,0,airplane,0.98253965,blur,1
5130,5,dog,2,bird,0.98252964,contrast,1
3387,3,cat,6,frog,0.98248714,rotation,4
658,4,deer,6,frog,0.98248094,rotation,5
8546,8,ship,0,airplane,0.982473,rotation,1
2195,4,deer,6,frog,0.98246,rotation,5
4938,3,cat,6,frog,0.98244876,rotation,4
7640,9,truck,1,automobile,0.9824426,rotation,4
7626,1,automobile,6,frog,0.9824405,rotation,4
8269,8,ship,0,airplane,0.9824377,blur,2
7004,3,cat,0,airplane,0.9824258,contrast,3
3203,4,deer,6,frog,0.9824091,rotation,4
8458,5,dog,6,frog,0.98239994,rotation,4
7174,3,cat,6,frog,0.9823868,rotation,5
7637,8,ship,6,frog,0.98238105,rotation,5
6423,5,dog,4,deer,0.9823683,brightness,4
3938,8,ship,6,frog,0.9823653,rotation,4
6930,2,bird,0,airplane,0.98235804,brightness,2
8035,1,automobile,6,frog,0.9823513,rotation,5
6071,7,horse,4,deer,0.9823512,brightness,2
9398,8,ship,6,frog,0.9823407,rotation,4
6367,4,deer,6,frog,0.9823386,rotation,4
1120,5,dog,2,bird,0.9823314,contrast,3
1050,3,cat,0,airplane,0.98231286,rotation,2
8601,3,cat,6,frog,0.9823089,rotation,4
6326,7,horse,6,frog,0.98228997,rotation,5
7230,2,bird,6,frog,0.9822854,rotation,4
4846,8,ship,6,frog,0.9822682,rotation,5
4833,2,bird,6,frog,0.98226696,rotation,5
4521,9,truck,6,frog,0.9822613,noise,2
5115,5,dog,6,frog,0.9822595,rotation,4
5795,7,horse,4,deer,0.9822496,contrast,3
853,9,truck,1,automobile,0.98224765,contrast,2
1626,9,truck,0,airplane,0.98224336,clean,0
318,5,dog,6,frog,0.9822004,rotation,5
5924,4,deer,2,bird,0.9821957,brightness,3
6346,8,ship,0,airplane,0.9821813,rotation,2
1275,3,cat,6,frog,0.9821769,rotation,5
8375,4,deer,6,frog,0.9821707,rotation,5
3080,1,automobile,0,airplane,0.98216474,contrast,5
6262,8,ship,0,airplane,0.98216176,rotation,3
8276,9,truck,0,airplane,0.98214793,contrast,2
9338,3,cat,2,bird,0.982129,rotation,3
9506,4,deer,2,bird,0.9821114,blur,1
4537,3,cat,6,frog,0.9821001,rotation,4
848,2,bird,6,frog,0.98209435,rotation,5
1628,4,deer,2,bird,0.9820842,blur,3
8861,4,deer,6,frog,0.9820742,rotation,5
8015,8,ship,0,airplane,0.9820624,brightness,4
8507,8,ship,0,airplane,0.98203665,clean,0
7414,8,ship,0,airplane,0.98202986,blur,1
9188,5,dog,2,bird,0.98201746,noise,1
825,3,cat,6,frog,0.9819942,rotation,5
2000,1,automobile,6,frog,0.9819903,rotation,4
7210,3,cat,6,frog,0.9819879,rotation,4
2059,9,truck,0,airplane,0.9819744,brightness,2
6322,4,deer,2,bird,0.981968,blur,5
8836,4,deer,6,frog,0.98196614,rotation,5
9720,8,ship,6,frog,0.9819406,rotation,4
9740,3,cat,6,frog,0.9819149,rotation,3
2588,4,deer,6,frog,0.9819103,rotation,5
1439,9,truck,1,automobile,0.9819021,brightness,1
308,1,automobile,9,truck,0.9819004,noise,2
2211,7,horse,4,deer,0.981888,noise,2
1556,8,ship,2,bird,0.9818757,rotation,3
8877,9,truck,6,frog,0.9818702,noise,5
3303,8,ship,6,frog,0.9818677,rotation,4
7778,0,airplane,6,frog,0.9818658,rotation,5
9609,1,automobile,6,frog,0.9818526,rotation,5
6033,2,bird,6,frog,0.981848,rotation,5
4499,3,cat,6,frog,0.9818356,rotation,5
2551,2,bird,6,frog,0.9818331,rotation,4
1451,2,bird,6,frog,0.98182505,rotation,4
3607,3,cat,2,bird,0.98182076,blur,2
665,8,ship,0,airplane,0.9818149,brightness,3
3351,1,automobile,6,frog,0.9818076,rotation,5
6683,5,dog,6,frog,0.98179376,rotation,4
7004,3,cat,0,airplane,0.98178536,blur,1
8016,4,deer,6,frog,0.9817686,rotation,5
5559,3,cat,2,bird,0.98176676,blur,1
5009,7,horse,2,bird,0.981766,brightness,4
6151,7,horse,6,frog,0.9817453,rotation,4
6015,0,airplane,6,frog,0.9816907,rotation,5
6317,9,truck,0,airplane,0.98166305,rotation,1
7505,7,horse,6,frog,0.9816549,rotation,4
7032,4,deer,6,frog,0.98165375,rotation,5
5730,5,dog,6,frog,0.981645,rotation,4
8433,3,cat,6,frog,0.9816342,rotation,4
3464,9,truck,1,automobile,0.98161846,rotation,3
2989,5,dog,6,frog,0.98159814,rotation,4
6497,4,deer,6,frog,0.9815792,rotation,4
6773,2,bird,6,frog,0.9815563,noise,2
2633,3,cat,6,frog,0.98155606,noise,3
8911,4,deer,6,frog,0.9815445,rotation,5
8670,9,truck,6,frog,0.98154324,rotation,4
3113,3,cat,6,frog,0.98153174,noise,2
5276,9,truck,6,frog,0.98151726,rotation,4
4207,1,automobile,6,frog,0.98151404,rotation,4
688,3,cat,6,frog,0.9815093,rotation,4
5134,5,dog,6,frog,0.98149097,noise,2
2835,4,deer,6,frog,0.9814859,rotation,5
7750,3,cat,6,frog,0.98146534,rotation,5
7857,4,deer,6,frog,0.98145765,rotation,4
5907,5,dog,6,frog,0.9814542,rotation,5
6393,3,cat,2,bird,0.98145056,brightness,1
8840,2,bird,6,frog,0.9814476,rotation,4
1240,2,bird,6,frog,0.98144287,rotation,5
3166,9,truck,6,frog,0.9814357,rotation,5
9518,9,truck,1,automobile,0.9814348,brightness,1
6960,9,truck,6,frog,0.9814261,rotation,4
9139,4,deer,6,frog,0.98142046,rotation,5
8836,4,deer,6,frog,0.98142,rotation,4
6238,8,ship,0,airplane,0.981414,rotation,3
1193,5,dog,2,bird,0.9813995,contrast,1
834,5,dog,2,bird,0.9813705,rotation,1
6396,4,deer,6,frog,0.9813416,rotation,1
7112,2,bird,0,airplane,0.98131436,contrast,3
7947,2,bird,6,frog,0.9813005,rotation,3
9496,1,automobile,6,frog,0.981296,rotation,4
3092,5,dog,6,frog,0.9812898,rotation,4
7604,1,automobile,6,frog,0.9812866,rotation,3
6764,5,dog,6,frog,0.9812866,rotation,4
2998,5,dog,6,frog,0.9812789,rotation,4
6930,2,bird,0,airplane,0.9812614,brightness,1
3315,3,cat,6,frog,0.9812413,rotation,4
8912,4,deer,6,frog,0.981191,rotation,5
702,4,deer,6,frog,0.98117846,rotation,5
8754,3,cat,6,frog,0.9811203,rotation,5
3082,7,horse,6,frog,0.98112005,rotation,4
3439,4,deer,6,frog,0.98110825,noise,2
2842,7,horse,6,frog,0.9810952,rotation,5
3189,8,ship,0,airplane,0.98109347,rotation,2
9360,5,dog,0,airplane,0.9810932,brightness,2
110,4,deer,6,frog,0.981092,rotation,5
978,1,automobile,6,frog,0.9810868,rotation,4
1431,4,deer,6,frog,0.98102736,rotation,5
1238,1,automobile,6,frog,0.9810043,rotation,5
1535,4,deer,2,bird,0.9810012,blur,5
8557,3,cat,6,frog,0.9810012,rotation,4
2625,2,bird,6,frog,0.98098445,rotation,5
9443,5,dog,2,bird,0.9809776,blur,5
4251,8,ship,0,airplane,0.9809713,contrast,3
2743,9,truck,6,frog,0.9809398,rotation,4
4096,8,ship,0,airplane,0.980924,contrast,1
5368,3,cat,6,frog,0.98092103,rotation,5
6829,8,ship,6,frog,0.98091996,rotation,5
2648,4,deer,6,frog,0.98091596,rotation,4
3145,9,truck,6,frog,0.9809101,rotation,5
8144,9,truck,6,frog,0.9808935,rotation,4
4106,3,cat,0,airplane,0.9808857,brightness,3
9275,8,ship,6,frog,0.98087376,rotation,4
1151,2,bird,6,frog,0.9808723,rotation,4
9960,2,bird,0,airplane,0.98084545,contrast,4
9518,9,truck,1,automobile,0.98082936,blur,1
165,4,deer,2,bird,0.9808251,blur,1
6783,3,cat,6,frog,0.98082316,brightness,2
5221,7,horse,6,frog,0.98080313,rotation,5
5227,4,deer,6,frog,0.9808009,rotation,5
4486,8,ship,6,frog,0.98079747,rotation,4
2851,4,deer,6,frog,0.98079705,rotation,5
7174,3,cat,6,frog,0.9807904,noise,3
6673,4,deer,6,frog,0.9807736,rotation,5
834,5,dog,2,bird,0.9807649,blur,2
9740,3,cat,6,frog,0.9807649,brightness,4
6930,2,bird,0,airplane,0.98074955,brightness,4
2542,2,bird,0,airplane,0.9807202,clean,0
3573,2,bird,6,frog,0.98069096,rotation,5
5059,4,deer,6,frog,0.9806866,rotation,5
6559,2,bird,4,deer,0.98068434,noise,1
4097,3,cat,6,frog,0.9806811,rotation,2
1514,0,airplane,6,frog,0.980678,rotation,5
7414,8,ship,0,airplane,0.9806758,contrast,1
3491,3,cat,6,frog,0.9806578,noise,2
731,2,bird,0,airplane,0.98065615,brightness,4
1120,5,dog,2,bird,0.98064846,brightness,1
4645,4,deer,6,frog,0.9806425,rotation,4
6179,8,ship,0,airplane,0.98063767,contrast,3
668,1,automobile,6,frog,0.9806301,noise,3
7112,2,bird,0,airplane,0.9806188,brightness,4
3185,2,bird,6,frog,0.9806097,rotation,3
9105,8,ship,0,airplane,0.9806076,contrast,4
707,9,truck,6,frog,0.98058164,rotation,3
2097,2,bird,6,frog,0.98057723,rotation,4
9279,8,ship,6,frog,0.9805742,rotation,4
1439,9,truck,1,automobile,0.9805654,brightness,4
3748,5,dog,6,frog,0.9805268,noise,3
4605,3,cat,6,frog,0.98052233,rotation,3
5559,3,cat,2,bird,0.9805146,brightness,1
7341,4,deer,6,frog,0.98051435,rotation,5
1938,8,ship,0,airplane,0.980491,contrast,3
4811,2,bird,0,airplane,0.98048043,clean,0
7930,2,bird,0,airplane,0.98047686,clean,0
7446,5,dog,6,frog,0.9804746,rotation,4
3528,1,automobile,0,airplane,0.9804654,blur,3
1938,8,ship,0,airplane,0.98041373,brightness,4
3489,3,cat,6,frog,0.9803854,rotation,4
4612,7,horse,6,frog,0.9803807,rotation,4
5289,4,deer,2,bird,0.98035496,contrast,4
1676,8,ship,0,airplane,0.9803494,rotation,2
798,7,horse,6,frog,0.98034805,rotation,4
3607,3,cat,2,bird,0.98034394,blur,3
8616,3,cat,6,frog,0.98033077,rotation,5
5120,9,truck,6,frog,0.9802957,rotation,4
6930,2,bird,0,airplane,0.98027956,clean,0
5014,7,horse,4,deer,0.980273,noise,1
8968,8,ship,6,frog,0.98026156,rotation,5
779,5,dog,6,frog,0.9802563,rotation,5
525,5,dog,6,frog,0.98024976,noise,2
9964,2,bird,6,frog,0.98022753,rotation,4
8507,8,ship,0,airplane,0.98022604,rotation,3
9389,8,ship,0,airplane,0.98020256,contrast,4
7414,8,ship,0,airplane,0.9801918,brightness,2
4357,4,deer,6,frog,0.98018974,rotation,5
8651,4,deer,2,bird,0.98017246,brightness,3
7943,1,automobile,2,bird,0.9801421,contrast,5
7277,4,deer,6,frog,0.9801388,rotation,4
5795,7,horse,4,deer,0.98013717,blur,1
4483,2,bird,6,frog,0.9800944,rotation,4
11,9,truck,6,frog,0.9800836,rotation,5
124,8,ship,0,airplane,0.98007613,rotation,1
3956,3,cat,6,frog,0.9800709,rotation,5
7063,1,automobile,6,frog,0.9800608,noise,5
8015,8,ship,0,airplane,0.98004663,brightness,2
1175,9,truck,6,frog,0.98003334,rotation,4
5550,5,dog,6,frog,0.9800284,noise,2
7232,9,truck,1,automobile,0.9799959,rotation,1
3855,1,automobile,6,frog,0.97999316,rotation,4
3896,7,horse,2,bird,0.97998685,blur,2
258,0,airplane,6,frog,0.97997195,rotation,5
6960,9,truck,6,frog,0.9799494,rotation,5
8877,9,truck,1,automobile,0.97994643,rotation,1
4464,3,cat,6,frog,0.97994196,rotation,5
3895,1,automobile,6,frog,0.9799311,noise,2
1047,1,automobile,0,airplane,0.97990817,contrast,4
4145,8,ship,0,airplane,0.97989684,rotation,2
6783,3,cat,6,frog,0.97989523,noise,1
6393,3,cat,2,bird,0.979885,contrast,1
3474,2,bird,6,frog,0.97985804,rotation,4
7595,1,automobile,6,frog,0.97984535,rotation,5
537,2,bird,6,frog,0.97983587,rotation,5
5134,5,dog,6,frog,0.97982657,noise,4
4811,2,bird,0,airplane,0.9798151,blur,1
5908,3,cat,6,frog,0.9798095,rotation,5
5623,8,ship,6,frog,0.97980493,rotation,5
8019,3,cat,6,frog,0.9797738,rotation,4
5112,5,dog,6,frog,0.97976696,noise,3
6566,1,automobile,0,airplane,0.9797602,contrast,5
5318,1,automobile,0,airplane,0.9797506,contrast,2
1193,5,dog,2,bird,0.97972953,brightness,2
3981,5,dog,6,frog,0.9797111,rotation,5
1626,9,truck,0,airplane,0.9797102,contrast,1
6143,9,truck,6,frog,0.97970575,rotation,4
5937,1,automobile,6,frog,0.97967875,rotation,4
1732,9,truck,1,automobile,0.9796666,blur,1
4065,4,deer,6,frog,0.9796663,rotation,4
7723,3,cat,6,frog,0.9796566,rotation,4
3528,1,automobile,0,airplane,0.9796356,blur,5
6163,3,cat,6,frog,0.9796331,noise,1
8932,6,frog,2,bird,0.97963125,contrast,1
6381,9,truck,1,automobile,0.97961825,rotation,2
377,7,horse,6,frog,0.9796128,rotation,5
5177,4,deer,6,frog,0.9796112,rotation,5
3708,4,deer,6,frog,0.9795929,rotation,4
8384,2,bird,6,frog,0.9795727,noise,3
7605,2,bird,6,frog,0.9795696,rotation,5
7862,1,automobile,6,frog,0.97954786,rotation,4
8110,5,dog,6,frog,0.97952694,rotation,4
6822,4,deer,2,bird,0.9795248,rotation,1
641,3,cat,6,frog,0.97952396,rotation,3
6841,1,automobile,6,frog,0.97952354,rotation,4
3892,5,dog,6,frog,0.9795226,noise,2
8877,9,truck,1,automobile,0.97951525,rotation,2
6393,3,cat,2,bird,0.97951436,brightness,2
6292,6,frog,2,bird,0.97951424,blur,2
5416,9,truck,1,automobile,0.9794813,blur,2
5890,3,cat,2,bird,0.9794667,contrast,3
4282,3,cat,6,frog,0.97946584,rotation,5
385,8,ship,0,airplane,0.9794652,clean,0
665,8,ship,0,airplane,0.97945637,rotation,2
4096,8,ship,0,airplane,0.9794292,blur,1
3753,4,deer,6,frog,0.97942275,rotation,4
4097,3,cat,6,frog,0.9794224,noise,1
9643,9,truck,0,airplane,0.97941566,contrast,4
7414,8,ship,0,airplane,0.9794134,clean,0
8617,3,cat,6,frog,0.9794042,rotation,5
8046,8,ship,0,airplane,0.9793971,blur,1
834,5,dog,2,bird,0.9793951,blur,3
2916,1,automobile,0,airplane,0.97939175,contrast,4
8114,3,cat,6,frog,0.97938913,noise,2
3684,9,truck,6,frog,0.9793803,rotation,5
5641,4,deer,6,frog,0.9793706,rotation,5
4500,3,cat,6,frog,0.9793438,rotation,4
4811,2,bird,0,airplane,0.979337,contrast,1
7640,9,truck,8,ship,0.97932565,contrast,2
1066,9,truck,6,frog,0.979323,rotation,5
8374,4,deer,6,frog,0.9793154,rotation,5
3895,1,automobile,6,frog,0.9793131,rotation,5
5237,4,deer,6,frog,0.9793118,noise,2
5397,9,truck,0,airplane,0.9792852,blur,3
3443,4,deer,2,bird,0.9792849,clean,0
2690,2,bird,6,frog,0.97928053,rotation,5
5944,2,bird,6,frog,0.9792429,rotation,5
2872,1,automobile,6,frog,0.9791781,rotation,4
1561,5,dog,6,frog,0.9791718,noise,4
3945,5,dog,6,frog,0.9791652,noise,3
8276,9,truck,0,airplane,0.97916186,brightness,1
6127,5,dog,2,bird,0.9791612,clean,0
5889,6,frog,2,bird,0.9791501,blur,2
7685,9,truck,0,airplane,0.9791326,blur,3
5348,1,automobile,6,frog,0.97912574,rotation,5
5758,8,ship,6,frog,0.97911763,rotation,5
8476,0,airplane,6,frog,0.97911674,noise,3
7393,5,dog,4,deer,0.9790785,rotation,2
7086,7,horse,6,frog,0.97906816,rotation,5
8323,9,truck,6,frog,0.9790637,rotation,5
3957,9,truck,0,airplane,0.9790619,blur,4
752,9,truck,6,frog,0.97905374,noise,2
6979,5,dog,4,deer,0.97904426,contrast,4
5580,5,dog,6,frog,0.97903824,noise,2
3369,5,dog,3,cat,0.9790373,brightness,4
7663,2,bird,6,frog,0.97902817,rotation,5
8412,2,bird,6,frog,0.9790263,rotation,4
5655,3,cat,6,frog,0.97901684,rotation,5
5130,5,dog,2,bird,0.9790108,contrast,2
4366,2,bird,6,frog,0.9790012,rotation,4
4251,8,ship,0,airplane,0.978994,blur,1
2990,4,deer,6,frog,0.9789836,rotation,4
385,8,ship,0,airplane,0.97897035,brightness,5
2059,9,truck,0,airplane,0.9789692,contrast,3
5209,7,horse,4,deer,0.9789589,noise,2
9288,8,ship,6,frog,0.97892874,rotation,4
5406,7,horse,6,frog,0.97892547,rotation,4
688,3,cat,6,frog,0.9789144,noise,2
3702,1,automobile,0,airplane,0.97890705,contrast,4
293,9,truck,1,automobile,0.9788856,brightness,3
9780,4,deer,6,frog,0.978875,rotation,5
3619,1,automobile,6,frog,0.9788643,rotation,4
2316,5,dog,2,bird,0.97885203,blur,2
8932,6,frog,2,bird,0.97884995,clean,0
8046,8,ship,0,airplane,0.9788498,contrast,4
1220,9,truck,6,frog,0.9788423,rotation,4
2318,2,bird,6,frog,0.978839,rotation,5
6127,5,dog,2,bird,0.97882503,blur,1
2766,4,deer,6,frog,0.9788224,rotation,5
2187,5,dog,6,frog,0.97880954,rotation,4
867,7,horse,4,deer,0.9787932,noise,1
366,1,automobile,6,frog,0.9787886,rotation,4
5580,5,dog,6,frog,0.97878253,noise,1
6390,7,horse,6,frog,0.978778,rotation,5
6968,8,ship,6,frog,0.97873425,rotation,4
9338,3,cat,2,bird,0.9787057,rotation,1
7657,2,bird,6,frog,0.9787038,rotation,4
2195,4,deer,6,frog,0.97869706,rotation,4
9436,1,automobile,6,frog,0.9786865,rotation,5
9629,1,automobile,6,frog,0.97868264,noise,2
259,9,truck,1,automobile,0.9786518,brightness,1
9240,8,ship,6,frog,0.97864985,rotation,5
6055,0,airplane,6,frog,0.9786395,rotation,4
7604,1,automobile,6,frog,0.97863376,noise,1
3417,7,horse,6,frog,0.97861207,rotation,5
1120,5,dog,2,bird,0.97860914,blur,2
3266,7,horse,6,frog,0.9786018,rotation,5
1471,8,ship,6,frog,0.9785715,rotation,5
4669,6,frog,2,bird,0.97853345,contrast,4
7075,9,truck,1,automobile,0.978526,rotation,4
3821,8,ship,6,frog,0.97851896,noise,2
4485,3,cat,7,horse,0.97850156,brightness,1
3450,9,truck,1,automobile,0.97849095,blur,1
8269,8,ship,0,airplane,0.97848904,noise,1
2919,8,ship,0,airplane,0.9784759,rotation,1
564,2,bird,6,frog,0.9784647,rotation,3
2547,4,deer,6,frog,0.9784474,rotation,5
5067,9,truck,6,frog,0.9784104,rotation,4
4530,5,dog,6,frog,0.978399,noise,1
5428,4,deer,6,frog,0.9783943,rotation,4
6093,2,bird,6,frog,0.97838336,rotation,3
6214,5,dog,6,frog,0.97837675,rotation,5
3154,9,truck,0,airplane,0.97837037,brightness,4
3716,3,cat,6,frog,0.9783653,rotation,3
6137,2,bird,6,frog,0.9783529,rotation,4
2059,9,truck,0,airplane,0.9783457,blur,2
4005,5,dog,6,frog,0.9783448,noise,2
4640,2,bird,6,frog,0.9783039,rotation,4
1395,3,cat,6,frog,0.9782994,rotation,2
4948,1,automobile,6,frog,0.9782948,noise,3
2252,3,cat,6,frog,0.9782944,rotation,5
5728,7,horse,6,frog,0.97829175,rotation,4
2932,9,truck,6,frog,0.9782866,noise,4
5693,7,horse,4,deer,0.97828,noise,1
3443,4,deer,2,bird,0.9782468,contrast,1
4500,3,cat,6,frog,0.9782445,noise,2
8932,6,frog,2,bird,0.97822,contrast,2
464,3,cat,6,frog,0.97821677,rotation,5
8651,4,deer,2,bird,0.97821486,brightness,2
3229,9,truck,6,frog,0.9782034,rotation,5
8166,2,bird,6,frog,0.9782014,rotation,5
2902,9,truck,6,frog,0.97816133,rotation,5
8550,1,automobile,0,airplane,0.97816044,contrast,5
4761,9,truck,6,frog,0.9781546,rotation,4
6038,4,deer,6,frog,0.97814596,rotation,5
8351,0,airplane,2,bird,0.97813845,noise,1
3127,4,deer,6,frog,0.9781374,rotation,4
8212,5,dog,6,frog,0.9781291,rotation,4
6278,5,dog,6,frog,0.9781231,rotation,4
2085,0,airplane,6,frog,0.9780779,rotation,5
9206,8,ship,0,airplane,0.97807056,blur,2
5795,7,horse,4,deer,0.97805804,brightness,4
11,9,truck,6,frog,0.97805244,rotation,4
8098,1,automobile,6,frog,0.9780513,rotation,4
7640,9,truck,1,automobile,0.9780406,rotation,3
8564,1,automobile,0,airplane,0.9780241,blur,3
3055,9,truck,6,frog,0.9780149,rotation,5
7751,7,horse,4,deer,0.97801226,contrast,5
1762,4,deer,6,frog,0.97800547,rotation,5
8080,4,deer,6,frog,0.97800124,rotation,5
5747,8,ship,0,airplane,0.97799647,contrast,2
4826,3,cat,6,frog,0.97799385,rotation,5
8796,9,truck,6,frog,0.97799164,rotation,5
6424,8,ship,0,airplane,0.97798115,rotation,4
3347,9,truck,6,frog,0.9779806,rotation,4
147,2,bird,6,frog,0.9779701,noise,3
8665,3,cat,6,frog,0.97796404,rotation,4
3053,4,deer,6,frog,0.9779344,rotation,5
7283,3,cat,4,deer,0.97792655,brightness,3
1840,8,ship,6,frog,0.9779246,rotation,4
5152,9,truck,6,frog,0.9779193,rotation,4
9064,1,automobile,6,frog,0.9778776,rotation,5
4979,9,truck,6,frog,0.977847,rotation,4
7792,9,truck,1,automobile,0.97783285,rotation,2
5029,3,cat,6,frog,0.9778211,rotation,2
2454,1,automobile,6,frog,0.9778196,rotation,4
1732,9,truck,1,automobile,0.9778155,contrast,1
1837,9,truck,6,frog,0.97780925,contrast,5
4442,3,cat,1,automobile,0.9778088,rotation,4
1837,9,truck,6,frog,0.97778136,contrast,4
8887,4,deer,6,frog,0.9777811,rotation,4
6028,8,ship,6,frog,0.9777706,rotation,4
8651,4,deer,2,bird,0.9777535,rotation,3
6640,5,dog,6,frog,0.9777518,noise,2
6876,7,horse,6,frog,0.97774476,rotation,4
1350,4,deer,6,frog,0.9777264,rotation,5
9690,4,deer,6,frog,0.9777234,rotation,5
2482,9,truck,6,frog,0.97771716,rotation,4
887,1,automobile,2,bird,0.9776807,blur,5
3369,5,dog,3,cat,0.97767365,brightness,3
9817,9,truck,1,automobile,0.97766894,noise,1
5924,4,deer,2,bird,0.97766376,brightness,2
8616,3,cat,6,frog,0.97765756,noise,1
4649,8,ship,0,airplane,0.9776278,rotation,5
6286,8,ship,6,frog,0.9776277,rotation,4
853,9,truck,1,automobile,0.97761804,brightness,3
7414,8,ship,0,airplane,0.9776127,contrast,2
7595,1,automobile,6,frog,0.97760713,rotation,4
6322,4,deer,2,bird,0.9775978,blur,4
259,9,truck,1,automobile,0.9775915,contrast,1
8662,3,cat,6,frog,0.9775628,noise,1
9303,9,truck,1,automobile,0.977557,rotation,1
2532,0,airplane,1,automobile,0.97754467,brightness,3
4325,6,frog,2,bird,0.97753966,blur,3
8445,1,automobile,0,airplane,0.9775149,blur,3
4486,8,ship,6,frog,0.97750187,rotation,5
6403,4,deer,6,frog,0.97749704,rotation,5
8507,8,ship,0,airplane,0.9774876,brightness,4
7261,8,ship,0,airplane,0.9774833,rotation,1
6486,8,ship,6,frog,0.9774814,rotation,5
3957,9,truck,0,airplane,0.9774456,blur,5
6849,4,deer,2,bird,0.9774384,rotation,2
6930,2,bird,0,airplane,0.97741413,rotation,2
4556,2,bird,6,frog,0.9774025,rotation,4
654,9,truck,6,frog,0.97739434,rotation,4
6698,3,cat,6,frog,0.9773916,rotation,5
6127,5,dog,2,bird,0.9773818,blur,2
1193,5,dog,2,bird,0.9773641,rotation,1
8645,1,automobile,0,airplane,0.97736096,contrast,4
9327,2,bird,6,frog,0.97735983,rotation,5
8511,2,bird,6,frog,0.9773476,noise,1
9491,8,ship,6,frog,0.9773358,rotation,5
3433,4,deer,2,bird,0.9773322,blur,3
4590,9,truck,2,bird,0.97731805,brightness,4
3420,5,dog,6,frog,0.9773161,noise,2
2497,9,truck,0,airplane,0.97730815,rotation,3
3369,5,dog,3,cat,0.97730744,contrast,2
6340,3,cat,6,frog,0.97730404,rotation,4
5419,2,bird,6,frog,0.9773032,rotation,5
887,1,automobile,2,bird,0.977303,blur,4
6507,4,deer,6,frog,0.9772949,rotation,5
3699,9,truck,6,frog,0.9772813,rotation,5
1986,4,deer,6,frog,0.97726065,rotation,4
1395,3,cat,6,frog,0.9772584,rotation,5
828,5,dog,4,deer,0.97724587,noise,1
4717,4,deer,6,frog,0.97723377,rotation,5
7661,9,truck,6,frog,0.97722965,rotation,4
4485,3,cat,7,horse,0.9772191,brightness,2
9201,3,cat,6,frog,0.9772016,rotation,5
7391,4,deer,6,frog,0.9771755,rotation,4
9343,8,ship,6,frog,0.97710615,rotation,5
3052,3,cat,6,frog,0.97708476,rotation,5
9113,1,automobile,6,frog,0.97707224,noise,4
3145,9,truck,6,frog,0.9770661,rotation,3
7172,4,deer,6,frog,0.9770495,rotation,4
9892,5,dog,2,bird,0.9770477,clean,0
4918,3,cat,6,frog,0.9770272,rotation,4
4653,2,bird,6,frog,0.9770269,noise,5
5318,1,automobile,0,airplane,0.9770255,rotation,1
4693,4,deer,6,frog,0.9770055,rotation,4
2928,1,automobile,6,frog,0.97699434,noise,2
7769,4,deer,2,bird,0.976972,rotation,5
9297,2,bird,6,frog,0.97697145,rotation,4
1126,2,bird,0,airplane,0.9769676,brightness,4
1711,1,automobile,6,frog,0.97695315,noise,3
3489,3,cat,6,frog,0.97694564,rotation,5
8009,5,dog,6,frog,0.9769444,noise,1
7930,2,bird,0,airplane,0.97694343,brightness,1
4003,2,bird,0,airplane,0.97693765,clean,0
3300,4,deer,6,frog,0.9769158,rotation,5
1277,2,bird,6,frog,0.97691035,noise,1
6783,3,cat,6,frog,0.97689724,brightness,1
7149,5,dog,6,frog,0.9768828,rotation,3
3151,8,ship,0,airplane,0.9768719,rotation,2
5747,8,ship,0,airplane,0.9768648,contrast,1
1437,1,automobile,6,frog,0.97685355,noise,3
480,8,ship,6,frog,0.97684985,rotation,5
6376,8,ship,0,airplane,0.97683287,blur,3
810,5,dog,2,bird,0.976824,contrast,3
6393,3,cat,2,bird,0.9768188,clean,0
5770,8,ship,6,frog,0.97678375,rotation,4
7778,0,airplane,6,frog,0.9767727,noise,1
8525,3,cat,6,frog,0.9767631,rotation,4
2866,9,truck,6,frog,0.9767319,rotation,4
3600,4,deer,2,bird,0.97673154,contrast,1
882,3,cat,0,airplane,0.9767145,clean,0
4811,2,bird,0,airplane,0.976689,contrast,2
8720,2,bird,0,airplane,0.9766877,contrast,3
7112,2,bird,0,airplane,0.9766806,blur,2
1126,2,bird,0,airplane,0.97667605,brightness,3
4439,9,truck,6,frog,0.9766589,rotation,4
3833,9,truck,6,frog,0.97665876,rotation,5
9906,1,automobile,0,airplane,0.9766549,blur,3
4091,9,truck,6,frog,0.97664726,rotation,5
9708,9,truck,0,airplane,0.9766332,contrast,4
7930,2,bird,0,airplane,0.9765926,contrast,5
8930,3,cat,6,frog,0.9765623,rotation,4
7414,8,ship,0,airplane,0.976558,brightness,3
8299,3,cat,6,frog,0.97655565,noise,2
887,1,automobile,2,bird,0.9765512,blur,3
2542,2,bird,0,airplane,0.97653633,contrast,1
7848,4,deer,6,frog,0.97652507,rotation,4
8784,4,deer,6,frog,0.97652394,rotation,5
1775,3,cat,6,frog,0.97651607,rotation,4
1716,1,automobile,6,frog,0.9765157,rotation,5
1435,1,automobile,6,frog,0.9765104,noise,3
4757,4,deer,2,bird,0.9765098,blur,2
2581,4,deer,6,frog,0.9765047,rotation,5
8445,1,automobile,0,airplane,0.97649616,blur,4
6584,5,dog,6,frog,0.97648245,rotation,5
3491,3,cat,6,frog,0.97647834,rotation,5
6855,4,deer,6,frog,0.9764499,rotation,5
5902,9,truck,6,frog,0.97644264,rotation,4
2453,3,cat,4,deer,0.9764281,brightness,3
8676,8,ship,0,airplane,0.97642606,rotation,5
9385,7,horse,6,frog,0.9764232,noise,3
7377,3,cat,6,frog,0.97639287,noise,1
9601,1,automobile,6,frog,0.9763807,noise,4
8062,2,bird,6,frog,0.9763738,rotation,4
6687,3,cat,6,frog,0.97635955,rotation,5
3185,2,bird,6,frog,0.97635365,rotation,4
2648,4,deer,6,frog,0.97634083,rotation,5
260,8,ship,6,frog,0.9763337,rotation,3
6930,2,bird,0,airplane,0.9763297,contrast,1
6009,3,cat,6,frog,0.9763215,rotation,5
6127,5,dog,2,bird,0.97628534,contrast,1
2524,3,cat,6,frog,0.9762793,rotation,5
2454,1,automobile,6,frog,0.9762013,rotation,3
5565,3,cat,6,frog,0.9762008,rotation,4
1292,4,deer,6,frog,0.97619903,rotation,3
5328,0,airplane,6,frog,0.97618335,rotation,5
3600,4,deer,2,bird,0.9761747,blur,1
4521,9,truck,6,frog,0.9761647,noise,1
7963,7,horse,4,deer,0.97616404,contrast,5
5648,8,ship,6,frog,0.97616094,rotation,4
6741,9,truck,0,airplane,0.9761511,contrast,1
5851,1,automobile,6,frog,0.9761503,rotation,5
8932,6,frog,2,bird,0.97612834,contrast,3
5795,7,horse,4,deer,0.97612214,brightness,3
3242,4,deer,6,frog,0.9761188,noise,1
3076,2,bird,6,frog,0.97611177,rotation,5
5889,6,frog,2,bird,0.97607565,blur,5
6935,7,horse,4,deer,0.97606826,noise,1
1411,3,cat,6,frog,0.9760394,rotation,4
1205,8,ship,0,airplane,0.976031,brightness,2
8868,4,deer,6,frog,0.97601867,rotation,4
699,5,dog,6,frog,0.97601503,rotation,4
6619,0,airplane,6,frog,0.9760125,rotation,4
6913,3,cat,6,frog,0.97598153,brightness,3
1439,9,truck,1,automobile,0.97596836,clean,0
1120,5,dog,2,bird,0.97595996,rotation,1
1779,3,cat,5,dog,0.9759528,rotation,3
2842,7,horse,6,frog,0.9759495,rotation,4
8877,9,truck,1,automobile,0.97594744,brightness,1
76,9,truck,0,airplane,0.9759473,contrast,4
1645,4,deer,6,frog,0.9759221,rotation,5
8276,9,truck,0,airplane,0.97592205,rotation,2
6233,7,horse,4,deer,0.97591996,noise,2
3009,7,horse,6,frog,0.9759051,rotation,4
2085,0,airplane,6,frog,0.97588944,rotation,4
15,8,ship,6,frog,0.9758852,rotation,4
2961,4,deer,6,frog,0.97588104,rotation,5
9880,7,horse,4,deer,0.97586024,contrast,4
8542,2,bird,6,frog,0.9758582,rotation,5
6179,8,ship,0,airplane,0.9758566,contrast,4
8606,1,automobile,6,frog,0.97584605,rotation,5
6337,9,truck,6,frog,0.9758405,rotation,4
3521,8,ship,0,airplane,0.97582555,rotation,5
7107,2,bird,6,frog,0.97579944,rotation,4
9743,9,truck,1,automobile,0.97578895,brightness,3
6479,4,deer,6,frog,0.97578543,rotation,4
2353,4,deer,6,frog,0.97575945,rotation,5
9324,9,truck,6,frog,0.97575444,rotation,5
752,9,truck,6,frog,0.97574073,rotation,5
688,3,cat,6,frog,0.97573596,noise,1
2633,3,cat,6,frog,0.97573483,rotation,4
5805,1,automobile,6,frog,0.97571725,rotation,4
6773,2,bird,6,frog,0.97570443,rotation,5
5795,7,horse,4,deer,0.975696,contrast,2
711,8,ship,0,airplane,0.9756811,rotation,1
5889,6,frog,2,bird,0.9756807,blur,3
2547,4,deer,6,frog,0.9756589,rotation,4
8874,7,horse,6,frog,0.9756556,rotation,5
5048,1,automobile,6,frog,0.97565275,brightness,5
6467,3,cat,6,frog,0.9756429,rotation,3
6893,3,cat,6,frog,0.9756311,rotation,4
7797,3,cat,6,frog,0.9756221,rotation,2
9360,5,dog,0,airplane,0.9756118,blur,3
340,2,bird,6,frog,0.97561026,rotation,5
1924,9,truck,6,frog,0.9756031,rotation,3
9370,8,ship,6,frog,0.975599,rotation,4
7947,2,bird,6,frog,0.97559243,noise,1
8686,9,truck,6,frog,0.9755789,rotation,5
2129,9,truck,6,frog,0.97557724,rotation,4
9850,7,horse,4,deer,0.9755663,contrast,4
8180,4,deer,6,frog,0.9755628,rotation,5
2835,4,deer,6,frog,0.97554976,rotation,4
6765,8,ship,6,frog,0.9755401,rotation,4
1039,2,bird,6,frog,0.9755339,rotation,5
9831,2,bird,6,frog,0.975513,noise,2
4251,8,ship,0,airplane,0.9755117,contrast,2
5915,5,dog,6,frog,0.97549766,noise,2
2076,3,cat,6,frog,0.9754929,rotation,5
711,8,ship,0,airplane,0.97548985,contrast,1
9535,1,automobile,6,frog,0.97548395,rotation,5
9743,9,truck,6,frog,0.97547567,rotation,5
834,5,dog,2,bird,0.97546595,blur,4
7829,2,bird,0,airplane,0.97545743,contrast,3
8814,9,truck,6,frog,0.9754557,rotation,5
3939,9,truck,6,frog,0.9754371,rotation,4
312,8,ship,0,airplane,0.97541124,brightness,1
4542,3,cat,6,frog,0.9754107,rotation,4
6654,4,deer,6,frog,0.9753905,rotation,4
9906,1,automobile,0,airplane,0.97538185,blur,4
1214,5,dog,6,frog,0.97538185,rotation,4
2438,1,automobile,0,airplane,0.9753735,contrast,3
1126,2,bird,0,airplane,0.97535783,brightness,2
1845,7,horse,4,deer,0.97535783,contrast,2
9070,2,bird,6,frog,0.9753432,noise,5
6628,4,deer,6,frog,0.9753353,rotation,4
6175,3,cat,6,frog,0.97532237,noise,2
2981,4,deer,6,frog,0.97532076,rotation,5
4468,9,truck,6,frog,0.9753102,rotation,5
1205,8,ship,0,airplane,0.9753058,brightness,4
9816,1,automobile,0,airplane,0.97529674,contrast,5
7916,4,deer,6,frog,0.97528887,rotation,4
4967,7,horse,6,frog,0.9752823,rotation,4
4012,3,cat,6,frog,0.97525996,rotation,5
8557,3,cat,6,frog,0.97524863,rotation,5
6243,4,deer,6,frog,0.975225,rotation,4
9497,3,cat,6,frog,0.97520727,rotation,5
6423,5,dog,4,deer,0.97519934,contrast,3
5795,7,horse,4,deer,0.9751985,brightness,2
5268,3,cat,6,frog,0.97519684,noise,3
9464,4,deer,6,frog,0.9751937,rotation,5
8292,9,truck,6,frog,0.97519356,rotation,4
7675,8,ship,6,frog,0.9751913,rotation,5
597,3,cat,6,frog,0.9751834,rotation,5
2006,7,horse,4,deer,0.97517776,noise,2
8181,3,cat,6,frog,0.9751695,noise,2
5235,1,automobile,6,frog,0.9751466,rotation,3
8981,7,horse,4,deer,0.97513825,brightness,3
259,9,truck,1,automobile,0.97513753,blur,1
3947,2,bird,6,frog,0.975137,rotation,4
7637,8,ship,6,frog,0.9751301,rotation,4
7580,8,ship,0,airplane,0.9751209,rotation,1
2284,8,ship,0,airplane,0.97511894,rotation,1
7430,2,bird,6,frog,0.9751177,rotation,4
9892,5,dog,2,bird,0.9751154,contrast,1
3369,5,dog,3,cat,0.97511417,contrast,3
1909,3,cat,6,frog,0.9751094,rotation,4
1644,2,bird,6,frog,0.9751075,rotation,4
5072,6,frog,2,bird,0.9750982,contrast,3
7417,3,cat,6,frog,0.97506195,rotation,5
7393,5,dog,4,deer,0.975049,brightness,4
787,9,truck,0,airplane,0.97503483,blur,2
6454,4,deer,6,frog,0.9750308,rotation,4
7918,4,deer,6,frog,0.9750236,rotation,4
8111,5,dog,6,frog,0.97502035,rotation,5
6343,8,ship,6,frog,0.9750196,rotation,4
8729,5,dog,6,frog,0.9750186,rotation,5
5193,4,deer,6,frog,0.9750147,noise,3
4106,3,cat,0,airplane,0.9750108,brightness,2
9740,3,cat,6,frog,0.97500175,brightness,3
9452,2,bird,6,frog,0.9749717,rotation,5
8626,1,automobile,6,frog,0.97496253,rotation,4
8422,2,bird,6,frog,0.9749326,rotation,5
9938,9,truck,6,frog,0.97492945,rotation,4
8525,3,cat,6,frog,0.97489876,rotation,3
3896,7,horse,2,bird,0.9748947,contrast,3
48,7,horse,4,deer,0.97489005,rotation,3
1340,1,automobile,6,frog,0.9748864,rotation,4
8722,7,horse,6,frog,0.97487533,rotation,4
7933,3,cat,6,frog,0.9748703,noise,2
4942,5,dog,6,frog,0.9748682,rotation,4
6930,2,bird,0,airplane,0.9748589,rotation,3
1050,3,cat,0,airplane,0.9748378,rotation,1
9926,3,cat,6,frog,0.97482365,rotation,5
1845,7,horse,4,deer,0.9748195,contrast,3
3521,8,ship,0,airplane,0.9748141,rotation,3
9398,8,ship,6,frog,0.9748102,rotation,5
7358,8,ship,6,frog,0.97480404,rotation,2
537,2,bird,6,frog,0.9748029,rotation,3
577,9,truck,6,frog,0.97480077,rotation,4
8670,9,truck,6,frog,0.97479546,rotation,5
3369,5,dog,3,cat,0.9747721,brightness,2
6669,5,dog,2,bird,0.9747717,rotation,2
1061,1,automobile,6,frog,0.9747706,noise,2
9349,9,truck,0,airplane,0.9747456,contrast,3
3419,4,deer,6,frog,0.9747421,rotation,4
5313,3,cat,6,frog,0.97474074,rotation,4
7149,5,dog,6,frog,0.9747133,noise,1
834,5,dog,2,bird,0.9746823,noise,1
9498,3,cat,6,frog,0.97467446,rotation,3
2799,8,ship,1,automobile,0.97466755,rotation,4
7472,1,automobile,0,airplane,0.9746532,blur,3
5633,4,deer,2,bird,0.97464514,rotation,3
1126,2,bird,0,airplane,0.97462916,rotation,2
5834,5,dog,2,bird,0.97461617,blur,4
1115,1,automobile,6,frog,0.9746096,rotation,4
6861,8,ship,0,airplane,0.9746035,contrast,3
7797,3,cat,6,frog,0.97459954,clean,0
2568,9,truck,6,frog,0.9745984,rotation,4
5393,4,deer,6,frog,0.9745929,rotation,4
8521,9,truck,0,airplane,0.97458357,rotation,1
4705,3,cat,6,frog,0.9745783,rotation,4
8306,6,frog,2,bird,0.974556,blur,5
2609,5,dog,6,frog,0.97454685,rotation,4
4605,3,cat,6,frog,0.97454494,rotation,4
4590,9,truck,2,bird,0.97452694,brightness,3
2977,2,bird,6,frog,0.97450507,brightness,4
5249,8,ship,6,frog,0.9745038,rotation,4
834,5,dog,2,bird,0.97450364,blur,5
6423,5,dog,4,deer,0.97449476,brightness,1
1335,1,automobile,6,frog,0.9744426,rotation,4
1191,1,automobile,6,frog,0.9744357,rotation,4
9675,4,deer,6,frog,0.97438735,rotation,4
7327,4,deer,6,frog,0.97438395,rotation,5
4918,3,cat,6,frog,0.974361,rotation,5
7075,9,truck,1,automobile,0.97436076,rotation,5
259,9,truck,1,automobile,0.97435886,rotation,1
974,7,horse,0,airplane,0.97435135,rotation,2
4398,4,deer,6,frog,0.9743429,rotation,4
6597,1,automobile,6,frog,0.9743405,rotation,4
835,4,deer,6,frog,0.97431993,rotation,4
810,5,dog,2,bird,0.97431505,brightness,2
7414,8,ship,0,airplane,0.9742872,brightness,4
5238,2,bird,0,airplane,0.974277,blur,2
5889,6,frog,2,bird,0.97425056,blur,4
8720,2,bird,0,airplane,0.9742386,rotation,3
9646,5,dog,6,frog,0.9742017,rotation,4
4895,1,automobile,6,frog,0.97419035,rotation,4
689,0,airplane,6,frog,0.9741795,noise,1
1325,2,bird,4,deer,0.9741785,noise,1
9960,2,bird,0,airplane,0.9741755,contrast,5
3322,2,bird,6,frog,0.9741745,noise,4
3600,4,deer,2,bird,0.9741744,clean,0
5960,2,bird,6,frog,0.9741701,rotation,4
3981,5,dog,6,frog,0.97416615,rotation,4
9787,8,ship,0,airplane,0.9741315,rotation,2
6095,9,truck,8,ship,0.97411704,contrast,3
4618,3,cat,6,frog,0.9741167,rotation,5
8276,9,truck,0,airplane,0.97411555,contrast,3
7472,1,automobile,0,airplane,0.97410345,blur,2
1626,9,truck,0,airplane,0.9740941,brightness,1
1120,5,dog,2,bird,0.97409284,blur,1
312,8,ship,0,airplane,0.974089,brightness,3
1791,4,deer,6,frog,0.9740844,rotation,4
1994,8,ship,6,frog,0.97408015,rotation,5
2508,6,frog,4,deer,0.9740752,contrast,1
1126,2,bird,0,airplane,0.9740664,rotation,3
4754,3,cat,8,ship,0.9740607,contrast,1
654,9,truck,6,frog,0.9740545,rotation,5
1859,2,bird,6,frog,0.9740146,rotation,4
8189,8,ship,0,airplane,0.9740045,rotation,1
4296,8,ship,6,frog,0.974,rotation,5
9217,9,truck,0,airplane,0.97399306,blur,3
4363,9,truck,6,frog,0.9739879,rotation,4
2442,4,deer,6,frog,0.97398347,rotation,4
5681,3,cat,6,frog,0.9739831,rotation,5
3040,7,horse,6,frog,0.97394896,rotation,4
1292,4,deer,6,frog,0.9739406,rotation,4
201,1,automobile,0,airplane,0.9739193,contrast,3
8525,3,cat,6,frog,0.97390974,noise,2
4031,4,deer,6,frog,0.97390974,rotation,5
7283,3,cat,4,deer,0.97390443,brightness,2
4826,3,cat,6,frog,0.9738945,noise,1
3084,3,cat,6,frog,0.9738938,rotation,4
810,5,dog,2,bird,0.97388613,contrast,2
1938,8,ship,0,airplane,0.9738743,rotation,1
9130,8,ship,6,frog,0.9738696,rotation,4
5885,4,deer,6,frog,0.97386885,rotation,5
1938,8,ship,0,airplane,0.97385967,rotation,2
7829,2,bird,0,airplane,0.97385234,brightness,4
2494,5,dog,4,deer,0.97383195,contrast,4
6066,2,bird,6,frog,0.9738061,rotation,4
4600,4,deer,6,frog,0.9737814,rotation,5
6734,8,ship,6,frog,0.9737684,rotation,5
9240,8,ship,6,frog,0.97376585,rotation,4
5009,7,horse,2,bird,0.97373575,contrast,4
3381,5,dog,6,frog,0.973725,rotation,4
7517,2,bird,6,frog,0.9736788,rotation,4
1626,9,truck,0,airplane,0.973677,blur,1
6277,2,bird,6,frog,0.97367495,rotation,5
3208,9,truck,6,frog,0.973658,rotation,5
6504,7,horse,4,deer,0.97364455,noise,1
8316,5,dog,6,frog,0.9736413,rotation,5
7580,8,ship,0,airplane,0.9736283,brightness,4
779,5,dog,6,frog,0.9736239,rotation,1
1205,8,ship,0,airplane,0.97361666,brightness,3
9501,6,frog,0,airplane,0.9736136,clean,0
3194,3,cat,2,bird,0.97361225,rotation,5
5930,5,dog,2,bird,0.97359836,noise,1
8465,9,truck,1,automobile,0.973597,rotation,2
4325,6,frog,2,bird,0.97359484,blur,4
3821,8,ship,6,frog,0.97358465,rotation,3
7112,2,bird,0,airplane,0.9735806,rotation,3
2727,9,truck,6,frog,0.97356206,rotation,4
3727,9,truck,6,frog,0.9735546,rotation,4
7443,7,horse,6,frog,0.9735327,rotation,5
8939,8,ship,6,frog,0.97353137,rotation,4
3550,0,airplane,4,deer,0.97352356,brightness,3
6416,7,horse,6,frog,0.97351855,rotation,5
5150,4,deer,6,frog,0.973499,rotation,5
6357,7,horse,4,deer,0.9734726,brightness,4
5633,4,deer,2,bird,0.9734509,rotation,2
631,5,dog,2,bird,0.9734437,contrast,4
280,9,truck,0,airplane,0.9734418,contrast,5
277,3,cat,2,bird,0.97343224,contrast,4
4169,3,cat,6,frog,0.97341746,noise,4
7283,3,cat,4,deer,0.97340584,contrast,2
2226,2,bird,6,frog,0.9733897,contrast,2
6566,1,automobile,0,airplane,0.9733743,blur,2
673,3,cat,6,frog,0.97336584,noise,3
6836,4,deer,6,frog,0.9733493,rotation,5
6995,1,automobile,6,frog,0.973341,rotation,3
5747,8,ship,0,airplane,0.9733396,rotation,1
4255,9,truck,6,frog,0.9733314,rotation,5
9125,1,automobile,6,frog,0.9733234,noise,2
8507,8,ship,0,airplane,0.9733199,contrast,5
8536,1,automobile,0,airplane,0.9733185,contrast,1
5747,8,ship,0,airplane,0.97330904,clean,0
4416,4,deer,6,frog,0.9733068,rotation,5
7004,3,cat,0,airplane,0.9732732,contrast,4
9217,9,truck,0,airplane,0.9732694,contrast,1
8041,8,ship,6,frog,0.973256,rotation,5
5281,3,cat,6,frog,0.9732535,rotation,4
3025,2,bird,6,frog,0.97325176,rotation,5
312,8,ship,0,airplane,0.9732457,brightness,4
6951,9,truck,6,frog,0.9732405,rotation,5
810,5,dog,2,bird,0.9732367,brightness,3
4927,1,automobile,6,frog,0.97323203,rotation,4
6353,2,bird,6,frog,0.9732198,noise,3
731,2,bird,0,airplane,0.9732152,contrast,5
6781,3,cat,6,frog,0.9732146,brightness,2
7911,2,bird,6,frog,0.973201,rotation,4
9295,3,cat,6,frog,0.97319037,noise,3
4131,1,automobile,6,frog,0.9731887,rotation,4
6151,7,horse,6,frog,0.97312975,rotation,5
2311,7,horse,6,frog,0.9730843,rotation,4
2586,7,horse,4,deer,0.97307646,noise,1
8320,7,horse,6,frog,0.97305876,rotation,5
217,9,truck,6,frog,0.9730215,rotation,5
6964,5,dog,6,frog,0.973006,noise,2
6783,3,cat,6,frog,0.9729993,rotation,4
2804,3,cat,6,frog,0.9729793,rotation,4
8720,2,bird,0,airplane,0.9729495,brightness,4
834,5,dog,2,bird,0.9729337,contrast,1
1480,1,automobile,6,frog,0.972933,rotation,5
7833,8,ship,0,airplane,0.972932,rotation,3
7191,7,horse,4,deer,0.97291803,noise,1
9553,7,horse,4,deer,0.9729144,noise,2
6669,5,dog,2,bird,0.9729019,blur,2
4833,2,bird,6,frog,0.9728986,noise,1
9327,2,bird,6,frog,0.972888,noise,2
915,1,automobile,6,frog,0.9728704,rotation,4
8577,3,cat,6,frog,0.972868,rotation,5
6157,0,airplane,6,frog,0.9728679,rotation,5
6134,3,cat,6,frog,0.97280055,rotation,5
8856,0,airplane,4,deer,0.97279716,noise,1
6950,8,ship,0,airplane,0.97278005,brightness,4
3469,9,truck,6,frog,0.9727601,noise,3
5130,5,dog,2,bird,0.9727596,brightness,3
6653,0,airplane,2,bird,0.9727446,noise,1
6393,3,cat,2,bird,0.9727395,brightness,3
1732,9,truck,1,automobile,0.9727333,rotation,3
6165,5,dog,6,frog,0.972729,rotation,5
5365,8,ship,6,frog,0.972706,rotation,5
9694,1,automobile,6,frog,0.9726972,noise,2
7930,2,bird,0,airplane,0.9726748,blur,1
1628,4,deer,2,bird,0.97265255,rotation,2
6071,7,horse,4,deer,0.97265154,brightness,4
9105,8,ship,0,airplane,0.97262347,rotation,2
1126,2,bird,0,airplane,0.9726232,rotation,4
4332,7,horse,6,frog,0.9726208,rotation,4
9890,0,airplane,1,automobile,0.9725955,rotation,5
7156,1,automobile,6,frog,0.97259164,rotation,5
5559,3,cat,2,bird,0.9725699,contrast,2
115,3,cat,6,frog,0.9725342,rotation,4
4325,6,frog,2,bird,0.9725218,blur,5
1582,9,truck,6,frog,0.9725204,rotation,5
4442,3,cat,1,automobile,0.97251666,rotation,5
2762,4,deer,2,bird,0.97251564,rotation,2
7792,9,truck,1,automobile,0.9725065,clean,0
3051,8,ship,2,bird,0.97250146,brightness,3
4589,3,cat,6,frog,0.97249335,noise,2
9930,8,ship,6,frog,0.9724812,rotation,5
6994,3,cat,6,frog,0.972453,rotation,4
7173,1,automobile,6,frog,0.97244924,noise,1
9796,9,truck,0,airplane,0.97244805,blur,2
8576,2,bird,0,airplane,0.97243935,contrast,3
9349,9,truck,0,airplane,0.97243166,contrast,4
1126,2,bird,0,airplane,0.9724281,rotation,1
2809,4,deer,6,frog,0.97241807,rotation,4
1126,2,bird,0,airplane,0.9724177,brightness,1
7112,2,bird,0,airplane,0.97241175,contrast,4
9093,3,cat,6,frog,0.9724095,rotation,4
2136,0,airplane,6,frog,0.9723927,rotation,5
4096,8,ship,0,airplane,0.97238296,brightness,1
9449,9,truck,1,automobile,0.972377,rotation,4
9003,3,cat,6,frog,0.9723627,rotation,5
7951,2,bird,6,frog,0.97235143,rotation,5
3826,1,automobile,6,frog,0.97234297,noise,2
2725,8,ship,6,frog,0.9723422,rotation,4
6753,4,deer,6,frog,0.9723336,rotation,2
6425,2,bird,6,frog,0.97231346,rotation,4
5088,8,ship,6,frog,0.9723083,rotation,5
9850,7,horse,4,deer,0.9722988,contrast,3
1845,7,horse,4,deer,0.9722953,contrast,4
9139,4,deer,6,frog,0.9722763,rotation,4
1486,7,horse,6,frog,0.9722722,rotation,4
8824,3,cat,6,frog,0.9722695,noise,3
3896,7,horse,2,bird,0.9722605,contrast,2
8456,4,deer,6,frog,0.972252,rotation,3
4469,5,dog,6,frog,0.97223943,rotation,4
5318,1,automobile,0,airplane,0.972233,brightness,2
9708,9,truck,1,automobile,0.97218263,brightness,1
9850,7,horse,4,deer,0.97215647,rotation,2
1006,1,automobile,6,frog,0.97214454,noise,3
1120,5,dog,2,bird,0.97214216,brightness,2
7344,4,deer,6,frog,0.97211635,rotation,5
5261,2,bird,6,frog,0.972099,rotation,3
6750,4,deer,6,frog,0.97209555,rotation,4
3689,7,horse,4,deer,0.9720915,noise,1
2454,1,automobile,6,frog,0.97208655,rotation,5
3898,1,automobile,6,frog,0.97208405,rotation,4
4906,5,dog,6,frog,0.9720795,rotation,5
9906,1,automobile,0,airplane,0.9720657,blur,5
6861,8,ship,0,airplane,0.97205174,rotation,2
4320,1,automobile,0,airplane,0.97203976,contrast,4
8536,1,automobile,0,airplane,0.97201097,rotation,1
4158,7,horse,6,frog,0.9720044,rotation,4
331,9,truck,1,automobile,0.97197616,rotation,3
5348,1,automobile,6,frog,0.97197175,rotation,4
2919,8,ship,0,airplane,0.97189325,rotation,3
8015,8,ship,6,frog,0.9718788,rotation,4
2808,2,bird,6,frog,0.97187465,rotation,4
3692,4,deer,6,frog,0.97186726,rotation,4
5107,9,truck,6,frog,0.9718355,rotation,5
6930,2,bird,0,airplane,0.9718326,blur,1
1113,8,ship,0,airplane,0.9718194,rotation,2
6950,8,ship,0,airplane,0.9718152,rotation,1
6423,5,dog,4,deer,0.9718123,contrast,2
8720,2,bird,0,airplane,0.97180396,blur,2
6783,3,cat,6,frog,0.971797,rotation,2
3002,7,horse,2,bird,0.971782,blur,5
6913,3,cat,6,frog,0.9717658,rotation,3
1499,8,ship,6,frog,0.9717594,rotation,4
9303,9,truck,1,automobile,0.9717406,rotation,4
5241,4,deer,6,frog,0.9717405,rotation,5
2788,7,horse,6,frog,0.97173667,rotation,4
3417,7,horse,2,bird,0.97173476,blur,5
5418,8,ship,6,frog,0.97172135,rotation,4
5235,1,automobile,6,frog,0.97171944,rotation,4
541,7,horse,4,deer,0.9716935,noise,1
6179,8,ship,0,airplane,0.9716874,contrast,2
3125,3,cat,6,frog,0.9716771,rotation,4
8276,9,truck,0,airplane,0.9716769,brightness,2
1205,8,ship,0,airplane,0.9716736,contrast,3
6423,5,dog,4,deer,0.9716384,contrast,4
3369,5,dog,3,cat,0.9716242,contrast,1
7930,2,bird,0,airplane,0.971621,brightness,2
4212,1,automobile,0,airplane,0.9716043,contrast,5
1845,7,horse,4,deer,0.97160393,brightness,2
3847,0,airplane,6,frog,0.9716017,rotation,4
3265,8,ship,0,airplane,0.9715996,rotation,3
2316,5,dog,2,bird,0.971593,blur,3
5602,4,deer,6,frog,0.9715788,rotation,5
1026,0,airplane,6,frog,0.9715765,rotation,5
4571,4,deer,6,frog,0.97157097,rotation,5
7625,7,horse,6,frog,0.9715603,rotation,4
6741,9,truck,0,airplane,0.9715119,blur,2
7134,4,deer,6,frog,0.97150266,rotation,5
3698,8,ship,6,frog,0.97148716,rotation,4
7004,3,cat,0,airplane,0.97147197,brightness,3
7496,3,cat,6,frog,0.97146004,rotation,5
9360,5,dog,0,airplane,0.9714407,contrast,3
4611,1,automobile,6,frog,0.9714286,rotation,4
9220,8,ship,0,airplane,0.97142047,rotation,1
1342,7,horse,6,frog,0.97140175,rotation,5
4071,3,cat,2,bird,0.97138995,brightness,1
4476,1,automobile,6,frog,0.97138476,rotation,5
2930,7,horse,6,frog,0.9713777,rotation,4
6179,8,ship,0,airplane,0.9713768,brightness,2
2424,8,ship,6,frog,0.9713731,rotation,4
5568,7,horse,6,frog,0.9713727,rotation,5
7725,4,deer,6,frog,0.97135407,rotation,4
8505,5,dog,6,frog,0.9713497,noise,3
3550,0,airplane,4,deer,0.9713371,brightness,4
870,3,cat,6,frog,0.97132933,noise,1
8225,9,truck,0,airplane,0.971315,rotation,1
5882,1,automobile,9,truck,0.9713074,noise,1
711,8,ship,0,airplane,0.97130257,brightness,1
1491,4,deer,6,frog,0.9713002,noise,2
6095,9,truck,6,frog,0.97129637,rotation,4
207,5,dog,6,frog,0.97129446,rotation,4
6783,3,cat,6,frog,0.97129303,brightness,3
6814,9,truck,1,automobile,0.9712923,rotation,4
9913,7,horse,4,deer,0.971272,noise,2
596,7,horse,4,deer,0.9712669,noise,2
9383,9,truck,6,frog,0.9712523,rotation,4
8549,1,automobile,9,truck,0.97122455,noise,2
2432,9,truck,0,airplane,0.97122,brightness,4
4383,4,deer,6,frog,0.9712034,rotation,4
3032,2,bird,6,frog,0.97119933,rotation,3
9774,5,dog,6,frog,0.97119486,rotation,5
8452,4,deer,6,frog,0.9711935,rotation,5
4320,1,automobile,0,airplane,0.97116673,contrast,3
7627,3,cat,6,frog,0.9711665,rotation,4
7310,3,cat,6,frog,0.97116405,rotation,5
1626,9,truck,0,airplane,0.9711611,contrast,2
5872,7,horse,6,frog,0.9711501,rotation,5
9734,4,deer,7,horse,0.97110903,rotation,1
4096,8,ship,0,airplane,0.97110015,contrast,2
9377,4,deer,6,frog,0.971074,rotation,4
4512,8,ship,0,airplane,0.97104543,rotation,2
7227,7,horse,4,deer,0.97103596,noise,1
2128,4,deer,6,frog,0.9710245,rotation,4
6986,5,dog,6,frog,0.97100914,rotation,3
6741,9,truck,0,airplane,0.9709901,brightness,1
5058,1,automobile,6,frog,0.9709816,rotation,4
8465,9,truck,1,automobile,0.9709754,brightness,3
4071,3,cat,2,bird,0.9709589,blur,1
622,1,automobile,6,frog,0.97095156,noise,2
4884,4,deer,6,frog,0.9709448,noise,2
4026,9,truck,6,frog,0.9709373,rotation,4
8175,3,cat,6,frog,0.9709245,noise,2
6127,5,dog,2,bird,0.97091514,brightness,3
182,2,bird,6,frog,0.9709057,rotation,4
6741,9,truck,0,airplane,0.9708845,clean,0
8350,9,truck,6,frog,0.9708812,rotation,5
1632,8,ship,0,airplane,0.970867,rotation,2
4026,9,truck,6,frog,0.970851,rotation,5
2405,3,cat,6,frog,0.9708477,contrast,4
3510,4,deer,6,frog,0.97082573,rotation,5
7160,5,dog,6,frog,0.9708183,noise,2
6810,8,ship,6,frog,0.97081673,rotation,5
3369,5,dog,3,cat,0.9707808,brightness,1
6995,1,automobile,6,frog,0.9707572,noise,1
6358,7,horse,2,bird,0.970754,rotation,1
8507,8,ship,0,airplane,0.9707465,brightness,5
9032,9,truck,0,airplane,0.9707372,contrast,5
5072,6,frog,2,bird,0.9707197,brightness,4
5738,2,bird,6,frog,0.97070307,noise,2
5179,5,dog,6,frog,0.9707013,rotation,4
4052,5,dog,6,frog,0.9706925,noise,3
6627,5,dog,6,frog,0.9706838,noise,1
7283,3,cat,4,deer,0.97065645,brightness,4
3988,1,automobile,6,frog,0.97064555,noise,2
3332,7,horse,4,deer,0.97064453,noise,1
7792,9,truck,1,automobile,0.97062767,rotation,5
277,3,cat,2,bird,0.97062105,contrast,3
366,1,automobile,6,frog,0.9706067,rotation,5
2405,3,cat,6,frog,0.97059715,brightness,4
515,3,cat,6,frog,0.97059184,noise,2
6338,7,horse,4,deer,0.9705749,noise,1
5289,4,deer,2,bird,0.9705696,noise,1
6916,4,deer,6,frog,0.97055626,rotation,5
5296,4,deer,6,frog,0.97054595,rotation,4
5277,8,ship,0,airplane,0.9705442,rotation,1
4460,9,truck,6,frog,0.9705132,rotation,4
3270,8,ship,0,airplane,0.97049236,rotation,3
9238,9,truck,6,frog,0.97048384,rotation,4
4250,1,automobile,6,frog,0.9704707,rotation,4
7393,5,dog,4,deer,0.97045994,contrast,3
4193,9,truck,0,airplane,0.9704306,blur,2
5610,8,ship,6,frog,0.97041625,rotation,5
1205,8,ship,0,airplane,0.9704138,contrast,2
834,5,dog,2,bird,0.97041065,brightness,3
6849,4,deer,2,bird,0.9703883,blur,2
2940,3,cat,0,airplane,0.97038305,noise,2
7801,4,deer,6,frog,0.97036785,rotation,5
8189,8,ship,0,airplane,0.97036,blur,2
1205,8,ship,0,airplane,0.9703571,brightness,1
7013,1,automobile,6,frog,0.9703353,rotation,5
6507,4,deer,6,frog,0.97033215,rotation,4
4485,3,cat,7,horse,0.9703254,clean,0
3607,3,cat,2,bird,0.9703251,blur,1
4573,4,deer,6,frog,0.97031164,rotation,5
8979,5,dog,6,frog,0.97029626,noise,2
5771,2,bird,6,frog,0.97027934,rotation,5
456,3,cat,4,deer,0.9702698,contrast,4
810,5,dog,2,bird,0.97026956,brightness,1
7343,7,horse,6,frog,0.9702682,rotation,5
2422,3,cat,4,deer,0.9702545,brightness,4
4270,0,airplane,4,deer,0.9702489,noise,1
190,5,dog,6,frog,0.9702416,noise,3
5072,6,frog,2,bird,0.9702307,brightness,3
1193,5,dog,2,bird,0.9702036,contrast,2
5795,7,horse,4,deer,0.9701966,brightness,1
3383,8,ship,0,airplane,0.9701772,rotation,5
6415,1,automobile,6,frog,0.97017705,rotation,4
9389,8,ship,0,airplane,0.97014856,brightness,3
8305,4,deer,6,frog,0.9701394,noise,2
8985,9,truck,0,airplane,0.97013825,brightness,4
3383,8,ship,0,airplane,0.97013533,rotation,3
9022,3,cat,6,frog,0.97009987,rotation,5
8299,3,cat,6,frog,0.97009325,rotation,5
1736,5,dog,6,frog,0.97006613,noise,2
620,7,horse,4,deer,0.97005606,noise,1
9274,8,ship,0,airplane,0.97005415,brightness,1
3443,4,deer,2,bird,0.9700383,contrast,2
6008,3,cat,6,frog,0.97003144,rotation,4
5924,4,deer,2,bird,0.9700182,brightness,4
6930,2,bird,0,airplane,0.97000194,contrast,2
7778,0,airplane,6,frog,0.9699831,noise,2
5238,2,bird,0,airplane,0.9699711,brightness,4
2240,9,truck,6,frog,0.9699701,rotation,4
8370,4,deer,6,frog,0.96996653,contrast,4
4402,4,deer,6,frog,0.96996295,rotation,5
6743,8,ship,6,frog,0.9699449,rotation,5
8233,4,deer,6,frog,0.969937,rotation,5
1074,3,cat,6,frog,0.9699368,noise,2
8825,0,airplane,1,automobile,0.96992636,rotation,3
5868,9,truck,6,frog,0.96990305,rotation,4
8938,1,automobile,6,frog,0.96989655,rotation,4
8828,0,airplane,6,frog,0.9698831,noise,2
8868,4,deer,6,frog,0.9698826,rotation,5
4106,3,cat,0,airplane,0.9698822,brightness,4
1410,1,automobile,6,frog,0.9698286,rotation,5
4003,2,bird,0,airplane,0.96980685,blur,1
2,8,ship,1,automobile,0.9697943,rotation,1
6861,8,ship,0,airplane,0.96978486,contrast,2
312,8,ship,0,airplane,0.9697841,contrast,2
1275,3,cat,6,frog,0.9697496,rotation,4
8297,1,automobile,6,frog,0.96973574,rotation,4
3043,4,deer,6,frog,0.96970266,rotation,5
3834,8,ship,6,frog,0.96970224,rotation,4
7394,1,automobile,6,frog,0.9696913,rotation,5
3082,7,horse,6,frog,0.96968216,rotation,5
5285,1,automobile,6,frog,0.9696416,noise,4
9909,1,automobile,6,frog,0.9696186,rotation,4
683,8,ship,0,airplane,0.9696116,contrast,2
8521,9,truck,0,airplane,0.96960026,rotation,2
8816,7,horse,6,frog,0.96958476,rotation,4
7323,3,cat,4,deer,0.96956563,rotation,1
1721,8,ship,6,frog,0.9695552,noise,2
3942,1,automobile,6,frog,0.9695357,noise,3
6387,2,bird,6,frog,0.9695341,rotation,5
312,8,ship,0,airplane,0.96952057,brightness,2
8869,5,dog,6,frog,0.9695182,rotation,5
6913,3,cat,6,frog,0.9695048,brightness,4
7732,7,horse,6,frog,0.9694819,rotation,4
5110,8,ship,0,airplane,0.9694801,rotation,5
8606,1,automobile,6,frog,0.96947855,noise,2
6979,5,dog,4,deer,0.9694708,brightness,4
9745,3,cat,6,frog,0.96946466,rotation,5
2747,3,cat,6,frog,0.9694613,rotation,5
12,5,dog,6,frog,0.96946007,rotation,5
9360,5,dog,0,airplane,0.9694595,blur,4
4645,4,deer,6,frog,0.9694575,rotation,5
8720,2,bird,0,airplane,0.9694513,noise,1
7202,3,cat,2,bird,0.9694139,contrast,3
6979,5,dog,4,deer,0.96939194,contrast,5
1582,9,truck,6,frog,0.96935105,noise,4
5580,5,dog,6,frog,0.96934366,rotation,3
4947,5,dog,6,frog,0.96933883,noise,2
1593,3,cat,6,frog,0.9693327,rotation,4
2542,2,bird,0,airplane,0.9693294,contrast,2
2414,5,dog,6,frog,0.969322,rotation,5
4350,4,deer,6,frog,0.96931577,rotation,5
6539,7,horse,6,frog,0.96928656,rotation,4
6424,8,ship,0,airplane,0.9692796,rotation,5
3826,1,automobile,6,frog,0.9692388,rotation,4
882,3,cat,0,airplane,0.96923804,contrast,1
3447,4,deer,6,frog,0.9692192,rotation,4
8204,3,cat,6,frog,0.9692044,rotation,5
6486,8,ship,6,frog,0.96920437,rotation,4
8576,2,bird,0,airplane,0.9691956,contrast,2
1584,7,horse,4,deer,0.96919256,noise,1
4960,4,deer,6,frog,0.96918786,rotation,4
7792,9,truck,1,automobile,0.96918416,rotation,4
9526,9,truck,0,airplane,0.96916234,blur,2
8279,3,cat,6,frog,0.96915877,rotation,5
5969,5,dog,6,frog,0.96915084,rotation,4
8306,6,frog,2,bird,0.9691375,blur,4
4189,1,automobile,8,ship,0.96913505,contrast,5
3334,5,dog,2,bird,0.9691329,blur,2
6218,9,truck,6,frog,0.9691283,rotation,4
1845,7,horse,4,deer,0.9691122,brightness,1
2511,8,ship,0,airplane,0.9691086,contrast,4
4758,9,truck,6,frog,0.9691065,rotation,4
6213,3,cat,6,frog,0.96909016,rotation,5
4003,2,bird,0,airplane,0.9690897,contrast,1
456,3,cat,4,deer,0.96908945,contrast,3
8181,3,cat,6,frog,0.9690889,noise,3
6071,7,horse,4,deer,0.9690514,contrast,2
9214,9,truck,6,frog,0.9690429,rotation,5
5742,4,deer,6,frog,0.9690314,rotation,4
7818,9,truck,6,frog,0.96902376,rotation,4
7124,5,dog,2,bird,0.96899545,contrast,1
1126,2,bird,0,airplane,0.96898836,contrast,2
6599,2,bird,6,frog,0.9689784,rotation,5
8179,4,deer,6,frog,0.9689363,rotation,5
4795,5,dog,3,cat,0.9689255,clean,0
6524,8,ship,0,airplane,0.9689237,rotation,2
3501,9,truck,1,automobile,0.96891844,brightness,3
4111,4,deer,6,frog,0.96891606,rotation,4
630,2,bird,6,frog,0.9689075,rotation,5
3072,8,ship,6,frog,0.96888363,rotation,4
4811,2,bird,0,airplane,0.96887946,contrast,3
7124,5,dog,2,bird,0.9688581,contrast,2
6690,5,dog,2,bird,0.96885115,brightness,4
8335,7,horse,6,frog,0.9688147,rotation,5
6646,5,dog,6,frog,0.9688007,rotation,4
1905,3,cat,6,frog,0.96879905,rotation,4
5795,7,horse,4,deer,0.968794,brightness,5
5944,2,bird,6,frog,0.9687871,rotation,4
2453,3,cat,4,deer,0.9687599,brightness,4
5277,8,ship,0,airplane,0.968715,rotation,2
5238,2,bird,0,airplane,0.9687132,contrast,5
5890,3,cat,2,bird,0.9687015,contrast,4
5029,3,cat,6,frog,0.9686763,noise,1
4914,3,cat,6,frog,0.96867037,noise,4
2438,1,automobile,0,airplane,0.9686659,blur,2
3259,3,cat,6,frog,0.9686621,noise,2
6673,4,deer,6,frog,0.96865886,rotation,4
889,4,deer,6,frog,0.96864945,rotation,4
5378,1,automobile,6,frog,0.96864396,rotation,4
1495,2,bird,0,airplane,0.96864027,contrast,2
1435,1,automobile,6,frog,0.96863806,noise,2
6533,2,bird,6,frog,0.96862876,noise,2
411,9,truck,8,ship,0.96862656,noise,1
2382,9,truck,6,frog,0.96860373,rotation,4
6839,8,ship,6,frog,0.96857935,rotation,4
4013,1,automobile,6,frog,0.968566,rotation,5
7725,4,deer,6,frog,0.96855885,rotation,5
9274,8,ship,0,airplane,0.9685504,brightness,2
4422,3,cat,6,frog,0.96854913,rotation,4
6628,4,deer,6,frog,0.96849054,noise,4
7732,7,horse,2,bird,0.96848655,rotation,1
8445,1,automobile,0,airplane,0.9684807,blur,5
5775,7,horse,4,deer,0.96846807,noise,1
1845,7,horse,4,deer,0.9684636,contrast,1
1277,2,bird,6,frog,0.9684322,rotation,3
8323,9,truck,6,frog,0.96843076,rotation,4
7078,7,horse,6,frog,0.96843076,rotation,5
3900,3,cat,6,frog,0.96842724,noise,1
8046,8,ship,0,airplane,0.9684226,rotation,1
1325,2,bird,4,deer,0.96841943,contrast,4
1395,3,cat,6,frog,0.96841675,rotation,4
456,3,cat,6,frog,0.9684076,rotation,5
3629,1,automobile,0,airplane,0.96840525,contrast,5
6090,1,automobile,6,frog,0.9683964,rotation,4
4842,2,bird,0,airplane,0.9683887,rotation,2
4744,6,frog,0,airplane,0.96837205,clean,0
9389,8,ship,0,airplane,0.96834856,contrast,5
263,7,horse,6,frog,0.96833783,noise,1
1004,8,ship,0,airplane,0.96831393,rotation,2
5956,4,deer,6,frog,0.96830887,rotation,5
1126,2,bird,0,airplane,0.9683022,contrast,1
3746,7,horse,6,frog,0.9682947,noise,2
5915,5,dog,6,frog,0.9682809,rotation,3
1126,2,bird,0,airplane,0.968269,contrast,3
6240,2,bird,6,frog,0.9682684,rotation,4
2785,4,deer,2,bird,0.96825546,blur,5
7061,4,deer,6,frog,0.9682359,rotation,5
7078,7,horse,6,frog,0.96821654,rotation,4
7316,1,automobile,6,frog,0.968194,noise,3
7321,2,bird,6,frog,0.9681737,noise,3
3151,8,ship,0,airplane,0.9681675,brightness,5
5369,4,deer,6,frog,0.9681332,rotation,5
1294,8,ship,0,airplane,0.96810484,brightness,1
5258,2,bird,6,frog,0.9680953,rotation,5
6181,8,ship,6,frog,0.9680854,rotation,4
9498,3,cat,6,frog,0.96807843,brightness,4
9026,9,truck,0,airplane,0.9680743,brightness,4
810,5,dog,2,bird,0.96807075,contrast,1
1063,4,deer,6,frog,0.96806586,rotation,4
8564,1,automobile,0,airplane,0.96806026,blur,4
2227,8,ship,0,airplane,0.9680517,rotation,2
2405,3,cat,6,frog,0.96804965,noise,4
254,4,deer,6,frog,0.9680482,rotation,5
9498,3,cat,6,frog,0.9680425,brightness,3
6935,7,horse,4,deer,0.9680284,rotation,3
5908,3,cat,6,frog,0.96802676,rotation,4
810,5,dog,2,bird,0.9680045,contrast,4
6722,3,cat,6,frog,0.967995,rotation,4
6526,8,ship,6,frog,0.96799225,rotation,5
9892,5,dog,2,bird,0.96797985,contrast,2
5306,3,cat,6,frog,0.9679709,noise,3
6213,3,cat,6,frog,0.96795994,rotation,4
5730,5,dog,4,deer,0.96795815,contrast,3
6157,0,airplane,6,frog,0.96794295,rotation,4
8204,3,cat,6,frog,0.9679406,rotation,4
2508,6,frog,4,deer,0.96793973,contrast,5
9022,3,cat,6,frog,0.9679309,noise,1
33,5,dog,6,frog,0.9679155,rotation,5
2996,8,ship,0,airplane,0.96788603,rotation,5
7825,3,cat,6,frog,0.9678772,rotation,4
2498,3,cat,6,frog,0.9678764,rotation,5
9772,0,airplane,6,frog,0.96786857,rotation,5
3581,4,deer,6,frog,0.9678668,rotation,5
9274,8,ship,0,airplane,0.9678666,blur,1
882,3,cat,0,airplane,0.9678648,blur,1
9169,1,automobile,0,airplane,0.9678439,contrast,5
8706,7,horse,4,deer,0.9678335,noise,1
5559,3,cat,2,bird,0.96782863,rotation,1
4106,3,cat,0,airplane,0.9678207,brightness,1
3151,8,ship,0,airplane,0.9678092,contrast,1
2331,2,bird,4,deer,0.96780145,contrast,1
5972,8,ship,0,airplane,0.96779966,brightness,3
5924,4,deer,2,bird,0.96779656,contrast,2
735,4,deer,2,bird,0.9677881,brightness,1
6950,8,ship,0,airplane,0.967788,brightness,3
9141,3,cat,6,frog,0.9677652,noise,2
7563,9,truck,0,airplane,0.96776253,blur,2
8331,3,cat,2,bird,0.9677585,brightness,2
3915,4,deer,6,frog,0.967755,rotation,5
6741,9,truck,0,airplane,0.96773905,contrast,2
2454,1,automobile,6,frog,0.96772724,noise,2
5355,8,ship,0,airplane,0.9676991,rotation,2
9277,3,cat,6,frog,0.96768874,noise,2
3708,4,deer,6,frog,0.9676483,rotation,5
6786,3,cat,6,frog,0.9676329,rotation,5
7326,4,deer,6,frog,0.96761864,rotation,5
207,5,dog,6,frog,0.96760714,rotation,5
4618,3,cat,6,frog,0.96759707,rotation,4
5820,5,dog,6,frog,0.9675818,rotation,5
8936,9,truck,6,frog,0.96758,rotation,4
6170,2,bird,6,frog,0.9675752,rotation,5
5795,7,horse,4,deer,0.9675683,contrast,1
2363,2,bird,6,frog,0.96756613,rotation,4
2494,5,dog,4,deer,0.96756494,contrast,3
24,5,dog,4,deer,0.96752596,noise,1
7930,2,bird,0,airplane,0.9675226,blur,2
1091,8,ship,0,airplane,0.96751964,blur,2
4276,9,truck,6,frog,0.9675184,rotation,5
8128,7,horse,6,frog,0.96751237,rotation,4
8596,1,automobile,6,frog,0.96751094,rotation,5
1535,4,deer,2,bird,0.96750927,blur,4
3324,3,cat,6,frog,0.9674923,rotation,4
1126,2,bird,0,airplane,0.96748906,clean,0
2989,5,dog,6,frog,0.9674509,contrast,4
2406,4,deer,6,frog,0.96742857,rotation,5
2043,8,ship,0,airplane,0.9674154,blur,3
3443,4,deer,2,bird,0.96740216,rotation,3
9219,9,truck,6,frog,0.967398,rotation,5
9296,8,ship,6,frog,0.96738183,rotation,5
9369,5,dog,6,frog,0.9673757,rotation,5
7004,3,cat,0,airplane,0.967373,blur,2
3265,8,ship,0,airplane,0.9673533,rotation,2
9795,4,deer,6,frog,0.9673378,rotation,4
4628,5,dog,2,bird,0.9673369,contrast,4
985,8,ship,0,airplane,0.9673246,blur,3
8839,1,automobile,6,frog,0.967315,noise,5
6887,4,deer,6,frog,0.96730876,rotation,4
8576,2,bird,0,airplane,0.96727353,contrast,4
8981,7,horse,4,deer,0.9672714,brightness,4
2453,3,cat,4,deer,0.9672684,contrast,3
3956,3,cat,6,frog,0.9672607,rotation,4
1494,7,horse,6,frog,0.9672304,noise,3
4589,3,cat,6,frog,0.967229,rotation,5
3930,1,automobile,6,frog,0.96722245,rotation,5
5285,1,automobile,0,airplane,0.9672086,contrast,5
4250,1,automobile,6,frog,0.96720713,rotation,3
541,7,horse,4,deer,0.9671975,noise,2
9506,4,deer,2,bird,0.96716255,rotation,1
2762,4,deer,2,bird,0.96715945,blur,2
8125,8,ship,1,automobile,0.9671553,rotation,4
3795,7,horse,4,deer,0.9671503,contrast,5
3684,9,truck,6,frog,0.9671428,rotation,4
5029,3,cat,6,frog,0.9671368,noise,4
3827,4,deer,6,frog,0.9671233,rotation,4
190,5,dog,6,frog,0.96711963,rotation,4
6979,5,dog,4,deer,0.96711504,brightness,3
3957,9,truck,0,airplane,0.96709657,brightness,4
715,3,cat,6,frog,0.96708286,rotation,5
6865,3,cat,6,frog,0.9670756,rotation,4
1340,1,automobile,2,bird,0.967068,blur,5
8671,4,deer,2,bird,0.96706665,rotation,5
2535,0,airplane,6,frog,0.9670652,rotation,4
1506,5,dog,6,frog,0.967045,rotation,4
4947,5,dog,6,frog,0.96703446,rotation,4
2989,5,dog,6,frog,0.9670086,contrast,5
5902,9,truck,6,frog,0.96700746,rotation,5
8242,5,dog,6,frog,0.96698195,noise,2
293,9,truck,1,automobile,0.96697927,rotation,1
853,9,truck,1,automobile,0.9669767,blur,1
5391,9,truck,6,frog,0.96697617,rotation,4
1294,8,ship,0,airplane,0.966972,brightness,2
6500,7,horse,4,deer,0.96695226,rotation,1
7571,4,deer,6,frog,0.9669465,rotation,5
4529,4,deer,6,frog,0.9669388,rotation,3
7932,9,truck,0,airplane,0.9669281,brightness,3
9265,1,automobile,0,airplane,0.9669156,contrast,5
5428,4,deer,6,frog,0.9669137,noise,1
9295,3,cat,6,frog,0.96690893,noise,1
7713,5,dog,6,frog,0.9668947,noise,1
3401,2,bird,6,frog,0.9668806,rotation,4
9090,2,bird,6,frog,0.96687716,rotation,5
9787,8,ship,0,airplane,0.9668707,brightness,1
2331,2,bird,4,deer,0.966859,contrast,2
7455,1,automobile,6,frog,0.9668424,rotation,4
1806,1,automobile,6,frog,0.96683896,rotation,5
6748,0,airplane,6,frog,0.9668154,rotation,4
91,3,cat,6,frog,0.9668103,noise,2
9360,5,dog,0,airplane,0.9668003,blur,5
3155,8,ship,0,airplane,0.9667976,rotation,3
8561,8,ship,6,frog,0.96677154,rotation,5
6270,2,bird,6,frog,0.96676785,rotation,5
2316,5,dog,2,bird,0.9667467,blur,5
7638,1,automobile,6,frog,0.9667273,rotation,5
8109,2,bird,6,frog,0.9667273,rotation,5
960,9,truck,6,frog,0.9667144,rotation,5
7218,9,truck,0,airplane,0.96669465,blur,2
120,8,ship,6,frog,0.96668565,rotation,4
1120,5,dog,2,bird,0.9666854,contrast,4
6253,5,dog,6,frog,0.9666821,rotation,4
8811,1,automobile,6,frog,0.96663153,rotation,5
3896,7,horse,2,bird,0.96661925,contrast,4
1850,1,automobile,0,airplane,0.96661067,brightness,2
3690,9,truck,6,frog,0.96660155,rotation,4
6913,3,cat,6,frog,0.9665949,brightness,2
6979,5,dog,4,deer,0.9665876,contrast,3
5130,5,dog,2,bird,0.96658194,contrast,3
6561,9,truck,6,frog,0.9665492,rotation,5
5452,0,airplane,6,frog,0.96654665,rotation,4
1938,8,ship,0,airplane,0.9665463,contrast,4
8190,4,deer,6,frog,0.96652836,rotation,5
211,4,deer,0,airplane,0.9664932,rotation,1
6522,9,truck,0,airplane,0.96648806,blur,5
6922,2,bird,6,frog,0.96647346,rotation,4
3569,9,truck,6,frog,0.96646744,noise,3
8546,8,ship,0,airplane,0.96646076,blur,1
9516,9,truck,6,frog,0.9664551,rotation,5
9191,3,cat,6,frog,0.96644586,rotation,5
8785,8,ship,0,airplane,0.9664121,rotation,2
9796,9,truck,0,airplane,0.96639556,blur,5
7173,1,automobile,6,frog,0.96638185,rotation,4
9715,4,deer,6,frog,0.9663657,rotation,4
1495,2,bird,0,airplane,0.96636325,contrast,3
622,1,automobile,6,frog,0.96635956,rotation,4
4576,4,deer,6,frog,0.9663579,rotation,4
2701,1,automobile,0,airplane,0.96634936,contrast,5
2482,9,truck,6,frog,0.9663479,rotation,3
2739,2,bird,6,frog,0.9663459,rotation,5
3600,4,deer,2,bird,0.96634465,contrast,2
7218,9,truck,0,airplane,0.9663403,contrast,4
6935,7,horse,4,deer,0.9663282,noise,2
8331,3,cat,2,bird,0.96631926,brightness,3
6986,5,dog,6,frog,0.9662861,rotation,4
6357,7,horse,4,deer,0.96625584,brightness,5
9867,8,ship,0,airplane,0.96625394,rotation,1
3468,2,bird,6,frog,0.96625185,rotation,4
9522,3,cat,6,frog,0.96624416,rotation,4
800,7,horse,6,frog,0.96624225,rotation,4
914,0,airplane,6,frog,0.96623427,noise,2
8111,5,dog,6,frog,0.9662279,rotation,4
5038,4,deer,6,frog,0.9662113,rotation,4
7172,4,deer,6,frog,0.96621084,rotation,5
4055,1,automobile,0,airplane,0.9661884,clean,0
5289,4,deer,2,bird,0.9661858,rotation,2
4471,5,dog,6,frog,0.9661815,noise,2
4193,9,truck,0,airplane,0.96617204,rotation,3
8080,4,deer,6,frog,0.9661648,rotation,4
9113,1,automobile,6,frog,0.96616393,noise,1
9796,9,truck,0,airplane,0.9661488,blur,4
3826,1,automobile,6,frog,0.9661433,rotation,5
4005,5,dog,6,frog,0.9661203,noise,3
9204,9,truck,6,frog,0.9661202,rotation,4
8269,8,ship,0,airplane,0.96610886,clean,0
2248,0,airplane,6,frog,0.96610314,noise,2
1495,2,bird,0,airplane,0.96606714,contrast,1
3151,8,ship,0,airplane,0.96606123,blur,1
7222,8,ship,6,frog,0.96605885,rotation,5
3168,9,truck,6,frog,0.9660433,rotation,4
2971,4,deer,6,frog,0.96602046,rotation,5
1491,4,deer,6,frog,0.96601117,rotation,3
3295,9,truck,6,frog,0.96601015,rotation,4
4918,3,cat,6,frog,0.9660076,noise,2
1731,5,dog,6,frog,0.96600527,noise,1
6008,3,cat,6,frog,0.9659612,rotation,5
5531,8,ship,0,airplane,0.965956,rotation,1
8542,2,bird,6,frog,0.9659512,noise,1
1529,4,deer,6,frog,0.9659473,rotation,4
327,5,dog,6,frog,0.96594054,rotation,5
3600,4,deer,2,bird,0.96593887,brightness,1
711,8,ship,0,airplane,0.96593773,rotation,2
7563,9,truck,0,airplane,0.96593565,contrast,5
3369,5,dog,3,cat,0.9659128,contrast,4
2423,2,bird,6,frog,0.96591073,rotation,2
4795,5,dog,3,cat,0.9658956,contrast,1
4251,8,ship,0,airplane,0.9658802,contrast,1
6144,7,horse,6,frog,0.96585,rotation,4
1538,3,cat,6,frog,0.96575624,rotation,4
7966,7,horse,6,frog,0.965724,rotation,5
2092,1,automobile,6,frog,0.96570975,rotation,3
7151,1,automobile,6,frog,0.9657042,rotation,4
4795,5,dog,3,cat,0.96569854,blur,1
5924,4,deer,2,bird,0.96568155,contrast,3
3293,1,automobile,6,frog,0.965674,noise,3
401,8,ship,1,automobile,0.9656561,rotation,3
5794,7,horse,0,airplane,0.9656302,contrast,2
2018,3,cat,6,frog,0.96562874,noise,1
689,0,airplane,6,frog,0.9656274,rotation,2
8877,9,truck,1,automobile,0.9656196,noise,1
1828,7,horse,6,frog,0.9656195,rotation,4
6275,9,truck,6,frog,0.96561885,rotation,4
8599,4,deer,2,bird,0.9656032,rotation,2
6854,0,airplane,6,frog,0.9655953,rotation,4
8175,3,cat,6,frog,0.9655935,rotation,5
5747,8,ship,0,airplane,0.9655835,contrast,3
1091,8,ship,0,airplane,0.96555215,rotation,2
3401,2,bird,6,frog,0.9655385,rotation,3
1884,7,horse,6,frog,0.9655377,noise,2
4066,6,frog,2,bird,0.9655246,blur,2
1371,1,automobile,0,airplane,0.9655185,blur,5
4399,4,deer,6,frog,0.9655027,rotation,4
24,5,dog,4,deer,0.96545583,brightness,4
1262,8,ship,0,airplane,0.9654502,rotation,3
3834,8,ship,6,frog,0.9654319,rotation,5
7414,8,ship,0,airplane,0.9653966,contrast,3
8912,4,deer,6,frog,0.96539223,rotation,4
4262,4,deer,6,frog,0.9653846,rotation,5
5177,4,deer,6,frog,0.96538293,noise,2
7309,1,automobile,6,frog,0.9653768,rotation,4
990,1,automobile,6,frog,0.9653758,noise,2
3443,4,deer,2,bird,0.9653374,brightness,1
6533,2,bird,6,frog,0.96533406,noise,3
91,3,cat,6,frog,0.96532303,brightness,4
4757,4,deer,2,bird,0.96530014,blur,3
9744,1,automobile,9,truck,0.9652878,noise,1
9274,8,ship,0,airplane,0.9652771,contrast,2
9999,7,horse,4,deer,0.96527106,noise,1
1783,8,ship,0,airplane,0.9652398,rotation,1
1495,2,bird,0,airplane,0.96523684,blur,1
6492,1,automobile,6,frog,0.9652263,rotation,5
74,0,airplane,6,frog,0.9652262,rotation,4
9247,9,truck,6,frog,0.9652223,rotation,4
7685,9,truck,0,airplane,0.9652191,blur,4
7021,1,automobile,6,frog,0.965216,rotation,4
2453,3,cat,4,deer,0.9652024,contrast,2
9217,9,truck,0,airplane,0.96519244,blur,4
9243,3,cat,6,frog,0.96517885,rotation,5
4628,5,dog,2,bird,0.96517366,contrast,3
4562,4,deer,6,frog,0.9651648,rotation,5
5816,5,dog,2,bird,0.9651491,contrast,4
6357,7,horse,4,deer,0.96514565,rotation,2
4545,3,cat,4,deer,0.9651398,contrast,4
5535,3,cat,6,frog,0.9651321,rotation,5
3771,2,bird,0,airplane,0.9651219,brightness,4
9787,8,ship,0,airplane,0.9651129,brightness,2
6423,5,dog,4,deer,0.96510726,contrast,1
3790,4,deer,6,frog,0.9651029,rotation,5
6179,8,ship,6,frog,0.9651024,rotation,4
5057,2,bird,6,frog,0.96509147,rotation,3
5889,6,frog,2,bird,0.9650846,blur,1
5942,4,deer,6,frog,0.9650735,rotation,5
662,7,horse,4,deer,0.96506894,noise,2
1899,7,horse,4,deer,0.9650472,noise,2
2103,1,automobile,4,deer,0.9650455,contrast,5
4209,4,deer,6,frog,0.96502876,rotation,4
1486,7,horse,6,frog,0.9650097,rotation,5
9267,2,bird,6,frog,0.9649912,rotation,3
426,3,cat,6,frog,0.96498424,noise,1
6127,5,dog,2,bird,0.9649718,contrast,2
6154,4,deer,5,dog,0.9649597,blur,2
2542,2,bird,0,airplane,0.9649517,brightness,1
4003,2,bird,0,airplane,0.9649517,brightness,1
2157,3,cat,6,frog,0.9649425,noise,1
220,7,horse,2,bird,0.96494174,blur,5
9834,8,ship,0,airplane,0.9649313,blur,2
4720,8,ship,0,airplane,0.9649254,blur,1
7034,0,airplane,6,frog,0.964921,rotation,4
669,3,cat,2,bird,0.96491486,blur,2
2824,7,horse,2,bird,0.9649111,rotation,5
5404,2,bird,6,frog,0.9649021,rotation,4
981,9,truck,6,frog,0.96490043,rotation,4
8816,7,horse,6,frog,0.9649002,rotation,5
5009,7,horse,2,bird,0.96489465,rotation,3
7470,9,truck,6,frog,0.9648792,rotation,5
3577,9,truck,1,automobile,0.96487767,rotation,4
6041,7,horse,6,frog,0.9648688,rotation,4
7061,4,deer,6,frog,0.96486026,rotation,4
9501,6,frog,0,airplane,0.9648578,blur,1
1175,9,truck,6,frog,0.96485513,rotation,5
831,3,cat,6,frog,0.9648364,rotation,5
2682,7,horse,4,deer,0.9648312,brightness,5
9772,0,airplane,6,frog,0.9648273,rotation,4
1845,7,horse,4,deer,0.96481156,brightness,3
7822,2,bird,4,deer,0.9648067,brightness,4
4795,5,dog,3,cat,0.9647977,blur,2
8861,4,deer,6,frog,0.9647897,rotation,4
4523,4,deer,6,frog,0.9647766,rotation,3
2587,0,airplane,6,frog,0.9647372,rotation,4
665,8,ship,0,airplane,0.9647244,contrast,4
6017,9,truck,6,frog,0.9647077,brightness,4
2422,3,cat,4,deer,0.964706,brightness,3
1850,1,automobile,0,airplane,0.9646724,brightness,3
9708,9,truck,1,automobile,0.9646591,contrast,1
9892,5,dog,2,bird,0.96465635,brightness,1
2316,5,dog,2,bird,0.9646538,blur,4
9343,8,ship,6,frog,0.9646519,rotation,4
3989,2,bird,6,frog,0.964645,noise,3
3501,9,truck,1,automobile,0.9646396,brightness,2
4744,6,frog,0,airplane,0.96462995,rotation,1
3151,8,ship,0,airplane,0.9646206,clean,0
428,0,airplane,6,frog,0.96462005,rotation,5
9267,2,bird,6,frog,0.96461064,rotation,2
4205,4,deer,6,frog,0.96461,rotation,5
1934,7,horse,0,airplane,0.96458256,clean,0
8256,8,ship,0,airplane,0.9645779,rotation,3
3497,0,airplane,1,automobile,0.9645563,rotation,1
4808,3,cat,6,frog,0.96454793,rotation,4
1050,3,cat,0,airplane,0.9645261,contrast,4
8989,4,deer,6,frog,0.9645081,rotation,4
9995,8,ship,0,airplane,0.96449816,contrast,1
6781,3,cat,6,frog,0.96449006,noise,4
4942,5,dog,6,frog,0.9644894,rotation,3
3991,2,bird,6,frog,0.964489,rotation,5
4754,3,cat,8,ship,0.964481,rotation,1
9804,5,dog,6,frog,0.9644558,rotation,5
6690,5,dog,2,bird,0.9644524,brightness,3
882,3,cat,0,airplane,0.9644405,brightness,1
1612,3,cat,6,frog,0.96443886,rotation,3
1631,1,automobile,6,frog,0.9644381,rotation,4
2204,9,truck,6,frog,0.9644344,rotation,4
6376,8,ship,0,airplane,0.96442884,blur,4
464,3,cat,6,frog,0.9644221,rotation,4
6093,2,bird,6,frog,0.9644162,noise,2
118,2,bird,6,frog,0.9643876,rotation,2
5834,5,dog,2,bird,0.9643662,blur,5
9274,8,ship,0,airplane,0.9643337,contrast,3
5062,5,dog,6,frog,0.96433127,rotation,4
3171,0,airplane,6,frog,0.9643239,noise,3
3661,1,automobile,0,airplane,0.9643151,contrast,5
3151,8,ship,0,airplane,0.9643065,contrast,2
651,9,truck,6,frog,0.96429616,rotation,4
8219,3,cat,6,frog,0.9642887,noise,1
4314,1,automobile,0,airplane,0.9642754,blur,5
8246,8,ship,0,airplane,0.9642713,rotation,1
5634,4,deer,2,bird,0.96427065,blur,5
7026,3,cat,6,frog,0.96419674,rotation,5
4012,3,cat,6,frog,0.96418035,rotation,4
8785,8,ship,0,airplane,0.9641789,rotation,1
259,9,truck,1,automobile,0.9641773,brightness,2
129,2,bird,0,airplane,0.96417105,rotation,2
7274,1,automobile,9,truck,0.9641585,clean,0
5975,9,truck,6,frog,0.9641435,rotation,4
8985,9,truck,0,airplane,0.9641409,brightness,3
72,8,ship,0,airplane,0.96413934,rotation,5
1265,9,truck,6,frog,0.9641329,rotation,5
779,5,dog,6,frog,0.9641222,noise,2
3619,1,automobile,0,airplane,0.96410984,contrast,4
5580,5,dog,6,frog,0.9641071,noise,3
8747,2,bird,6,frog,0.9640621,rotation,5
1541,4,deer,6,frog,0.9640489,rotation,5
735,4,deer,2,bird,0.9640412,clean,0
8631,2,bird,6,frog,0.96402866,rotation,5
3002,7,horse,2,bird,0.96402633,blur,4
7502,8,ship,6,frog,0.96400607,rotation,4
6466,8,ship,6,frog,0.9639946,rotation,4
9813,1,automobile,6,frog,0.9639354,rotation,4
8804,6,frog,2,bird,0.96393216,brightness,3
1554,4,deer,6,frog,0.9639223,rotation,4
4063,7,horse,4,deer,0.96391445,noise,2
7829,2,bird,0,airplane,0.96391374,blur,2
6434,0,airplane,8,ship,0.96391344,contrast,2
5200,3,cat,6,frog,0.9639124,noise,3
9406,5,dog,6,frog,0.9639031,rotation,5
3851,4,deer,6,frog,0.96389186,rotation,5
8051,9,truck,6,frog,0.96388185,noise,2
6849,4,deer,2,bird,0.9638596,rotation,3
6500,7,horse,4,deer,0.9638524,contrast,4
190,5,dog,6,frog,0.9638449,noise,2
3084,3,cat,6,frog,0.96383524,rotation,5
5029,3,cat,6,frog,0.9638324,rotation,1
9922,5,dog,6,frog,0.9638071,noise,2
2930,7,horse,6,frog,0.9638006,rotation,5
8112,3,cat,6,frog,0.9637898,rotation,5
4669,6,frog,2,bird,0.96376693,brightness,4
5307,1,automobile,2,bird,0.963757,blur,5
5972,8,ship,6,frog,0.9637442,rotation,4
1371,1,automobile,0,airplane,0.96374345,blur,4
9953,7,horse,6,frog,0.9637429,rotation,5
211,4,deer,0,airplane,0.9637296,clean,0
5776,5,dog,6,frog,0.9637135,noise,2
5200,3,cat,6,frog,0.96369684,noise,2
5726,1,automobile,2,bird,0.96368223,blur,5
4524,4,deer,6,frog,0.9636799,rotation,4
8214,1,automobile,0,airplane,0.9636789,blur,3
3900,3,cat,6,frog,0.96367645,noise,2
3021,8,ship,6,frog,0.9636714,rotation,4
5072,6,frog,2,bird,0.96366614,contrast,2
179,0,airplane,6,frog,0.9636643,rotation,5
9880,7,horse,4,deer,0.9636633,contrast,5
6540,8,ship,6,frog,0.96363086,rotation,5
3346,4,deer,6,frog,0.9635964,rotation,4
3154,9,truck,0,airplane,0.9635939,brightness,3
5307,1,automobile,2,bird,0.963564,blur,4
8576,2,bird,0,airplane,0.9635504,contrast,1
7826,9,truck,1,automobile,0.9635491,rotation,2
2331,2,bird,4,deer,0.9635461,clean,0
6090,1,automobile,6,frog,0.96350014,rotation,5
7942,9,truck,6,frog,0.9634999,rotation,4
4075,2,bird,6,frog,0.9634778,rotation,5
4842,2,bird,0,airplane,0.9634673,noise,1
5795,7,horse,4,deer,0.9634592,clean,0
6747,8,ship,0,airplane,0.9634459,blur,2
2247,5,dog,2,bird,0.96343267,blur,2
1495,2,bird,0,airplane,0.9634273,clean,0
9110,1,automobile,6,frog,0.96340144,rotation,4
8773,6,frog,2,bird,0.9633818,blur,2
3716,3,cat,6,frog,0.96333176,rotation,2
3658,2,bird,4,deer,0.9633182,noise,1
2152,7,horse,4,deer,0.96331483,noise,1
1126,2,bird,0,airplane,0.9633136,blur,1
4139,5,dog,4,deer,0.96329147,brightness,4
8170,5,dog,6,frog,0.96324146,rotation,4
5389,4,deer,6,frog,0.96318936,rotation,4
1340,1,automobile,2,bird,0.9631869,blur,4
6781,3,cat,6,frog,0.96317667,brightness,3
8046,8,ship,0,airplane,0.9631708,brightness,3
5152,9,truck,6,frog,0.9631666,rotation,5
1905,3,cat,6,frog,0.9631609,rotation,5
810,5,dog,2,bird,0.96315235,clean,0
157,9,truck,6,frog,0.9631472,rotation,5
6871,9,truck,2,bird,0.96313864,blur,3
8773,6,frog,2,bird,0.96313727,rotation,2
2059,9,truck,0,airplane,0.96313566,brightness,3
658,4,deer,6,frog,0.96313566,rotation,4
2616,1,automobile,6,frog,0.9631354,rotation,4
9690,4,deer,6,frog,0.96313465,rotation,4
9923,7,horse,2,bird,0.9631052,blur,3
3957,9,truck,0,airplane,0.9631039,rotation,3
8507,8,ship,0,airplane,0.9631017,brightness,1
9893,2,bird,6,frog,0.96309936,rotation,4
1830,3,cat,2,bird,0.9630823,rotation,4
2483,2,bird,6,frog,0.96307915,rotation,5
9850,7,horse,4,deer,0.96307844,contrast,2
4277,3,cat,6,frog,0.9630778,noise,1
4310,4,deer,6,frog,0.96305615,rotation,5
8425,6,frog,2,bird,0.96304,contrast,1
3478,4,deer,6,frog,0.96303767,rotation,4
3417,7,horse,2,bird,0.96302265,blur,4
5999,2,bird,6,frog,0.9630189,rotation,4
5962,6,frog,5,dog,0.9630017,blur,2
1395,3,cat,6,frog,0.9629955,noise,3
2361,2,bird,0,airplane,0.96298504,contrast,1
4589,3,cat,6,frog,0.96296734,noise,1
4977,9,truck,6,frog,0.9629634,rotation,5
9501,6,frog,0,airplane,0.96294767,brightness,1
8877,9,truck,1,automobile,0.9629299,contrast,2
811,3,cat,2,bird,0.96291685,contrast,3
5390,1,automobile,6,frog,0.9629026,rotation,5
7039,4,deer,6,frog,0.96289086,rotation,4
9274,8,ship,0,airplane,0.9628861,contrast,1
3297,4,deer,6,frog,0.9628826,noise,2
9794,1,automobile,0,airplane,0.9628734,clean,0
1732,9,truck,1,automobile,0.96286565,contrast,2
2611,4,deer,6,frog,0.96285725,rotation,4
9787,8,ship,0,airplane,0.96282786,clean,0
9850,7,horse,4,deer,0.96278995,noise,2
4823,5,dog,3,cat,0.96277064,blur,2
8110,5,dog,6,frog,0.96275437,noise,1
1523,4,deer,6,frog,0.9627136,rotation,5
2497,9,truck,8,ship,0.9627135,contrast,5
8006,9,truck,4,deer,0.9627132,contrast,5
8739,3,cat,6,frog,0.9627123,rotation,5
315,0,airplane,4,deer,0.96270555,noise,1
6357,7,horse,4,deer,0.96269846,brightness,3
6792,3,cat,6,frog,0.9626913,rotation,4
1126,2,bird,0,airplane,0.9626768,contrast,4
2000,1,automobile,6,frog,0.96266764,noise,2
9267,2,bird,6,frog,0.96266156,rotation,5
5997,0,airplane,6,frog,0.96263874,rotation,4
4421,2,bird,9,truck,0.9626381,noise,3
631,5,dog,2,bird,0.9626258,contrast,3
8131,3,cat,6,frog,0.9626028,noise,1
4782,2,bird,6,frog,0.96259993,rotation,4
4906,5,dog,6,frog,0.96259063,rotation,4
9518,9,truck,1,automobile,0.96255964,contrast,2
5559,3,cat,2,bird,0.9625555,brightness,2
2128,4,deer,6,frog,0.96255267,rotation,3
3826,1,automobile,6,frog,0.96255004,noise,3
8062,2,bird,6,frog,0.9625172,rotation,5
7849,2,bird,0,airplane,0.9625098,blur,2
6833,3,cat,6,frog,0.96250296,noise,1
3188,4,deer,6,frog,0.96248883,rotation,5
9715,4,deer,6,frog,0.96246785,noise,1
9274,8,ship,0,airplane,0.9624633,clean,0
586,3,cat,6,frog,0.9624374,rotation,5
9278,7,horse,6,frog,0.9624302,rotation,5
3862,4,deer,6,frog,0.9624229,rotation,5
5101,5,dog,6,frog,0.9624188,rotation,5
4011,7,horse,6,frog,0.96241486,rotation,5
5369,4,deer,6,frog,0.9624124,rotation,4
2128,4,deer,6,frog,0.96240383,brightness,2
2214,4,deer,6,frog,0.96240306,rotation,5
1582,9,truck,6,frog,0.962379,noise,2
9202,7,horse,4,deer,0.96236074,noise,2
3501,9,truck,1,automobile,0.9623519,brightness,1
5693,7,horse,4,deer,0.96234274,noise,2
9449,9,truck,1,automobile,0.9623391,rotation,3
3726,5,dog,6,frog,0.9623276,rotation,3
8254,8,ship,2,bird,0.96231735,brightness,4
6393,3,cat,2,bird,0.9623167,rotation,1
8295,3,cat,0,airplane,0.96231407,contrast,4
7472,1,automobile,0,airplane,0.96231073,blur,4
4679,4,deer,6,frog,0.9622913,rotation,5
3771,2,bird,0,airplane,0.96228623,brightness,3
5531,8,ship,0,airplane,0.96226794,rotation,2
9293,7,horse,2,bird,0.9622554,rotation,1
8505,5,dog,6,frog,0.9622518,rotation,5
72,8,ship,0,airplane,0.962234,rotation,2
8453,9,truck,1,automobile,0.96221846,rotation,1
7747,3,cat,6,frog,0.96221846,rotation,4
2042,1,automobile,6,frog,0.9622178,rotation,5
2361,2,bird,0,airplane,0.9621914,clean,0
2785,4,deer,2,bird,0.96218336,blur,4
9061,7,horse,4,deer,0.9621814,contrast,4
7937,1,automobile,6,frog,0.96217,rotation,4
2703,9,truck,0,airplane,0.96215254,contrast,3
1205,8,ship,0,airplane,0.9621403,contrast,1
9620,4,deer,6,frog,0.96211296,rotation,4
8985,9,truck,0,airplane,0.9621126,blur,2
7699,9,truck,6,frog,0.9621017,rotation,4
6089,7,horse,6,frog,0.9620922,rotation,5
7937,1,automobile,6,frog,0.9620668,rotation,5
2436,6,frog,2,bird,0.9620203,blur,5
5726,1,automobile,2,bird,0.96201134,blur,4
124,8,ship,0,airplane,0.9620038,rotation,2
9501,6,frog,0,airplane,0.9619683,contrast,1
8474,4,deer,6,frog,0.9619622,rotation,4
9857,0,airplane,1,automobile,0.9619577,rotation,1
1523,4,deer,6,frog,0.96195054,rotation,4
8842,4,deer,6,frog,0.9619413,rotation,4
7442,7,horse,2,bird,0.96193796,blur,3
8384,2,bird,6,frog,0.96193314,noise,1
9995,8,ship,0,airplane,0.9619287,clean,0
458,4,deer,6,frog,0.9619276,noise,3
5193,4,deer,6,frog,0.9619272,noise,4
4541,2,bird,6,frog,0.96192706,rotation,4
1115,1,automobile,6,frog,0.96191835,rotation,5
5659,2,bird,6,frog,0.9619058,rotation,4
4020,8,ship,0,airplane,0.96190566,brightness,2
2808,2,bird,6,frog,0.9618958,rotation,5
5599,2,bird,6,frog,0.9618941,noise,2
128,5,dog,6,frog,0.9618888,rotation,4
5349,3,cat,6,frog,0.9618879,rotation,5
3497,0,airplane,6,frog,0.961871,rotation,4
6690,5,dog,2,bird,0.96184266,noise,1
6839,8,ship,6,frog,0.9618377,rotation,5
4699,5,dog,2,bird,0.96178424,brightness,2
6675,2,bird,0,airplane,0.96177995,rotation,2
6479,4,deer,6,frog,0.9617744,rotation,5
6589,2,bird,6,frog,0.9617574,rotation,5
3456,3,cat,6,frog,0.96174693,rotation,4
8520,8,ship,6,frog,0.9617417,rotation,4
848,2,bird,6,frog,0.961716,rotation,3
7627,3,cat,6,frog,0.96170515,noise,2
4163,2,bird,6,frog,0.96165687,rotation,3
7839,3,cat,4,deer,0.96165526,rotation,2
6482,7,horse,4,deer,0.9616054,noise,1
9217,9,truck,0,airplane,0.9615939,brightness,1
3450,9,truck,1,automobile,0.9615861,brightness,3
7981,5,dog,2,bird,0.9615859,noise,2
4691,2,bird,6,frog,0.9615729,rotation,5
1175,9,truck,6,frog,0.96156365,noise,4
4770,9,truck,6,frog,0.96156067,rotation,5
6888,4,deer,6,frog,0.96155876,rotation,5
6734,8,ship,6,frog,0.96155304,rotation,3
440,1,automobile,6,frog,0.9615526,rotation,5
9204,9,truck,6,frog,0.9615168,rotation,5
8710,7,horse,6,frog,0.9614875,rotation,5
9026,9,truck,0,airplane,0.9614684,brightness,3
675,0,airplane,6,frog,0.9614497,rotation,4
8172,5,dog,6,frog,0.9614467,noise,2
2148,9,truck,1,automobile,0.9614422,rotation,5
7055,8,ship,6,frog,0.9614304,noise,4
9346,7,horse,6,frog,0.96141917,noise,2
4999,1,automobile,6,frog,0.96141726,noise,3
8981,7,horse,4,deer,0.96139115,brightness,2
8732,8,ship,6,frog,0.9613896,rotation,4
6175,3,cat,6,frog,0.96137905,rotation,4
8425,6,frog,2,bird,0.9613548,clean,0
2367,4,deer,6,frog,0.9613461,rotation,4
8224,3,cat,6,frog,0.9613375,noise,2
1004,8,ship,0,airplane,0.9613248,rotation,1
3699,9,truck,6,frog,0.9613006,rotation,4
1331,8,ship,0,airplane,0.9612919,blur,3
5924,4,deer,2,bird,0.9612897,brightness,1
2142,1,automobile,6,frog,0.96128935,rotation,5
1212,1,automobile,6,frog,0.9612613,rotation,4
6071,7,horse,4,deer,0.96123195,brightness,1
7932,9,truck,0,airplane,0.96122503,brightness,2
3122,1,automobile,6,frog,0.9612188,noise,3
1501,2,bird,6,frog,0.96120006,rotation,5
1505,2,bird,6,frog,0.9611836,rotation,4
7399,3,cat,6,frog,0.9611748,noise,4
161,1,automobile,6,frog,0.96115386,rotation,5
4251,8,ship,0,airplane,0.96113616,contrast,4
7797,3,cat,6,frog,0.9611325,rotation,1
8331,3,cat,6,frog,0.9611279,noise,2
2916,1,automobile,0,airplane,0.9611272,contrast,5
816,9,truck,6,frog,0.96111315,rotation,4
2420,8,ship,6,frog,0.96111214,rotation,5
974,7,horse,0,airplane,0.96110964,rotation,1
8422,2,bird,6,frog,0.96107924,noise,2
6968,8,ship,6,frog,0.9610594,rotation,5
8425,6,frog,2,bird,0.9610419,blur,1
220,7,horse,2,bird,0.9610353,blur,4
2436,6,frog,2,bird,0.961027,blur,4
1495,2,bird,0,airplane,0.9610269,brightness,1
8507,8,ship,0,airplane,0.96097785,brightness,3
9796,9,truck,0,airplane,0.9609719,blur,3
9913,7,horse,4,deer,0.9609581,noise,1
7751,7,horse,4,deer,0.9609489,brightness,4
1425,4,deer,6,frog,0.9609316,rotation,5
199,8,ship,6,frog,0.96091574,rotation,4
4942,5,dog,6,frog,0.9609154,rotation,2
1495,2,bird,0,airplane,0.96089834,rotation,4
9310,3,cat,6,frog,0.96086997,noise,1
5428,4,deer,6,frog,0.96085465,rotation,5
5726,1,automobile,2,bird,0.9608301,blur,3
8672,7,horse,6,frog,0.96083,rotation,5
9297,2,bird,6,frog,0.9608277,rotation,3
4071,3,cat,2,bird,0.96081835,brightness,5
456,3,cat,4,deer,0.9608171,contrast,2
9929,8,ship,0,airplane,0.9608068,rotation,1
26,4,deer,6,frog,0.96078026,rotation,4
147,2,bird,6,frog,0.96075517,noise,2
6127,5,dog,2,bird,0.96073854,rotation,1
8252,2,bird,6,frog,0.96072096,rotation,4
8720,2,bird,0,airplane,0.96071887,contrast,4
2542,2,bird,0,airplane,0.96069765,contrast,3
2043,8,ship,0,airplane,0.9606927,blur,4
5820,5,dog,6,frog,0.96068114,noise,2
2213,4,deer,6,frog,0.96067697,rotation,4
5565,3,cat,6,frog,0.9606721,rotation,3
5404,2,bird,6,frog,0.9606238,rotation,5
9497,3,cat,6,frog,0.9605646,rotation,3
1918,2,bird,6,frog,0.9605486,rotation,5
4593,5,dog,6,frog,0.96052986,rotation,4
8465,9,truck,1,automobile,0.96052545,brightness,2
9626,1,automobile,6,frog,0.9605245,rotation,4
3369,5,dog,3,cat,0.960518,clean,0
2078,2,bird,6,frog,0.9604946,rotation,3
2453,3,cat,4,deer,0.96048534,brightness,2
12,5,dog,6,frog,0.9604852,rotation,4
2311,7,horse,6,frog,0.96046686,rotation,5
5890,3,cat,2,bird,0.9604571,blur,2
4325,6,frog,2,bird,0.9604307,blur,2
2187,5,dog,6,frog,0.9604299,rotation,5
8370,4,deer,6,frog,0.9604208,noise,2
4811,2,bird,0,airplane,0.9604182,rotation,1
6522,9,truck,0,airplane,0.96040803,blur,4
2986,1,automobile,8,ship,0.96040636,blur,5
1612,3,cat,6,frog,0.96039724,noise,2
4720,8,ship,0,airplane,0.9603901,blur,3
6773,2,bird,6,frog,0.96038944,rotation,4
9640,5,dog,2,bird,0.9603879,blur,2
7314,3,cat,6,frog,0.96038073,rotation,5
2092,1,automobile,6,frog,0.9603721,rotation,5
7930,2,bird,0,airplane,0.9603637,rotation,1
8599,4,deer,2,bird,0.96032447,rotation,1
6161,4,deer,6,frog,0.9603182,noise,4
3607,3,cat,2,bird,0.9603172,brightness,1
4729,2,bird,6,frog,0.96031535,rotation,5
5854,4,deer,6,frog,0.96030223,rotation,5
7419,0,airplane,6,frog,0.96028554,rotation,5
9960,2,bird,0,airplane,0.9602738,contrast,3
8824,3,cat,6,frog,0.96027136,noise,1
9389,8,ship,0,airplane,0.960263,brightness,4
9796,9,truck,0,airplane,0.9602561,contrast,5
9217,9,truck,0,airplane,0.960222,blur,5
810,5,dog,2,bird,0.9602066,brightness,4
3942,1,automobile,6,frog,0.96019,noise,2
1177,9,truck,1,automobile,0.9601734,rotation,1
2255,1,automobile,6,frog,0.9601732,rotation,5
5890,3,cat,2,bird,0.9601415,contrast,2
2319,7,horse,6,frog,0.96013933,rotation,5
8727,9,truck,0,airplane,0.96012366,blur,1
2454,1,automobile,6,frog,0.96011573,noise,1
7235,2,bird,6,frog,0.9600929,rotation,4
2452,2,bird,6,frog,0.9600867,rotation,5
4615,5,dog,6,frog,0.96008396,rotation,5
2438,1,automobile,0,airplane,0.96007407,contrast,5
960,9,truck,6,frog,0.9600262,rotation,4
1632,8,ship,0,airplane,0.9599996,rotation,5
8668,3,cat,6,frog,0.9599852,rotation,4
4152,5,dog,6,frog,0.9599758,rotation,4
6071,7,horse,4,deer,0.9599715,contrast,1
4988,5,dog,2,bird,0.95996094,blur,5
6822,4,deer,2,bird,0.9599405,blur,1
862,3,cat,6,frog,0.95993465,rotation,5
5634,4,deer,2,bird,0.95992434,blur,4
6950,8,ship,0,airplane,0.9599229,brightness,2
1050,3,cat,0,airplane,0.9599152,brightness,1
3324,3,cat,6,frog,0.95991117,rotation,5
2059,9,truck,0,airplane,0.9598739,rotation,1
9506,4,deer,2,bird,0.9598598,contrast,2
8932,6,frog,2,bird,0.95985836,blur,3
492,8,ship,4,deer,0.9598563,noise,1
8564,1,automobile,0,airplane,0.95984375,blur,5
3185,2,bird,6,frog,0.95981705,rotation,5
3991,2,bird,6,frog,0.95979935,noise,2
6318,7,horse,4,deer,0.95977616,noise,2
4197,4,deer,6,frog,0.95976216,rotation,4
6737,8,ship,6,frog,0.95975304,rotation,4
4865,8,ship,9,truck,0.9597403,noise,2
7323,3,cat,4,deer,0.95972943,contrast,1
6950,8,ship,0,airplane,0.959728,rotation,2
5704,4,deer,6,frog,0.9597163,rotation,5
7408,4,deer,6,frog,0.9596954,rotation,5
1371,1,automobile,0,airplane,0.9596867,blur,3
9290,4,deer,6,frog,0.95968044,rotation,4
5307,1,automobile,2,bird,0.95964676,blur,3
6033,2,bird,6,frog,0.95962125,rotation,4
1072,0,airplane,8,ship,0.959564,contrast,4
5730,5,dog,4,deer,0.95955837,contrast,2
1001,0,airplane,6,frog,0.9595449,rotation,5
293,9,truck,1,automobile,0.9595444,brightness,2
9327,2,bird,6,frog,0.9594942,rotation,4
6396,4,deer,6,frog,0.9594827,rotation,3
2289,1,automobile,6,frog,0.95947915,rotation,4
5292,4,deer,6,frog,0.9594788,rotation,4
8187,5,dog,2,bird,0.9594575,blur,3
2382,9,truck,6,frog,0.9594565,rotation,5
9908,8,ship,0,airplane,0.9594496,blur,2
5532,3,cat,6,frog,0.9594404,rotation,5
9316,3,cat,6,frog,0.95943964,rotation,4
6202,3,cat,6,frog,0.9594316,rotation,5
7283,3,cat,4,deer,0.9594236,contrast,5
7449,0,airplane,6,frog,0.9594134,rotation,4
2967,7,horse,2,bird,0.9594055,noise,1
4811,2,bird,0,airplane,0.95938826,contrast,4
2666,6,frog,3,cat,0.95938367,blur,2
9099,9,truck,0,airplane,0.95933056,contrast,4
903,5,dog,6,frog,0.9593291,rotation,4
4542,3,cat,6,frog,0.9593291,rotation,5
9217,9,truck,0,airplane,0.9593141,contrast,2
6472,1,automobile,0,airplane,0.9593141,contrast,5
5290,3,cat,6,frog,0.95931214,rotation,5
6523,6,frog,4,deer,0.9592837,clean,0
2188,9,truck,6,frog,0.95927167,rotation,4
6944,5,dog,6,frog,0.95925397,rotation,5
7073,9,truck,6,frog,0.95925385,rotation,4
2078,2,bird,6,frog,0.9592303,rotation,4
7976,7,horse,6,frog,0.95922494,rotation,5
3315,3,cat,6,frog,0.9591953,rotation,5
9684,7,horse,6,frog,0.9591909,rotation,5
4977,9,truck,6,frog,0.9591825,rotation,4
4699,5,dog,2,bird,0.959153,brightness,3
394,9,truck,6,frog,0.95915174,rotation,5
3587,0,airplane,1,automobile,0.9591448,rotation,4
1493,1,automobile,6,frog,0.95913017,noise,3
3780,4,deer,6,frog,0.95912874,rotation,4
6197,4,deer,6,frog,0.9591274,rotation,4
8180,4,deer,6,frog,0.9590785,rotation,4
6439,3,cat,6,frog,0.95905536,rotation,5
8599,4,deer,2,bird,0.9590551,blur,3
4507,5,dog,6,frog,0.95902115,rotation,5
985,8,ship,0,airplane,0.95901895,blur,4
6869,5,dog,2,bird,0.9590134,rotation,5
4659,4,deer,6,frog,0.9590102,rotation,4
6752,9,truck,0,airplane,0.95897764,contrast,3
4002,4,deer,6,frog,0.9589748,rotation,4
6814,9,truck,1,automobile,0.9589685,rotation,5
911,3,cat,6,frog,0.9589658,noise,3
7517,2,bird,6,frog,0.95895296,rotation,5
8056,1,automobile,6,frog,0.95892864,rotation,4
2682,7,horse,6,frog,0.95892394,rotation,5
2540,2,bird,6,frog,0.95890576,rotation,5
245,3,cat,6,frog,0.9589055,rotation,5
7218,9,truck,0,airplane,0.9588999,contrast,3
2532,0,airplane,1,automobile,0.95889497,noise,1
4110,2,bird,6,frog,0.9588696,rotation,4
3828,1,automobile,0,airplane,0.9588609,contrast,3
2785,4,deer,6,frog,0.95885795,rotation,4
8011,8,ship,4,deer,0.9588575,brightness,4
196,8,ship,6,frog,0.95885247,rotation,3
3771,2,bird,0,airplane,0.958827,rotation,2
9835,7,horse,4,deer,0.95882607,brightness,4
2422,3,cat,4,deer,0.95882076,brightness,2
834,5,dog,2,bird,0.9588087,brightness,2
5435,7,horse,4,deer,0.95880806,brightness,4
4402,4,deer,6,frog,0.95880336,rotation,4
8380,9,truck,8,ship,0.95879775,contrast,5
5795,7,horse,4,deer,0.9587631,blur,5
9506,4,deer,2,bird,0.95875645,contrast,3
4132,4,deer,6,frog,0.95875055,rotation,5
9316,3,cat,6,frog,0.9587502,rotation,5
7036,3,cat,2,bird,0.9587409,brightness,2
9061,7,horse,4,deer,0.9587193,contrast,3
6243,4,deer,6,frog,0.95870495,rotation,2
5794,7,horse,0,airplane,0.9587018,contrast,1
4669,6,frog,2,bird,0.9586987,blur,3
7736,3,cat,6,frog,0.9586919,rotation,4
2361,2,bird,0,airplane,0.95868033,contrast,2
4703,4,deer,2,bird,0.9586676,rotation,2
6434,0,airplane,8,ship,0.95866245,contrast,3
2867,7,horse,6,frog,0.9586538,noise,3
7576,8,ship,6,frog,0.9586307,rotation,4
1205,8,ship,0,airplane,0.9586277,contrast,4
8117,8,ship,0,airplane,0.95861226,rotation,5
3393,5,dog,6,frog,0.9585943,rotation,5
495,8,ship,0,airplane,0.9585805,rotation,3
2312,2,bird,6,frog,0.95857966,rotation,5
8578,2,bird,6,frog,0.9585763,noise,2
7040,7,horse,0,airplane,0.95857626,clean,0
1935,6,frog,2,bird,0.95857316,blur,1
1626,9,truck,0,airplane,0.9585635,brightness,2
8651,4,deer,2,bird,0.95855474,brightness,1
4071,3,cat,2,bird,0.9585543,contrast,2
5924,4,deer,2,bird,0.95855266,contrast,1
9048,0,airplane,6,frog,0.95853746,rotation,5
2758,1,automobile,9,truck,0.95853233,noise,2
2081,3,cat,6,frog,0.9585298,noise,1
882,3,cat,0,airplane,0.9585261,contrast,5
8954,2,bird,6,frog,0.95851064,rotation,5
5695,7,horse,4,deer,0.9584963,contrast,5
6603,9,truck,6,frog,0.9584909,rotation,4
5289,4,deer,2,bird,0.95848995,blur,2
7829,2,bird,0,airplane,0.9584884,contrast,4
9306,8,ship,6,frog,0.9584845,rotation,4
2211,7,horse,4,deer,0.95848423,noise,1
761,6,frog,2,bird,0.9584829,blur,1
3768,1,automobile,6,frog,0.9584679,noise,2
6596,3,cat,6,frog,0.95844984,rotation,5
5795,7,horse,4,deer,0.9584458,rotation,1
3771,2,bird,0,airplane,0.958414,brightness,2
9293,7,horse,2,bird,0.95840037,blur,2
5695,7,horse,4,deer,0.9583864,noise,2
7300,3,cat,6,frog,0.9583721,rotation,5
6260,2,bird,6,frog,0.9583401,rotation,5
2081,3,cat,6,frog,0.9583176,rotation,5
2103,1,automobile,4,deer,0.95829374,contrast,4
2284,8,ship,0,airplane,0.95829034,rotation,2
2059,9,truck,0,airplane,0.95828694,contrast,4
6339,3,cat,6,frog,0.95825475,rotation,5
8336,3,cat,6,frog,0.9582299,rotation,4
6143,9,truck,1,automobile,0.9582126,clean,0
1612,3,cat,6,frog,0.9582046,rotation,4
7239,4,deer,6,frog,0.9581854,rotation,4
9279,8,ship,6,frog,0.9581731,rotation,5
9743,9,truck,1,automobile,0.95816565,brightness,2
3967,4,deer,6,frog,0.95815873,rotation,5
4651,8,ship,0,airplane,0.95814115,brightness,5
572,1,automobile,6,frog,0.95812976,rotation,4
4460,9,truck,6,frog,0.95810384,rotation,5
7274,1,automobile,9,truck,0.95807886,contrast,1
3369,5,dog,3,cat,0.9580783,brightness,5
2157,3,cat,6,frog,0.958068,noise,2
6376,8,ship,0,airplane,0.95806146,blur,5
2705,8,ship,0,airplane,0.95804626,brightness,5
7068,2,bird,0,airplane,0.958046,contrast,4
4003,2,bird,0,airplane,0.9580245,contrast,2
6360,2,bird,6,frog,0.958007,rotation,5
4795,5,dog,3,cat,0.95800346,contrast,2
7818,9,truck,6,frog,0.95799536,rotation,5
6401,4,deer,6,frog,0.95798016,rotation,5
6919,4,deer,6,frog,0.95797974,rotation,4
494,1,automobile,6,frog,0.9579761,rotation,4
3052,3,cat,6,frog,0.9579741,rotation,4
4155,3,cat,6,frog,0.9579694,rotation,4
5752,3,cat,6,frog,0.9579687,noise,2
4303,5,dog,6,frog,0.9579572,noise,3
1821,4,deer,6,frog,0.9579537,rotation,4
5979,5,dog,6,frog,0.9579313,noise,2
3450,9,truck,1,automobile,0.95789254,rotation,2
2705,8,ship,0,airplane,0.957886,rotation,3
5166,9,truck,6,frog,0.9578654,rotation,4
4135,1,automobile,0,airplane,0.9578565,blur,1
7283,3,cat,4,deer,0.9578393,brightness,1
5924,4,deer,2,bird,0.95783526,blur,1
8527,1,automobile,6,frog,0.95782036,rotation,5
5123,7,horse,6,frog,0.9578142,noise,5
9265,1,automobile,6,frog,0.957769,rotation,5
4138,4,deer,6,frog,0.95775235,rotation,4
2703,9,truck,0,airplane,0.9577428,contrast,4
8599,4,deer,2,bird,0.95767033,blur,4
6522,9,truck,1,automobile,0.95766354,rotation,4
3151,8,ship,0,airplane,0.9576605,blur,2
4232,5,dog,6,frog,0.9576508,rotation,5
4071,3,cat,2,bird,0.95763427,contrast,1
3923,3,cat,4,deer,0.95761865,noise,2
254,4,deer,6,frog,0.9576086,rotation,4
8220,6,frog,2,bird,0.9575998,blur,5
6176,9,truck,6,frog,0.9575752,rotation,5
830,1,automobile,0,airplane,0.9575608,rotation,2
201,1,automobile,0,airplane,0.95752853,contrast,2
873,2,bird,6,frog,0.9575277,rotation,4
6423,5,dog,4,deer,0.9575197,blur,1
4562,4,deer,6,frog,0.9575113,rotation,4
5864,9,truck,1,automobile,0.9574855,rotation,1
4362,4,deer,6,frog,0.9574712,rotation,5
8425,6,frog,2,bird,0.9574518,rotation,2
375,7,horse,6,frog,0.95742023,rotation,4
1837,9,truck,6,frog,0.95740396,brightness,4
6930,2,bird,0,airplane,0.9573986,contrast,3
3896,7,horse,2,bird,0.9573963,contrast,1
9032,9,truck,0,airplane,0.95734805,blur,2
1850,1,automobile,0,airplane,0.9573289,brightness,1
7829,2,bird,0,airplane,0.9573268,rotation,2
8333,1,automobile,6,frog,0.9573192,noise,5
909,8,ship,6,frog,0.9573007,rotation,4
5975,9,truck,6,frog,0.95729834,rotation,5
2342,5,dog,6,frog,0.9572788,noise,3
5679,0,airplane,4,deer,0.9572734,noise,1
8099,3,cat,6,frog,0.95726454,rotation,5
5316,4,deer,6,frog,0.95726424,rotation,4
4114,4,deer,6,frog,0.95725137,rotation,4
3154,9,truck,0,airplane,0.9572464,contrast,4
7261,8,ship,0,airplane,0.95723265,blur,2
8505,5,dog,6,frog,0.95723134,rotation,4
7470,9,truck,6,frog,0.95722973,rotation,4
7707,8,ship,6,frog,0.9572149,rotation,4
4649,8,ship,0,airplane,0.95720875,rotation,4
6342,8,ship,0,airplane,0.95715564,rotation,5
493,1,automobile,6,frog,0.95714957,rotation,3
4491,2,bird,6,frog,0.95714355,rotation,5
7202,3,cat,2,bird,0.9571429,contrast,2
9234,2,bird,6,frog,0.9571375,rotation,4
7559,8,ship,1,automobile,0.9570958,rotation,3
6822,4,deer,2,bird,0.95707494,rotation,3
4204,2,bird,6,frog,0.95706,rotation,4
9077,2,bird,6,frog,0.95704186,rotation,4
6698,3,cat,6,frog,0.9570316,rotation,3
6523,6,frog,4,deer,0.9570229,contrast,1
6893,3,cat,6,frog,0.9570172,noise,3
5834,5,dog,2,bird,0.9569887,blur,1
2728,2,bird,6,frog,0.95698225,rotation,5
4946,4,deer,6,frog,0.9569471,rotation,5
1810,1,automobile,8,ship,0.956947,blur,5
5072,6,frog,2,bird,0.95693696,brightness,2
7995,8,ship,0,airplane,0.95693696,rotation,3
4139,5,dog,4,deer,0.9569304,brightness,3
9547,4,deer,6,frog,0.9569233,rotation,5
4266,3,cat,6,frog,0.95692027,rotation,5
5288,4,deer,6,frog,0.956915,rotation,4
4185,7,horse,4,deer,0.9569112,noise,1
6403,4,deer,6,frog,0.9568956,rotation,4
4865,8,ship,9,truck,0.956879,noise,1
2361,2,bird,0,airplane,0.9568721,brightness,1
2397,5,dog,6,frog,0.95684624,noise,2
9449,9,truck,0,airplane,0.9568441,brightness,2
7997,1,automobile,0,airplane,0.95684296,contrast,5
1325,2,bird,4,deer,0.9568353,brightness,4
4734,4,deer,6,frog,0.95682967,rotation,5
8052,7,horse,6,frog,0.9568227,rotation,5
4475,1,automobile,0,airplane,0.9568093,contrast,5
6062,3,cat,6,frog,0.95680404,rotation,4
1514,0,airplane,6,frog,0.9568037,rotation,4
5532,3,cat,6,frog,0.95679724,rotation,4
9995,8,ship,0,airplane,0.95678777,contrast,2
4485,3,cat,7,horse,0.95678097,contrast,1
6736,4,deer,6,frog,0.9567535,rotation,4
7730,4,deer,6,frog,0.9567489,rotation,5
4757,4,deer,2,bird,0.95670265,blur,4
9764,2,bird,0,airplane,0.95670044,contrast,2
490,1,automobile,0,airplane,0.95669776,blur,3
7852,5,dog,6,frog,0.95669335,noise,4
2128,4,deer,6,frog,0.9566773,brightness,3
5728,7,horse,6,frog,0.95666564,rotation,5
8122,4,deer,6,frog,0.95666534,rotation,4
7217,8,ship,0,airplane,0.9566605,blur,1
3151,8,ship,0,airplane,0.9566593,contrast,4
9526,9,truck,0,airplane,0.9566506,blur,3
9009,2,bird,6,frog,0.9566334,rotation,5
7188,4,deer,2,bird,0.95662385,blur,5
8295,3,cat,0,airplane,0.956617,contrast,3
1212,1,automobile,6,frog,0.95659715,noise,2
1845,7,horse,4,deer,0.95653397,brightness,4
6627,5,dog,6,frog,0.9565338,noise,2
1287,9,truck,0,airplane,0.9565318,contrast,5
7559,8,ship,1,automobile,0.95648545,rotation,5
8199,4,deer,6,frog,0.9564819,rotation,5
5261,2,bird,6,frog,0.9564765,rotation,5
4320,1,automobile,0,airplane,0.95647043,brightness,4
2262,2,bird,6,frog,0.95645416,rotation,4
943,4,deer,6,frog,0.95644677,rotation,5
9362,9,truck,6,frog,0.9564281,rotation,4
2494,5,dog,4,deer,0.9564258,contrast,2
8597,5,dog,6,frog,0.9564243,noise,2
5525,3,cat,0,airplane,0.95642155,contrast,2
2174,9,truck,6,frog,0.95639515,rotation,4
6795,9,truck,6,frog,0.95637643,rotation,4
9114,8,ship,6,frog,0.9563763,rotation,4
8576,2,bird,0,airplane,0.95635986,clean,0
4513,4,deer,3,cat,0.956339,blur,3
2452,2,bird,6,frog,0.95631415,rotation,4
4282,3,cat,6,frog,0.95631045,rotation,4
8576,2,bird,0,airplane,0.95628506,brightness,1
5605,3,cat,6,frog,0.9562673,rotation,4
7685,9,truck,0,airplane,0.9562603,blur,5
5059,4,deer,6,frog,0.95625496,rotation,4
9389,8,ship,0,airplane,0.9562293,contrast,3
8461,7,horse,6,frog,0.9562163,rotation,5
5048,1,automobile,6,frog,0.9562133,brightness,4
4806,1,automobile,6,frog,0.9562117,rotation,5
7036,3,cat,2,bird,0.9562101,rotation,1
2247,5,dog,2,bird,0.95620316,blur,3
6362,4,deer,2,bird,0.9561834,blur,2
6423,5,dog,4,deer,0.95618105,clean,0
9740,3,cat,6,frog,0.9561776,brightness,2
6353,2,bird,6,frog,0.9561571,rotation,5
2829,3,cat,6,frog,0.9561546,noise,3
6244,8,ship,6,frog,0.9561509,rotation,4
215,0,airplane,4,deer,0.95614684,noise,2
1050,3,cat,0,airplane,0.9561281,rotation,3
5730,5,dog,4,deer,0.9561125,contrast,4
9303,9,truck,1,automobile,0.9560871,rotation,5
7551,6,frog,2,bird,0.9560847,rotation,2
2009,1,automobile,0,airplane,0.95605713,blur,3
6217,8,ship,6,frog,0.95602775,rotation,4
8753,4,deer,6,frog,0.956027,rotation,5
6545,9,truck,8,ship,0.95601094,noise,1
3485,1,automobile,8,ship,0.95597106,noise,4
8599,4,deer,2,bird,0.955968,blur,5
811,3,cat,2,bird,0.95594156,contrast,2
385,8,ship,0,airplane,0.95592546,blur,2
7267,5,dog,6,frog,0.9559113,rotation,5
4225,5,dog,6,frog,0.955909,noise,4
7323,3,cat,4,deer,0.95590746,brightness,1
2737,8,ship,0,airplane,0.95590144,contrast,5
2331,2,bird,4,deer,0.95590127,contrast,3
8425,6,frog,2,bird,0.95589745,brightness,1
1495,2,bird,0,airplane,0.9558957,brightness,2
3639,7,horse,6,frog,0.95587295,rotation,5
3771,2,bird,0,airplane,0.9558613,contrast,5
3970,9,truck,6,frog,0.95584995,rotation,4
4185,7,horse,4,deer,0.95583904,noise,2
7412,9,truck,0,airplane,0.95582914,blur,3
5134,5,dog,6,frog,0.9558078,noise,3
5319,7,horse,4,deer,0.9557992,noise,2
4055,1,automobile,0,airplane,0.9557903,contrast,1
1595,3,cat,6,frog,0.9557832,noise,3
9517,9,truck,6,frog,0.95577276,noise,5
8497,4,deer,6,frog,0.95577043,rotation,5
3497,0,airplane,1,automobile,0.9557654,rotation,2
6600,7,horse,2,bird,0.955749,blur,5
4720,8,ship,0,airplane,0.9557307,noise,2
1632,8,ship,0,airplane,0.9557292,rotation,1
9429,4,deer,6,frog,0.95570785,noise,4
8450,9,truck,6,frog,0.955688,rotation,5
744,9,truck,6,frog,0.955671,noise,2
5817,3,cat,6,frog,0.9556511,rotation,4
1696,4,deer,0,airplane,0.9556374,contrast,3
4565,2,bird,6,frog,0.95562947,rotation,5
6853,4,deer,6,frog,0.955629,rotation,5
3231,3,cat,6,frog,0.9556275,noise,1
1212,1,automobile,6,frog,0.9556253,noise,1
645,1,automobile,0,airplane,0.95561117,contrast,5
6816,1,automobile,0,airplane,0.95557797,blur,3
7036,3,cat,2,bird,0.9555752,rotation,2
2355,9,truck,0,airplane,0.9555357,contrast,4
2844,4,deer,6,frog,0.9555299,noise,3
532,9,truck,6,frog,0.9555242,rotation,4
7542,8,ship,6,frog,0.95552343,rotation,4
7829,2,bird,0,airplane,0.95551616,rotation,1
7442,7,horse,2,bird,0.9555132,blur,4
3512,4,deer,6,frog,0.9555054,rotation,5
6781,3,cat,6,frog,0.95550114,brightness,1
129,2,bird,0,airplane,0.9554935,blur,3
191,8,ship,6,frog,0.95546967,rotation,5
1584,7,horse,4,deer,0.95545375,contrast,5
9588,1,automobile,0,airplane,0.95544475,blur,5
798,7,horse,6,frog,0.9554443,noise,2
1845,7,horse,4,deer,0.9554328,clean,0
1495,2,bird,0,airplane,0.955428,contrast,4
470,3,cat,6,frog,0.9554135,rotation,4
2940,3,cat,0,airplane,0.95538944,brightness,3
4630,2,bird,6,frog,0.9553678,rotation,5
2226,2,bird,6,frog,0.9553661,noise,4
7739,9,truck,1,automobile,0.9553421,rotation,4
6500,7,horse,4,deer,0.9553085,noise,1
1395,3,cat,6,frog,0.95529884,rotation,3
569,2,bird,6,frog,0.9552978,rotation,4
8577,3,cat,6,frog,0.95527697,noise,2
1113,8,ship,0,airplane,0.95524585,rotation,1
1205,8,ship,0,airplane,0.9552456,clean,0
4608,4,deer,6,frog,0.95523727,rotation,5
4970,2,bird,6,frog,0.95523435,noise,1
5011,3,cat,6,frog,0.9552278,rotation,4
4296,8,ship,6,frog,0.9551939,rotation,4
3550,0,airplane,6,frog,0.95518756,rotation,4
9641,6,frog,3,cat,0.95518243,rotation,3
337,8,ship,6,frog,0.95516604,rotation,4
2212,2,bird,6,frog,0.9551636,rotation,4
7620,5,dog,6,frog,0.9551621,rotation,4
761,6,frog,2,bird,0.95515484,brightness,3
8690,8,ship,0,airplane,0.95515436,rotation,1
8599,4,deer,2,bird,0.95515406,blur,1
5408,9,truck,6,frog,0.9551509,rotation,4
6414,8,ship,6,frog,0.9551393,rotation,4
598,5,dog,2,bird,0.95512515,contrast,3
8128,7,horse,6,frog,0.9551165,rotation,5
5817,3,cat,4,deer,0.9550975,contrast,5
3443,4,deer,2,bird,0.95509285,rotation,1
7797,3,cat,6,frog,0.9550666,brightness,1
4757,4,deer,2,bird,0.9550551,blur,5
8550,1,automobile,0,airplane,0.955049,blur,3
8786,3,cat,6,frog,0.95502245,rotation,5
9081,7,horse,2,bird,0.9550088,blur,2
3990,4,deer,6,frog,0.9550055,noise,5
7004,3,cat,0,airplane,0.95500314,contrast,5
4020,8,ship,0,airplane,0.9550015,brightness,3
9588,1,automobile,0,airplane,0.95497465,blur,4
6540,8,ship,6,frog,0.95495594,rotation,4
9641,6,frog,3,cat,0.95495474,rotation,2
4398,4,deer,6,frog,0.9549521,rotation,5
5707,0,airplane,6,frog,0.9549456,rotation,4
8333,1,automobile,6,frog,0.9549421,rotation,5
5655,3,cat,6,frog,0.95493007,rotation,3
8019,3,cat,6,frog,0.95492333,noise,4
4145,8,ship,0,airplane,0.9549217,rotation,5
4320,1,automobile,0,airplane,0.95489454,rotation,2
1254,2,bird,0,airplane,0.9548758,blur,2
4485,3,cat,7,horse,0.95486975,brightness,3
5115,5,dog,6,frog,0.95486116,rotation,5
6312,2,bird,6,frog,0.9548546,rotation,4
2111,9,truck,1,automobile,0.9548456,clean,0
6014,5,dog,6,frog,0.9548353,rotation,4
1732,9,truck,1,automobile,0.95482236,contrast,3
8279,3,cat,6,frog,0.9548156,noise,2
6950,8,ship,0,airplane,0.9548014,brightness,1
4709,8,ship,0,airplane,0.9547964,rotation,2
7669,7,horse,4,deer,0.95479095,noise,2
3322,2,bird,6,frog,0.95478565,noise,2
7283,3,cat,4,deer,0.95477396,contrast,1
6393,3,cat,2,bird,0.9547543,rotation,2
3901,3,cat,6,frog,0.9547375,rotation,4
2911,1,automobile,6,frog,0.95473194,rotation,5
6774,3,cat,6,frog,0.95472866,rotation,5
1464,1,automobile,0,airplane,0.95471966,blur,3
914,0,airplane,6,frog,0.9547169,noise,3
608,3,cat,6,frog,0.9546996,rotation,5
3550,0,airplane,4,deer,0.9546988,brightness,2
1021,1,automobile,6,frog,0.95469826,rotation,5
7961,3,cat,6,frog,0.9546865,rotation,5
4729,2,bird,6,frog,0.9546787,rotation,4
3139,2,bird,6,frog,0.95465064,rotation,5
6878,5,dog,6,frog,0.9546287,noise,3
4691,2,bird,6,frog,0.95461893,rotation,4
2095,0,airplane,4,deer,0.9546157,noise,2
2542,2,bird,0,airplane,0.9546148,rotation,2
2043,8,ship,0,airplane,0.95461386,blur,5
4483,2,bird,6,frog,0.9546135,rotation,2
8502,1,automobile,0,airplane,0.954612,blur,3
9170,0,airplane,9,truck,0.95461035,clean,0
6402,8,ship,6,frog,0.95460767,rotation,4
6163,3,cat,6,frog,0.95460504,rotation,4
3356,4,deer,6,frog,0.9545941,rotation,5
572,1,automobile,6,frog,0.95459235,rotation,5
3321,0,airplane,6,frog,0.95458007,rotation,4
9764,2,bird,0,airplane,0.954579,contrast,3
4168,9,truck,6,frog,0.95457387,rotation,4
672,6,frog,2,bird,0.95455635,brightness,3
260,8,ship,6,frog,0.95453084,rotation,5
3769,9,truck,6,frog,0.95451164,rotation,4
8883,8,ship,6,frog,0.9545078,rotation,4
3896,7,horse,2,bird,0.9544916,blur,3
2545,4,deer,6,frog,0.9544833,rotation,4
1074,3,cat,6,frog,0.9544788,noise,1
7571,4,deer,6,frog,0.9544788,rotation,4
5281,3,cat,6,frog,0.9544711,rotation,3
6523,6,frog,4,deer,0.95441836,brightness,1
9626,1,automobile,6,frog,0.9544153,rotation,5
1168,3,cat,6,frog,0.95441127,noise,2
4139,5,dog,4,deer,0.95440716,rotation,3
9192,2,bird,6,frog,0.95440084,noise,2
3501,9,truck,1,automobile,0.9543951,contrast,2
8919,7,horse,4,deer,0.9543896,noise,1
6062,3,cat,6,frog,0.9543757,noise,3
9850,7,horse,4,deer,0.9543685,brightness,3
4750,7,horse,6,frog,0.95434046,rotation,4
577,9,truck,6,frog,0.9543383,rotation,5
4833,2,bird,6,frog,0.9543344,rotation,4
9583,9,truck,0,airplane,0.9543338,blur,5
2453,3,cat,4,deer,0.9543317,contrast,1
12,5,dog,6,frog,0.9543194,noise,2
6445,1,automobile,6,frog,0.9542924,rotation,4
2657,7,horse,6,frog,0.95429,rotation,4
9593,1,automobile,6,frog,0.9542833,rotation,5
1033,3,cat,6,frog,0.95427537,rotation,4
201,1,automobile,0,airplane,0.9542675,blur,1
4032,3,cat,6,frog,0.9542454,rotation,5
2444,3,cat,6,frog,0.95424235,noise,2
1167,4,deer,6,frog,0.9542396,rotation,5
3430,8,ship,0,airplane,0.9542344,blur,3
8678,1,automobile,0,airplane,0.9542089,contrast,5
5285,1,automobile,6,frog,0.9542048,noise,3
6340,3,cat,6,frog,0.95420253,rotation,3
8919,7,horse,4,deer,0.95418525,noise,2
4168,9,truck,6,frog,0.9541777,rotation,5
3417,7,horse,2,bird,0.9541669,blur,3
779,5,dog,6,frog,0.95415723,rotation,3
1840,8,ship,6,frog,0.9541452,rotation,5
5693,7,horse,6,frog,0.95413566,rotation,5
550,5,dog,2,bird,0.9541354,blur,5
882,3,cat,0,airplane,0.9541231,contrast,2
8626,1,automobile,6,frog,0.95412153,noise,1
3772,1,automobile,6,frog,0.9541182,rotation,5
2207,3,cat,6,frog,0.95410687,rotation,4
5435,7,horse,4,deer,0.9541068,brightness,5
5525,3,cat,0,airplane,0.95409465,contrast,3
1240,2,bird,6,frog,0.95406675,noise,2
7849,2,bird,0,airplane,0.95406413,blur,3
1547,2,bird,0,airplane,0.95404035,contrast,3
9217,9,truck,0,airplane,0.9540367,rotation,1
6170,2,bird,6,frog,0.9540357,rotation,4
6393,3,cat,2,bird,0.9540346,brightness,4
5277,8,ship,0,airplane,0.9540275,blur,2
9794,1,automobile,0,airplane,0.9539878,contrast,1
7797,3,cat,6,frog,0.9539698,contrast,1
245,3,cat,6,frog,0.9539611,rotation,4
672,6,frog,2,bird,0.95393544,brightness,2
5633,4,deer,2,bird,0.9538956,blur,1
6861,8,ship,0,airplane,0.9538882,contrast,4
3748,5,dog,6,frog,0.95388037,noise,2
7476,5,dog,6,frog,0.9538755,noise,1
2542,2,bird,0,airplane,0.9538705,rotation,1
9745,3,cat,6,frog,0.95386344,rotation,4
9274,8,ship,0,airplane,0.9538567,contrast,4
1696,4,deer,0,airplane,0.95385474,contrast,2
4734,4,deer,6,frog,0.9538499,rotation,4
7323,3,cat,4,deer,0.9538359,clean,0
4276,9,truck,1,automobile,0.95383525,clean,0
6071,7,horse,4,deer,0.9538346,contrast,3
8945,1,automobile,6,frog,0.953832,noise,4
9850,7,horse,4,deer,0.9538128,brightness,2
1443,4,deer,6,frog,0.9538011,rotation,4
8337,3,cat,6,frog,0.9537916,rotation,5
9184,7,horse,2,bird,0.9537646,blur,5
8938,1,automobile,6,frog,0.9537576,noise,3
8615,9,truck,6,frog,0.9537552,rotation,5
7213,6,frog,2,bird,0.95374477,rotation,2
7824,9,truck,1,automobile,0.95373946,rotation,2
8117,8,ship,0,airplane,0.9537296,rotation,2
9288,8,ship,6,frog,0.9537168,rotation,5
6054,3,cat,6,frog,0.9536853,rotation,4
8187,5,dog,2,bird,0.95368344,blur,4
4744,6,frog,0,airplane,0.95368344,contrast,1
8686,9,truck,6,frog,0.9536779,rotation,3
5764,7,horse,6,frog,0.95362586,noise,4
65,2,bird,6,frog,0.95362574,rotation,5
8932,6,frog,2,bird,0.9536241,blur,4
2247,5,dog,2,bird,0.9536122,contrast,4
5542,9,truck,6,frog,0.95360893,rotation,5
8787,4,deer,6,frog,0.9535937,rotation,4
7076,9,truck,6,frog,0.953593,noise,4
3654,3,cat,2,bird,0.95356655,contrast,3
9300,5,dog,6,frog,0.95355964,rotation,5
4163,2,bird,6,frog,0.95355105,noise,2
2342,5,dog,6,frog,0.95354986,noise,2
5182,1,automobile,6,frog,0.95354784,rotation,4
3537,8,ship,0,airplane,0.953544,blur,2
2061,5,dog,6,frog,0.9535407,rotation,4
8532,3,cat,6,frog,0.95352894,rotation,5
7412,9,truck,0,airplane,0.95352644,contrast,5
497,2,bird,5,dog,0.95352113,rotation,3
2067,7,horse,4,deer,0.9535167,blur,5
3469,9,truck,6,frog,0.9535144,rotation,5
7472,1,automobile,0,airplane,0.9535137,blur,5
2945,7,horse,6,frog,0.95349807,rotation,4
2078,2,bird,6,frog,0.953495,brightness,2
7721,2,bird,6,frog,0.95347726,rotation,5
6950,8,ship,0,airplane,0.9534521,clean,0
2107,3,cat,6,frog,0.9534521,rotation,4
3592,7,horse,6,frog,0.95344335,noise,4
4314,1,automobile,0,airplane,0.95342916,blur,4
7464,8,ship,6,frog,0.9534117,rotation,5
2465,9,truck,6,frog,0.9533933,rotation,4
293,9,truck,1,automobile,0.95338947,rotation,2
5870,7,horse,6,frog,0.9533835,noise,5
6752,9,truck,0,airplane,0.95338136,contrast,4
7839,3,cat,6,frog,0.9533794,rotation,4
811,3,cat,6,frog,0.9533355,rotation,4
3589,7,horse,6,frog,0.95332307,noise,2
3155,8,ship,0,airplane,0.95329857,rotation,5
9385,7,horse,6,frog,0.95329803,noise,4
8254,8,ship,2,bird,0.9532975,brightness,3
5070,7,horse,5,dog,0.953256,rotation,3
277,3,cat,2,bird,0.9532555,contrast,2
4551,5,dog,6,frog,0.9532287,rotation,4
4431,1,automobile,8,ship,0.9532258,contrast,4
9073,4,deer,6,frog,0.9532242,rotation,4
5171,2,bird,6,frog,0.95321625,rotation,4
6264,6,frog,2,bird,0.9532051,blur,5
9555,4,deer,6,frog,0.95319545,rotation,5
9063,7,horse,2,bird,0.9531803,blur,3
9894,1,automobile,0,airplane,0.9531672,blur,2
6566,1,automobile,0,airplane,0.95315623,contrast,4
2799,8,ship,1,automobile,0.95308924,noise,5
8219,3,cat,6,frog,0.95308596,noise,3
8723,5,dog,6,frog,0.9530759,rotation,5
9281,3,cat,6,frog,0.9530332,rotation,4
4245,1,automobile,6,frog,0.95302564,noise,2
2328,7,horse,4,deer,0.9530226,noise,2
9960,2,bird,0,airplane,0.9529987,brightness,4
1727,9,truck,0,airplane,0.952949,contrast,4
834,5,dog,2,bird,0.95294327,blur,1
2142,1,automobile,6,frog,0.95292246,rotation,4
7473,1,automobile,6,frog,0.9529215,noise,2
6179,8,ship,0,airplane,0.952919,brightness,1
983,4,deer,6,frog,0.9529153,rotation,5
9850,7,horse,4,deer,0.9529008,contrast,1
4404,3,cat,6,frog,0.952887,rotation,4
5970,1,automobile,6,frog,0.9528755,noise,2
5456,1,automobile,6,frog,0.9528703,rotation,4
2977,2,bird,6,frog,0.95286804,rotation,2
9152,4,deer,6,frog,0.9528675,rotation,5
8578,2,bird,6,frog,0.9528204,noise,1
4307,3,cat,2,bird,0.95279294,brightness,2
9344,2,bird,6,frog,0.95278025,rotation,5
2508,6,frog,4,deer,0.9527796,brightness,1
7124,5,dog,2,bird,0.95277065,brightness,1
8576,2,bird,0,airplane,0.95276725,rotation,1
3766,4,deer,2,bird,0.9527479,rotation,3
5905,1,automobile,8,ship,0.9527469,contrast,4
9787,8,ship,0,airplane,0.9527333,contrast,1
6264,6,frog,2,bird,0.95272076,blur,4
1531,7,horse,6,frog,0.95271814,rotation,4
4720,8,ship,0,airplane,0.95270616,rotation,2
5557,4,deer,6,frog,0.95269954,rotation,5
5678,1,automobile,6,frog,0.95269847,rotation,3
3771,2,bird,0,airplane,0.95269704,rotation,1
6741,9,truck,0,airplane,0.9526827,brightness,2
7640,9,truck,1,automobile,0.95267594,rotation,2
7382,9,truck,0,airplane,0.9526715,blur,2
8518,9,truck,6,frog,0.95266944,rotation,4
7505,7,horse,5,dog,0.9526648,blur,2
5340,3,cat,6,frog,0.9526621,rotation,5
225,9,truck,2,bird,0.95266014,blur,5
4782,2,bird,6,frog,0.9526507,rotation,5
3654,3,cat,2,bird,0.9526408,contrast,4
961,1,automobile,6,frog,0.95263916,brightness,5
1386,3,cat,6,frog,0.95263237,noise,2
5972,8,ship,0,airplane,0.95263016,brightness,4
4820,3,cat,6,frog,0.95262086,noise,2
3301,8,ship,0,airplane,0.9526118,rotation,2
7494,2,bird,6,frog,0.95259804,rotation,5
3771,2,bird,0,airplane,0.952564,brightness,1
5135,1,automobile,6,frog,0.952538,rotation,5
6871,9,truck,2,bird,0.9525274,blur,4
5525,3,cat,0,airplane,0.9525162,clean,0
3501,9,truck,1,automobile,0.95251346,contrast,1
887,1,automobile,6,frog,0.95248306,brightness,5
8263,5,dog,6,frog,0.9524813,rotation,4
3653,8,ship,6,frog,0.95245624,rotation,4
2689,5,dog,6,frog,0.9524472,noise,2
6441,5,dog,6,frog,0.95244175,rotation,5
7608,5,dog,6,frog,0.9524379,noise,1
8507,8,ship,0,airplane,0.952423,brightness,2
456,3,cat,4,deer,0.95240986,contrast,1
2328,7,horse,2,bird,0.95240176,rotation,5
7924,3,cat,6,frog,0.952384,rotation,5
385,8,ship,0,airplane,0.9523782,contrast,1
8489,1,automobile,6,frog,0.9523409,noise,4
1547,2,bird,0,airplane,0.95230836,contrast,2
5248,9,truck,6,frog,0.95230824,rotation,4
1547,2,bird,0,airplane,0.9523065,contrast,1
4096,8,ship,0,airplane,0.95229244,contrast,3
9522,3,cat,2,bird,0.95228994,contrast,1
4195,3,cat,6,frog,0.9522777,noise,2
8282,1,automobile,6,frog,0.95226836,rotation,4
2361,2,bird,0,airplane,0.95224714,contrast,3
4826,3,cat,6,frog,0.952217,noise,4
7149,5,dog,6,frog,0.9521916,rotation,2
4978,1,automobile,0,airplane,0.95218813,blur,4
9349,9,truck,0,airplane,0.9521767,blur,1
8492,0,airplane,6,frog,0.9521651,rotation,4
7580,8,ship,0,airplane,0.95215887,brightness,3
8644,8,ship,0,airplane,0.952148,contrast,1
4784,0,airplane,8,ship,0.9521235,contrast,2
9967,3,cat,6,frog,0.952118,rotation,4
6950,8,ship,0,airplane,0.95210814,contrast,1
1521,7,horse,4,deer,0.9520914,rotation,2
6062,3,cat,6,frog,0.952087,noise,2
4978,1,automobile,0,airplane,0.9520603,blur,5
7427,2,bird,6,frog,0.95205176,rotation,4
3464,9,truck,1,automobile,0.9520402,rotation,4
7036,3,cat,2,bird,0.9520338,brightness,3
9740,3,cat,6,frog,0.9520203,rotation,2
8536,1,automobile,0,airplane,0.95199484,clean,0
2747,3,cat,6,frog,0.9519946,rotation,3
4212,1,automobile,6,frog,0.95196944,rotation,5
9170,0,airplane,9,truck,0.9519608,noise,1
9522,3,cat,2,bird,0.9519488,clean,0
6630,7,horse,6,frog,0.9519209,rotation,5
3520,1,automobile,6,frog,0.9519108,rotation,4
8705,6,frog,2,bird,0.9519016,blur,3
1294,8,ship,0,airplane,0.95189714,clean,0
7930,2,bird,0,airplane,0.9518886,rotation,2
6584,5,dog,6,frog,0.95188516,rotation,4
4152,5,dog,6,frog,0.95188093,rotation,3
1547,2,bird,0,airplane,0.95188,clean,0
9467,2,bird,6,frog,0.9518793,rotation,5
2438,1,automobile,0,airplane,0.9518792,brightness,5
85,5,dog,2,bird,0.9518776,blur,5
6899,2,bird,6,frog,0.9518503,rotation,5
1380,4,deer,6,frog,0.95183754,rotation,4
9260,5,dog,6,frog,0.95183504,rotation,5
9850,7,horse,4,deer,0.9518004,blur,1
6523,6,frog,4,deer,0.9517911,contrast,2
7675,8,ship,6,frog,0.9517911,rotation,4
7162,5,dog,6,frog,0.9517855,rotation,4
2335,5,dog,2,bird,0.9517766,contrast,4
886,0,airplane,6,frog,0.95177114,rotation,5
2296,9,truck,6,frog,0.95174867,rotation,5
2034,3,cat,4,deer,0.95172274,rotation,1
4097,3,cat,6,frog,0.95171154,noise,2
2363,2,bird,6,frog,0.95169187,noise,3
9835,7,horse,4,deer,0.9516824,brightness,3
5830,5,dog,4,deer,0.95168185,brightness,5
4106,3,cat,0,airplane,0.95168,clean,0
2928,1,automobile,6,frog,0.9516772,rotation,4
1979,3,cat,6,frog,0.95167166,rotation,4
4990,7,horse,5,dog,0.95165896,blur,2
85,5,dog,2,bird,0.9516422,blur,3
1495,2,bird,0,airplane,0.951607,blur,2
8713,2,bird,6,frog,0.9516038,rotation,5
8528,3,cat,2,bird,0.9515893,rotation,3
2288,5,dog,6,frog,0.9515778,rotation,5
129,2,bird,0,airplane,0.95157623,blur,4
89,9,truck,6,frog,0.9515709,rotation,4
9860,0,airplane,6,frog,0.9515315,noise,3
7444,9,truck,1,automobile,0.95151097,rotation,3
4120,4,deer,0,airplane,0.95148593,rotation,5
7323,3,cat,4,deer,0.95147717,contrast,2
690,3,cat,6,frog,0.9514711,rotation,5
4709,8,ship,0,airplane,0.9514682,rotation,1
7326,4,deer,6,frog,0.95146537,noise,3
8276,9,truck,0,airplane,0.9514488,contrast,4
6729,0,airplane,6,frog,0.95143634,rotation,5
2829,3,cat,6,frog,0.95141995,noise,4
6675,2,bird,0,airplane,0.9514151,rotation,1
3121,9,truck,0,airplane,0.9514081,blur,3
2448,2,bird,6,frog,0.9514069,rotation,5
2355,9,truck,6,frog,0.9513977,rotation,5
9349,9,truck,0,airplane,0.95139384,contrast,2
462,1,automobile,6,frog,0.9513835,rotation,4
5397,9,truck,0,airplane,0.951348,blur,2
2627,7,horse,4,deer,0.95132446,noise,2
985,8,ship,0,airplane,0.95129955,blur,5
4970,2,bird,6,frog,0.9512963,noise,2
8476,0,airplane,6,frog,0.95128757,rotation,5
9039,2,bird,6,frog,0.95126677,rotation,5
6253,5,dog,4,deer,0.9512464,contrast,3
3252,4,deer,6,frog,0.95123523,rotation,4
7283,3,cat,4,deer,0.9512236,noise,1
822,0,airplane,6,frog,0.9512223,rotation,4
1363,1,automobile,0,airplane,0.95121825,contrast,5
5424,3,cat,6,frog,0.95120937,noise,2
3769,9,truck,6,frog,0.95120203,rotation,5
8187,5,dog,2,bird,0.9511672,blur,5
541,7,horse,4,deer,0.9511601,contrast,4
4342,3,cat,6,frog,0.9511521,rotation,5
9341,2,bird,6,frog,0.9511498,rotation,4
8596,1,automobile,6,frog,0.9511463,rotation,3
882,3,cat,0,airplane,0.95113724,brightness,2
5739,2,bird,6,frog,0.95113325,noise,3
8932,6,frog,2,bird,0.95113045,blur,5
2034,3,cat,4,deer,0.95111585,brightness,2
7435,7,horse,6,frog,0.95110875,rotation,4
5634,4,deer,2,bird,0.951104,blur,3
2432,9,truck,0,airplane,0.9510893,rotation,1
4590,9,truck,2,bird,0.9510808,blur,5
8257,3,cat,6,frog,0.95107394,rotation,4
834,5,dog,2,bird,0.95107347,brightness,1
1072,0,airplane,8,ship,0.9510568,contrast,5
3715,1,automobile,6,frog,0.95105535,noise,2
4753,2,bird,0,airplane,0.951053,rotation,3
7932,9,truck,0,airplane,0.9510504,brightness,4
9522,3,cat,2,bird,0.95104384,blur,1
761,6,frog,2,bird,0.9510227,brightness,2
4660,7,horse,6,frog,0.95099187,rotation,5
846,2,bird,6,frog,0.95097345,rotation,4
120,8,ship,6,frog,0.9509617,rotation,5
6565,9,truck,6,frog,0.95095974,noise,5
6677,5,dog,6,frog,0.95095134,noise,2
4032,3,cat,6,frog,0.95093185,rotation,4
6600,7,horse,2,bird,0.95092964,blur,4
3172,9,truck,6,frog,0.95092255,rotation,5
490,1,automobile,6,frog,0.9509165,noise,3
3409,9,truck,2,bird,0.95090824,blur,5
6930,2,bird,0,airplane,0.9508956,blur,2
2085,0,airplane,6,frog,0.95089257,noise,5
7214,3,cat,5,dog,0.950854,clean,0
9506,4,deer,2,bird,0.95083,contrast,1
2078,2,bird,6,frog,0.95081896,brightness,3
40,4,deer,2,bird,0.950816,brightness,3
1745,5,dog,6,frog,0.9508092,rotation,4
8276,9,truck,0,airplane,0.9507971,brightness,3
8841,2,bird,0,airplane,0.95079064,rotation,5
7750,3,cat,6,frog,0.9507856,rotation,4
550,5,dog,2,bird,0.950784,blur,4
6127,5,dog,2,bird,0.9507829,blur,3
701,2,bird,0,airplane,0.9507821,rotation,2
2511,8,ship,0,airplane,0.95077854,contrast,5
1402,7,horse,6,frog,0.95077676,rotation,5
2292,5,dog,6,frog,0.9507556,noise,2
3501,9,truck,1,automobile,0.9507555,clean,0
285,9,truck,6,frog,0.9507549,rotation,5
3800,9,truck,6,frog,0.9507489,rotation,5
1696,4,deer,0,airplane,0.95074236,contrast,4
9385,7,horse,6,frog,0.95072544,noise,2
2464,2,bird,6,frog,0.9507138,rotation,4
7324,1,automobile,6,frog,0.95068485,noise,4
4931,9,truck,1,automobile,0.9506639,rotation,1
2057,5,dog,6,frog,0.95066154,noise,1
8785,8,ship,0,airplane,0.9506614,clean,0
76,9,truck,0,airplane,0.9506497,contrast,3
711,8,ship,0,airplane,0.950649,contrast,2
7930,2,bird,0,airplane,0.95064515,brightness,3
1777,4,deer,6,frog,0.95062566,rotation,4
2940,3,cat,0,airplane,0.9505883,blur,2
5655,3,cat,6,frog,0.95056176,noise,3
7228,3,cat,6,frog,0.95055956,noise,2
2275,6,frog,4,deer,0.9505398,blur,2
1534,4,deer,6,frog,0.9505385,rotation,5
2128,4,deer,6,frog,0.9505356,brightness,1
2508,6,frog,4,deer,0.95053303,brightness,2
2501,4,deer,6,frog,0.9504842,rotation,5
8179,4,deer,6,frog,0.9504512,rotation,4
6017,9,truck,6,frog,0.95043945,rotation,5
2027,9,truck,3,cat,0.95043397,blur,1
2893,8,ship,0,airplane,0.95041436,rotation,5
7075,9,truck,1,automobile,0.9504093,rotation,3
6783,3,cat,6,frog,0.95040905,contrast,1
3772,1,automobile,6,frog,0.9503918,rotation,4
8676,8,ship,0,airplane,0.95038927,rotation,1
6524,8,ship,4,deer,0.95038444,noise,1
2326,7,horse,4,deer,0.9503823,noise,2
2972,3,cat,6,frog,0.9503785,rotation,4
1193,5,dog,2,bird,0.95036924,brightness,3
9692,9,truck,1,automobile,0.95035946,rotation,5
8306,6,frog,2,bird,0.95034,blur,3
3835,3,cat,6,frog,0.9503333,rotation,5
972,2,bird,6,frog,0.9503307,rotation,5
2302,0,airplane,2,bird,0.9503267,blur,5
5655,3,cat,6,frog,0.9503182,noise,1
3595,2,bird,6,frog,0.9503113,rotation,4
2003,5,dog,6,frog,0.95030004,rotation,5
4144,1,automobile,6,frog,0.95029503,noise,3
7068,2,bird,0,airplane,0.9502942,contrast,3
3779,3,cat,4,deer,0.95028883,noise,2
6866,4,deer,6,frog,0.95023674,rotation,3
1294,8,ship,0,airplane,0.9502277,brightness,3
5730,5,dog,4,deer,0.950225,contrast,1
1924,9,truck,6,frog,0.9502114,rotation,4
1158,1,automobile,6,frog,0.9502091,rotation,5
85,5,dog,2,bird,0.95020133,blur,4
6582,4,deer,0,airplane,0.95018244,blur,2
3896,7,horse,2,bird,0.95017344,blur,4
3065,3,cat,6,frog,0.95017064,rotation,4
6264,6,frog,2,bird,0.9501641,blur,3
974,7,horse,0,airplane,0.950142,rotation,5
9753,3,cat,6,frog,0.9501394,noise,2
9787,8,ship,0,airplane,0.95012534,brightness,3
7188,4,deer,2,bird,0.9500924,blur,4
1506,5,dog,6,frog,0.95006937,rotation,5
4251,8,ship,0,airplane,0.9500591,clean,0
3828,1,automobile,0,airplane,0.9500503,contrast,2
5890,3,cat,2,bird,0.95004916,blur,1
6669,5,dog,2,bird,0.95004785,rotation,4
2255,1,automobile,8,ship,0.9500234,contrast,5
735,4,deer,2,bird,0.9500155,brightness,2
3008,8,ship,9,truck,0.95001495,noise,3
7143,4,deer,6,frog,0.94999826,rotation,5
4947,5,dog,6,frog,0.9499952,noise,1
5238,2,bird,0,airplane,0.94999254,rotation,2
7245,4,deer,6,frog,0.9499878,noise,4
6669,5,dog,2,bird,0.9499762,blur,3
834,5,dog,2,bird,0.94997245,brightness,4
5972,8,ship,0,airplane,0.9499522,brightness,2
870,3,cat,6,frog,0.9499451,rotation,4
3896,7,horse,2,bird,0.94991887,blur,5
5775,7,horse,2,bird,0.94988346,rotation,5
5488,9,truck,6,frog,0.9498717,rotation,5
6417,1,automobile,6,frog,0.94985765,rotation,5
702,4,deer,6,frog,0.9498369,rotation,4
3688,5,dog,6,frog,0.9498332,noise,3
1439,9,truck,1,automobile,0.9498115,contrast,1
2369,1,automobile,6,frog,0.94977486,rotation,5
8019,3,cat,6,frog,0.94976926,noise,1
6783,3,cat,6,frog,0.9497558,clean,0
259,9,truck,1,automobile,0.94972926,contrast,2
9619,8,ship,6,frog,0.9497076,rotation,4
7857,4,deer,6,frog,0.9497017,rotation,5
4043,3,cat,6,frog,0.9496937,rotation,5
3330,7,horse,5,dog,0.9496856,contrast,2
8536,1,automobile,0,airplane,0.9496818,brightness,1
3524,5,dog,4,deer,0.94968003,brightness,5
5438,7,horse,6,frog,0.9496557,rotation,5
7124,5,dog,2,bird,0.9496282,contrast,3
6457,2,bird,6,frog,0.94962615,rotation,4
5882,1,automobile,9,truck,0.9496176,contrast,1
819,3,cat,6,frog,0.94958,rotation,5
608,3,cat,6,frog,0.9495602,rotation,4
6909,4,deer,2,bird,0.9495178,blur,3
7970,3,cat,6,frog,0.9495049,rotation,4
6482,7,horse,4,deer,0.9494892,contrast,4
3002,7,horse,2,bird,0.9494732,blur,3
8804,6,frog,2,bird,0.94946855,brightness,4
5182,1,automobile,6,frog,0.9494652,rotation,5
32,4,deer,6,frog,0.9494628,rotation,4
7261,8,ship,0,airplane,0.9494593,blur,3
8212,5,dog,6,frog,0.9494475,noise,2
2926,9,truck,2,bird,0.9494439,blur,3
4571,4,deer,6,frog,0.94944125,rotation,4
8990,1,automobile,6,frog,0.9494376,noise,3
2277,5,dog,6,frog,0.9494356,rotation,4
2492,8,ship,0,airplane,0.94942904,blur,3
9061,7,horse,6,frog,0.9493722,rotation,4
220,7,horse,2,bird,0.9493695,blur,3
4846,8,ship,2,bird,0.9493628,blur,5
4513,4,deer,3,cat,0.94934875,blur,2
711,8,ship,0,airplane,0.94934136,brightness,2
1420,4,deer,6,frog,0.9493351,noise,2
2504,1,automobile,6,frog,0.94933015,rotation,4
8532,3,cat,6,frog,0.9493281,rotation,4
3750,9,truck,0,airplane,0.9493187,blur,4
7963,7,horse,6,frog,0.94929934,rotation,5
3272,7,horse,4,deer,0.949285,noise,1
3107,5,dog,6,frog,0.9492747,rotation,4
9506,4,deer,2,bird,0.94927347,brightness,1
4001,2,bird,6,frog,0.94925004,rotation,5
7879,3,cat,6,frog,0.9492451,noise,2
6825,3,cat,6,frog,0.9492412,noise,2
3524,5,dog,4,deer,0.94921243,noise,2
5646,4,deer,0,airplane,0.9491824,clean,0
4811,2,bird,0,airplane,0.949177,brightness,1
1404,1,automobile,6,frog,0.94917625,rotation,4
631,5,dog,2,bird,0.94916195,contrast,2
2453,3,cat,4,deer,0.9491575,blur,1
5997,0,airplane,6,frog,0.9491463,rotation,5
3596,2,bird,6,frog,0.9491405,rotation,5
5882,1,automobile,9,truck,0.9491304,clean,0
6781,3,cat,6,frog,0.9491125,noise,1
8507,8,ship,0,airplane,0.9491104,rotation,1
2247,5,dog,2,bird,0.9491075,contrast,5
7036,3,cat,2,bird,0.94910353,brightness,1
978,1,automobile,6,frog,0.9490942,rotation,5
541,7,horse,4,deer,0.9490871,contrast,3
8576,2,bird,0,airplane,0.949075,blur,1
6861,8,ship,0,airplane,0.94906545,contrast,1
6342,8,ship,0,airplane,0.94906014,rotation,2
5072,6,frog,2,bird,0.9490274,contrast,4
3929,3,cat,6,frog,0.9490272,noise,1
8754,3,cat,6,frog,0.9490265,noise,2
3607,3,cat,2,bird,0.94902194,noise,1
4986,8,ship,6,frog,0.9490211,rotation,5
5999,2,bird,6,frog,0.94900596,rotation,5
7936,1,automobile,6,frog,0.948997,noise,3
1091,8,ship,0,airplane,0.94899166,brightness,4
6141,8,ship,0,airplane,0.94894445,blur,2
4508,9,truck,2,bird,0.9489399,rotation,4
8473,2,bird,0,airplane,0.9489394,blur,1
4357,4,deer,6,frog,0.9489308,rotation,4
3151,8,ship,0,airplane,0.94892114,contrast,5
8679,8,ship,1,automobile,0.9489197,rotation,4
7045,3,cat,6,frog,0.9489046,rotation,5
6485,9,truck,6,frog,0.9488981,noise,3
6829,8,ship,6,frog,0.94889677,rotation,2
3151,8,ship,0,airplane,0.9488944,contrast,3
852,8,ship,6,frog,0.9488808,rotation,4
8644,8,ship,0,airplane,0.9488603,contrast,2
9526,9,truck,0,airplane,0.9488577,blur,4
7039,4,deer,6,frog,0.948837,rotation,5
9260,5,dog,6,frog,0.9488339,rotation,4
6066,2,bird,6,frog,0.94883,noise,2
3306,5,dog,6,frog,0.9488181,rotation,4
8126,4,deer,6,frog,0.9488158,noise,3
7412,9,truck,0,airplane,0.9488119,blur,4
9274,8,ship,0,airplane,0.94877166,brightness,3
7087,7,horse,6,frog,0.9487712,rotation,4
4193,9,truck,0,airplane,0.94875455,rotation,1
6679,2,bird,6,frog,0.94874156,rotation,5
1061,1,automobile,6,frog,0.9487303,noise,1
6087,4,deer,6,frog,0.94872814,rotation,4
7455,1,automobile,6,frog,0.9487254,rotation,5
9449,9,truck,0,airplane,0.94872385,brightness,3
6383,3,cat,6,frog,0.94871026,rotation,3
6950,8,ship,0,airplane,0.94871,contrast,2
4331,2,bird,6,frog,0.9486934,noise,5
3097,0,airplane,6,frog,0.94869137,rotation,5
6829,8,ship,6,frog,0.94866055,rotation,4
8620,3,cat,6,frog,0.9486546,noise,3
2319,7,horse,6,frog,0.9486493,rotation,4
5486,3,cat,6,frog,0.948646,rotation,4
9393,4,deer,6,frog,0.94861746,rotation,5
3564,9,truck,0,airplane,0.9486133,contrast,4
7663,2,bird,6,frog,0.9486079,rotation,4
1024,3,cat,6,frog,0.9485845,rotation,4
7943,1,automobile,2,bird,0.94856757,contrast,4
3464,9,truck,6,frog,0.948565,noise,4
1469,7,horse,4,deer,0.94854903,noise,1
696,8,ship,6,frog,0.9485477,rotation,4
8662,3,cat,6,frog,0.94853324,rotation,4
1979,3,cat,6,frog,0.9485311,noise,3
8652,9,truck,6,frog,0.94852775,rotation,4
6143,9,truck,1,automobile,0.9485119,brightness,1
5504,5,dog,6,frog,0.94849366,rotation,5
7824,9,truck,1,automobile,0.9484848,rotation,3
5803,1,automobile,6,frog,0.94847864,rotation,3
9850,7,horse,4,deer,0.9484684,brightness,1
2067,7,horse,4,deer,0.94845647,contrast,5
4606,0,airplane,6,frog,0.94845617,noise,3
4458,3,cat,6,frog,0.9484515,noise,2
6395,8,ship,0,airplane,0.94844705,rotation,1
4483,2,bird,6,frog,0.94844574,noise,3
5522,2,bird,3,cat,0.9484397,rotation,5
5473,5,dog,6,frog,0.9484378,rotation,5
9794,1,automobile,0,airplane,0.9484307,blur,1
9442,4,deer,6,frog,0.9484286,rotation,5
2705,8,ship,0,airplane,0.9484276,contrast,3
331,9,truck,1,automobile,0.9484053,rotation,1
4293,9,truck,6,frog,0.94840026,rotation,4
5730,5,dog,6,frog,0.94839674,rotation,3
2443,2,bird,0,airplane,0.94839436,rotation,5
8437,7,horse,6,frog,0.94837594,rotation,4
7382,9,truck,0,airplane,0.9483649,brightness,5
8425,6,frog,2,bird,0.9483519,contrast,2
5773,3,cat,6,frog,0.94834256,rotation,5
85,5,dog,6,frog,0.9483228,rotation,4
8873,5,dog,6,frog,0.9483088,rotation,5
7785,4,deer,6,frog,0.9483029,brightness,4
4225,5,dog,6,frog,0.9483028,noise,3
598,5,dog,2,bird,0.94827515,contrast,4
8300,5,dog,6,frog,0.9482539,rotation,3
2634,1,automobile,6,frog,0.94825274,rotation,3
8251,3,cat,6,frog,0.94824946,noise,2
3929,3,cat,6,frog,0.9482269,noise,2
974,7,horse,0,airplane,0.94822395,clean,0
1708,7,horse,6,frog,0.9482149,rotation,4
6461,4,deer,6,frog,0.9481995,noise,3
9019,9,truck,6,frog,0.9481974,noise,2
8258,3,cat,6,frog,0.948185,rotation,5
8019,3,cat,6,frog,0.94817847,noise,3
5622,1,automobile,6,frog,0.94817775,noise,3
9274,8,ship,0,airplane,0.9481732,rotation,1
4320,1,automobile,0,airplane,0.9481492,brightness,3
9453,3,cat,6,frog,0.9481491,rotation,5
5924,4,deer,2,bird,0.9481413,rotation,4
4468,9,truck,6,frog,0.9481351,rotation,4
4608,4,deer,6,frog,0.94813466,noise,2
4410,9,truck,6,frog,0.94813067,rotation,5
6297,5,dog,6,frog,0.9481176,noise,2
8242,5,dog,6,frog,0.9481102,rotation,4
7442,7,horse,2,bird,0.9481066,blur,5
7806,9,truck,1,automobile,0.94810206,blur,1
6141,8,ship,0,airplane,0.94809926,blur,3
4066,6,frog,2,bird,0.9480979,blur,1
8913,8,ship,0,airplane,0.9480924,rotation,2
8015,8,ship,0,airplane,0.94808835,brightness,1
4135,1,automobile,0,airplane,0.94807476,contrast,2
8369,4,deer,6,frog,0.94807154,rotation,5
4410,9,truck,6,frog,0.9480288,rotation,4
9587,7,horse,6,frog,0.94801027,rotation,4
5397,9,truck,0,airplane,0.94799995,blur,4
4879,6,frog,4,deer,0.94799215,contrast,5
9744,1,automobile,2,bird,0.9479918,blur,5
3571,5,dog,6,frog,0.94797873,rotation,4
1582,9,truck,6,frog,0.94797534,noise,3
1724,4,deer,6,frog,0.9479559,noise,5
9855,7,horse,4,deer,0.947947,rotation,3
3131,7,horse,6,frog,0.94793516,rotation,5
8096,3,cat,6,frog,0.947933,rotation,4
887,1,automobile,6,frog,0.9479204,brightness,4
6429,8,ship,6,frog,0.9479194,noise,4
6396,4,deer,6,frog,0.9479114,rotation,2
9732,9,truck,2,bird,0.947864,blur,3
7839,3,cat,6,frog,0.9478607,rotation,5
2086,1,automobile,6,frog,0.9478484,rotation,4
5377,5,dog,6,frog,0.9478425,rotation,4
853,9,truck,1,automobile,0.9478419,contrast,3
1914,9,truck,6,frog,0.9478356,rotation,5
6795,9,truck,6,frog,0.94783103,rotation,5
3391,3,cat,6,frog,0.9478254,rotation,5
161,1,automobile,6,frog,0.9478231,rotation,4
4699,5,dog,2,bird,0.94782,brightness,1
4237,1,automobile,6,frog,0.94779974,noise,2
6986,5,dog,6,frog,0.9477976,rotation,5
5912,4,deer,6,frog,0.94779354,rotation,5
267,4,deer,6,frog,0.94779015,rotation,5
1342,7,horse,6,frog,0.9477822,rotation,4
6995,1,automobile,6,frog,0.94777876,noise,2
6868,9,truck,0,airplane,0.947775,blur,2
701,2,bird,0,airplane,0.9477747,clean,0
7955,9,truck,6,frog,0.94777334,rotation,4
6913,3,cat,6,frog,0.9477714,brightness,1
3896,7,horse,2,bird,0.9477701,blur,1
8473,2,bird,0,airplane,0.9477699,contrast,1
2912,2,bird,6,frog,0.94776946,rotation,4
5430,7,horse,2,bird,0.9477371,blur,2
6322,4,deer,2,bird,0.9477324,blur,3
4106,3,cat,0,airplane,0.9477229,brightness,5
2532,0,airplane,1,automobile,0.9477227,contrast,2
4027,4,deer,6,frog,0.94771004,rotation,5
1425,4,deer,6,frog,0.94768435,rotation,4
1444,1,automobile,6,frog,0.9476842,rotation,4
1850,1,automobile,0,airplane,0.947683,contrast,2
7849,2,bird,0,airplane,0.9476693,blur,4
9768,7,horse,4,deer,0.9476549,noise,2
7797,3,cat,6,frog,0.94763553,noise,1
5794,7,horse,0,airplane,0.94763434,contrast,3
735,4,deer,2,bird,0.94762194,contrast,1
1547,2,bird,0,airplane,0.9476084,contrast,4
8169,3,cat,6,frog,0.947594,rotation,5
9779,2,bird,6,frog,0.94759005,noise,5
9866,1,automobile,6,frog,0.9475839,rotation,4
5872,7,horse,6,frog,0.94758093,rotation,4
7936,1,automobile,6,frog,0.947557,noise,2
4952,9,truck,1,automobile,0.94754785,brightness,4
4139,5,dog,4,deer,0.94752914,contrast,4
1294,8,ship,0,airplane,0.9475181,contrast,1
929,0,airplane,8,ship,0.94751734,noise,1
7002,3,cat,6,frog,0.94751734,rotation,5
6614,5,dog,2,bird,0.9474935,rotation,5
2328,7,horse,4,deer,0.9474813,noise,1
8473,2,bird,0,airplane,0.9474786,contrast,2
5555,4,deer,6,frog,0.94746286,rotation,4
1262,8,ship,0,airplane,0.94745916,rotation,1
4590,9,truck,2,bird,0.9474576,blur,4
5814,8,ship,0,airplane,0.9474479,rotation,2
3828,1,automobile,0,airplane,0.94744146,rotation,1
4842,2,bird,0,airplane,0.94743913,clean,0
2775,3,cat,6,frog,0.9474299,rotation,5
7030,8,ship,6,frog,0.9474277,rotation,4
6772,0,airplane,9,truck,0.9474262,noise,1
834,5,dog,2,bird,0.9474186,contrast,5
7825,3,cat,6,frog,0.9474105,noise,4
3878,5,dog,6,frog,0.94740903,noise,3
7602,2,bird,6,frog,0.9473809,noise,2
2206,1,automobile,6,frog,0.9473729,rotation,4
190,5,dog,6,frog,0.94736904,noise,4
6701,1,automobile,9,truck,0.94736713,noise,4
3577,9,truck,1,automobile,0.947353,rotation,3
640,5,dog,6,frog,0.9473281,rotation,5
129,2,bird,0,airplane,0.94732755,blur,5
8269,8,ship,0,airplane,0.9472871,brightness,1
465,4,deer,2,bird,0.947283,blur,3
5912,4,deer,6,frog,0.94728184,rotation,4
4251,8,ship,0,airplane,0.94728035,brightness,2
490,1,automobile,0,airplane,0.9472716,blur,4
1718,0,airplane,6,frog,0.94725865,rotation,5
4887,5,dog,6,frog,0.947258,noise,2
6384,7,horse,6,frog,0.94724816,rotation,5
4251,8,ship,0,airplane,0.94724536,brightness,1
9744,1,automobile,9,truck,0.94722706,blur,1
1521,7,horse,4,deer,0.947221,rotation,3
731,2,bird,0,airplane,0.94721854,noise,1
2226,2,bird,6,frog,0.94720995,noise,3
9635,7,horse,6,frog,0.9472093,rotation,4
388,2,bird,6,frog,0.94720453,noise,2
6783,3,cat,6,frog,0.9471923,noise,2
9764,2,bird,0,airplane,0.947155,contrast,1
5411,2,bird,6,frog,0.9471473,rotation,4
504,9,truck,6,frog,0.9471347,rotation,4
4513,4,deer,3,cat,0.9471317,blur,4
7055,8,ship,6,frog,0.94712967,noise,2
3771,2,bird,0,airplane,0.9471232,contrast,4
8981,7,horse,4,deer,0.9471189,contrast,2
7485,8,ship,0,airplane,0.9470999,rotation,5
5328,0,airplane,6,frog,0.9470921,rotation,4
5996,4,deer,2,bird,0.9470779,brightness,2
9149,7,horse,0,airplane,0.9470692,blur,3
7985,5,dog,6,frog,0.94706744,rotation,5
1333,7,horse,6,frog,0.9470395,rotation,5
2535,0,airplane,6,frog,0.947019,noise,2
4754,3,cat,8,ship,0.9470081,contrast,5
5646,4,deer,0,airplane,0.94697076,contrast,1
5773,3,cat,6,frog,0.9469633,rotation,4
9516,9,truck,6,frog,0.94696134,rotation,4
4946,4,deer,6,frog,0.94695914,noise,5
8511,2,bird,6,frog,0.94695246,noise,3
9779,2,bird,6,frog,0.94694114,rotation,4
978,1,automobile,6,frog,0.9469354,noise,2
5960,2,bird,6,frog,0.9469163,noise,2
9061,7,horse,4,deer,0.94691294,rotation,1
2701,1,automobile,0,airplane,0.946909,contrast,4
6510,4,deer,6,frog,0.946905,noise,4
9107,5,dog,2,bird,0.9469028,blur,1
6126,3,cat,6,frog,0.94688964,rotation,4
2508,6,frog,4,deer,0.94688004,brightness,3
5921,7,horse,6,frog,0.9468678,noise,2
9790,8,ship,0,airplane,0.9468582,rotation,2
7092,2,bird,6,frog,0.946814,rotation,4
9883,7,horse,6,frog,0.9468042,rotation,4
1731,5,dog,6,frog,0.94680214,noise,2
3078,8,ship,0,airplane,0.94677764,rotation,3
6781,3,cat,6,frog,0.9467771,rotation,1
7323,3,cat,4,deer,0.9467755,brightness,2
1464,1,automobile,0,airplane,0.9467619,blur,4
2111,9,truck,1,automobile,0.94673544,rotation,2
4590,9,truck,2,bird,0.94672894,rotation,1
8181,3,cat,6,frog,0.94668853,rotation,4
1006,1,automobile,6,frog,0.9466838,noise,4
8644,8,ship,0,airplane,0.94666964,rotation,1
9503,2,bird,4,deer,0.9466543,contrast,5
3750,9,truck,0,airplane,0.94664955,blur,5
1696,4,deer,0,airplane,0.9466486,contrast,1
6564,5,dog,6,frog,0.946645,noise,3
8727,9,truck,0,airplane,0.9466447,contrast,3
6913,3,cat,6,frog,0.94663167,noise,1
6936,9,truck,6,frog,0.94663,noise,2
2989,5,dog,6,frog,0.946627,brightness,4
3006,5,dog,6,frog,0.9466226,noise,4
2127,2,bird,6,frog,0.94661856,noise,4
6253,5,dog,4,deer,0.94661355,contrast,2
6272,2,bird,6,frog,0.9466022,noise,1
1277,2,bird,6,frog,0.94659996,rotation,2
8269,8,ship,0,airplane,0.9465951,contrast,1
8220,6,frog,2,bird,0.9465897,blur,4
9892,5,dog,2,bird,0.9465816,rotation,1
9995,8,ship,0,airplane,0.9465768,blur,1
6930,2,bird,0,airplane,0.94656384,rotation,1
7232,9,truck,1,automobile,0.9465546,rotation,4
3830,5,dog,3,cat,0.9465521,blur,5
5596,9,truck,6,frog,0.94652534,rotation,5
4906,5,dog,3,cat,0.94652116,blur,1
7267,5,dog,6,frog,0.94648975,rotation,4
2269,3,cat,6,frog,0.9464812,rotation,5
7274,1,automobile,9,truck,0.9464715,contrast,2
3299,0,airplane,6,frog,0.94647086,rotation,3
8556,4,deer,6,frog,0.9464706,rotation,5
9783,2,bird,6,frog,0.9464655,rotation,5
2590,5,dog,4,deer,0.946462,noise,1
2922,3,cat,6,frog,0.9464577,rotation,5
6041,7,horse,6,frog,0.9464305,rotation,5
550,5,dog,2,bird,0.94641405,blur,3
179,0,airplane,6,frog,0.9464088,rotation,4
2112,1,automobile,6,frog,0.9463891,rotation,4
9526,9,truck,0,airplane,0.94638115,blur,5
7633,7,horse,6,frog,0.9463726,rotation,5
2331,2,bird,4,deer,0.94634914,brightness,1
3828,1,automobile,0,airplane,0.94634646,rotation,2
6545,9,truck,8,ship,0.9463411,contrast,4
318,5,dog,6,frog,0.94633543,rotation,4
6297,5,dog,6,frog,0.9463189,rotation,5
7499,9,truck,1,automobile,0.9463173,rotation,1
4758,9,truck,6,frog,0.94626075,rotation,5
236,4,deer,6,frog,0.9462506,rotation,5
9518,9,truck,1,automobile,0.94624823,brightness,2
7792,9,truck,1,automobile,0.9462411,contrast,1
6792,3,cat,6,frog,0.946238,rotation,5
2157,3,cat,6,frog,0.9462272,noise,4
201,1,automobile,0,airplane,0.9462092,brightness,4
8735,3,cat,2,bird,0.9462016,contrast,3
2495,9,truck,8,ship,0.94618773,rotation,2
9776,2,bird,4,deer,0.9461637,brightness,3
10,0,airplane,4,deer,0.9461541,noise,1
5525,3,cat,0,airplane,0.94615036,contrast,1
4125,8,ship,0,airplane,0.94613594,contrast,4
4970,2,bird,6,frog,0.9461216,rotation,4
7417,3,cat,6,frog,0.94610333,rotation,3
8006,9,truck,4,deer,0.9460955,contrast,4
4965,3,cat,4,deer,0.94608486,blur,1
8877,9,truck,6,frog,0.94607866,brightness,5
3330,7,horse,5,dog,0.94606245,contrast,1
1036,0,airplane,6,frog,0.9460592,rotation,4
3924,5,dog,4,deer,0.94605815,noise,1
3346,4,deer,2,bird,0.94605607,brightness,3
4085,8,ship,6,frog,0.9460183,rotation,4
5559,3,cat,2,bird,0.94600326,blur,2
4479,7,horse,4,deer,0.9460009,rotation,3
2607,1,automobile,6,frog,0.9459896,noise,5
7030,8,ship,6,frog,0.94598466,rotation,5
9918,5,dog,6,frog,0.94597965,noise,5
9454,3,cat,6,frog,0.9459771,noise,1
2874,8,ship,6,frog,0.94596314,rotation,4
2825,2,bird,6,frog,0.9459516,rotation,5
1205,8,ship,0,airplane,0.9459309,blur,1
1431,4,deer,6,frog,0.9459196,rotation,4
8388,1,automobile,0,airplane,0.9459129,contrast,5
3172,9,truck,6,frog,0.94589925,rotation,4
1472,7,horse,6,frog,0.94587344,rotation,4
8981,7,horse,4,deer,0.94587266,contrast,3
8505,5,dog,6,frog,0.9458679,noise,2
1810,1,automobile,8,ship,0.9458649,blur,4
3642,1,automobile,0,airplane,0.9458535,contrast,5
796,1,automobile,2,bird,0.945852,blur,2
1750,8,ship,6,frog,0.9458491,rotation,4
8716,2,bird,4,deer,0.945844,noise,1
9579,2,bird,6,frog,0.94584346,noise,2
101,5,dog,6,frog,0.9458231,rotation,4
6915,1,automobile,6,frog,0.9458202,rotation,4
8006,9,truck,6,frog,0.9458087,rotation,5
5107,9,truck,6,frog,0.9457706,rotation,4
6861,8,ship,0,airplane,0.9457555,blur,1
3607,3,cat,2,bird,0.94575536,contrast,1
7318,4,deer,6,frog,0.94574857,rotation,4
7296,8,ship,0,airplane,0.9457168,rotation,5
9799,7,horse,4,deer,0.94566625,noise,1
8331,3,cat,6,frog,0.9456642,rotation,5
4368,4,deer,6,frog,0.945661,rotation,4
3666,5,dog,3,cat,0.9456606,blur,5
2405,3,cat,6,frog,0.9456379,noise,5
8952,3,cat,6,frog,0.94562906,rotation,4
4003,2,bird,0,airplane,0.9456283,brightness,2
7112,2,bird,0,airplane,0.9455919,brightness,5
9696,1,automobile,0,airplane,0.9455822,blur,3
1105,4,deer,6,frog,0.9455752,rotation,5
1105,4,deer,6,frog,0.94557166,rotation,4
6016,4,deer,6,frog,0.94554746,rotation,4
9201,3,cat,6,frog,0.94554216,rotation,4
7073,9,truck,6,frog,0.94553405,rotation,5
2165,2,bird,0,airplane,0.94552565,clean,0
3330,7,horse,5,dog,0.94552064,blur,1
2762,4,deer,2,bird,0.94549304,blur,1
3479,3,cat,6,frog,0.9454917,rotation,4
4998,5,dog,6,frog,0.9454898,noise,3
197,8,ship,6,frog,0.9454702,rotation,4
8142,7,horse,6,frog,0.9454304,rotation,4
9385,7,horse,6,frog,0.945428,rotation,3
7053,1,automobile,6,frog,0.9454077,rotation,4
1120,5,dog,2,bird,0.945403,brightness,3
3501,9,truck,1,automobile,0.9453977,contrast,3
6214,5,dog,6,frog,0.94534814,noise,4
3830,5,dog,3,cat,0.9453282,blur,4
7125,5,dog,6,frog,0.9452987,noise,3
3771,2,bird,0,airplane,0.94529474,contrast,3
3830,5,dog,3,cat,0.9452916,blur,3
6995,1,automobile,6,frog,0.9452613,rotation,2
6780,7,horse,6,frog,0.9452545,rotation,4
1814,9,truck,1,automobile,0.94524884,rotation,2
5646,4,deer,0,airplane,0.9452074,blur,1
4545,3,cat,4,deer,0.945194,contrast,5
6429,8,ship,6,frog,0.94519186,rotation,2
8688,8,ship,2,bird,0.9451896,rotation,4
4055,1,automobile,0,airplane,0.94517994,rotation,1
9817,9,truck,1,automobile,0.9451728,rotation,2
3450,9,truck,6,frog,0.94517064,rotation,5
957,3,cat,6,frog,0.94514257,noise,3
4285,1,automobile,6,frog,0.9451419,contrast,3
2784,1,automobile,0,airplane,0.94510335,contrast,5
2353,4,deer,6,frog,0.9451028,rotation,4
2935,8,ship,6,frog,0.9450993,rotation,5
9744,1,automobile,2,bird,0.94509643,blur,4
4232,5,dog,6,frog,0.9450894,noise,2
6087,4,deer,6,frog,0.9450848,rotation,5
7932,9,truck,0,airplane,0.9450607,brightness,1
1837,9,truck,6,frog,0.94505334,noise,3
1884,7,horse,6,frog,0.9450431,rotation,4
4042,4,deer,0,airplane,0.9450402,clean,0
7322,4,deer,6,frog,0.9450252,rotation,5
3032,2,bird,6,frog,0.9450214,noise,1
2120,4,deer,6,frog,0.9450179,rotation,4
5794,7,horse,0,airplane,0.9449951,brightness,1
8804,6,frog,2,bird,0.9449921,brightness,2
2029,3,cat,6,frog,0.9449804,rotation,3
6530,3,cat,6,frog,0.94497573,rotation,4
3833,9,truck,6,frog,0.94496965,noise,2
5644,7,horse,4,deer,0.94495845,noise,1
336,3,cat,6,frog,0.94494504,noise,2
2028,7,horse,6,frog,0.9449365,rotation,5
1126,2,bird,0,airplane,0.9449189,blur,2
9783,2,bird,6,frog,0.9449126,rotation,4
7751,7,horse,4,deer,0.94490176,brightness,5
424,2,bird,6,frog,0.9448881,rotation,4
467,3,cat,6,frog,0.9448827,noise,3
6131,3,cat,6,frog,0.94487524,rotation,4
4250,1,automobile,6,frog,0.94486994,contrast,5
1861,3,cat,6,frog,0.9448696,noise,2
8644,8,ship,0,airplane,0.94486946,clean,0
5834,5,dog,2,bird,0.9448646,contrast,2
4925,5,dog,6,frog,0.94485915,noise,2
2522,1,automobile,0,airplane,0.9448418,blur,3
7781,5,dog,6,frog,0.94483376,noise,3
5215,2,bird,6,frog,0.9448314,rotation,4
848,2,bird,6,frog,0.9448308,noise,1
5281,3,cat,6,frog,0.9448299,noise,5
5639,3,cat,2,bird,0.9448236,noise,1
8354,4,deer,6,frog,0.94481647,rotation,5
3326,4,deer,6,frog,0.94481456,noise,4
9706,9,truck,6,frog,0.9448001,rotation,4
8182,8,ship,6,frog,0.9447906,rotation,4
225,9,truck,2,bird,0.94474,blur,4
3569,9,truck,6,frog,0.9447321,rotation,3
456,3,cat,4,deer,0.9447166,rotation,1
3052,3,cat,2,bird,0.94471616,clean,0
2962,8,ship,0,airplane,0.94471306,blur,2
1682,7,horse,6,frog,0.9447038,noise,3
2508,6,frog,4,deer,0.94469655,clean,0
1993,3,cat,4,deer,0.9446904,rotation,4
1862,5,dog,4,deer,0.94468373,contrast,3
7528,5,dog,6,frog,0.94467825,noise,2
1626,9,truck,0,airplane,0.94467795,contrast,3
1443,4,deer,6,frog,0.9446773,noise,5
2029,3,cat,6,frog,0.94466835,noise,1
8877,9,truck,1,automobile,0.9446539,rotation,4
8502,1,automobile,0,airplane,0.94465274,blur,4
8757,8,ship,6,frog,0.9446508,rotation,3
180,0,airplane,4,deer,0.9446252,noise,1
1709,2,bird,6,frog,0.94462466,rotation,4
7895,4,deer,6,frog,0.9446126,noise,3
6393,3,cat,2,bird,0.9446061,blur,1
8985,9,truck,0,airplane,0.9446054,brightness,2
5435,7,horse,6,frog,0.944584,rotation,5
5511,3,cat,6,frog,0.9445782,rotation,1
211,4,deer,0,airplane,0.94457585,contrast,1
5633,4,deer,6,frog,0.94456065,rotation,5
1684,1,automobile,8,ship,0.9445484,contrast,2
4703,4,deer,2,bird,0.94454104,rotation,3
5467,5,dog,6,frog,0.94453627,rotation,5
4775,2,bird,6,frog,0.944535,noise,3
4145,8,ship,0,airplane,0.9445333,rotation,3
4091,9,truck,6,frog,0.94451785,rotation,4
1306,1,automobile,6,frog,0.9444827,rotation,5
2743,9,truck,6,frog,0.9444782,rotation,5
2283,4,deer,6,frog,0.9444728,rotation,5
7543,9,truck,2,bird,0.9444594,blur,5
8212,5,dog,6,frog,0.9444527,noise,3
293,9,truck,1,automobile,0.9444396,brightness,4
5085,2,bird,6,frog,0.94443196,rotation,3
8809,8,ship,6,frog,0.94443065,rotation,4
6428,5,dog,6,frog,0.9444153,noise,2
6551,4,deer,6,frog,0.9444126,noise,5
8699,4,deer,6,frog,0.94440633,noise,1
2785,4,deer,2,bird,0.94439524,blur,3
4055,1,automobile,0,airplane,0.9443909,brightness,1
4720,8,ship,0,airplane,0.944381,blur,4
6523,6,frog,4,deer,0.9443625,blur,1
5651,4,deer,6,frog,0.9443618,noise,5
428,0,airplane,6,frog,0.9443506,rotation,4
9079,1,automobile,6,frog,0.94434977,rotation,4
465,4,deer,6,frog,0.9443399,rotation,5
8465,9,truck,1,automobile,0.9443305,brightness,4
8896,8,ship,1,automobile,0.94432586,rotation,5
7740,4,deer,6,frog,0.9443253,rotation,4
8983,3,cat,4,deer,0.94432247,brightness,3
2962,8,ship,0,airplane,0.94431406,contrast,3
7449,0,airplane,6,frog,0.9443118,rotation,3
6545,9,truck,0,airplane,0.944291,rotation,1
8463,1,automobile,6,frog,0.9442902,rotation,4
91,3,cat,6,frog,0.94427514,brightness,3
5992,4,deer,6,frog,0.94427,rotation,4
4543,1,automobile,0,airplane,0.9442693,contrast,4
9776,2,bird,4,deer,0.94426566,contrast,3
5061,1,automobile,6,frog,0.9442275,rotation,4
8477,5,dog,6,frog,0.9442241,rotation,4
488,5,dog,4,deer,0.9442088,brightness,4
7175,7,horse,4,deer,0.94420403,noise,1
9853,5,dog,6,frog,0.94419545,rotation,5
3501,9,truck,1,automobile,0.94419384,rotation,1
473,0,airplane,4,deer,0.9441879,noise,2
1277,2,bird,6,frog,0.9441845,noise,2
2986,1,automobile,8,ship,0.9441683,blur,4
9132,2,bird,6,frog,0.94416124,rotation,4
3122,1,automobile,6,frog,0.9441541,rotation,4
3970,9,truck,6,frog,0.9441326,rotation,5
2009,1,automobile,0,airplane,0.9441222,blur,4
160,2,bird,0,airplane,0.9440979,rotation,4
4748,0,airplane,6,frog,0.94409364,rotation,4
8517,1,automobile,6,frog,0.9440915,noise,3
6002,2,bird,6,frog,0.9440835,rotation,4
9803,1,automobile,6,frog,0.9440665,noise,3
6871,9,truck,2,bird,0.94402754,blur,5
7597,9,truck,6,frog,0.9440205,rotation,4
9095,5,dog,6,frog,0.9440201,rotation,5
6095,9,truck,8,ship,0.9440085,blur,2
3141,9,truck,6,frog,0.9440081,rotation,4
1495,2,bird,0,airplane,0.94400585,brightness,3
8983,3,cat,4,deer,0.9439837,brightness,4
1862,5,dog,4,deer,0.94397366,contrast,2
4787,8,ship,6,frog,0.9439435,rotation,4
5996,4,deer,2,bird,0.943926,brightness,1
2922,3,cat,6,frog,0.94389105,rotation,4
2332,2,bird,0,airplane,0.94388735,rotation,5
9088,2,bird,6,frog,0.9438853,noise,1
5690,7,horse,4,deer,0.943883,brightness,4
3746,7,horse,6,frog,0.9438704,rotation,4
1947,3,cat,6,frog,0.9438678,noise,3
9744,1,automobile,9,truck,0.94386333,contrast,1
1224,7,horse,4,deer,0.94384634,noise,1
8420,3,cat,6,frog,0.9438389,rotation,5
3922,2,bird,6,frog,0.9438246,rotation,5
8219,3,cat,6,frog,0.9438139,noise,4
8473,2,bird,0,airplane,0.94381386,brightness,1
5559,3,cat,2,bird,0.9437908,contrast,3
7322,4,deer,6,frog,0.94377273,rotation,4
4720,8,ship,0,airplane,0.94376934,clean,0
2336,9,truck,6,frog,0.9437685,rotation,4
6357,7,horse,4,deer,0.94376343,contrast,5
1777,4,deer,6,frog,0.94375086,noise,4
6596,3,cat,6,frog,0.94372255,rotation,4
9217,9,truck,0,airplane,0.9437147,noise,2
1004,8,ship,0,airplane,0.9437071,rotation,5
7412,9,truck,0,airplane,0.9436996,blur,5
565,3,cat,6,frog,0.94369036,noise,3
910,5,dog,4,deer,0.9436789,contrast,4
4493,4,deer,6,frog,0.94364756,rotation,5
3443,4,deer,2,bird,0.9436376,contrast,3
4699,5,dog,2,bird,0.9436357,rotation,1
4744,6,frog,0,airplane,0.9436338,blur,1
7318,4,deer,6,frog,0.9436239,rotation,5
4628,5,dog,2,bird,0.9436136,contrast,2
846,2,bird,6,frog,0.9436133,noise,3
9731,2,bird,6,frog,0.94359714,rotation,4
2037,5,dog,6,frog,0.9435846,rotation,5
9386,4,deer,2,bird,0.94357616,blur,3
4712,4,deer,6,frog,0.94356817,rotation,4
2157,3,cat,6,frog,0.9435668,rotation,5
3913,7,horse,4,deer,0.94355935,rotation,1
715,3,cat,6,frog,0.94353986,rotation,4
9675,4,deer,6,frog,0.94352883,rotation,5
9729,4,deer,6,frog,0.94352883,rotation,5
6522,9,truck,1,automobile,0.94352275,rotation,5
987,1,automobile,6,frog,0.94351244,rotation,4
8679,8,ship,1,automobile,0.94347566,rotation,3
4307,3,cat,2,bird,0.9434746,contrast,2
9484,0,airplane,6,frog,0.9434647,rotation,5
2361,2,bird,0,airplane,0.94346046,brightness,2
9522,3,cat,2,bird,0.94344,contrast,2
3702,1,automobile,0,airplane,0.94343096,contrast,5
5200,3,cat,6,frog,0.94342905,noise,4
4598,1,automobile,6,frog,0.94342196,noise,2
6509,9,truck,2,bird,0.94341993,blur,5
2067,7,horse,4,deer,0.9434187,brightness,4
4533,8,ship,0,airplane,0.9434164,blur,4
2068,3,cat,6,frog,0.9433848,rotation,4
9740,3,cat,6,frog,0.94337857,noise,1
7778,0,airplane,6,frog,0.94337773,noise,4
8086,4,deer,6,frog,0.9433375,rotation,5
7669,7,horse,4,deer,0.94333345,rotation,1
7780,3,cat,6,frog,0.9433277,rotation,4
8473,2,bird,0,airplane,0.943313,clean,0
5834,5,dog,2,bird,0.9433036,noise,1
8653,8,ship,1,automobile,0.9433017,rotation,3
1325,2,bird,6,frog,0.94329834,rotation,5
2784,1,automobile,0,airplane,0.9432643,contrast,4
1999,5,dog,6,frog,0.9432593,noise,2
197,8,ship,6,frog,0.9432587,rotation,5
9694,1,automobile,6,frog,0.94324374,rotation,3
1952,4,deer,6,frog,0.94323575,rotation,5
7150,3,cat,6,frog,0.94322795,noise,1
1967,7,horse,6,frog,0.94321364,rotation,5
7545,5,dog,2,bird,0.94321257,blur,3
2436,6,frog,2,bird,0.9431881,blur,3
8013,8,ship,0,airplane,0.9431806,rotation,1
1535,4,deer,6,frog,0.94316995,noise,4
7404,8,ship,0,airplane,0.9431565,rotation,2
426,3,cat,6,frog,0.94315404,rotation,5
4545,3,cat,4,deer,0.94313866,contrast,3
2019,9,truck,6,frog,0.94313675,brightness,5
700,7,horse,6,frog,0.9431059,rotation,5
7326,4,deer,6,frog,0.9431044,rotation,3
8808,6,frog,3,cat,0.9430957,blur,2
3514,2,bird,6,frog,0.9430883,rotation,4
9804,5,dog,6,frog,0.9430797,rotation,4
1535,4,deer,2,bird,0.9430744,blur,3
3409,9,truck,2,bird,0.9430743,blur,4
9996,3,cat,6,frog,0.94306856,noise,2
8136,3,cat,6,frog,0.94305634,rotation,4
3632,1,automobile,0,airplane,0.94305617,contrast,5
1937,1,automobile,6,frog,0.94304526,rotation,4
4636,8,ship,6,frog,0.9430362,rotation,5
2128,4,deer,6,frog,0.94303316,rotation,1
2727,9,truck,6,frog,0.94302607,rotation,5
3828,1,automobile,0,airplane,0.9430258,contrast,4
9850,7,horse,4,deer,0.9430144,clean,0
4498,8,ship,6,frog,0.9430103,rotation,4
2734,7,horse,4,deer,0.94300455,noise,2
3489,3,cat,6,frog,0.94299984,noise,2
2977,2,bird,6,frog,0.9429945,rotation,5
696,8,ship,0,airplane,0.9429696,rotation,2
6778,2,bird,6,frog,0.9429663,rotation,4
5184,4,deer,6,frog,0.94295555,rotation,4
9601,1,automobile,6,frog,0.9429479,noise,3
3154,9,truck,0,airplane,0.9429321,contrast,3
3666,5,dog,3,cat,0.9429225,blur,4
4307,3,cat,2,bird,0.942891,brightness,3
5496,4,deer,6,frog,0.9428722,noise,5
4533,8,ship,0,airplane,0.94287086,blur,5
6545,9,truck,8,ship,0.94285357,contrast,5
4744,6,frog,0,airplane,0.942852,brightness,1
9835,7,horse,4,deer,0.9428214,brightness,2
7849,2,bird,0,airplane,0.94279605,blur,5
8425,6,frog,2,bird,0.94278884,rotation,1
2005,5,dog,6,frog,0.94278526,noise,2
5414,4,deer,2,bird,0.94277793,blur,2
563,2,bird,6,frog,0.9427662,rotation,5
9588,1,automobile,0,airplane,0.9427578,blur,3
9834,8,ship,0,airplane,0.9427477,blur,3
2557,2,bird,6,frog,0.94274765,rotation,4
9708,9,truck,1,automobile,0.94274414,brightness,2
1673,2,bird,6,frog,0.94274276,noise,2
9384,4,deer,2,bird,0.94273734,blur,5
9116,4,deer,6,frog,0.942731,noise,4
1897,8,ship,0,airplane,0.9427272,rotation,1
5306,3,cat,6,frog,0.942721,noise,4
3576,4,deer,6,frog,0.94271785,rotation,4
1177,9,truck,1,automobile,0.9427062,rotation,3
9363,5,dog,6,frog,0.94269294,rotation,5
6914,8,ship,6,frog,0.94268936,rotation,4
3550,0,airplane,4,deer,0.9426795,contrast,3
9764,2,bird,0,airplane,0.9426755,contrast,4
3330,7,horse,5,dog,0.9426745,contrast,3
4352,3,cat,6,frog,0.9426738,rotation,5
1254,2,bird,0,airplane,0.9426615,blur,3
2034,3,cat,4,deer,0.94266033,brightness,3
1934,7,horse,0,airplane,0.9426508,brightness,1
4637,3,cat,6,frog,0.9426437,noise,4
4003,2,bird,0,airplane,0.94264096,contrast,3
495,8,ship,0,airplane,0.9426396,rotation,5
2422,3,cat,4,deer,0.9426329,brightness,1
8331,3,cat,2,bird,0.94260705,brightness,1
9089,3,cat,6,frog,0.9425983,rotation,5
3369,5,dog,3,cat,0.94258904,blur,1
3052,3,cat,2,bird,0.9425889,brightness,1
8727,9,truck,0,airplane,0.9425754,contrast,4
6141,8,ship,0,airplane,0.9425727,blur,4
1504,1,automobile,6,frog,0.94256943,rotation,4
6690,5,dog,2,bird,0.94256765,brightness,2
9776,2,bird,4,deer,0.94256616,brightness,2
6075,3,cat,6,frog,0.94256353,rotation,5
6447,4,deer,6,frog,0.94255507,rotation,4
3859,3,cat,6,frog,0.9425525,noise,1
6179,8,ship,0,airplane,0.9425382,brightness,3
3973,9,truck,4,deer,0.94253546,contrast,5
3830,5,dog,3,cat,0.942529,blur,2
4335,9,truck,6,frog,0.9425165,noise,2
4553,3,cat,6,frog,0.94248474,rotation,5
4099,4,deer,6,frog,0.9424826,rotation,4
2688,5,dog,6,frog,0.94247735,noise,4
2301,2,bird,6,frog,0.9424591,rotation,5
4573,4,deer,6,frog,0.94243526,rotation,4
1910,4,deer,6,frog,0.94242525,rotation,5
887,1,automobile,6,frog,0.94241667,contrast,3
4708,3,cat,6,frog,0.94233704,rotation,4
7248,4,deer,6,frog,0.9423289,rotation,3
2497,9,truck,8,ship,0.9423055,noise,2
1673,2,bird,6,frog,0.942284,rotation,4
6979,5,dog,4,deer,0.94227415,brightness,2
6369,9,truck,2,bird,0.94227386,blur,3
2542,2,bird,0,airplane,0.9422568,brightness,2
2926,9,truck,6,frog,0.942249,rotation,4
1830,3,cat,2,bird,0.94224,rotation,5
314,4,deer,6,frog,0.9422396,rotation,5
4536,9,truck,0,airplane,0.94222623,contrast,3
2268,3,cat,6,frog,0.94222337,noise,2
8295,3,cat,0,airplane,0.9422206,contrast,5
926,8,ship,6,frog,0.9422118,rotation,4
8204,3,cat,6,frog,0.9421953,noise,1
9729,4,deer,6,frog,0.94218504,rotation,3
6143,9,truck,1,automobile,0.94217753,contrast,1
9349,9,truck,0,airplane,0.94216675,brightness,2
4366,2,bird,6,frog,0.94216144,rotation,3
2432,9,truck,0,airplane,0.9421257,contrast,3
2940,3,cat,0,airplane,0.9421188,contrast,5
9760,9,truck,6,frog,0.9421098,rotation,5
1325,2,bird,4,deer,0.9420973,rotation,2
2075,4,deer,2,bird,0.94209427,blur,1
2636,1,automobile,6,frog,0.9420913,rotation,5
1384,9,truck,6,frog,0.94208187,rotation,4
7792,9,truck,1,automobile,0.9420816,rotation,1
836,1,automobile,0,airplane,0.94205934,contrast,5
7839,3,cat,4,deer,0.94205207,brightness,5
1240,2,bird,6,frog,0.9420437,rotation,3
8883,8,ship,6,frog,0.9420432,noise,2
9230,2,bird,6,frog,0.94203544,rotation,4
3771,2,bird,0,airplane,0.94203013,contrast,2
6523,6,frog,4,deer,0.94201875,brightness,2
2078,2,bird,6,frog,0.94201505,brightness,1
6179,8,ship,0,airplane,0.9419524,contrast,1
8258,3,cat,6,frog,0.941949,rotation,4
4513,4,deer,3,cat,0.94194025,blur,5
7602,2,bird,6,frog,0.94193834,brightness,4
270,2,bird,6,frog,0.94191325,rotation,4
1443,4,deer,2,bird,0.9419109,blur,2
8618,5,dog,6,frog,0.9419005,rotation,4
5473,5,dog,6,frog,0.94188714,noise,2
4935,5,dog,6,frog,0.94187754,noise,2
8393,8,ship,0,airplane,0.94186777,rotation,1
4163,2,bird,6,frog,0.94185966,noise,1
4185,7,horse,4,deer,0.94182706,brightness,3
4911,8,ship,0,airplane,0.94180983,rotation,2
5024,1,automobile,6,frog,0.94179505,rotation,3
4185,7,horse,4,deer,0.9417911,brightness,4
9584,3,cat,6,frog,0.94176584,rotation,5
165,4,deer,2,bird,0.94175315,rotation,2
5824,7,horse,6,frog,0.94173753,rotation,4
6193,9,truck,6,frog,0.94173086,rotation,4
9193,0,airplane,2,bird,0.9417012,rotation,5
2277,5,dog,6,frog,0.94170094,rotation,5
2855,3,cat,6,frog,0.94169915,noise,1
3892,5,dog,6,frog,0.94166744,noise,1
7472,1,automobile,0,airplane,0.94164187,brightness,5
5690,7,horse,4,deer,0.9416416,brightness,3
9349,9,truck,0,airplane,0.9416387,rotation,1
7604,1,automobile,6,frog,0.9416375,rotation,5
2034,3,cat,4,deer,0.9416297,brightness,1
1855,5,dog,6,frog,0.94162655,rotation,5
1386,3,cat,6,frog,0.9416165,noise,3
8981,7,horse,4,deer,0.94160783,rotation,2
4795,5,dog,3,cat,0.9416072,brightness,1
4582,8,ship,0,airplane,0.94160277,blur,3
6163,3,cat,6,frog,0.94153297,rotation,5
4055,1,automobile,0,airplane,0.9415217,contrast,2
5219,2,bird,6,frog,0.9415164,rotation,5
6893,3,cat,6,frog,0.9415104,rotation,5
5794,7,horse,0,airplane,0.9415064,clean,0
9926,3,cat,6,frog,0.94150466,rotation,4
3828,1,automobile,0,airplane,0.94150203,contrast,1
8009,5,dog,6,frog,0.9414989,rotation,4
9776,2,bird,4,deer,0.9414958,rotation,2
8333,1,automobile,6,frog,0.94148314,noise,3
4998,5,dog,6,frog,0.9414777,noise,2
1331,8,ship,0,airplane,0.94147044,blur,4
2247,5,dog,2,bird,0.9414677,contrast,3
1840,8,ship,6,frog,0.9414527,rotation,3
6861,8,ship,0,airplane,0.94143766,rotation,1
6089,7,horse,6,frog,0.94141823,noise,5
1676,8,ship,0,airplane,0.94140536,blur,2
293,9,truck,1,automobile,0.94140047,blur,1
4250,1,automobile,6,frog,0.94138,noise,2
4543,1,automobile,0,airplane,0.9413758,blur,4
9968,3,cat,2,bird,0.9413717,clean,0
4696,5,dog,6,frog,0.94136846,noise,3
9501,6,frog,0,airplane,0.9413632,contrast,2
7214,3,cat,5,dog,0.94133615,rotation,2
5102,5,dog,2,bird,0.94130677,blur,3
1112,3,cat,4,deer,0.9412976,noise,1
8599,4,deer,2,bird,0.9412973,contrast,1
9708,9,truck,1,automobile,0.94128734,blur,1
4152,5,dog,6,frog,0.9412751,rotation,5
259,9,truck,1,automobile,0.9412676,rotation,2
6270,2,bird,6,frog,0.94126296,rotation,1
9349,9,truck,0,airplane,0.9412578,blur,5
2453,3,cat,4,deer,0.94125026,brightness,1
4542,3,cat,6,frog,0.9412486,noise,5
5235,1,automobile,6,frog,0.94124424,noise,1
252,9,truck,6,frog,0.9412241,rotation,4
4987,3,cat,6,frog,0.9412091,noise,2
9764,2,bird,0,airplane,0.94120234,clean,0
8295,3,cat,4,deer,0.9411973,noise,1
8578,2,bird,6,frog,0.9411747,rotation,4
8511,2,bird,6,frog,0.9411736,noise,2
8300,5,dog,6,frog,0.9411622,noise,2
1736,5,dog,6,frog,0.9411376,rotation,4
6384,7,horse,2,bird,0.9411309,clean,0
6954,7,horse,6,frog,0.9411282,rotation,5
1850,1,automobile,0,airplane,0.9411222,contrast,1
7909,1,automobile,6,frog,0.94111586,rotation,3
5098,5,dog,2,bird,0.9411019,brightness,1
1861,3,cat,6,frog,0.94109696,rotation,4
5483,1,automobile,6,frog,0.9410901,rotation,5
2128,4,deer,6,frog,0.941083,rotation,2
9968,3,cat,2,bird,0.94107574,contrast,1
7124,5,dog,2,bird,0.9410585,clean,0
4605,3,cat,6,frog,0.9410522,rotation,5
1013,1,automobile,6,frog,0.9410371,noise,5
3078,8,ship,0,airplane,0.941035,rotation,5
9383,9,truck,0,airplane,0.94099116,contrast,4
9787,8,ship,0,airplane,0.9409754,contrast,2
6327,4,deer,6,frog,0.94096816,rotation,5
9349,9,truck,0,airplane,0.9409432,brightness,1
1294,8,ship,0,airplane,0.9409216,rotation,2
456,3,cat,4,deer,0.94091415,brightness,3
1291,9,truck,0,airplane,0.94090676,blur,2
681,6,frog,3,cat,0.9409001,blur,2
8300,5,dog,6,frog,0.94087625,rotation,4
2453,3,cat,4,deer,0.94086665,contrast,4
8677,3,cat,6,frog,0.9408639,rotation,4
688,3,cat,6,frog,0.9408627,rotation,5
3363,2,bird,6,frog,0.9408467,rotation,5
4331,2,bird,6,frog,0.94084257,rotation,4
2638,4,deer,6,frog,0.9408402,rotation,4
900,2,bird,6,frog,0.940816,rotation,5
2378,1,automobile,6,frog,0.9408123,rotation,5
1122,8,ship,6,frog,0.9408013,rotation,5
5854,4,deer,6,frog,0.9407869,rotation,3
2166,0,airplane,2,bird,0.94077957,rotation,3
5289,4,deer,2,bird,0.94075775,brightness,4
204,1,automobile,6,frog,0.94074184,noise,3
5326,7,horse,6,frog,0.94073296,noise,3
4978,1,automobile,0,airplane,0.940728,blur,3
848,2,bird,6,frog,0.9407005,noise,2
4753,2,bird,0,airplane,0.94068253,rotation,5
1293,4,deer,6,frog,0.9406722,rotation,5
734,9,truck,8,ship,0.94067144,noise,2
5771,2,bird,6,frog,0.94065744,noise,2
9923,7,horse,2,bird,0.9406509,blur,4
8644,8,ship,0,airplane,0.9406356,brightness,1
1008,9,truck,6,frog,0.94062346,rotation,5
1855,5,dog,6,frog,0.94062084,rotation,4
6274,9,truck,6,frog,0.9406173,rotation,4
4769,8,ship,6,frog,0.9406007,rotation,4
4533,8,ship,0,airplane,0.94059193,blur,3
3896,7,horse,2,bird,0.94059026,brightness,2
9878,5,dog,2,bird,0.94057137,blur,3
7243,1,automobile,6,frog,0.9405463,rotation,5
9779,2,bird,6,frog,0.94053614,rotation,5
1767,2,bird,6,frog,0.9405355,rotation,5
7327,4,deer,6,frog,0.94053364,rotation,4
8492,0,airplane,6,frog,0.94052464,rotation,3
9960,2,bird,0,airplane,0.94052273,rotation,2
8540,4,deer,6,frog,0.94052094,rotation,5
9776,2,bird,4,deer,0.94051313,contrast,4
3052,3,cat,2,bird,0.9405025,contrast,1
6010,1,automobile,6,frog,0.9404983,contrast,5
853,9,truck,1,automobile,0.9404637,rotation,3
4754,3,cat,8,ship,0.94043094,clean,0
4485,3,cat,7,horse,0.9404222,rotation,2
3346,4,deer,6,frog,0.9403856,rotation,5
949,8,ship,6,frog,0.94036955,rotation,5
8166,2,bird,6,frog,0.9403672,rotation,4
2641,4,deer,6,frog,0.9403469,rotation,4
548,2,bird,6,frog,0.9403107,rotation,5
8705,6,frog,2,bird,0.94029135,blur,4
6153,4,deer,6,frog,0.94028515,rotation,4
4203,2,bird,6,frog,0.94026816,rotation,5
6849,4,deer,2,bird,0.94025856,contrast,4
4152,5,dog,6,frog,0.940242,noise,3
1951,7,horse,4,deer,0.9402307,noise,1
7393,5,dog,4,deer,0.94022316,rotation,1
4946,4,deer,6,frog,0.9402085,noise,2
834,5,dog,2,bird,0.9402026,rotation,2
331,9,truck,1,automobile,0.9401772,clean,0
690,3,cat,6,frog,0.94016236,rotation,4
3021,8,ship,9,truck,0.94015163,noise,2
5826,7,horse,6,frog,0.9401496,rotation,5
9087,3,cat,6,frog,0.9401456,noise,2
5642,5,dog,2,bird,0.940144,blur,3
5738,2,bird,6,frog,0.9401242,noise,3
8669,4,deer,6,frog,0.9401057,noise,2
7615,5,dog,6,frog,0.9400954,noise,4
7243,1,automobile,6,frog,0.9400847,noise,2
9690,4,deer,6,frog,0.9400744,noise,3
9417,4,deer,6,frog,0.9400728,noise,3
7063,1,automobile,6,frog,0.9400649,noise,3
4212,1,automobile,6,frog,0.9400567,rotation,4
1178,6,frog,2,bird,0.94004995,contrast,3
188,4,deer,6,frog,0.9400387,noise,2
9995,8,ship,0,airplane,0.9400273,brightness,1
5070,7,horse,5,dog,0.94000316,rotation,2
7001,1,automobile,6,frog,0.9399551,rotation,4
1862,5,dog,4,deer,0.93995464,contrast,1
8981,7,horse,4,deer,0.9399496,brightness,1
1988,5,dog,6,frog,0.93993837,noise,2
7903,1,automobile,6,frog,0.9399301,rotation,5
1240,2,bird,6,frog,0.93992597,rotation,4
2453,3,cat,6,frog,0.9399225,rotation,5
7784,7,horse,6,frog,0.93990976,noise,2
26,4,deer,6,frog,0.9398912,rotation,5
5007,3,cat,6,frog,0.93988836,rotation,5
9600,8,ship,0,airplane,0.93988013,rotation,3
6254,4,deer,6,frog,0.9398715,rotation,4
1012,6,frog,2,bird,0.9398687,blur,3
804,4,deer,6,frog,0.9398557,rotation,4
9892,5,dog,2,bird,0.9398554,blur,2
7932,9,truck,0,airplane,0.93984604,contrast,4
8491,3,cat,2,bird,0.939844,noise,1
1144,1,automobile,0,airplane,0.93983585,contrast,5
6875,5,dog,2,bird,0.9398354,noise,2
103,3,cat,6,frog,0.93982023,rotation,5
6849,4,deer,2,bird,0.93980896,contrast,3
5834,5,dog,2,bird,0.9398015,contrast,1
1258,1,automobile,6,frog,0.9397892,rotation,3
2735,2,bird,6,frog,0.93978274,rotation,4
1439,9,truck,1,automobile,0.93977284,rotation,2
6603,9,truck,6,frog,0.939764,rotation,5
9555,4,deer,6,frog,0.9397581,rotation,4
7350,9,truck,6,frog,0.93970346,noise,3
9344,2,bird,6,frog,0.9396854,rotation,4
8234,8,ship,1,automobile,0.9396762,rotation,2
8317,5,dog,6,frog,0.93966264,rotation,4
9501,6,frog,0,airplane,0.93965137,brightness,2
9583,9,truck,0,airplane,0.9396441,blur,4
4504,0,airplane,4,deer,0.93962526,noise,1
831,3,cat,6,frog,0.9396198,rotation,3
7202,3,cat,6,frog,0.93961436,noise,3
4319,2,bird,6,frog,0.9396075,noise,4
182,2,bird,6,frog,0.9396045,rotation,3
519,8,ship,0,airplane,0.93960214,rotation,2
1696,4,deer,0,airplane,0.93959415,clean,0
2157,3,cat,6,frog,0.9395874,noise,3
1083,2,bird,6,frog,0.9395869,rotation,5
3750,9,truck,0,airplane,0.93957835,blur,3
8983,3,cat,4,deer,0.939537,brightness,2
2019,9,truck,6,frog,0.93953645,contrast,5
9835,7,horse,4,deer,0.93950665,contrast,3
4084,7,horse,6,frog,0.9394824,rotation,4
5419,2,bird,6,frog,0.93948203,rotation,4
6909,4,deer,2,bird,0.9394728,blur,5
910,5,dog,4,deer,0.9394668,contrast,3
3977,3,cat,6,frog,0.9394636,rotation,5
3355,5,dog,6,frog,0.93945605,rotation,5
6799,0,airplane,6,frog,0.939445,rotation,4
8067,8,ship,6,frog,0.93943447,rotation,5
8733,7,horse,2,bird,0.9394233,blur,2
5630,3,cat,6,frog,0.9394161,rotation,4
8473,2,bird,0,airplane,0.9394149,contrast,3
4258,8,ship,0,airplane,0.93939084,blur,3
3324,3,cat,6,frog,0.939383,noise,2
6685,1,automobile,6,frog,0.93934447,rotation,4
1495,2,bird,0,airplane,0.9393333,brightness,4
9907,1,automobile,6,frog,0.9393284,rotation,4
3469,9,truck,6,frog,0.93931866,noise,2
5839,2,bird,6,frog,0.93931067,rotation,4
2169,8,ship,0,airplane,0.93930596,rotation,2
6253,5,dog,4,deer,0.93930364,contrast,4
7188,4,deer,2,bird,0.9392962,blur,3
7406,7,horse,6,frog,0.93928534,rotation,4
3330,7,horse,5,dog,0.93926996,clean,0
1099,2,bird,6,frog,0.9392672,rotation,5
4699,5,dog,2,bird,0.9392441,contrast,3
6909,4,deer,2,bird,0.9392434,blur,4
9808,1,automobile,6,frog,0.9392164,rotation,3
7849,2,bird,0,airplane,0.9392094,blur,1
1121,3,cat,6,frog,0.9392071,rotation,5
6412,8,ship,0,airplane,0.93920475,blur,2
2316,5,dog,6,frog,0.93919384,noise,4
6704,1,automobile,6,frog,0.9391845,rotation,4
6979,5,dog,4,deer,0.9391791,contrast,2
5525,3,cat,0,airplane,0.939166,brightness,1
4896,7,horse,0,airplane,0.93916106,rotation,1
259,9,truck,1,automobile,0.93916017,brightness,3
9186,7,horse,2,bird,0.9391424,clean,0
6750,4,deer,6,frog,0.9391422,rotation,3
2696,2,bird,4,deer,0.93913925,noise,2
6539,7,horse,4,deer,0.9391275,noise,2
3771,2,bird,0,airplane,0.9391217,contrast,1
5318,1,automobile,0,airplane,0.9391091,contrast,3
1895,8,ship,0,airplane,0.9390511,brightness,2
8035,1,automobile,6,frog,0.9390374,rotation,4
5795,7,horse,4,deer,0.93903625,rotation,3
8576,2,bird,0,airplane,0.93903434,contrast,5
6750,4,deer,6,frog,0.9390212,rotation,5
9443,5,dog,2,bird,0.9390053,noise,2
1815,9,truck,6,frog,0.93900335,rotation,4
8576,2,bird,0,airplane,0.9390027,brightness,2
6716,8,ship,0,airplane,0.9390018,rotation,2
6947,8,ship,0,airplane,0.9389733,rotation,3
6262,8,ship,0,airplane,0.9389728,rotation,5
7393,5,dog,4,deer,0.93897223,blur,1
8842,4,deer,6,frog,0.93896246,noise,2
2247,5,dog,2,bird,0.9389565,rotation,1
490,1,automobile,0,airplane,0.9389472,blur,5
9835,7,horse,4,deer,0.9389404,brightness,1
1150,2,bird,4,deer,0.93893963,brightness,3
8932,6,frog,2,bird,0.93893546,contrast,4
8299,3,cat,6,frog,0.9389263,noise,3
9857,0,airplane,1,automobile,0.9389223,noise,2
5690,7,horse,4,deer,0.9389166,contrast,4
2245,8,ship,0,airplane,0.9389103,brightness,4
3883,7,horse,2,bird,0.9389072,contrast,3
5537,2,bird,5,dog,0.9389031,blur,1
5963,9,truck,6,frog,0.93889886,rotation,5
6988,4,deer,2,bird,0.93888867,clean,0
2186,9,truck,6,frog,0.9388524,rotation,5
5350,9,truck,1,automobile,0.93884337,rotation,2
8465,9,truck,1,automobile,0.9388433,rotation,3
3826,1,automobile,6,frog,0.9388374,noise,5
6262,8,ship,0,airplane,0.9388232,rotation,4
5309,3,cat,6,frog,0.93881357,noise,2
4925,5,dog,6,frog,0.93880576,noise,4
8548,3,cat,6,frog,0.9387899,rotation,4
1487,9,truck,1,automobile,0.9387841,rotation,4
3435,6,frog,3,cat,0.9387823,blur,2
9835,7,horse,4,deer,0.9387796,contrast,2
4436,4,deer,6,frog,0.93877697,rotation,4
6753,4,deer,6,frog,0.9387714,noise,2
3728,2,bird,6,frog,0.9387379,rotation,5
1814,9,truck,0,airplane,0.93872046,blur,4
4138,4,deer,6,frog,0.93871826,noise,2
9119,4,deer,6,frog,0.9387093,rotation,5
8282,1,automobile,0,airplane,0.9386983,contrast,4
1874,8,ship,0,airplane,0.9386903,rotation,2
1895,8,ship,0,airplane,0.9386863,brightness,3
9976,5,dog,6,frog,0.93867564,noise,2
3607,3,cat,2,bird,0.9386693,contrast,2
9339,1,automobile,6,frog,0.9386563,noise,2
7518,3,cat,6,frog,0.9386554,rotation,4
1967,7,horse,6,frog,0.93864083,rotation,4
1205,8,ship,0,airplane,0.9386375,rotation,1
7222,8,ship,6,frog,0.9386361,rotation,4
1595,3,cat,6,frog,0.9386295,rotation,4
749,5,dog,3,cat,0.93859667,blur,2
2239,7,horse,4,deer,0.93854403,brightness,4
4106,3,cat,0,airplane,0.9385385,contrast,1
263,7,horse,6,frog,0.93853456,noise,2
15,8,ship,6,frog,0.9385163,rotation,3
4134,1,automobile,6,frog,0.938516,rotation,5
3726,5,dog,6,frog,0.9385134,noise,2
9996,3,cat,6,frog,0.9384951,rotation,4
2643,3,cat,4,deer,0.9384765,noise,1
3255,5,dog,6,frog,0.938462,rotation,5
8251,3,cat,6,frog,0.93845993,noise,4
4758,9,truck,6,frog,0.93844974,noise,2
7416,1,automobile,6,frog,0.93844104,rotation,4
8784,4,deer,6,frog,0.9384363,rotation,4
3821,8,ship,6,frog,0.938434,noise,1
1570,4,deer,6,frog,0.9384106,rotation,5
9522,3,cat,2,bird,0.93840104,rotation,2
1814,9,truck,0,airplane,0.93839556,blur,3
122,1,automobile,6,frog,0.9383915,rotation,5
1047,1,automobile,0,airplane,0.9383794,contrast,5
456,3,cat,4,deer,0.93837744,clean,0
4535,2,bird,6,frog,0.9383689,rotation,4
1983,8,ship,6,frog,0.9383656,rotation,4
351,1,automobile,6,frog,0.93835765,noise,2
6832,1,automobile,6,frog,0.9383495,rotation,5
4307,3,cat,2,bird,0.9383074,blur,5
2023,5,dog,6,frog,0.938301,noise,3
2595,4,deer,6,frog,0.93829304,rotation,4
3771,2,bird,0,airplane,0.93825364,brightness,5
4476,1,automobile,6,frog,0.938243,rotation,3
4696,5,dog,6,frog,0.9382372,noise,1
3054,4,deer,0,airplane,0.9382303,brightness,5
2293,8,ship,6,frog,0.93822175,rotation,3
6454,4,deer,6,frog,0.938216,noise,2
5855,7,horse,2,bird,0.93820804,blur,3
2227,8,ship,0,airplane,0.9381998,rotation,4
4258,8,ship,0,airplane,0.9381995,blur,4
1162,7,horse,6,frog,0.9381778,rotation,5
6814,9,truck,1,automobile,0.9381729,rotation,3
6368,7,horse,6,frog,0.93814224,rotation,4
673,3,cat,6,frog,0.9381286,noise,4
7082,2,bird,0,airplane,0.93812054,rotation,1
5330,7,horse,6,frog,0.9381091,rotation,3
887,1,automobile,6,frog,0.93810886,noise,4
3394,1,automobile,6,frog,0.9380991,noise,4
2000,1,automobile,6,frog,0.9380971,noise,5
3753,4,deer,6,frog,0.93806136,noise,1
3000,5,dog,6,frog,0.9380245,rotation,4
4276,9,truck,1,automobile,0.9379944,brightness,1
7460,5,dog,6,frog,0.93799263,noise,2
4608,4,deer,6,frog,0.9379879,rotation,4
2937,3,cat,6,frog,0.93797106,noise,1
4390,5,dog,6,frog,0.9379708,noise,2
2977,2,bird,6,frog,0.93797,brightness,5
6253,5,dog,4,deer,0.93795574,contrast,1
9498,3,cat,6,frog,0.9379145,rotation,1
3596,2,bird,4,deer,0.93790936,contrast,4
4754,3,cat,8,ship,0.93788517,blur,1
8600,3,cat,6,frog,0.93788505,rotation,4
3801,2,bird,0,airplane,0.9378849,rotation,3
9470,9,truck,6,frog,0.9378777,rotation,4
8391,1,automobile,6,frog,0.9378689,rotation,4
5522,2,bird,3,cat,0.9378562,rotation,4
5130,5,dog,2,bird,0.9378511,blur,1
5790,9,truck,8,ship,0.93784773,contrast,5
4543,1,automobile,0,airplane,0.93783045,blur,3
1674,4,deer,2,bird,0.93782955,blur,2
6085,2,bird,6,frog,0.93782485,noise,1
6570,9,truck,6,frog,0.93781734,rotation,5
3771,2,bird,0,airplane,0.93778867,clean,0
1512,8,ship,1,automobile,0.9377802,rotation,4
1294,8,ship,0,airplane,0.9377439,brightness,4
2260,4,deer,6,frog,0.93774027,rotation,5
2818,5,dog,6,frog,0.93773866,rotation,4
6202,3,cat,6,frog,0.93772256,brightness,2
8249,1,automobile,0,airplane,0.93770504,blur,5
6865,3,cat,6,frog,0.9376886,rotation,5
5098,5,dog,2,bird,0.9376818,clean,0
7892,1,automobile,9,truck,0.9376705,brightness,4
2762,4,deer,2,bird,0.93763137,rotation,3
5377,5,dog,6,frog,0.9376256,rotation,5
6141,8,ship,0,airplane,0.93761826,blur,5
8525,3,cat,6,frog,0.9376171,rotation,2
6766,8,ship,0,airplane,0.937617,blur,1
6434,0,airplane,8,ship,0.9376098,contrast,1
7600,8,ship,1,automobile,0.93760544,rotation,2
5747,8,ship,0,airplane,0.93760526,brightness,1
3702,1,automobile,0,airplane,0.93759185,contrast,3
247,9,truck,8,ship,0.937583,blur,2
2962,8,ship,0,airplane,0.937582,contrast,2
3259,3,cat,6,frog,0.9375739,noise,3
3989,2,bird,6,frog,0.9375638,noise,5
3758,2,bird,4,deer,0.9375617,noise,3
1242,8,ship,6,frog,0.9375314,noise,1
7184,5,dog,6,frog,0.9375302,rotation,3
7792,9,truck,1,automobile,0.93752867,brightness,1
4036,7,horse,0,airplane,0.9375193,rotation,1
6580,1,automobile,2,bird,0.93750584,contrast,4
2361,2,bird,0,airplane,0.9374893,contrast,4
8695,4,deer,6,frog,0.9374829,rotation,5
7457,2,bird,6,frog,0.93746257,noise,1
7036,3,cat,2,bird,0.9374612,rotation,3
8305,4,deer,6,frog,0.9374388,noise,3
1643,9,truck,6,frog,0.9374219,rotation,4
4618,3,cat,6,frog,0.93741035,rotation,3
1850,1,automobile,0,airplane,0.93740296,contrast,3
2542,2,bird,0,airplane,0.937385,blur,1
4526,3,cat,6,frog,0.9373767,rotation,5
7763,4,deer,6,frog,0.93737245,rotation,4
4055,1,automobile,0,airplane,0.93736094,blur,1
8828,0,airplane,6,frog,0.93733233,rotation,4
4829,5,dog,6,frog,0.9373232,rotation,4
5393,4,deer,2,bird,0.9373214,rotation,1
3091,1,automobile,0,airplane,0.93731225,blur,2
8131,3,cat,6,frog,0.93730587,rotation,4
3871,8,ship,6,frog,0.9373027,rotation,4
1971,4,deer,6,frog,0.93730146,rotation,5
3828,1,automobile,0,airplane,0.9372994,brightness,2
2111,9,truck,1,automobile,0.93728864,brightness,1
2548,0,airplane,6,frog,0.9372871,rotation,5
9184,7,horse,2,bird,0.93726814,blur,4
9121,3,cat,6,frog,0.93725777,rotation,4
9432,1,automobile,0,airplane,0.93723863,blur,3
5855,7,horse,2,bird,0.9372316,blur,4
94,4,deer,6,frog,0.93722606,rotation,5
1124,3,cat,2,bird,0.9372133,rotation,1
6016,4,deer,6,frog,0.93720895,rotation,3
5924,4,deer,2,bird,0.9372088,clean,0
1178,6,frog,2,bird,0.93719536,brightness,2
5350,9,truck,1,automobile,0.9371651,rotation,3
3444,0,airplane,2,bird,0.9371634,brightness,1
3883,7,horse,2,bird,0.93715256,contrast,4
5763,9,truck,0,airplane,0.93713623,contrast,1
4148,3,cat,6,frog,0.9371343,noise,2
5648,8,ship,6,frog,0.9371343,rotation,5
4699,5,dog,2,bird,0.93712544,contrast,1
3629,1,automobile,0,airplane,0.9371198,contrast,4
6600,7,horse,2,bird,0.93711525,blur,3
3972,7,horse,4,deer,0.9371118,noise,2
3896,7,horse,2,bird,0.937077,brightness,1
6179,8,ship,0,airplane,0.937055,contrast,5
5816,5,dog,2,bird,0.93702805,contrast,3
165,4,deer,2,bird,0.93702304,clean,0
8773,6,frog,2,bird,0.93701476,brightness,4
4964,5,dog,2,bird,0.9369973,blur,3
1547,2,bird,0,airplane,0.9369783,blur,1
3513,3,cat,6,frog,0.9369726,rotation,3
845,3,cat,0,airplane,0.93697166,contrast,4
6498,4,deer,6,frog,0.9369676,noise,1
129,2,bird,0,airplane,0.9369505,rotation,3
1545,1,automobile,6,frog,0.93694896,rotation,5
8425,6,frog,2,bird,0.9369426,blur,2
4906,5,dog,3,cat,0.9369415,rotation,1
2494,5,dog,4,deer,0.9369183,contrast,1
426,3,cat,6,frog,0.93691766,rotation,3
5285,1,automobile,6,frog,0.9369117,rotation,5
3559,4,deer,6,frog,0.93691003,rotation,4
8291,6,frog,4,deer,0.9369031,contrast,5
1199,9,truck,6,frog,0.9369023,rotation,4
9960,2,bird,0,airplane,0.93689436,brightness,3
1628,4,deer,2,bird,0.9368836,brightness,1
1224,7,horse,4,deer,0.93688065,brightness,2
7823,7,horse,4,deer,0.9368783,contrast,4
8169,3,cat,6,frog,0.93686503,rotation,4
3451,5,dog,2,bird,0.9368613,rotation,1
5555,4,deer,6,frog,0.9368445,rotation,5
1684,1,automobile,8,ship,0.9368368,contrast,3
3346,4,deer,2,bird,0.9368262,brightness,2
2542,2,bird,0,airplane,0.9368002,contrast,4
2067,7,horse,4,deer,0.93678457,blur,4
9061,7,horse,4,deer,0.9367772,contrast,2
2009,1,automobile,0,airplane,0.93677235,blur,5
7288,7,horse,4,deer,0.9367672,noise,1
4699,5,dog,2,bird,0.9367542,rotation,2
4795,5,dog,3,cat,0.9367537,contrast,3
8898,7,horse,6,frog,0.93672204,rotation,5
1898,0,airplane,6,frog,0.93670976,noise,2
1178,6,frog,2,bird,0.9367072,contrast,2
6134,3,cat,6,frog,0.9367031,rotation,3
1502,2,bird,6,frog,0.93667775,noise,3
8785,8,ship,0,airplane,0.93667495,contrast,1
7986,1,automobile,9,truck,0.9366651,noise,3
7279,5,dog,6,frog,0.9366392,rotation,4
2740,1,automobile,6,frog,0.9366206,rotation,4
8285,9,truck,6,frog,0.9366076,rotation,5
5916,9,truck,6,frog,0.93660134,rotation,4
7778,0,airplane,6,frog,0.9366007,rotation,4
9878,5,dog,2,bird,0.93659806,blur,4
714,4,deer,6,frog,0.9365916,noise,4
8599,4,deer,2,bird,0.93657804,clean,0
6240,2,bird,6,frog,0.93657005,rotation,5
5134,5,dog,6,frog,0.93655837,rotation,3
929,0,airplane,8,ship,0.9365512,blur,5
1624,4,deer,6,frog,0.9365373,rotation,5
5387,3,cat,6,frog,0.9365219,rotation,5
8055,2,bird,6,frog,0.93650615,rotation,4
277,3,cat,2,bird,0.93645984,brightness,3
2255,1,automobile,8,ship,0.9364487,contrast,4
7922,8,ship,6,frog,0.9364032,rotation,4
6538,3,cat,6,frog,0.9363867,noise,4
7089,7,horse,4,deer,0.93638176,contrast,5
24,5,dog,4,deer,0.93638146,brightness,3
1340,1,automobile,2,bird,0.9363799,blur,3
4732,2,bird,4,deer,0.93637407,brightness,4
466,4,deer,6,frog,0.9363734,rotation,4
2492,8,ship,0,airplane,0.93637186,blur,4
6257,5,dog,4,deer,0.9363551,noise,1
2502,8,ship,6,frog,0.9363546,rotation,5
1814,9,truck,0,airplane,0.9363308,blur,5
916,3,cat,4,deer,0.9362988,brightness,2
1547,2,bird,0,airplane,0.9362817,contrast,5
3341,1,automobile,6,frog,0.9362534,rotation,5
2583,7,horse,4,deer,0.93624866,noise,2
7124,5,dog,2,bird,0.9362355,brightness,2
8918,7,horse,6,frog,0.9362308,rotation,4
9927,9,truck,6,frog,0.93622816,rotation,4
1837,9,truck,6,frog,0.93621236,noise,2
947,1,automobile,6,frog,0.9362037,rotation,4
7270,9,truck,6,frog,0.93620265,rotation,5
522,0,airplane,6,frog,0.9361778,rotation,4
8451,5,dog,4,deer,0.93617225,contrast,4
6500,7,horse,4,deer,0.9361495,contrast,3
6861,8,ship,0,airplane,0.9361309,brightness,2
7755,7,horse,6,frog,0.93612766,rotation,5
8214,1,automobile,0,airplane,0.9361073,blur,4
201,1,automobile,0,airplane,0.9360955,brightness,5
4842,2,bird,0,airplane,0.9360912,contrast,1
834,5,dog,2,bird,0.9360894,clean,0
4307,3,cat,2,bird,0.93608564,contrast,3
9884,9,truck,8,ship,0.93608534,contrast,4
6092,5,dog,3,cat,0.93607867,blur,4
9349,9,truck,0,airplane,0.93607634,blur,4
9281,3,cat,6,frog,0.93605274,rotation,5
4533,8,ship,0,airplane,0.9360412,blur,1
9985,5,dog,3,cat,0.9360398,blur,3
8246,8,ship,0,airplane,0.93603575,rotation,3
1083,2,bird,6,frog,0.9360248,rotation,4
6545,9,truck,8,ship,0.9359864,contrast,3
4061,5,dog,6,frog,0.93597263,rotation,5
3413,3,cat,6,frog,0.93596065,rotation,4
7112,2,bird,0,airplane,0.9359527,contrast,5
910,5,dog,4,deer,0.9359365,brightness,3
9339,1,automobile,6,frog,0.9359236,rotation,4
3607,3,cat,2,bird,0.9359225,clean,0
5855,7,horse,2,bird,0.9359161,blur,5
7934,8,ship,6,frog,0.93590456,rotation,4
6986,5,dog,6,frog,0.93590426,noise,4
2078,2,bird,6,frog,0.93588567,rotation,1
1238,1,automobile,6,frog,0.93588346,noise,4
3052,3,cat,2,bird,0.93586886,brightness,2
331,9,truck,1,automobile,0.93585306,brightness,1
9797,1,automobile,0,airplane,0.9358482,contrast,5
7444,9,truck,1,automobile,0.93584746,blur,1
7137,5,dog,2,bird,0.93583953,noise,1
1216,8,ship,6,frog,0.9358376,rotation,4
8667,4,deer,2,bird,0.9358258,rotation,1
2571,9,truck,6,frog,0.9357939,rotation,4
9023,8,ship,6,frog,0.9357891,rotation,5
1823,0,airplane,2,bird,0.93578595,contrast,4
6423,5,dog,6,frog,0.93577164,rotation,5
6381,9,truck,1,automobile,0.9357615,brightness,3
5730,5,dog,4,deer,0.93575567,clean,0
7217,8,ship,0,airplane,0.9357508,contrast,3
7536,8,ship,1,automobile,0.9357498,clean,0
7481,4,deer,6,frog,0.9357345,rotation,5
155,5,dog,6,frog,0.9357141,rotation,5
7829,2,bird,0,airplane,0.9357065,contrast,5
5646,4,deer,0,airplane,0.9356912,contrast,2
155,5,dog,6,frog,0.9356859,noise,3
9063,7,horse,2,bird,0.9356823,blur,4
5030,4,deer,0,airplane,0.93568003,clean,0
6954,7,horse,0,airplane,0.9356724,clean,0
8473,2,bird,0,airplane,0.9356705,blur,2
5771,2,bird,6,frog,0.9356695,noise,4
4825,7,horse,2,bird,0.9356394,noise,1
5882,1,automobile,9,truck,0.9356106,contrast,2
4678,9,truck,8,ship,0.93560904,contrast,4
3587,0,airplane,6,frog,0.93558735,contrast,5
263,7,horse,6,frog,0.9355454,noise,3
3753,4,deer,6,frog,0.93552786,rotation,3
7217,8,ship,0,airplane,0.93545586,contrast,2
1321,2,bird,6,frog,0.9354511,rotation,4
9506,4,deer,2,bird,0.935444,clean,0
5763,9,truck,0,airplane,0.93543303,contrast,2
1331,8,ship,0,airplane,0.9354276,blur,1
9315,7,horse,2,bird,0.9354081,blur,2
4590,9,truck,2,bird,0.9354058,blur,3
2736,8,ship,6,frog,0.93539727,rotation,4
9467,2,bird,6,frog,0.93538404,noise,4
747,6,frog,3,cat,0.93536794,blur,2
1012,6,frog,2,bird,0.9353425,blur,2
8389,1,automobile,6,frog,0.9353315,rotation,4
7861,0,airplane,6,frog,0.9353233,rotation,5
9892,5,dog,2,bird,0.93531895,brightness,2
2243,3,cat,6,frog,0.93531173,rotation,5
2081,3,cat,6,frog,0.9352974,rotation,4
1874,8,ship,0,airplane,0.93529576,rotation,5
9986,8,ship,0,airplane,0.93529254,blur,3
7486,1,automobile,0,airplane,0.9352846,contrast,5
3859,3,cat,6,frog,0.9352746,noise,2
9128,4,deer,6,frog,0.93525624,rotation,5
9708,9,truck,1,automobile,0.9352434,rotation,2
3330,7,horse,5,dog,0.9352425,noise,1
3242,4,deer,6,frog,0.9352282,rotation,3
4411,5,dog,3,cat,0.93522394,blur,3
5072,6,frog,2,bird,0.9352237,contrast,1
4375,3,cat,4,deer,0.9352234,noise,1
4639,0,airplane,6,frog,0.9352207,rotation,5
1874,8,ship,0,airplane,0.93521655,rotation,4
2455,6,frog,3,cat,0.93521047,blur,2
6772,0,airplane,9,truck,0.9352081,rotation,2
4239,4,deer,6,frog,0.9352081,rotation,5
6093,2,bird,6,frog,0.9351811,noise,3
2165,2,bird,0,airplane,0.9351808,blur,1
9484,0,airplane,9,truck,0.9351748,noise,1
3753,4,deer,6,frog,0.93515867,rotation,5
9497,3,cat,6,frog,0.9351569,noise,1
9389,8,ship,0,airplane,0.9351439,brightness,2
1378,1,automobile,0,airplane,0.9351417,blur,5
6145,2,bird,6,frog,0.9351322,rotation,5
9386,4,deer,2,bird,0.93512315,blur,4
7940,2,bird,6,frog,0.93510884,rotation,5
33,5,dog,6,frog,0.9351052,rotation,4
525,5,dog,6,frog,0.93510157,rotation,5
9503,2,bird,4,deer,0.93509424,contrast,4
6110,9,truck,8,ship,0.9350878,contrast,5
5151,9,truck,6,frog,0.93507415,noise,1
882,3,cat,0,airplane,0.93506724,contrast,4
9740,3,cat,6,frog,0.93506384,noise,4
4049,4,deer,6,frog,0.93505514,rotation,5
8248,1,automobile,0,airplane,0.9350518,brightness,5
9835,7,horse,4,deer,0.93504274,contrast,1
4720,8,ship,0,airplane,0.9350427,rotation,3
5270,1,automobile,6,frog,0.9350417,rotation,4
7640,9,truck,8,ship,0.9350287,contrast,1
2165,2,bird,0,airplane,0.9350168,contrast,1
3925,1,automobile,6,frog,0.9350146,rotation,5
6836,4,deer,6,frog,0.9350132,rotation,4
9967,3,cat,6,frog,0.9350092,rotation,5
6263,2,bird,6,frog,0.93500847,noise,2
9032,9,truck,0,airplane,0.93500537,brightness,5
977,8,ship,0,airplane,0.935005,blur,3
437,5,dog,6,frog,0.9349987,rotation,5
1862,5,dog,4,deer,0.93499666,contrast,4
3098,4,deer,6,frog,0.9349842,rotation,5
5855,7,horse,2,bird,0.93498355,rotation,5
2254,8,ship,0,airplane,0.9349724,rotation,3
288,7,horse,3,cat,0.93497103,blur,3
9061,7,horse,4,deer,0.9349565,rotation,2
887,1,automobile,6,frog,0.93495,rotation,3
4784,0,airplane,8,ship,0.9349423,contrast,1
4307,3,cat,2,bird,0.93493825,blur,4
6357,7,horse,4,deer,0.93493354,rotation,3
7520,4,deer,6,frog,0.93493146,rotation,5
7300,3,cat,6,frog,0.9349164,rotation,4
9161,6,frog,4,deer,0.9348848,contrast,4
3497,0,airplane,1,automobile,0.9348684,brightness,2
2511,8,ship,0,airplane,0.9348593,contrast,3
1985,6,frog,2,bird,0.9348539,blur,2
1124,3,cat,2,bird,0.9348345,rotation,5
9105,8,ship,0,airplane,0.9348183,blur,2
8011,8,ship,4,deer,0.9348182,brightness,5
9457,1,automobile,9,truck,0.9348108,rotation,2
1628,4,deer,2,bird,0.9347961,rotation,3
7685,9,truck,1,automobile,0.9347913,rotation,5
1985,6,frog,2,bird,0.934783,contrast,3
5085,2,bird,6,frog,0.93477756,noise,2
5747,8,ship,0,airplane,0.93477684,rotation,2
1218,8,ship,0,airplane,0.93475986,rotation,2
456,3,cat,4,deer,0.9347519,brightness,1
3430,8,ship,0,airplane,0.93474686,blur,4
8254,8,ship,6,frog,0.93473184,rotation,4
8502,1,automobile,0,airplane,0.9347254,blur,5
3771,2,bird,0,airplane,0.93472123,blur,1
6433,8,ship,6,frog,0.9347151,rotation,4
8123,1,automobile,0,airplane,0.9346917,contrast,5
596,7,horse,6,frog,0.93467593,rotation,5
5098,5,dog,2,bird,0.9346728,contrast,1
2510,4,deer,6,frog,0.9346706,rotation,5
2413,4,deer,6,frog,0.93466955,rotation,2
3051,8,ship,2,bird,0.9346633,brightness,4
1521,7,horse,4,deer,0.93466103,contrast,4
1582,9,truck,6,frog,0.9346582,brightness,3
1648,8,ship,1,automobile,0.93465096,rotation,4
4543,1,automobile,0,airplane,0.9346284,blur,5
2522,1,automobile,0,airplane,0.93457824,blur,4
6075,3,cat,6,frog,0.93455285,noise,2
8374,4,deer,6,frog,0.9345445,noise,3
129,2,bird,0,airplane,0.934539,contrast,5
1091,8,ship,0,airplane,0.93452173,blur,3
2990,4,deer,6,frog,0.93449956,rotation,5
6580,1,automobile,2,bird,0.934499,blur,2
8688,8,ship,2,bird,0.9344967,rotation,5
1126,2,bird,0,airplane,0.9344812,contrast,5
665,8,ship,0,airplane,0.934478,brightness,4
8735,3,cat,2,bird,0.9344738,contrast,2
3771,2,bird,0,airplane,0.93446416,blur,2
683,8,ship,0,airplane,0.93446195,contrast,5
8788,5,dog,2,bird,0.93443596,contrast,4
9753,3,cat,6,frog,0.9343866,rotation,4
5546,7,horse,6,frog,0.934369,rotation,4
9817,9,truck,1,automobile,0.93434185,rotation,3
5794,7,horse,0,airplane,0.9343363,blur,1
5416,9,truck,1,automobile,0.93428963,rotation,2
4936,3,cat,6,frog,0.93428296,noise,2
9025,5,dog,6,frog,0.9342657,rotation,5
4147,3,cat,2,bird,0.9342644,blur,1
4951,7,horse,2,bird,0.93425435,brightness,2
5367,0,airplane,6,frog,0.93422925,rotation,4
845,3,cat,0,airplane,0.9342146,contrast,3
3383,8,ship,0,airplane,0.93420136,rotation,4
6669,5,dog,4,deer,0.93418473,brightness,5
8667,4,deer,2,bird,0.9341677,brightness,2
8166,2,bird,6,frog,0.9341498,noise,2
8918,7,horse,6,frog,0.93413466,rotation,5
7830,2,bird,6,frog,0.9341243,rotation,3
5665,2,bird,0,airplane,0.9341036,brightness,3
3021,8,ship,9,truck,0.93410236,noise,3
2067,7,horse,6,frog,0.9340637,noise,5
3550,0,airplane,4,deer,0.9340633,contrast,2
6357,7,horse,4,deer,0.93404734,brightness,2
3896,7,horse,2,bird,0.9340425,brightness,3
450,2,bird,6,frog,0.9340419,noise,2
6523,6,frog,4,deer,0.9340312,contrast,3
7055,8,ship,6,frog,0.93400085,rotation,5
9787,8,ship,0,airplane,0.9339926,rotation,1
8952,3,cat,6,frog,0.9339875,rotation,5
8109,2,bird,6,frog,0.9339569,rotation,4
4684,1,automobile,6,frog,0.93394023,rotation,4
8320,7,horse,4,deer,0.9339358,noise,1
6669,5,dog,2,bird,0.93392587,blur,4
1430,8,ship,6,frog,0.9339165,rotation,4
5448,9,truck,6,frog,0.93391585,rotation,4
8351,0,airplane,2,bird,0.93391514,rotation,1
4720,8,ship,0,airplane,0.9339147,blur,5
397,3,cat,6,frog,0.93390983,noise,3
5506,3,cat,4,deer,0.93386763,rotation,2
8720,2,bird,0,airplane,0.9338609,blur,3
1091,8,ship,0,airplane,0.9338552,blur,4
9386,4,deer,2,bird,0.9338541,clean,0
9834,8,ship,0,airplane,0.9338489,contrast,5
8225,9,truck,0,airplane,0.9338488,brightness,4
4848,1,automobile,0,airplane,0.933845,blur,3
7404,8,ship,0,airplane,0.93384135,brightness,4
742,0,airplane,1,automobile,0.93383706,rotation,4
8571,7,horse,4,deer,0.9338242,noise,1
634,7,horse,4,deer,0.93382275,noise,1
9989,2,bird,4,deer,0.93382156,noise,1
3561,7,horse,6,frog,0.9338115,noise,3
2173,3,cat,6,frog,0.93379474,noise,1
7986,1,automobile,9,truck,0.93378866,noise,4
7092,2,bird,6,frog,0.933777,rotation,5
3485,1,automobile,0,airplane,0.9337401,blur,5
1229,1,automobile,0,airplane,0.93373394,blur,3
488,5,dog,4,deer,0.93372256,brightness,3
9744,1,automobile,9,truck,0.9337152,contrast,2
882,3,cat,0,airplane,0.9337152,contrast,3
3192,5,dog,4,deer,0.93370265,noise,2
7037,7,horse,6,frog,0.9337001,noise,2
7274,1,automobile,9,truck,0.9336811,brightness,1
7602,2,bird,6,frog,0.933679,noise,1
7640,9,truck,8,ship,0.9336579,blur,1
5834,5,dog,2,bird,0.93365604,contrast,3
4066,6,frog,2,bird,0.93364877,blur,3
9977,5,dog,3,cat,0.9336369,blur,4
5822,3,cat,6,frog,0.9336345,noise,2
7174,3,cat,6,frog,0.9336123,rotation,3
9995,8,ship,0,airplane,0.9336109,contrast,3
8999,3,cat,6,frog,0.9336032,noise,1
8645,1,automobile,0,airplane,0.93360114,contrast,5
5525,3,cat,0,airplane,0.9335898,contrast,4
4697,5,dog,6,frog,0.93358266,noise,1
3726,5,dog,6,frog,0.9335727,noise,4
1430,8,ship,6,frog,0.933567,rotation,3
6486,8,ship,6,frog,0.93355346,contrast,4
7938,2,bird,6,frog,0.93355036,noise,2
3666,5,dog,3,cat,0.93354434,blur,3
6594,8,ship,9,truck,0.93354434,noise,4
5029,3,cat,6,frog,0.9335202,clean,0
668,1,automobile,6,frog,0.93351203,noise,2
5694,5,dog,6,frog,0.9334986,noise,4
6131,3,cat,6,frog,0.9334953,noise,2
9301,7,horse,6,frog,0.9334711,noise,2
2737,8,ship,0,airplane,0.9334466,brightness,4
3521,8,ship,0,airplane,0.9334399,rotation,1
5155,3,cat,5,dog,0.9334304,rotation,3
985,8,ship,0,airplane,0.9334161,blur,2
7878,1,automobile,0,airplane,0.93341595,blur,4
1091,8,ship,0,airplane,0.93341583,blur,5
9498,3,cat,6,frog,0.9334068,brightness,2
6384,7,horse,2,bird,0.93339866,contrast,1
7772,3,cat,6,frog,0.93339497,noise,1
9432,1,automobile,0,airplane,0.9333855,blur,4
1804,5,dog,6,frog,0.93338495,rotation,5
9776,2,bird,4,deer,0.9333775,contrast,2
9744,1,automobile,9,truck,0.93336827,clean,0
569,2,bird,6,frog,0.9333339,rotation,5
76,9,truck,0,airplane,0.9333253,blur,2
8181,3,cat,6,frog,0.9333239,rotation,3
6725,8,ship,1,automobile,0.93329626,rotation,4
8240,7,horse,4,deer,0.9332713,noise,2
7414,8,ship,0,airplane,0.9332617,rotation,2
9873,2,bird,6,frog,0.93324316,rotation,5
6092,5,dog,3,cat,0.93323284,blur,5
9239,8,ship,6,frog,0.9332061,rotation,4
6530,3,cat,6,frog,0.9331778,noise,2
3915,4,deer,6,frog,0.93317336,rotation,4
40,4,deer,2,bird,0.9331546,brightness,2
2627,7,horse,4,deer,0.93315065,noise,1
6212,7,horse,6,frog,0.93314743,rotation,3
456,3,cat,4,deer,0.9331435,brightness,2
8386,3,cat,6,frog,0.9331306,rotation,5
6093,2,bird,6,frog,0.93312615,noise,5
1193,5,dog,2,bird,0.93312263,blur,1
7932,9,truck,0,airplane,0.9331098,contrast,3
9878,5,dog,2,bird,0.93310267,blur,5
4830,3,cat,6,frog,0.93309814,noise,2
4811,2,bird,0,airplane,0.93308794,rotation,2
7913,8,ship,6,frog,0.9330866,rotation,4
8981,7,horse,4,deer,0.9330797,contrast,1
6112,8,ship,3,cat,0.93307215,blur,3
2029,3,cat,6,frog,0.9330569,noise,2
7110,3,cat,6,frog,0.93305475,noise,1
4699,5,dog,2,bird,0.9330513,contrast,2
9978,7,horse,4,deer,0.9330047,noise,1
8065,9,truck,6,frog,0.9329832,rotation,3
2762,4,deer,2,bird,0.9329769,clean,0
6127,5,dog,2,bird,0.93296665,blur,4
2214,4,deer,6,frog,0.9329654,rotation,4
4964,5,dog,4,deer,0.9329269,brightness,2
1535,4,deer,6,frog,0.93291795,rotation,4
6930,2,bird,0,airplane,0.93291545,contrast,4
8767,7,horse,6,frog,0.93291223,rotation,5
7107,2,bird,6,frog,0.9329101,noise,5
4139,5,dog,4,deer,0.9329042,contrast,3
4251,8,ship,0,airplane,0.9329,brightness,3
5603,5,dog,4,deer,0.9328821,noise,1
8260,1,automobile,6,frog,0.93286943,rotation,4
1676,8,ship,0,airplane,0.93286544,rotation,3
9246,3,cat,6,frog,0.9328615,noise,5
1176,1,automobile,6,frog,0.93285644,rotation,5
5458,3,cat,6,frog,0.9328504,rotation,3
6423,5,dog,4,deer,0.9328493,rotation,2
9868,9,truck,0,airplane,0.93284565,contrast,5
6143,9,truck,1,automobile,0.93283194,contrast,2
5812,4,deer,6,frog,0.9328277,rotation,4
9522,3,cat,6,frog,0.9328213,rotation,5
9811,1,automobile,6,frog,0.9328024,noise,2
9886,4,deer,6,frog,0.93279326,rotation,5
6954,7,horse,0,airplane,0.9327226,brightness,1
6202,3,cat,6,frog,0.9327219,brightness,1
5563,1,automobile,6,frog,0.93271995,rotation,4
4846,8,ship,2,bird,0.932716,blur,4
9506,4,deer,2,bird,0.93270737,contrast,4
1834,9,truck,6,frog,0.93270624,rotation,4
4106,3,cat,0,airplane,0.9327062,rotation,2
4093,3,cat,6,frog,0.932703,rotation,4
6016,4,deer,6,frog,0.93265915,noise,5
5924,4,deer,2,bird,0.9326549,contrast,4
6178,5,dog,6,frog,0.9326487,rotation,4
7812,2,bird,6,frog,0.9326321,rotation,5
2497,9,truck,8,ship,0.9326286,noise,1
2277,5,dog,3,cat,0.9326221,blur,3
2355,9,truck,0,airplane,0.9326165,contrast,3
4350,4,deer,6,frog,0.9326122,rotation,4
3121,9,truck,0,airplane,0.9326008,blur,4
1619,4,deer,6,frog,0.9325843,rotation,3
8443,2,bird,6,frog,0.93256503,rotation,5
8276,9,truck,0,airplane,0.9325632,blur,2
9860,0,airplane,2,bird,0.9325476,rotation,2
1471,8,ship,6,frog,0.93253654,rotation,4
5565,3,cat,6,frog,0.93252426,noise,1
3485,1,automobile,8,ship,0.93251747,noise,3
3450,9,truck,1,automobile,0.93250716,noise,1
72,8,ship,0,airplane,0.93249124,rotation,3
5930,5,dog,2,bird,0.93249047,contrast,3
2469,9,truck,6,frog,0.9324824,noise,4
5168,7,horse,6,frog,0.93248034,rotation,4
1979,3,cat,6,frog,0.9324777,noise,1
7113,9,truck,0,airplane,0.932475,contrast,5
2165,2,bird,0,airplane,0.93246377,brightness,1
3191,0,airplane,6,frog,0.93246126,rotation,5
8263,5,dog,6,frog,0.93245286,rotation,5
8249,1,automobile,0,airplane,0.9324461,blur,4
7729,9,truck,6,frog,0.93244594,noise,3
7040,7,horse,0,airplane,0.9324433,blur,1
3334,5,dog,6,frog,0.9324424,noise,1
9643,9,truck,0,airplane,0.9324416,rotation,2
383,9,truck,0,airplane,0.93242675,contrast,5
8292,9,truck,4,deer,0.9324228,contrast,5
331,9,truck,1,automobile,0.9324175,contrast,1
2755,5,dog,4,deer,0.9324138,contrast,2
3409,9,truck,2,bird,0.93238527,blur,3
5922,7,horse,6,frog,0.93238187,rotation,5
5233,1,automobile,6,frog,0.9323798,noise,2
6887,4,deer,6,frog,0.93237823,rotation,5
9360,5,dog,0,airplane,0.9323733,rotation,1
8013,8,ship,0,airplane,0.93236434,rotation,3
5102,5,dog,2,bird,0.9323622,blur,4
1229,1,automobile,0,airplane,0.9323569,blur,4
9140,7,horse,6,frog,0.9323566,rotation,4
6519,2,bird,6,frog,0.9323461,rotation,5
165,4,deer,2,bird,0.9323402,brightness,3
9976,5,dog,6,frog,0.9323086,rotation,5
9850,7,horse,4,deer,0.9323072,brightness,4
2296,9,truck,6,frog,0.932306,rotation,4
8465,9,truck,1,automobile,0.9323019,brightness,1
4258,8,ship,0,airplane,0.93228465,blur,5
6092,5,dog,3,cat,0.93227017,blur,3
5730,5,dog,6,frog,0.9322648,rotation,5
5978,5,dog,3,cat,0.9322299,blur,3
9105,8,ship,0,airplane,0.9322166,rotation,3
1277,2,bird,6,frog,0.9322076,noise,3
1862,5,dog,4,deer,0.9321997,clean,0
8303,8,ship,0,airplane,0.9321989,rotation,2
1804,5,dog,6,frog,0.9321876,rotation,4
8110,5,dog,6,frog,0.932168,noise,3
1472,7,horse,6,frog,0.9321646,rotation,5
1224,7,horse,4,deer,0.93216294,brightness,3
4276,9,truck,6,frog,0.9321472,rotation,4
2566,2,bird,6,frog,0.93214464,noise,4
6287,5,dog,6,frog,0.93213344,noise,1
1453,5,dog,6,frog,0.9321013,noise,2
4937,0,airplane,6,frog,0.93209356,rotation,5
7283,3,cat,6,frog,0.9320725,rotation,5
1628,4,deer,2,bird,0.9320638,clean,0
170,9,truck,6,frog,0.9320575,rotation,5
9984,7,horse,6,frog,0.9320475,rotation,4
6986,5,dog,6,frog,0.93203247,noise,1
1848,3,cat,6,frog,0.93201214,rotation,4
51,8,ship,6,frog,0.9320024,rotation,3
1464,1,automobile,0,airplane,0.9319975,blur,5
3387,3,cat,6,frog,0.93198025,rotation,3
4794,4,deer,2,bird,0.93196493,blur,2
4244,2,bird,6,frog,0.9319583,rotation,4
9386,4,deer,2,bird,0.93194455,blur,2
7878,1,automobile,0,airplane,0.93193644,blur,5
4307,3,cat,2,bird,0.93193555,brightness,4
689,0,airplane,6,frog,0.93191916,noise,2
7784,7,horse,6,frog,0.93190944,rotation,4
806,8,ship,0,airplane,0.9318961,rotation,1
4791,9,truck,6,frog,0.9318817,rotation,5
4250,1,automobile,6,frog,0.93186635,contrast,4
545,9,truck,6,frog,0.93186325,rotation,5
5852,3,cat,6,frog,0.93185675,noise,2
3430,8,ship,0,airplane,0.93185633,rotation,1
3497,0,airplane,1,automobile,0.93184817,clean,0
5665,2,bird,0,airplane,0.93183655,clean,0
8309,4,deer,6,frog,0.93182725,rotation,5
7045,3,cat,6,frog,0.9318171,noise,2
7537,4,deer,6,frog,0.931788,rotation,5
3330,7,horse,5,dog,0.9317871,brightness,1
5221,7,horse,6,frog,0.9317695,rotation,4
6995,1,automobile,6,frog,0.93176836,noise,3
9977,5,dog,3,cat,0.93176186,blur,3
1383,8,ship,6,frog,0.9317605,rotation,5
8269,8,ship,0,airplane,0.9317539,blur,3
9764,2,bird,0,airplane,0.9317422,blur,1
1696,4,deer,0,airplane,0.93173504,brightness,1
5531,8,ship,0,airplane,0.9317253,brightness,5
3844,2,bird,6,frog,0.93171483,rotation,5
6762,7,horse,6,frog,0.93171483,rotation,5
2759,3,cat,6,frog,0.9317006,rotation,3
7878,1,automobile,0,airplane,0.9316982,contrast,5
3801,2,bird,0,airplane,0.9316924,clean,0
3015,6,frog,2,bird,0.93169063,blur,4
9188,5,dog,2,bird,0.93167335,brightness,3
2076,3,cat,6,frog,0.9316604,noise,5
9977,5,dog,3,cat,0.93164533,blur,5
8849,9,truck,0,airplane,0.9316442,brightness,5
6441,5,dog,6,frog,0.9316385,noise,3
5351,7,horse,6,frog,0.9316213,noise,3
456,3,cat,4,deer,0.9316199,brightness,4
1993,3,cat,4,deer,0.9316122,rotation,3
5508,7,horse,6,frog,0.9316094,rotation,4
5780,7,horse,6,frog,0.93160623,rotation,5
1004,8,ship,0,airplane,0.931605,brightness,4
3632,1,automobile,0,airplane,0.93160266,contrast,4
9509,4,deer,6,frog,0.9315881,rotation,5
6065,5,dog,6,frog,0.9315826,rotation,4
3003,2,bird,0,airplane,0.93156314,rotation,1
4906,5,dog,3,cat,0.9315628,clean,0
8430,9,truck,6,frog,0.931562,rotation,4
2784,1,automobile,0,airplane,0.9315593,brightness,5
2596,9,truck,6,frog,0.9315592,noise,3
306,8,ship,9,truck,0.93155676,clean,0
3549,1,automobile,0,airplane,0.9315549,blur,3
465,4,deer,2,bird,0.9315486,blur,4
8149,9,truck,6,frog,0.9315326,rotation,4
9061,7,horse,4,deer,0.93153065,contrast,5
222,9,truck,6,frog,0.9315181,rotation,5
2708,4,deer,6,frog,0.9315104,rotation,5
5826,7,horse,4,deer,0.93149644,contrast,5
9892,5,dog,2,bird,0.9314894,contrast,3
5864,9,truck,1,automobile,0.93148506,clean,0
9162,1,automobile,0,airplane,0.93148476,contrast,4
6723,5,dog,6,frog,0.9314802,rotation,4
8370,4,deer,6,frog,0.9314623,blur,2
9126,1,automobile,6,frog,0.93145174,noise,5
7449,0,airplane,6,frog,0.9314312,brightness,4
7710,9,truck,6,frog,0.931422,rotation,4
1837,9,truck,6,frog,0.9314201,brightness,5
173,8,ship,6,frog,0.93140924,rotation,4
7068,2,bird,0,airplane,0.9313995,contrast,2
4623,5,dog,3,cat,0.9313597,blur,3
1686,0,airplane,6,frog,0.93135375,rotation,4
8075,8,ship,0,airplane,0.93132466,rotation,5
5560,3,cat,6,frog,0.93131876,rotation,4
8735,3,cat,2,bird,0.9313104,contrast,4
1477,7,horse,4,deer,0.93130904,noise,1
201,1,automobile,0,airplane,0.93130606,blur,5
426,3,cat,6,frog,0.93130535,rotation,1
7040,7,horse,0,airplane,0.93129843,contrast,1
9579,2,bird,6,frog,0.93129045,rotation,4
5985,4,deer,2,bird,0.9312844,rotation,3
7617,2,bird,0,airplane,0.9312798,clean,0
7487,1,automobile,6,frog,0.93127036,rotation,4
8651,4,deer,2,bird,0.931253,brightness,4
7627,3,cat,6,frog,0.9312406,rotation,5
7244,5,dog,6,frog,0.9312315,rotation,4
744,9,truck,6,frog,0.93122274,noise,5
3188,4,deer,6,frog,0.9312187,rotation,4
974,7,horse,0,airplane,0.9312136,brightness,1
808,7,horse,2,bird,0.9312128,noise,2
731,2,bird,0,airplane,0.9312019,brightness,5
7067,9,truck,6,frog,0.9311971,rotation,5
7783,3,cat,6,frog,0.93119645,noise,3
3748,5,dog,6,frog,0.93115956,noise,5
6741,9,truck,0,airplane,0.9311428,contrast,3
1710,4,deer,6,frog,0.93112606,rotation,4
3544,1,automobile,8,ship,0.9311159,contrast,5
8698,6,frog,4,deer,0.9311052,contrast,5
1934,7,horse,0,airplane,0.93110347,contrast,1
8220,6,frog,2,bird,0.9310987,blur,3
8913,8,ship,0,airplane,0.93109685,rotation,1
2763,4,deer,6,frog,0.9310752,noise,5
6512,2,bird,6,frog,0.9310647,rotation,5
6753,4,deer,6,frog,0.93106353,rotation,4
5646,4,deer,0,airplane,0.93105704,brightness,1
9315,7,horse,6,frog,0.93105036,rotation,4
1294,8,ship,0,airplane,0.9310441,contrast,2
5098,5,dog,2,bird,0.93103534,brightness,2
3997,2,bird,6,frog,0.9310332,rotation,5
4849,5,dog,6,frog,0.9310276,rotation,4
9989,2,bird,4,deer,0.93102616,brightness,4
9574,4,deer,2,bird,0.9310122,blur,2
1254,2,bird,0,airplane,0.9309906,blur,4
8135,7,horse,2,bird,0.9309863,brightness,3
8342,1,automobile,0,airplane,0.9309843,blur,5
6320,0,airplane,6,frog,0.9309753,rotation,5
6143,9,truck,1,automobile,0.93096465,brightness,2
9070,2,bird,6,frog,0.9309539,noise,4
818,8,ship,6,frog,0.93094957,rotation,4
4895,1,automobile,6,frog,0.9309405,rotation,5
3450,9,truck,1,automobile,0.93091923,contrast,3
1294,8,ship,0,airplane,0.9309093,rotation,1
6434,0,airplane,8,ship,0.93087757,contrast,4
8577,3,cat,6,frog,0.9308571,brightness,4
3242,4,deer,6,frog,0.9308558,rotation,5
779,5,dog,6,frog,0.9308532,noise,1
1391,7,horse,6,frog,0.9308463,rotation,5
9349,9,truck,0,airplane,0.9308443,contrast,1
201,1,automobile,0,airplane,0.9308353,blur,4
9137,2,bird,6,frog,0.93083286,noise,4
8507,8,ship,0,airplane,0.93082684,blur,2
8295,3,cat,0,airplane,0.9308261,contrast,2
5023,2,bird,6,frog,0.93082607,rotation,3
2494,5,dog,4,deer,0.9308082,noise,1
9022,3,cat,6,frog,0.9307621,rotation,4
6539,7,horse,2,bird,0.9307365,blur,5
456,3,cat,4,deer,0.9307132,contrast,5
5804,0,airplane,6,frog,0.9307109,rotation,4
8985,9,truck,0,airplane,0.9307052,rotation,1
9001,1,automobile,6,frog,0.9306967,rotation,4
2277,5,dog,3,cat,0.9306856,blur,4
7173,1,automobile,6,frog,0.9306819,noise,3
591,9,truck,1,automobile,0.93068004,rotation,5
7632,0,airplane,2,bird,0.9306727,brightness,2
6112,8,ship,3,cat,0.93067163,blur,5
7232,9,truck,1,automobile,0.93066204,blur,1
9418,8,ship,6,frog,0.9306604,rotation,4
288,7,horse,3,cat,0.9306437,blur,4
8726,9,truck,6,frog,0.93062425,rotation,5
2651,5,dog,2,bird,0.93060374,brightness,3
6825,3,cat,6,frog,0.93059546,rotation,4
2962,8,ship,0,airplane,0.9305935,contrast,4
7173,1,automobile,6,frog,0.93059236,rotation,5
5642,5,dog,2,bird,0.9305897,blur,4
370,4,deer,6,frog,0.9305877,rotation,4
1862,5,dog,4,deer,0.93056387,rotation,2
7149,5,dog,6,frog,0.93055457,rotation,4
5559,3,cat,2,bird,0.93055177,rotation,3
263,7,horse,6,frog,0.9305357,rotation,4
2034,3,cat,6,frog,0.93053,rotation,4
4135,1,automobile,0,airplane,0.93052405,contrast,1
2002,4,deer,6,frog,0.9305232,rotation,5
6369,9,truck,6,frog,0.93052083,noise,4
5834,5,dog,2,bird,0.93050635,brightness,2
5937,1,automobile,6,frog,0.93046933,noise,2
1611,3,cat,6,frog,0.9304655,noise,2
9032,9,truck,0,airplane,0.93041503,blur,3
3791,2,bird,6,frog,0.93039656,rotation,5
88,8,ship,5,dog,0.93038106,blur,2
9217,9,truck,0,airplane,0.93037325,contrast,3
6522,9,truck,1,automobile,0.9303672,clean,0
711,8,ship,0,airplane,0.93036395,brightness,3
3204,5,dog,3,cat,0.930362,brightness,4
5371,7,horse,6,frog,0.93036056,noise,3
1806,1,automobile,6,frog,0.93033344,rotation,4
5694,5,dog,6,frog,0.93031114,noise,2
3771,2,bird,0,airplane,0.93030894,rotation,3
2165,2,bird,0,airplane,0.9302832,rotation,2
526,0,airplane,6,frog,0.9302747,rotation,4
9764,2,bird,0,airplane,0.93027365,contrast,5
6150,1,automobile,0,airplane,0.93027306,contrast,5
1886,8,ship,6,frog,0.9302688,rotation,4
6500,7,horse,4,deer,0.930266,contrast,5
2524,3,cat,6,frog,0.9302571,rotation,3
2320,5,dog,2,bird,0.930231,rotation,5
4951,7,horse,2,bird,0.93022096,brightness,1
7334,5,dog,3,cat,0.9302143,blur,3
519,8,ship,0,airplane,0.9301865,rotation,1
2535,0,airplane,6,frog,0.93018454,rotation,5
7370,3,cat,6,frog,0.9301568,rotation,5
5635,7,horse,4,deer,0.93012667,noise,2
165,4,deer,2,bird,0.9301224,blur,5
4042,4,deer,0,airplane,0.9301206,brightness,1
440,1,automobile,6,frog,0.9300607,noise,3
2926,9,truck,2,bird,0.9300506,blur,4
2897,3,cat,6,frog,0.93003255,rotation,5
3615,6,frog,2,bird,0.93003243,noise,1
9312,9,truck,0,airplane,0.9300109,blur,5
4381,7,horse,2,bird,0.92999035,rotation,5
9770,4,deer,6,frog,0.9299895,rotation,4
2275,6,frog,4,deer,0.9299807,blur,1
4066,6,frog,2,bird,0.92997086,brightness,1
8821,7,horse,2,bird,0.92997015,blur,4
7232,9,truck,1,automobile,0.9299682,noise,2
4227,4,deer,6,frog,0.92995954,noise,2
3061,7,horse,6,frog,0.9299581,rotation,4
440,1,automobile,6,frog,0.929854,noise,4
4540,9,truck,6,frog,0.92984915,rotation,5
3957,9,truck,0,airplane,0.92984295,contrast,5
8420,3,cat,6,frog,0.92982876,rotation,3
1940,5,dog,2,bird,0.9298106,blur,3
9953,7,horse,2,bird,0.9298072,rotation,1
3151,8,ship,0,airplane,0.9297973,rotation,1
2289,1,automobile,6,frog,0.92978966,noise,4
1144,1,automobile,0,airplane,0.9297805,blur,3
9744,1,automobile,9,truck,0.929774,brightness,1
3602,3,cat,6,frog,0.9297563,rotation,4
6044,7,horse,4,deer,0.9297542,brightness,5
5396,1,automobile,6,frog,0.9297293,rotation,4
4436,4,deer,6,frog,0.9297257,rotation,5
8727,9,truck,0,airplane,0.92971855,contrast,2
1935,6,frog,2,bird,0.929717,contrast,1
5318,1,automobile,0,airplane,0.9297127,brightness,3
7932,9,truck,0,airplane,0.9297124,contrast,1
6219,7,horse,4,deer,0.9297034,noise,2
7605,2,bird,4,deer,0.92969406,contrast,4
9449,9,truck,0,airplane,0.9296908,contrast,3
2365,7,horse,6,frog,0.92964625,rotation,4
7660,7,horse,4,deer,0.92964417,brightness,4
3966,4,deer,6,frog,0.9296314,noise,5
2825,2,bird,6,frog,0.92962223,rotation,3
4762,1,automobile,6,frog,0.9295972,noise,2
1944,4,deer,6,frog,0.92957866,rotation,4
7932,9,truck,0,airplane,0.9295481,contrast,2
7669,7,horse,4,deer,0.92953837,blur,1
8149,9,truck,6,frog,0.92953724,noise,3
1315,4,deer,0,airplane,0.92950386,rotation,5
4251,8,ship,0,airplane,0.9295027,brightness,4
5331,2,bird,6,frog,0.929487,noise,5
1282,9,truck,1,automobile,0.9294844,rotation,4
7750,3,cat,6,frog,0.9294747,rotation,3
9794,1,automobile,0,airplane,0.92946863,contrast,2
1193,5,dog,2,bird,0.92946255,contrast,3
8331,3,cat,2,bird,0.9294624,contrast,2
1349,8,ship,0,airplane,0.9294621,rotation,2
8926,4,deer,6,frog,0.92944074,rotation,4
6843,1,automobile,6,frog,0.9294297,rotation,4
1895,8,ship,0,airplane,0.92942894,brightness,4
2807,9,truck,6,frog,0.9293936,rotation,3
5963,9,truck,6,frog,0.92939186,rotation,4
1799,4,deer,2,bird,0.9293674,rotation,3
1156,1,automobile,6,frog,0.92934984,rotation,5
4401,1,automobile,6,frog,0.9293322,rotation,4
5473,5,dog,6,frog,0.92932314,rotation,4
7931,9,truck,6,frog,0.9293132,noise,3
9460,3,cat,6,frog,0.92930794,noise,1
3101,7,horse,2,bird,0.92930794,rotation,3
331,9,truck,1,automobile,0.9292369,brightness,2
9268,7,horse,6,frog,0.92921937,rotation,5
2761,7,horse,4,deer,0.9292179,noise,2
6976,3,cat,6,frog,0.9291804,noise,2
2656,9,truck,6,frog,0.9291757,rotation,4
8070,5,dog,6,frog,0.92915064,rotation,4
4825,7,horse,2,bird,0.92914593,blur,2
3847,0,airplane,6,frog,0.9291418,rotation,5
9506,4,deer,6,frog,0.92914015,rotation,4
6752,9,truck,0,airplane,0.9291322,blur,2
4669,6,frog,2,bird,0.9291298,blur,4
3668,2,bird,6,frog,0.9291282,rotation,4
8667,4,deer,2,bird,0.92912334,blur,1
4071,3,cat,2,bird,0.9291046,contrast,3
3032,2,bird,6,frog,0.92910457,noise,3
5576,5,dog,6,frog,0.92908084,rotation,5
7207,3,cat,6,frog,0.92907614,noise,2
5393,4,deer,2,bird,0.9290716,clean,0
1150,2,bird,4,deer,0.9290683,brightness,2
5795,7,horse,4,deer,0.92906463,blur,4
2062,7,horse,4,deer,0.92905164,noise,1
6816,1,automobile,0,airplane,0.9290471,blur,4
8577,3,cat,6,frog,0.9290358,brightness,3
2755,5,dog,4,deer,0.9290181,noise,2
9780,4,deer,6,frog,0.9290081,noise,3
8117,8,ship,0,airplane,0.9289993,rotation,4
2494,5,dog,4,deer,0.9289268,clean,0
4452,2,bird,6,frog,0.9289145,rotation,5
9386,4,deer,2,bird,0.9289102,blur,5
7210,3,cat,6,frog,0.92890525,rotation,3
4452,2,bird,6,frog,0.92890084,rotation,4
3402,4,deer,6,frog,0.9288882,rotation,4
4303,5,dog,6,frog,0.92888355,noise,2
6292,6,frog,2,bird,0.92887706,blur,3
9360,5,dog,0,airplane,0.9288749,contrast,4
6317,9,truck,0,airplane,0.92887205,contrast,1
4055,1,automobile,0,airplane,0.9288691,contrast,3
2239,7,horse,6,frog,0.9288555,rotation,4
8855,4,deer,6,frog,0.9288375,rotation,4
473,0,airplane,6,frog,0.9288345,rotation,5
6112,8,ship,3,cat,0.9288026,blur,4
490,1,automobile,0,airplane,0.9287999,contrast,5
9447,4,deer,6,frog,0.9287736,rotation,5
1178,6,frog,2,bird,0.92876536,brightness,1
3334,5,dog,2,bird,0.928756,blur,3
6381,9,truck,1,automobile,0.9287504,brightness,4
219,2,bird,6,frog,0.9287478,rotation,5
3146,2,bird,6,frog,0.9286988,noise,2
3229,9,truck,6,frog,0.92869484,rotation,4
8938,1,automobile,6,frog,0.9286846,noise,4
3347,9,truck,6,frog,0.92868197,rotation,5
1053,3,cat,6,frog,0.9286652,rotation,4
9038,2,bird,6,frog,0.9286638,rotation,4
2957,8,ship,9,truck,0.92866266,noise,2
68,3,cat,6,frog,0.92866135,rotation,5
9360,5,dog,0,airplane,0.92865896,noise,1
1834,9,truck,6,frog,0.92864746,rotation,5
859,8,ship,6,frog,0.9286412,rotation,4
5663,8,ship,6,frog,0.9286336,rotation,4
4043,3,cat,6,frog,0.92863,noise,2
7214,3,cat,5,dog,0.92862916,brightness,1
9986,8,ship,0,airplane,0.92862564,blur,4
4795,5,dog,3,cat,0.9286249,rotation,1
4699,5,dog,2,bird,0.9286123,clean,0
2544,2,bird,6,frog,0.92860943,rotation,5
1915,9,truck,3,cat,0.92860746,blur,2
2522,1,automobile,0,airplane,0.9285951,blur,5
8309,4,deer,6,frog,0.92857486,noise,5
7399,3,cat,6,frog,0.92857033,noise,2
4846,8,ship,6,frog,0.9285672,brightness,5
6178,5,dog,6,frog,0.9285527,rotation,5
3586,8,ship,0,airplane,0.92853683,rotation,2
3306,5,dog,6,frog,0.9285314,rotation,5
9063,7,horse,2,bird,0.92853004,blur,5
3967,4,deer,6,frog,0.92852986,rotation,4
118,2,bird,6,frog,0.92852503,rotation,3
8016,4,deer,6,frog,0.9285203,noise,3
683,8,ship,0,airplane,0.92851496,contrast,1
6603,9,truck,6,frog,0.92850804,noise,2
6539,7,horse,2,bird,0.92850673,blur,4
9334,7,horse,6,frog,0.9284794,rotation,4
201,1,automobile,0,airplane,0.9284749,brightness,3
5277,8,ship,0,airplane,0.92846555,blur,3
2492,8,ship,0,airplane,0.9284152,blur,5
9657,5,dog,6,frog,0.9283979,noise,1
364,9,truck,1,automobile,0.9283841,rotation,5
40,4,deer,2,bird,0.92836326,brightness,4
6522,9,truck,1,automobile,0.92835104,rotation,2
9985,5,dog,3,cat,0.9283456,blur,4
598,5,dog,2,bird,0.92833793,contrast,2
4263,6,frog,5,dog,0.928334,blur,2
7277,4,deer,6,frog,0.92832065,rotation,5
3550,0,airplane,4,deer,0.9283205,brightness,1
3015,6,frog,2,bird,0.9283188,blur,5
1642,5,dog,6,frog,0.9283141,rotation,5
7106,8,ship,0,airplane,0.9283045,rotation,1
1291,9,truck,0,airplane,0.9283019,blur,3
6849,4,deer,2,bird,0.92830163,blur,1
23,9,truck,1,automobile,0.9283005,rotation,5
5873,4,deer,6,frog,0.92828953,rotation,5
1790,7,horse,4,deer,0.9282857,noise,1
3596,2,bird,4,deer,0.92824996,contrast,3
4964,5,dog,2,bird,0.9282384,blur,4
4988,5,dog,6,frog,0.9282349,rotation,5
8968,8,ship,6,frog,0.9282217,rotation,4
7736,3,cat,6,frog,0.92817765,rotation,5
2542,2,bird,0,airplane,0.92817533,brightness,3
7702,4,deer,6,frog,0.9281731,rotation,4
1606,3,cat,6,frog,0.9281629,noise,2
957,3,cat,6,frog,0.9281481,rotation,4
5296,4,deer,2,bird,0.9281454,blur,2
9967,3,cat,6,frog,0.9281373,noise,2
5154,2,bird,0,airplane,0.92813075,clean,0
6861,8,ship,0,airplane,0.9281224,brightness,3
9012,8,ship,0,airplane,0.928119,contrast,3
5890,3,cat,2,bird,0.92811567,contrast,1
6093,2,bird,6,frog,0.928111,rotation,5
2029,3,cat,6,frog,0.9281018,rotation,4
2228,7,horse,4,deer,0.9280992,contrast,5
1950,5,dog,6,frog,0.9280912,rotation,4
687,6,frog,2,bird,0.92808276,contrast,3
3828,1,automobile,0,airplane,0.92804384,brightness,1
8725,8,ship,6,frog,0.92803717,rotation,4
5265,2,bird,6,frog,0.92803127,rotation,5
4239,4,deer,2,bird,0.92802054,rotation,1
3654,3,cat,2,bird,0.9279969,brightness,4
9066,1,automobile,6,frog,0.92799425,rotation,5
4036,7,horse,0,airplane,0.9279872,brightness,1
7893,1,automobile,6,frog,0.92798394,rotation,4
9835,7,horse,4,deer,0.9279769,clean,0
8705,6,frog,2,bird,0.92796946,blur,5
9386,4,deer,2,bird,0.92792284,contrast,1
2737,8,ship,0,airplane,0.92791206,brightness,3
7930,2,bird,0,airplane,0.9278778,brightness,4
9449,9,truck,0,airplane,0.92787015,blur,2
4071,3,cat,2,bird,0.9278672,rotation,2
7274,1,automobile,9,truck,0.92786443,contrast,3
1524,3,cat,6,frog,0.9278566,rotation,4
1404,1,automobile,6,frog,0.92784137,rotation,5
4628,5,dog,2,bird,0.9278401,contrast,5
1241,0,airplane,8,ship,0.9278172,contrast,2
4512,8,ship,0,airplane,0.92781556,rotation,3
165,4,deer,2,bird,0.9278087,brightness,2
5290,3,cat,6,frog,0.92780226,noise,2
1895,8,ship,0,airplane,0.92779195,rotation,2
2901,2,bird,0,airplane,0.9277886,rotation,2
6204,4,deer,6,frog,0.9277646,rotation,4
9659,4,deer,6,frog,0.92775595,noise,5
3639,7,horse,6,frog,0.9277456,rotation,4
687,6,frog,2,bird,0.92773265,contrast,4
5072,6,frog,2,bird,0.92772806,blur,1
293,9,truck,1,automobile,0.9276935,brightness,1
7617,2,bird,0,airplane,0.92769253,brightness,1
1506,5,dog,4,deer,0.92769206,brightness,5
5326,7,horse,6,frog,0.9276786,noise,4
5881,3,cat,5,dog,0.9276739,blur,1
9960,2,bird,0,airplane,0.927672,contrast,2
3044,7,horse,4,deer,0.9276624,noise,1
4285,1,automobile,6,frog,0.9276565,contrast,4
7746,2,bird,0,airplane,0.92764145,rotation,5
2246,9,truck,6,frog,0.9276303,rotation,4
4499,3,cat,6,frog,0.92762893,rotation,4
6205,1,automobile,0,airplane,0.92762536,blur,3
7323,3,cat,4,deer,0.927611,contrast,3
6587,3,cat,6,frog,0.9276002,noise,3
428,0,airplane,6,frog,0.9275949,brightness,4
6603,9,truck,6,frog,0.9275784,noise,3
6753,4,deer,6,frog,0.9275637,noise,1
1331,8,ship,0,airplane,0.9275626,blur,5
2689,5,dog,6,frog,0.92755306,noise,1
7235,2,bird,6,frog,0.92755306,noise,4
4712,4,deer,6,frog,0.9275341,rotation,5
3906,3,cat,2,bird,0.92752177,rotation,4
4320,1,automobile,0,airplane,0.92750734,contrast,2
5565,3,cat,6,frog,0.92750734,rotation,2
9541,4,deer,6,frog,0.92749655,rotation,4
8476,0,airplane,6,frog,0.92748564,noise,4
3478,4,deer,6,frog,0.9274799,rotation,5
6017,9,truck,6,frog,0.9274675,brightness,3
6720,2,bird,6,frog,0.9274593,rotation,5
7769,4,deer,2,bird,0.92745316,rotation,4
5881,3,cat,5,dog,0.92743766,clean,0
5704,4,deer,6,frog,0.92742395,rotation,4
7627,3,cat,6,frog,0.92742336,noise,3
2169,8,ship,0,airplane,0.9274217,rotation,1
4875,1,automobile,6,frog,0.927409,noise,2
4732,2,bird,6,frog,0.9273911,rotation,4
4066,6,frog,2,bird,0.92736673,contrast,2
3472,7,horse,3,cat,0.92736644,blur,3
7916,4,deer,6,frog,0.9273491,rotation,3
1144,1,automobile,0,airplane,0.9273405,blur,4
8321,4,deer,2,bird,0.9273397,blur,3
250,5,dog,6,frog,0.92729926,noise,2
211,4,deer,0,airplane,0.9272758,brightness,1
312,8,ship,0,airplane,0.9272558,contrast,3
5430,7,horse,2,bird,0.92725223,blur,1
9432,1,automobile,0,airplane,0.9272488,blur,5
4390,5,dog,6,frog,0.92723954,noise,3
7461,9,truck,2,bird,0.9272327,contrast,4
2292,5,dog,6,frog,0.9272272,noise,4
624,7,horse,4,deer,0.9272249,noise,1
8576,2,bird,0,airplane,0.9272122,blur,2
9855,7,horse,4,deer,0.9272105,brightness,5
1224,7,horse,4,deer,0.927191,brightness,1
9600,8,ship,0,airplane,0.92717576,rotation,5
733,9,truck,6,frog,0.92716736,rotation,4
4988,5,dog,2,bird,0.92716074,blur,4
4925,5,dog,6,frog,0.92715704,noise,3
5368,3,cat,6,frog,0.92714083,rotation,4
3801,2,bird,0,airplane,0.9271381,brightness,1
6590,5,dog,2,bird,0.9271257,brightness,2
405,4,deer,6,frog,0.927122,rotation,5
3377,7,horse,6,frog,0.9271116,rotation,4
3858,8,ship,6,frog,0.92710775,rotation,4
3413,3,cat,6,frog,0.9271064,rotation,5
7879,3,cat,6,frog,0.92709297,rotation,4
7004,3,cat,0,airplane,0.92706776,brightness,4
1495,2,bird,0,airplane,0.92706627,rotation,2
1506,5,dog,4,deer,0.9270607,contrast,5
5980,9,truck,6,frog,0.9270491,rotation,4
1230,5,dog,3,cat,0.9270378,rotation,1
4307,3,cat,2,bird,0.9270003,blur,3
5805,1,automobile,6,frog,0.9269854,brightness,5
3826,1,automobile,6,frog,0.9269715,noise,4
3220,3,cat,9,truck,0.92696285,noise,2
8740,2,bird,6,frog,0.92695314,rotation,5
6769,3,cat,6,frog,0.9269461,rotation,4
8561,8,ship,6,frog,0.9269457,rotation,4
4066,6,frog,2,bird,0.9269218,contrast,1
3497,0,airplane,1,automobile,0.9269186,brightness,3
3350,8,ship,0,airplane,0.92691535,rotation,2
2302,0,airplane,2,bird,0.92691004,blur,4
3497,0,airplane,1,automobile,0.92690265,brightness,1
3145,9,truck,6,frog,0.92688084,noise,3
8720,2,bird,0,airplane,0.9268734,blur,4
2363,2,bird,6,frog,0.9268064,noise,4
810,5,dog,2,bird,0.926795,noise,1
3896,7,horse,2,bird,0.9267849,clean,0
2432,9,truck,0,airplane,0.92676234,contrast,4
9266,8,ship,0,airplane,0.92674565,rotation,1
1224,7,horse,6,frog,0.9267369,rotation,5
736,1,automobile,0,airplane,0.9267261,contrast,5
4036,7,horse,0,airplane,0.9267027,clean,0
4593,5,dog,6,frog,0.92668647,rotation,5
586,3,cat,6,frog,0.9266767,noise,1
5465,7,horse,4,deer,0.92667454,noise,2
5573,9,truck,6,frog,0.92666644,rotation,5
6722,3,cat,6,frog,0.9266602,rotation,5
8651,4,deer,2,bird,0.92665935,rotation,1
1612,3,cat,6,frog,0.9266526,rotation,5
5797,5,dog,6,frog,0.92664075,rotation,4
5980,9,truck,6,frog,0.9266388,rotation,5
411,9,truck,0,airplane,0.9266188,rotation,1
2286,3,cat,6,frog,0.9266184,noise,2
6428,5,dog,6,frog,0.9266182,noise,3
7214,3,cat,5,dog,0.9266176,contrast,1
6005,4,deer,6,frog,0.92660666,rotation,4
3350,8,ship,0,airplane,0.926601,clean,0
6529,2,bird,6,frog,0.9265999,rotation,5
9794,1,automobile,0,airplane,0.92659885,brightness,1
2277,5,dog,3,cat,0.9265476,blur,5
8333,1,automobile,6,frog,0.9265353,rotation,4
7917,6,frog,2,bird,0.926521,contrast,4
2762,4,deer,2,bird,0.9265207,blur,3
8671,4,deer,6,frog,0.92651016,noise,1
53,3,cat,6,frog,0.92650634,rotation,5
7849,2,bird,0,airplane,0.92650133,rotation,3
6271,6,frog,2,bird,0.92648363,contrast,2
5689,3,cat,6,frog,0.9264769,rotation,5
2078,2,bird,6,frog,0.9264748,brightness,4
6766,8,ship,6,frog,0.92646205,rotation,4
6095,9,truck,8,ship,0.92645425,blur,3
7849,2,bird,0,airplane,0.92644864,brightness,3
6201,3,cat,6,frog,0.9264449,noise,3
1217,4,deer,2,bird,0.9264402,brightness,3
9475,2,bird,6,frog,0.9264294,rotation,3
3035,3,cat,6,frog,0.9264068,rotation,5
701,2,bird,0,airplane,0.9263995,brightness,1
5504,5,dog,6,frog,0.9263767,noise,2
3637,2,bird,6,frog,0.92636096,noise,1
5085,2,bird,6,frog,0.92635494,rotation,4
3914,4,deer,6,frog,0.92634827,rotation,4
2642,7,horse,2,bird,0.92633784,rotation,1
6381,9,truck,1,automobile,0.92632455,brightness,2
4637,3,cat,6,frog,0.92631036,noise,5
4472,4,deer,6,frog,0.9263042,rotation,5
4050,3,cat,6,frog,0.92630297,noise,3
1522,4,deer,6,frog,0.9263028,rotation,5
2226,2,bird,6,frog,0.926301,brightness,5
8342,1,automobile,0,airplane,0.9262682,blur,4
4430,1,automobile,0,airplane,0.9262607,contrast,5
6575,3,cat,6,frog,0.92623013,noise,2
557,4,deer,3,cat,0.9262286,blur,3
9032,9,truck,0,airplane,0.92621195,blur,4
3752,3,cat,6,frog,0.92620957,rotation,4
4106,3,cat,0,airplane,0.92620325,contrast,3
5814,8,ship,0,airplane,0.9261865,rotation,5
5930,5,dog,2,bird,0.92618155,contrast,2
1862,5,dog,4,deer,0.92616856,brightness,1
6127,5,dog,2,bird,0.92616063,contrast,3
201,1,automobile,0,airplane,0.9261475,blur,3
7545,5,dog,2,bird,0.9261474,blur,4
7188,4,deer,2,bird,0.92611784,blur,2
5957,4,deer,6,frog,0.92609906,noise,2
6505,4,deer,6,frog,0.9260961,rotation,5
9635,7,horse,4,deer,0.9260859,brightness,4
7986,1,automobile,8,ship,0.92608076,contrast,5
5387,3,cat,4,deer,0.9260739,brightness,4
4590,9,truck,2,bird,0.92606145,brightness,2
9309,5,dog,6,frog,0.9260605,noise,2
2855,3,cat,6,frog,0.9260557,rotation,5
1696,4,deer,0,airplane,0.92602587,blur,1
4337,1,automobile,6,frog,0.9260185,noise,2
5522,2,bird,3,cat,0.92597395,rotation,2
7617,2,bird,0,airplane,0.9259727,contrast,1
2716,5,dog,6,frog,0.9259686,noise,1
5665,2,bird,0,airplane,0.9259527,rotation,1
6253,5,dog,4,deer,0.92595226,clean,0
4732,2,bird,4,deer,0.92595124,contrast,4
7179,9,truck,6,frog,0.92594,rotation,4
288,7,horse,3,cat,0.92593783,blur,5
3054,4,deer,0,airplane,0.9259176,contrast,4
5763,9,truck,0,airplane,0.92590666,clean,0
2632,3,cat,6,frog,0.92590195,noise,2
6127,5,dog,2,bird,0.9258981,rotation,2
4811,2,bird,0,airplane,0.92585856,blur,2
2173,3,cat,6,frog,0.92585254,noise,2
8335,7,horse,6,frog,0.9258424,rotation,4
1935,6,frog,2,bird,0.9258335,contrast,2
2019,9,truck,6,frog,0.9258003,noise,4
7173,1,automobile,6,frog,0.9257901,rotation,2
5786,4,deer,6,frog,0.9257876,noise,5
306,8,ship,9,truck,0.9257817,brightness,1
6435,9,truck,6,frog,0.92577964,rotation,5
5763,9,truck,0,airplane,0.9257517,contrast,3
5340,3,cat,6,frog,0.92574185,noise,3
7334,5,dog,3,cat,0.9257334,blur,4
4020,8,ship,0,airplane,0.92571867,brightness,1
2651,5,dog,2,bird,0.92571396,brightness,2
1628,4,deer,2,bird,0.92570376,brightness,2
9985,5,dog,3,cat,0.92569363,blur,5
3728,2,bird,3,cat,0.9256871,blur,3
5294,8,ship,6,frog,0.9256868,rotation,5
1247,3,cat,6,frog,0.92568403,noise,2
9761,5,dog,6,frog,0.9256833,noise,2
2675,2,bird,6,frog,0.925679,noise,1
3032,2,bird,6,frog,0.9256732,noise,2
8550,1,automobile,0,airplane,0.92566085,blur,4
7123,6,frog,3,cat,0.92565125,blur,2
5064,5,dog,6,frog,0.9256311,noise,3
3052,3,cat,2,bird,0.92562836,brightness,3
7722,7,horse,6,frog,0.92561674,rotation,5
6038,4,deer,6,frog,0.9256161,noise,2
6566,1,automobile,6,frog,0.9256157,rotation,4
1955,2,bird,6,frog,0.9256155,rotation,5
9560,9,truck,0,airplane,0.9256096,contrast,4
2422,3,cat,4,deer,0.9255823,contrast,2
7016,3,cat,6,frog,0.9255772,noise,2
8553,7,horse,6,frog,0.92557096,noise,2
3430,8,ship,0,airplane,0.92556465,blur,2
4266,3,cat,6,frog,0.92556095,noise,3
1212,1,automobile,6,frog,0.9255479,noise,3
7614,4,deer,6,frog,0.92552674,rotation,5
1850,1,automobile,0,airplane,0.9255238,clean,0
4537,3,cat,6,frog,0.9255154,noise,4
4001,2,bird,6,frog,0.9255117,noise,3
5914,1,automobile,8,ship,0.9255041,contrast,5
5908,3,cat,6,frog,0.9254912,rotation,3
210,7,horse,6,frog,0.9254872,noise,2
9696,1,automobile,0,airplane,0.92544967,blur,4
8779,7,horse,5,dog,0.92544734,blur,1
2057,5,dog,6,frog,0.92543375,noise,2
165,4,deer,2,bird,0.92541945,contrast,1
8821,7,horse,2,bird,0.925415,blur,3
3181,9,truck,6,frog,0.92541456,rotation,5
8644,8,ship,0,airplane,0.9254069,contrast,3
3080,1,automobile,0,airplane,0.9254026,contrast,4
2633,3,cat,6,frog,0.92537475,rotation,3
683,8,ship,0,airplane,0.9253743,rotation,1
339,7,horse,2,bird,0.9253576,blur,5
3715,1,automobile,6,frog,0.92535245,brightness,4
1072,0,airplane,8,ship,0.9253351,contrast,3
3513,3,cat,6,frog,0.92532593,noise,4
6030,8,ship,1,automobile,0.9252829,rotation,5
3699,9,truck,6,frog,0.9252669,brightness,5
2335,5,dog,2,bird,0.92526174,contrast,5
3051,8,ship,2,bird,0.92523766,brightness,2
6155,8,ship,0,airplane,0.9252289,brightness,5
8821,7,horse,2,bird,0.92522746,blur,5
916,3,cat,4,deer,0.92521656,brightness,3
5557,4,deer,6,frog,0.92520654,rotation,4
6822,4,deer,2,bird,0.9251853,contrast,3
4761,9,truck,5,dog,0.9251801,blur,2
695,3,cat,6,frog,0.9251793,rotation,4
3614,3,cat,6,frog,0.92517865,noise,3
4071,3,cat,2,bird,0.9251753,clean,0
2239,7,horse,4,deer,0.92516166,noise,1
9426,2,bird,6,frog,0.92515266,rotation,4
1151,2,bird,6,frog,0.9251515,noise,2
6339,3,cat,6,frog,0.92513543,rotation,3
2721,8,ship,4,deer,0.92512095,noise,2
5628,8,ship,0,airplane,0.9251094,contrast,4
307,2,bird,6,frog,0.9250785,rotation,4
3557,9,truck,6,frog,0.92507815,rotation,4
5985,4,deer,2,bird,0.92507595,rotation,2
7376,1,automobile,5,dog,0.9250725,blur,2
1261,9,truck,6,frog,0.9250718,rotation,5
3833,9,truck,6,frog,0.92502475,rotation,4
4404,3,cat,4,deer,0.92499197,brightness,5
4842,2,bird,0,airplane,0.92498976,brightness,1
5269,5,dog,6,frog,0.92498875,noise,4
188,4,deer,6,frog,0.9249852,noise,3
8730,2,bird,6,frog,0.92497814,noise,2
8791,6,frog,4,deer,0.9249644,contrast,4
8932,6,frog,2,bird,0.9249608,brightness,5
4106,3,cat,0,airplane,0.92494005,contrast,2
9587,7,horse,6,frog,0.924932,rotation,3
85,5,dog,2,bird,0.92492414,blur,2
8735,3,cat,2,bird,0.924921,blur,1
349,9,truck,1,automobile,0.92491937,rotation,5
2592,2,bird,5,dog,0.9249105,blur,1
7911,2,bird,6,frog,0.92490786,noise,4
6913,3,cat,6,frog,0.9249057,noise,2
9785,8,ship,0,airplane,0.92490405,contrast,4
7666,2,bird,4,deer,0.9248999,noise,1
3259,3,cat,6,frog,0.92489773,rotation,4
4003,2,bird,0,airplane,0.9248956,blur,2
1674,4,deer,2,bird,0.92488635,blur,3
3180,3,cat,6,frog,0.9248759,brightness,2
5521,9,truck,2,bird,0.9248656,blur,5
7272,1,automobile,0,airplane,0.9248313,contrast,5
3052,3,cat,2,bird,0.92482966,contrast,2
4750,7,horse,4,deer,0.92481637,brightness,1
7617,2,bird,0,airplane,0.9248125,brightness,3
4965,3,cat,4,deer,0.9247888,blur,2
473,0,airplane,6,frog,0.92477864,rotation,4
8361,8,ship,6,frog,0.924766,rotation,5
4784,0,airplane,8,ship,0.9247637,contrast,3
2701,1,automobile,0,airplane,0.9247491,contrast,3
3440,2,bird,6,frog,0.9247374,rotation,4
1117,5,dog,6,frog,0.92473316,noise,2
6456,2,bird,6,frog,0.92473185,noise,4
766,7,horse,6,frog,0.92472225,noise,4
683,8,ship,0,airplane,0.92470497,blur,1
3180,3,cat,6,frog,0.92469424,brightness,1
4679,4,deer,6,frog,0.92469096,rotation,4
3527,1,automobile,0,airplane,0.9246836,contrast,5
9215,5,dog,3,cat,0.92467546,blur,3
1940,5,dog,2,bird,0.9246133,blur,4
2844,4,deer,3,cat,0.9245917,brightness,4
1895,8,ship,0,airplane,0.924587,rotation,1
8477,5,dog,6,frog,0.9245801,noise,2
721,8,ship,0,airplane,0.92457646,rotation,5
749,5,dog,3,cat,0.9245666,rotation,1
1395,3,cat,6,frog,0.92456627,noise,2
6861,8,ship,0,airplane,0.9245653,brightness,1
360,9,truck,6,frog,0.9245544,rotation,5
6204,4,deer,6,frog,0.9245485,rotation,5
3963,1,automobile,6,frog,0.92454547,rotation,4
5864,9,truck,1,automobile,0.92453504,brightness,1
9563,1,automobile,2,bird,0.92453504,contrast,4
76,9,truck,0,airplane,0.9245153,contrast,5
6690,5,dog,2,bird,0.92450166,brightness,1
1502,2,bird,6,frog,0.92449594,noise,4
9850,7,horse,4,deer,0.92449564,blur,2
1177,9,truck,1,automobile,0.9244797,clean,0
4750,7,horse,4,deer,0.9244688,contrast,2
323,3,cat,6,frog,0.9244674,noise,2
7728,1,automobile,0,airplane,0.92445743,contrast,5
3645,1,automobile,6,frog,0.9244558,rotation,4
947,1,automobile,6,frog,0.9244553,rotation,5
7617,2,bird,0,airplane,0.9244527,brightness,2
8770,6,frog,3,cat,0.92445254,blur,3
3326,4,deer,6,frog,0.92444134,rotation,5
4630,2,bird,6,frog,0.92441434,rotation,4
2673,2,bird,6,frog,0.9244073,rotation,5
9032,9,truck,0,airplane,0.9244007,blur,5
7261,8,ship,0,airplane,0.92438245,blur,4
3327,7,horse,6,frog,0.9243714,noise,3
6848,9,truck,0,airplane,0.9243662,contrast,3
3195,5,dog,6,frog,0.9243652,noise,1
8022,2,bird,6,frog,0.9243584,rotation,4
1935,6,frog,2,bird,0.9243537,blur,2
9780,4,deer,6,frog,0.9243406,rotation,4
3801,2,bird,0,airplane,0.9243375,contrast,1
7449,0,airplane,6,frog,0.9243329,noise,2
7826,9,truck,1,automobile,0.9243287,rotation,3
4307,3,cat,2,bird,0.9243084,brightness,1
9274,8,ship,6,frog,0.92430604,noise,2
3015,6,frog,2,bird,0.9243046,blur,3
2172,5,dog,4,deer,0.92430127,contrast,3
3108,8,ship,4,deer,0.9242991,noise,1
225,9,truck,2,bird,0.92429495,blur,3
1938,8,ship,0,airplane,0.92428845,brightness,5
3912,8,ship,0,airplane,0.92426205,rotation,2
8723,5,dog,2,bird,0.92424303,blur,4
6747,8,ship,0,airplane,0.92422354,blur,3
944,0,airplane,1,automobile,0.92421615,rotation,5
2817,9,truck,6,frog,0.92421275,noise,5
6730,8,ship,2,bird,0.92419434,blur,2
9506,4,deer,2,bird,0.92417866,brightness,2
5930,5,dog,2,bird,0.92417794,brightness,2
3447,4,deer,6,frog,0.9241467,noise,3
5869,7,horse,6,frog,0.92414415,noise,5
7680,3,cat,5,dog,0.9241292,rotation,3
3204,5,dog,3,cat,0.9241288,blur,5
805,4,deer,6,frog,0.924126,rotation,5
1862,5,dog,4,deer,0.92412144,brightness,2
2460,9,truck,6,frog,0.9241186,noise,3
8242,5,dog,6,frog,0.9241086,rotation,5
2817,9,truck,6,frog,0.9241024,rotation,5
6944,5,dog,6,frog,0.924097,rotation,4
5460,0,airplane,3,cat,0.9240792,blur,3
9247,9,truck,6,frog,0.92407596,rotation,5
1632,8,ship,0,airplane,0.9240679,rotation,4
8720,2,bird,0,airplane,0.92406577,blur,5
4411,5,dog,3,cat,0.92406106,blur,4
5533,2,bird,0,airplane,0.92405283,clean,0
4096,8,ship,0,airplane,0.924052,brightness,2
1066,9,truck,6,frog,0.9240511,noise,5
5282,4,deer,6,frog,0.9240478,rotation,4
731,2,bird,0,airplane,0.9240475,blur,3
9060,9,truck,6,frog,0.92402864,rotation,5
279,3,cat,6,frog,0.9240108,noise,3
5763,9,truck,0,airplane,0.92400897,brightness,1
9968,3,cat,2,bird,0.92399615,rotation,1
6827,3,cat,2,bird,0.923987,brightness,3
5646,4,deer,0,airplane,0.9239691,blur,2
8546,8,ship,0,airplane,0.92395544,contrast,4
7948,1,automobile,6,frog,0.92394966,noise,2
6930,2,bird,0,airplane,0.9239423,blur,3
6112,8,ship,3,cat,0.9238955,blur,2
658,4,deer,6,frog,0.9238763,noise,4
703,8,ship,6,frog,0.92384636,rotation,4
2805,4,deer,2,bird,0.92384034,rotation,5
6238,8,ship,0,airplane,0.92381185,rotation,1
9186,7,horse,2,bird,0.92380655,noise,1
201,1,automobile,0,airplane,0.92380047,contrast,5
2661,3,cat,6,frog,0.9237905,noise,2
7840,1,automobile,6,frog,0.9237733,rotation,5
3903,0,airplane,6,frog,0.923772,rotation,4
8225,9,truck,0,airplane,0.92375,brightness,5
1582,9,truck,6,frog,0.92374927,rotation,3
7849,2,bird,0,airplane,0.92374533,rotation,2
7036,3,cat,2,bird,0.923734,clean,0
5192,9,truck,6,frog,0.92368716,brightness,5
7334,5,dog,3,cat,0.92367035,blur,5
277,3,cat,2,bird,0.92366403,contrast,1
8309,4,deer,6,frog,0.92366374,rotation,4
9357,9,truck,6,frog,0.92365,rotation,5
9498,3,cat,6,frog,0.9236317,noise,1
3607,3,cat,2,bird,0.92363083,contrast,3
9857,0,airplane,1,automobile,0.92362803,rotation,5
3464,9,truck,1,automobile,0.92362136,rotation,2
1180,3,cat,6,frog,0.92360926,noise,3
6849,4,deer,2,bird,0.9236051,contrast,2
8200,3,cat,6,frog,0.92359734,rotation,5
714,4,deer,6,frog,0.9235822,rotation,4
426,3,cat,6,frog,0.92356277,rotation,2
1684,1,automobile,8,ship,0.92355466,contrast,1
2453,3,cat,4,deer,0.92354864,clean,0
9389,8,ship,0,airplane,0.92354274,blur,2
7082,2,bird,0,airplane,0.92353725,rotation,2
6181,8,ship,1,automobile,0.9235349,rotation,2
3491,3,cat,6,frog,0.92353153,noise,3
9175,8,ship,6,frog,0.92352974,noise,3
9892,5,dog,6,frog,0.9234978,rotation,5
3492,9,truck,6,frog,0.92349386,noise,5
5930,5,dog,2,bird,0.9234894,blur,2
2422,3,cat,4,deer,0.9234867,contrast,3
279,3,cat,6,frog,0.92348176,rotation,3
4945,9,truck,6,frog,0.9234739,rotation,4
357,2,bird,6,frog,0.92345744,noise,4
6440,3,cat,6,frog,0.9234426,rotation,4
5864,9,truck,1,automobile,0.92343295,brightness,2
8432,5,dog,3,cat,0.9234305,blur,3
9503,2,bird,4,deer,0.9234259,brightness,5
4637,3,cat,6,frog,0.9234227,noise,2
7446,5,dog,6,frog,0.923417,rotation,5
9429,4,deer,6,frog,0.92341435,rotation,5
5834,5,dog,2,bird,0.9233989,brightness,3
8386,3,cat,6,frog,0.9233751,rotation,4
2460,9,truck,6,frog,0.92336106,rotation,5
7822,2,bird,6,frog,0.92334765,rotation,4
2480,8,ship,6,frog,0.92334604,rotation,4
3505,4,deer,2,bird,0.9233456,blur,3
6161,4,deer,6,frog,0.92334044,noise,5
2755,5,dog,4,deer,0.9233283,brightness,4
6868,9,truck,0,airplane,0.923325,rotation,2
4578,4,deer,6,frog,0.9233233,rotation,5
7042,8,ship,6,frog,0.9233189,rotation,4
1935,6,frog,2,bird,0.9233056,clean,0
5130,5,dog,2,bird,0.923305,brightness,4
8425,6,frog,2,bird,0.923299,brightness,2
6354,7,horse,6,frog,0.92329687,noise,3
1561,5,dog,6,frog,0.92329484,noise,5
1292,4,deer,6,frog,0.923292,rotation,2
5633,4,deer,2,bird,0.9232917,blur,5
7849,2,bird,0,airplane,0.92327684,clean,0
1178,6,frog,2,bird,0.92327195,brightness,3
7214,3,cat,5,dog,0.9232565,rotation,3
4036,7,horse,0,airplane,0.92325217,brightness,2
1229,1,automobile,0,airplane,0.923249,blur,5
7408,4,deer,6,frog,0.9232447,rotation,4
1548,5,dog,4,deer,0.9232446,brightness,3
3246,1,automobile,6,frog,0.9232131,rotation,4
8351,0,airplane,2,bird,0.92320675,clean,0
9349,9,truck,0,airplane,0.92320144,clean,0
260,8,ship,3,cat,0.9231999,blur,2
3444,0,airplane,2,bird,0.9231987,clean,0
3042,8,ship,6,frog,0.923198,rotation,5
7217,8,ship,0,airplane,0.9231912,blur,2
8438,1,automobile,6,frog,0.92319006,rotation,5
225,9,truck,6,frog,0.923174,contrast,5
4791,9,truck,6,frog,0.9231683,rotation,4
7563,9,truck,6,frog,0.92316264,noise,3
787,9,truck,0,airplane,0.9231615,blur,3
1254,2,bird,0,airplane,0.92315656,blur,5
6486,8,ship,6,frog,0.9231539,noise,1
7808,8,ship,6,frog,0.9231442,rotation,5
4965,3,cat,4,deer,0.9231325,clean,0
8326,3,cat,6,frog,0.9231225,rotation,4
6510,4,deer,6,frog,0.92311597,noise,5
2703,9,truck,0,airplane,0.9231146,contrast,2
4267,7,horse,6,frog,0.92310697,rotation,4
5102,5,dog,2,bird,0.9231064,blur,5
4170,1,automobile,6,frog,0.923096,rotation,5
5924,4,deer,2,bird,0.92307657,rotation,2
1929,2,bird,6,frog,0.92306215,rotation,5
714,4,deer,6,frog,0.9230589,rotation,5
4003,2,bird,0,airplane,0.92304164,brightness,3
4750,7,horse,4,deer,0.92304003,contrast,3
9472,8,ship,6,frog,0.9230325,rotation,5
6783,3,cat,6,frog,0.92303085,contrast,2
1475,9,truck,1,automobile,0.9230291,rotation,2
8432,5,dog,3,cat,0.92302805,blur,4
2511,8,ship,1,automobile,0.92302376,rotation,4
2172,5,dog,4,deer,0.92301553,brightness,4
7449,0,airplane,6,frog,0.923004,brightness,3
9287,9,truck,0,airplane,0.92297757,blur,5
4823,5,dog,3,cat,0.9229598,blur,1
6554,5,dog,4,deer,0.92295766,brightness,5
8473,2,bird,0,airplane,0.9229548,brightness,2
2989,5,dog,6,frog,0.922933,brightness,3
4846,8,ship,6,frog,0.9229211,rotation,4
6988,4,deer,2,bird,0.92288005,brightness,1
7433,5,dog,6,frog,0.9228741,noise,2
6624,4,deer,6,frog,0.9228685,noise,5
2117,7,horse,6,frog,0.9228637,rotation,4
5276,9,truck,6,frog,0.9228571,rotation,3
9518,9,truck,6,frog,0.92285246,noise,4
1810,1,automobile,8,ship,0.9228321,blur,3
1391,7,horse,6,frog,0.92282474,rotation,4
910,5,dog,4,deer,0.9228216,contrast,5
4003,2,bird,0,airplane,0.9228146,brightness,4
2219,5,dog,6,frog,0.92281157,noise,3
2059,9,truck,0,airplane,0.92281026,contrast,5
8012,3,cat,6,frog,0.92280716,rotation,4
8413,9,truck,2,bird,0.92280596,blur,2
4015,1,automobile,3,cat,0.9228058,blur,4
8125,8,ship,1,automobile,0.92279947,rotation,5
470,3,cat,4,deer,0.92279816,noise,1
8407,8,ship,0,airplane,0.9227949,brightness,4
5506,3,cat,4,deer,0.9227947,rotation,1
8331,3,cat,2,bird,0.9227945,blur,2
9743,9,truck,1,automobile,0.92277086,contrast,3
7849,2,bird,0,airplane,0.92275774,brightness,2
811,3,cat,2,bird,0.9227213,contrast,4
8774,3,cat,6,frog,0.92271835,noise,2
1909,3,cat,6,frog,0.92271763,rotation,5
9774,5,dog,6,frog,0.9227144,noise,1
557,4,deer,3,cat,0.92270863,blur,2
4106,3,cat,0,airplane,0.9226985,blur,1
8599,4,deer,2,bird,0.92269737,brightness,1
3474,2,bird,6,frog,0.9226743,rotation,5
7209,0,airplane,4,deer,0.92266285,noise,2
1205,8,ship,0,airplane,0.9226467,brightness,5
7815,0,airplane,8,ship,0.9226456,noise,1
9287,9,truck,0,airplane,0.9226318,contrast,5
4744,6,frog,0,airplane,0.92262846,contrast,2
9432,1,automobile,0,airplane,0.92262185,contrast,5
9834,8,ship,0,airplane,0.92262137,blur,4
7112,2,bird,0,airplane,0.9226189,rotation,5
4993,7,horse,6,frog,0.9226038,rotation,4
749,5,dog,3,cat,0.92259306,blur,1
5665,2,bird,0,airplane,0.92259,brightness,2
7313,3,cat,2,bird,0.9225817,rotation,5
8990,1,automobile,6,frog,0.9225733,rotation,4
8443,2,bird,6,frog,0.9225629,rotation,4
4149,9,truck,6,frog,0.92255294,rotation,4
9521,2,bird,6,frog,0.9225295,rotation,5
3637,2,bird,6,frog,0.92252517,noise,2
9347,8,ship,6,frog,0.92251635,rotation,4
8432,5,dog,3,cat,0.9225143,blur,5
6193,9,truck,6,frog,0.9225076,rotation,5
9776,2,bird,4,deer,0.9225075,brightness,1
9341,2,bird,6,frog,0.9224992,noise,2
6579,9,truck,6,frog,0.92249626,rotation,4
5050,3,cat,6,frog,0.9224915,noise,3
8651,4,deer,2,bird,0.9224859,rotation,5
5435,7,horse,4,deer,0.922484,contrast,4
2422,3,cat,4,deer,0.92248327,contrast,1
4013,1,automobile,6,frog,0.9224694,rotation,4
129,2,bird,0,airplane,0.9224548,blur,2
2379,0,airplane,6,frog,0.9224541,rotation,4
3283,7,horse,6,frog,0.92245394,noise,1
2128,4,deer,6,frog,0.9224331,contrast,1
2183,4,deer,6,frog,0.9224298,rotation,4
2293,8,ship,2,bird,0.9224286,contrast,3
8225,9,truck,0,airplane,0.92242014,brightness,3
3928,3,cat,6,frog,0.92240626,noise,2
9107,5,dog,2,bird,0.9224038,clean,0
5024,1,automobile,6,frog,0.9223952,noise,3
201,1,automobile,0,airplane,0.92237633,contrast,1
4193,9,truck,0,airplane,0.9223723,blur,3
165,4,deer,2,bird,0.9223636,brightness,1
9462,2,bird,0,airplane,0.9223565,blur,1
6384,7,horse,2,bird,0.922349,contrast,2
6669,5,dog,2,bird,0.9223471,blur,5
5012,6,frog,3,cat,0.9223315,blur,2
4875,1,automobile,6,frog,0.9223292,noise,4
2076,3,cat,6,frog,0.9223222,rotation,4
1998,8,ship,6,frog,0.92232126,rotation,4
8787,4,deer,6,frog,0.9223082,rotation,5
4200,4,deer,6,frog,0.9222719,rotation,4
5665,2,bird,0,airplane,0.9222498,contrast,1
4008,8,ship,0,airplane,0.9222426,blur,3
4015,1,automobile,6,frog,0.92222416,noise,3
1727,9,truck,0,airplane,0.92220455,contrast,3
9844,5,dog,2,bird,0.92219645,rotation,5
2755,5,dog,4,deer,0.92219037,contrast,3
3078,8,ship,0,airplane,0.92214507,rotation,1
2295,8,ship,1,automobile,0.9221394,rotation,5
4750,7,horse,4,deer,0.922125,brightness,2
3185,2,bird,6,frog,0.9220992,brightness,4
1495,2,bird,0,airplane,0.92208385,rotation,1
2034,3,cat,4,deer,0.92206913,contrast,1
9849,0,airplane,2,bird,0.9220649,blur,5
5002,8,ship,9,truck,0.922038,noise,4
8015,8,ship,0,airplane,0.92203015,brightness,5
1984,7,horse,6,frog,0.92199993,noise,5
9102,7,horse,4,deer,0.92198896,contrast,5
8124,7,horse,6,frog,0.92197096,rotation,5
6933,0,airplane,4,deer,0.92196304,noise,2
3204,5,dog,3,cat,0.9219512,blur,4
3828,1,automobile,0,airplane,0.92194945,clean,0
2755,5,dog,4,deer,0.92192405,contrast,1
7917,6,frog,2,bird,0.9219231,contrast,3
6404,7,horse,6,frog,0.9218971,rotation,4
3925,1,automobile,6,frog,0.9218931,rotation,4
807,4,deer,6,frog,0.9218614,noise,4
5525,3,cat,0,airplane,0.9218501,blur,1
2034,3,cat,4,deer,0.9218375,clean,0
7849,2,bird,0,airplane,0.9218366,brightness,1
2128,4,deer,6,frog,0.921834,contrast,3
5665,2,bird,0,airplane,0.9218282,brightness,1
3154,9,truck,0,airplane,0.9218198,brightness,2
3204,5,dog,3,cat,0.9218149,contrast,3
3362,1,automobile,6,frog,0.92179316,noise,5
8869,5,dog,6,frog,0.9217696,rotation,4
2078,2,bird,6,frog,0.9217477,contrast,1
4071,3,cat,6,frog,0.92174065,noise,3
1801,4,deer,6,frog,0.9217261,rotation,5
2686,7,horse,6,frog,0.92172223,rotation,5
6431,1,automobile,0,airplane,0.9217193,contrast,5
2962,8,ship,0,airplane,0.9217163,brightness,3
4899,2,bird,6,frog,0.92170626,rotation,5
3444,0,airplane,2,bird,0.9216889,brightness,2
6512,2,bird,6,frog,0.9216844,noise,2
6143,9,truck,6,frog,0.9216625,rotation,5
4066,6,frog,2,bird,0.92165184,clean,0
4377,4,deer,6,frog,0.9216437,rotation,4
8131,3,cat,6,frog,0.9216415,noise,2
3369,5,dog,3,cat,0.9216379,blur,3
7823,7,horse,4,deer,0.92162514,noise,1
5690,7,horse,4,deer,0.92159456,contrast,3
9522,3,cat,2,bird,0.92158496,brightness,1
502,5,dog,3,cat,0.921582,blur,2
1096,7,horse,4,deer,0.92156863,contrast,5
2068,3,cat,6,frog,0.9215638,noise,1
277,3,cat,2,bird,0.92156065,brightness,2
8599,4,deer,6,frog,0.9215398,rotation,4
4808,3,cat,6,frog,0.92153674,noise,2
9439,0,airplane,6,frog,0.9215159,rotation,4
2686,7,horse,4,deer,0.92151475,contrast,5
8520,8,ship,6,frog,0.9214735,noise,5
2128,4,deer,6,frog,0.92146033,clean,0
3510,4,deer,6,frog,0.9214467,rotation,4
5460,0,airplane,3,cat,0.92143774,blur,2
5177,4,deer,6,frog,0.9213926,rotation,4
48,7,horse,4,deer,0.9213907,rotation,4
7661,9,truck,6,frog,0.92138946,rotation,5
396,2,bird,6,frog,0.9213723,noise,4
9188,5,dog,2,bird,0.9213591,brightness,4
5752,3,cat,6,frog,0.92133677,noise,3
3204,5,dog,3,cat,0.92130303,blur,3
6977,7,horse,6,frog,0.92129964,rotation,5
5158,4,deer,6,frog,0.9212747,rotation,4
3892,5,dog,6,frog,0.9212643,rotation,5
9986,8,ship,0,airplane,0.9212557,blur,5
6345,3,cat,6,frog,0.9212505,rotation,4
4203,2,bird,6,frog,0.9212456,rotation,4
5695,7,horse,4,deer,0.9212313,brightness,5
6522,9,truck,0,airplane,0.9212273,blur,3
9386,4,deer,2,bird,0.9212228,contrast,2
6253,5,dog,4,deer,0.92120826,brightness,1
2049,3,cat,6,frog,0.9212048,rotation,4
2256,4,deer,6,frog,0.9211939,rotation,5
9787,8,ship,0,airplane,0.92119306,brightness,4
2111,9,truck,1,automobile,0.9211891,contrast,1
4964,5,dog,4,deer,0.92118174,brightness,1
7334,5,dog,3,cat,0.9211781,blur,2
1173,3,cat,4,deer,0.9211677,noise,2
6482,7,horse,4,deer,0.9211668,contrast,5
3353,3,cat,6,frog,0.92116344,noise,2
6009,3,cat,6,frog,0.9211502,rotation,3
5978,5,dog,3,cat,0.9211421,blur,4
5488,9,truck,6,frog,0.9211248,rotation,4
7040,7,horse,0,airplane,0.9211192,brightness,1
9419,2,bird,6,frog,0.92109853,rotation,5
4879,6,frog,4,deer,0.92107344,brightness,4
4605,3,cat,6,frog,0.92105985,rotation,2
3675,4,deer,6,frog,0.9210555,rotation,4
4669,6,frog,2,bird,0.92105544,rotation,1
5795,7,horse,4,deer,0.9210372,blur,3
5700,3,cat,6,frog,0.9210365,rotation,4
6599,2,bird,4,deer,0.92103386,contrast,4
9446,5,dog,6,frog,0.921028,noise,3
4049,4,deer,6,frog,0.921017,noise,5
4250,1,automobile,6,frog,0.9210145,brightness,5
3814,1,automobile,0,airplane,0.9209894,contrast,5
3779,3,cat,6,frog,0.9209807,rotation,4
3395,9,truck,6,frog,0.920975,rotation,4
1968,8,ship,6,frog,0.9209678,rotation,4
3311,7,horse,6,frog,0.92096746,rotation,5
3698,8,ship,6,frog,0.92096514,rotation,5
2716,5,dog,6,frog,0.9209469,noise,2
3636,4,deer,6,frog,0.9209431,rotation,4
5044,5,dog,6,frog,0.9209363,rotation,5
6718,8,ship,6,frog,0.9209274,rotation,4
2128,4,deer,6,frog,0.9209257,blur,1
9895,4,deer,6,frog,0.92090595,noise,2
8983,3,cat,4,deer,0.9208843,brightness,1
9446,5,dog,6,frog,0.92088413,rotation,5
7831,2,bird,6,frog,0.9208619,rotation,5
91,3,cat,6,frog,0.92084086,noise,1
5030,4,deer,0,airplane,0.9208355,blur,1
9383,9,truck,0,airplane,0.92083025,contrast,3
4382,7,horse,6,frog,0.9208099,rotation,5
5637,7,horse,2,bird,0.9207877,blur,1
6522,9,truck,0,airplane,0.92076606,contrast,5
6228,4,deer,6,frog,0.920765,rotation,5
4926,7,horse,6,frog,0.9207615,noise,2
3833,9,truck,6,frog,0.9207588,rotation,3
1007,8,ship,0,airplane,0.9207497,blur,3
8546,8,ship,0,airplane,0.9207483,brightness,3
974,7,horse,0,airplane,0.92073643,contrast,1
2895,7,horse,6,frog,0.92072695,noise,2
910,5,dog,4,deer,0.92069805,brightness,2
8352,5,dog,6,frog,0.92068565,rotation,4
280,9,truck,0,airplane,0.9206807,contrast,4
3242,4,deer,6,frog,0.9206665,noise,2
7723,3,cat,6,frog,0.9206647,noise,1
5654,4,deer,6,frog,0.9206447,rotation,4
7669,7,horse,4,deer,0.92063904,clean,0
4878,7,horse,6,frog,0.920634,rotation,3
2917,4,deer,6,frog,0.92061925,rotation,5
5794,7,horse,0,airplane,0.92060137,brightness,2
6604,2,bird,6,frog,0.920596,rotation,5
1900,8,ship,0,airplane,0.9205854,rotation,3
3501,9,truck,1,automobile,0.92058235,brightness,4
8451,5,dog,6,frog,0.92057997,rotation,4
7605,2,bird,4,deer,0.92057234,brightness,4
8786,3,cat,6,frog,0.92057174,rotation,4
2508,6,frog,4,deer,0.92052007,blur,1
4699,5,dog,2,bird,0.9205198,brightness,4
6220,2,bird,6,frog,0.92051136,rotation,4
887,1,automobile,2,bird,0.92050326,blur,2
6395,8,ship,0,airplane,0.92050284,rotation,2
8770,6,frog,3,cat,0.9204752,blur,4
6326,7,horse,4,deer,0.920467,noise,2
4951,7,horse,2,bird,0.9204391,contrast,2
2011,2,bird,6,frog,0.92041457,rotation,5
8321,4,deer,2,bird,0.9204068,rotation,5
5996,4,deer,2,bird,0.92040217,clean,0
1148,2,bird,6,frog,0.92040074,noise,3
2407,9,truck,0,airplane,0.9203963,blur,5
8484,3,cat,6,frog,0.920377,rotation,4
8091,7,horse,0,airplane,0.9203745,clean,0
3422,2,bird,6,frog,0.92037034,noise,3
7050,8,ship,6,frog,0.9203552,rotation,3
1710,4,deer,6,frog,0.9203428,rotation,5
9375,3,cat,4,deer,0.9203175,brightness,4
1012,6,frog,2,bird,0.9202776,blur,4
3092,5,dog,6,frog,0.92025846,noise,2
5790,9,truck,8,ship,0.9202484,contrast,4
1556,8,ship,2,bird,0.92024606,rotation,2
2086,1,automobile,0,airplane,0.9202459,contrast,4
9162,1,automobile,0,airplane,0.92023546,contrast,5
7900,0,airplane,2,bird,0.9202075,brightness,4
9884,9,truck,8,ship,0.92017317,contrast,3
9312,9,truck,0,airplane,0.92015743,blur,4
9939,5,dog,3,cat,0.92015535,blur,5
9939,5,dog,3,cat,0.9201534,blur,4
2397,5,dog,6,frog,0.92014605,noise,3
8644,8,ship,0,airplane,0.9201427,blur,1
439,1,automobile,6,frog,0.92012393,noise,2
3903,0,airplane,6,frog,0.9201216,rotation,5
7632,0,airplane,2,bird,0.9201207,brightness,3
6271,6,frog,2,bird,0.92011577,contrast,3
6434,0,airplane,8,ship,0.9201082,blur,1
646,3,cat,6,frog,0.9200961,rotation,4
8149,9,truck,6,frog,0.9200877,rotation,5
3654,3,cat,2,bird,0.9200664,brightness,3
9501,6,frog,0,airplane,0.9200647,blur,2
6182,1,automobile,6,frog,0.9200546,noise,3
3883,7,horse,2,bird,0.92005247,contrast,2
6509,9,truck,2,bird,0.9200421,blur,4
6950,8,ship,0,airplane,0.92004037,rotation,5
5419,2,bird,6,frog,0.92002314,rotation,3
8945,1,automobile,6,frog,0.9200192,noise,3
6930,2,bird,0,airplane,0.92001414,blur,4
5098,5,dog,2,bird,0.92000437,blur,1
7543,9,truck,2,bird,0.9199821,blur,4
6913,3,cat,6,frog,0.9199404,contrast,1
9138,5,dog,6,frog,0.91993815,noise,3
4612,7,horse,6,frog,0.9199058,rotation,5
4026,9,truck,0,airplane,0.9198949,contrast,5
6127,5,dog,2,bird,0.91988903,blur,5
4805,5,dog,6,frog,0.91988784,noise,5
9968,3,cat,2,bird,0.91988117,contrast,2
1771,2,bird,6,frog,0.9198626,rotation,4
949,8,ship,6,frog,0.9198608,rotation,4
4135,1,automobile,0,airplane,0.91985947,contrast,3
4066,6,frog,2,bird,0.9198586,brightness,2
9215,5,dog,3,cat,0.91984195,blur,4
9025,5,dog,6,frog,0.9198371,noise,3
7617,2,bird,0,airplane,0.91982067,blur,1
8754,3,cat,6,frog,0.9198204,noise,3
6083,2,bird,6,frog,0.9198163,rotation,5
6127,5,dog,2,bird,0.9198116,brightness,4
3408,2,bird,6,frog,0.91981137,rotation,5
9828,9,truck,6,frog,0.9198034,rotation,4
6950,8,ship,0,airplane,0.91979814,brightness,5
5066,4,deer,6,frog,0.91979736,rotation,4
6317,9,truck,0,airplane,0.9197965,clean,0
9893,2,bird,6,frog,0.9197916,rotation,5
6486,8,ship,6,frog,0.91979027,rotation,1
2361,2,bird,0,airplane,0.9197761,brightness,3
9998,1,automobile,6,frog,0.9197667,noise,4
67,2,bird,0,airplane,0.9197577,rotation,2
6861,8,ship,0,airplane,0.91970944,brightness,4
9995,8,ship,6,frog,0.91970587,noise,3
6781,3,cat,6,frog,0.9196993,noise,3
3204,5,dog,3,cat,0.9196958,contrast,2
2186,9,truck,4,deer,0.9196841,noise,2
7726,4,deer,6,frog,0.919673,rotation,4
1126,2,bird,0,airplane,0.91965264,brightness,5
5403,7,horse,4,deer,0.9196513,blur,5
2133,3,cat,6,frog,0.9196427,noise,2
4331,2,bird,6,frog,0.9196359,rotation,5
6434,0,airplane,8,ship,0.9196309,noise,1
4965,3,cat,4,deer,0.91962886,contrast,1
9393,4,deer,6,frog,0.9196153,rotation,4
8440,5,dog,3,cat,0.9196074,blur,5
7383,4,deer,2,bird,0.9196052,blur,2
6108,4,deer,2,bird,0.9195994,blur,2
8292,9,truck,4,deer,0.9195924,contrast,4
6143,9,truck,1,automobile,0.919582,blur,1
4599,8,ship,0,airplane,0.9195704,contrast,4
9743,9,truck,1,automobile,0.91956043,brightness,1
1333,7,horse,6,frog,0.91955256,rotation,4
7068,2,bird,0,airplane,0.9195516,brightness,4
7283,3,cat,4,deer,0.91954166,clean,0
9449,9,truck,0,airplane,0.9195412,brightness,1
2034,3,cat,4,deer,0.9195412,contrast,2
6244,8,ship,6,frog,0.91952896,rotation,3
8599,4,deer,2,bird,0.9195253,contrast,2
6228,4,deer,6,frog,0.91951907,rotation,4
4623,5,dog,3,cat,0.9195005,blur,4
8458,5,dog,6,frog,0.9194979,rotation,5
6827,3,cat,2,bird,0.9194913,blur,5
6849,4,deer,6,frog,0.9194671,rotation,5
9454,3,cat,6,frog,0.9194629,noise,5
2984,2,bird,6,frog,0.919441,noise,4
9460,3,cat,6,frog,0.91942596,rotation,4
6482,7,horse,4,deer,0.9194047,rotation,3
9303,9,truck,8,ship,0.91939974,contrast,5
7707,8,ship,6,frog,0.91939974,noise,2
5340,3,cat,4,deer,0.9193914,brightness,3
1530,3,cat,6,frog,0.91938543,rotation,5
5531,8,ship,0,airplane,0.91935253,brightness,4
3204,5,dog,3,cat,0.91934407,brightness,3
5430,7,horse,2,bird,0.9193402,rotation,1
6814,9,truck,1,automobile,0.9193384,rotation,2
331,9,truck,1,automobile,0.91933197,brightness,3
7879,3,cat,6,frog,0.9193243,noise,5
3801,2,bird,0,airplane,0.91930485,rotation,1
5826,7,horse,4,deer,0.9192973,brightness,5
5702,4,deer,6,frog,0.91929364,rotation,5
8556,4,deer,6,frog,0.919279,rotation,4
972,2,bird,6,frog,0.91919637,rotation,3
925,5,dog,3,cat,0.91918737,blur,5
3279,8,ship,0,airplane,0.9191834,rotation,3
1341,4,deer,6,frog,0.919158,rotation,3
7112,2,bird,0,airplane,0.91913694,rotation,4
2964,0,airplane,4,deer,0.9191285,noise,2
1061,1,automobile,0,airplane,0.91910875,contrast,5
4931,9,truck,1,automobile,0.91910744,clean,0
9835,7,horse,4,deer,0.9191045,contrast,4
7726,4,deer,6,frog,0.9190829,rotation,5
5814,8,ship,0,airplane,0.91904944,rotation,4
3344,9,truck,0,airplane,0.91904205,contrast,5
7824,9,truck,1,automobile,0.91902477,clean,0
8101,8,ship,6,frog,0.91902244,noise,4
1308,5,dog,4,deer,0.9190046,noise,1
8411,8,ship,0,airplane,0.9189983,rotation,5
9099,9,truck,0,airplane,0.91899556,contrast,5
9288,8,ship,6,frog,0.9189853,noise,3
7906,2,bird,6,frog,0.91897553,rotation,5
8770,6,frog,3,cat,0.9189409,blur,5
8310,3,cat,6,frog,0.91893417,rotation,5
4808,3,cat,6,frog,0.9189311,rotation,5
1715,3,cat,6,frog,0.9189115,noise,2
7582,5,dog,6,frog,0.9189109,rotation,5
4821,4,deer,6,frog,0.9189025,rotation,4
9858,4,deer,6,frog,0.91890216,rotation,5
7545,5,dog,2,bird,0.91888785,blur,5
9963,8,ship,0,airplane,0.91888744,rotation,2
2817,9,truck,6,frog,0.9188807,noise,3
9186,7,horse,2,bird,0.9188792,contrast,1
2361,2,bird,0,airplane,0.91887665,blur,1
2678,0,airplane,4,deer,0.91886973,noise,2
755,2,bird,4,deer,0.9188641,noise,1
1673,2,bird,6,frog,0.9188455,noise,1
6464,1,automobile,6,frog,0.91884464,contrast,5
3443,4,deer,2,bird,0.91884226,brightness,2
4595,9,truck,6,frog,0.9188009,rotation,4
9214,9,truck,6,frog,0.91879594,rotation,4
1500,1,automobile,6,frog,0.91879404,rotation,4
7342,7,horse,3,cat,0.91879255,blur,2
2000,1,automobile,6,frog,0.91879064,brightness,4
277,3,cat,2,bird,0.918787,blur,5
2785,4,deer,2,bird,0.9187737,contrast,3
5354,0,airplane,6,frog,0.91876876,rotation,4
683,8,ship,0,airplane,0.9187449,brightness,5
7269,7,horse,6,frog,0.9187357,noise,2
6542,9,truck,6,frog,0.91871464,rotation,4
6358,7,horse,2,bird,0.9186939,blur,5
4015,1,automobile,3,cat,0.9186754,blur,3
3753,4,deer,6,frog,0.9186711,brightness,2
3913,7,horse,4,deer,0.91864717,contrast,3
2086,1,automobile,0,airplane,0.9186392,contrast,5
2372,5,dog,6,frog,0.918638,rotation,4
631,5,dog,2,bird,0.9186279,contrast,5
4376,7,horse,6,frog,0.9186193,rotation,3
7106,8,ship,0,airplane,0.91861224,blur,2
4394,5,dog,6,frog,0.9185975,noise,2
898,3,cat,7,horse,0.918585,clean,0
4099,4,deer,6,frog,0.9185837,noise,4
4411,5,dog,3,cat,0.91857624,blur,5
6652,2,bird,6,frog,0.9185714,rotation,4
8775,1,automobile,6,frog,0.9185663,rotation,5
9923,7,horse,2,bird,0.91855055,blur,5
9138,5,dog,6,frog,0.9185502,noise,4
1054,1,automobile,6,frog,0.91854465,rotation,4
8056,1,automobile,6,frog,0.9185324,rotation,5
3922,2,bird,6,frog,0.9185277,rotation,4
530,9,truck,0,airplane,0.91852546,blur,2
3444,0,airplane,2,bird,0.91850996,brightness,4
6093,2,bird,6,frog,0.918493,noise,1
3054,4,deer,0,airplane,0.91849065,contrast,5
3440,2,bird,6,frog,0.9184869,noise,1
8720,2,bird,0,airplane,0.91848016,contrast,5
8000,9,truck,0,airplane,0.91847974,blur,3
1122,8,ship,6,frog,0.9184794,noise,5
8331,3,cat,6,frog,0.91845655,rotation,4
3988,1,automobile,6,frog,0.91845053,rotation,2
6687,3,cat,6,frog,0.91844124,rotation,4
9587,7,horse,6,frog,0.9184362,rotation,5
651,9,truck,6,frog,0.9184288,rotation,5
9744,1,automobile,2,bird,0.9184143,blur,3
5665,2,bird,0,airplane,0.9184074,blur,1
672,6,frog,2,bird,0.918398,brightness,1
6930,2,bird,0,airplane,0.9183777,brightness,5
182,2,bird,6,frog,0.9183364,noise,3
4964,5,dog,2,bird,0.9183217,blur,5
3564,9,truck,0,airplane,0.9183188,contrast,5
3025,2,bird,6,frog,0.91829354,rotation,4
6953,0,airplane,9,truck,0.91826564,noise,1
5796,5,dog,6,frog,0.91823494,rotation,5
2790,8,ship,0,airplane,0.9182295,rotation,2
1547,2,bird,0,airplane,0.9182223,brightness,1
8793,7,horse,3,cat,0.9182144,blur,5
1241,0,airplane,8,ship,0.9182005,contrast,3
2847,8,ship,0,airplane,0.9181971,rotation,5
5051,1,automobile,6,frog,0.91818583,rotation,5
484,5,dog,6,frog,0.91814166,noise,2
9792,8,ship,6,frog,0.91813576,rotation,5
3422,2,bird,6,frog,0.9181011,noise,2
35,2,bird,8,ship,0.91808635,contrast,5
9026,9,truck,0,airplane,0.9180788,brightness,2
260,8,ship,3,cat,0.9180769,blur,3
425,9,truck,6,frog,0.91807157,rotation,5
8452,4,deer,6,frog,0.9180558,rotation,3
5870,7,horse,2,bird,0.91804445,blur,3
7662,5,dog,6,frog,0.91803616,noise,2
6930,2,bird,0,airplane,0.9180361,blur,5
8932,6,frog,2,bird,0.91803086,rotation,1
2935,8,ship,6,frog,0.91802454,rotation,4
9989,2,bird,4,deer,0.9180238,brightness,5
1521,7,horse,4,deer,0.9180222,contrast,3
9226,3,cat,6,frog,0.91801125,rotation,4
3953,7,horse,6,frog,0.91799873,rotation,5
4362,4,deer,6,frog,0.9179953,rotation,4
3801,2,bird,0,airplane,0.917991,rotation,5
7866,6,frog,3,cat,0.91798776,blur,3
1340,1,automobile,6,frog,0.9179675,rotation,5
5510,4,deer,6,frog,0.91796243,rotation,5
7217,8,ship,0,airplane,0.91794246,contrast,1
7611,7,horse,4,deer,0.9179331,brightness,4
8785,8,ship,0,airplane,0.91791683,brightness,1
8820,2,bird,0,airplane,0.91791356,contrast,5
9204,9,truck,6,frog,0.91791356,rotation,3
8739,3,cat,6,frog,0.91789514,rotation,4
4485,3,cat,7,horse,0.9178829,contrast,2
4307,3,cat,2,bird,0.9178762,contrast,1
9939,5,dog,3,cat,0.91787416,blur,3
4855,1,automobile,0,airplane,0.917861,contrast,5
6736,4,deer,6,frog,0.9178546,rotation,5
945,3,cat,6,frog,0.9178453,rotation,4
7202,3,cat,2,bird,0.9178395,contrast,4
2192,0,airplane,6,frog,0.9178313,rotation,4
5354,0,airplane,4,deer,0.9178275,brightness,4
4615,5,dog,6,frog,0.91782534,rotation,4
67,2,bird,0,airplane,0.9178187,noise,3
8246,8,ship,0,airplane,0.91780657,rotation,5
4750,7,horse,4,deer,0.91780335,brightness,3
9604,8,ship,6,frog,0.91779774,rotation,4
4015,1,automobile,3,cat,0.9177969,blur,5
9161,6,frog,4,deer,0.91779304,contrast,5
7761,2,bird,3,cat,0.9177914,blur,2
1178,6,frog,2,bird,0.91777426,blur,1
9850,7,horse,4,deer,0.9177681,contrast,5
5330,7,horse,6,frog,0.9177501,noise,4
9776,2,bird,4,deer,0.91773295,contrast,1
4794,4,deer,2,bird,0.9177266,blur,1
614,5,dog,6,frog,0.9177206,noise,3
6662,6,frog,5,dog,0.9177141,blur,2
2985,2,bird,6,frog,0.9176964,rotation,5
9712,5,dog,6,frog,0.91768235,noise,3
9598,9,truck,6,frog,0.91768014,noise,4
4721,1,automobile,6,frog,0.9176779,rotation,4
9999,7,horse,6,frog,0.91767627,rotation,4
4753,2,bird,0,airplane,0.91767603,rotation,4
6590,5,dog,2,bird,0.9176747,blur,2
2172,5,dog,4,deer,0.91767377,contrast,4
462,1,automobile,6,frog,0.9176725,noise,3
8723,5,dog,2,bird,0.917671,blur,5
2642,7,horse,6,frog,0.9176612,rotation,5
7930,2,bird,0,airplane,0.9176543,blur,3
8660,7,horse,2,bird,0.91765386,contrast,5
1178,6,frog,2,bird,0.91764224,contrast,1
8370,4,deer,6,frog,0.9176337,noise,4
4628,5,dog,2,bird,0.9176323,brightness,2
1582,9,truck,6,frog,0.91761774,brightness,4
3753,4,deer,6,frog,0.9176116,brightness,1
5003,4,deer,6,frog,0.91761,rotation,4
1732,9,truck,1,automobile,0.91759914,contrast,4
2355,9,truck,0,airplane,0.91759664,blur,2
4998,5,dog,6,frog,0.9175915,noise,1
3249,3,cat,6,frog,0.91757596,rotation,5
9953,7,horse,2,bird,0.9175623,rotation,2
8611,7,horse,2,bird,0.91754764,blur,3
1835,0,airplane,6,frog,0.9175466,rotation,4
74,0,airplane,6,frog,0.91754645,rotation,5
8015,8,ship,6,frog,0.9175065,rotation,5
7079,7,horse,2,bird,0.9175036,blur,3
4108,2,bird,6,frog,0.9174999,noise,3
6822,4,deer,2,bird,0.917481,rotation,2
2508,6,frog,4,deer,0.9174761,brightness,4
6317,9,truck,0,airplane,0.9174755,contrast,2
1584,7,horse,4,deer,0.9174744,brightness,5
3080,1,automobile,0,airplane,0.917471,blur,2
8487,4,deer,6,frog,0.9174696,rotation,3
6292,6,frog,2,bird,0.91745114,blur,4
7707,8,ship,6,frog,0.9174377,rotation,5
9783,2,bird,6,frog,0.9174375,rotation,3
5458,3,cat,6,frog,0.9174318,rotation,4
3120,4,deer,2,bird,0.91742593,contrast,1
8301,5,dog,6,frog,0.91742384,noise,2
5646,4,deer,0,airplane,0.9174132,contrast,3
8351,0,airplane,2,bird,0.9174114,contrast,1
3071,7,horse,4,deer,0.917404,contrast,5
1696,4,deer,0,airplane,0.9174039,contrast,5
331,9,truck,1,automobile,0.91739976,blur,1
308,1,automobile,9,truck,0.9173666,noise,3
7413,1,automobile,6,frog,0.9173651,noise,4
2544,2,bird,6,frog,0.9173534,rotation,4
5996,4,deer,2,bird,0.91733176,brightness,3
7942,9,truck,6,frog,0.9173173,rotation,5
8440,5,dog,3,cat,0.91730464,blur,4
8030,2,bird,0,airplane,0.9173024,blur,1
8947,4,deer,6,frog,0.91729546,rotation,5
1940,5,dog,2,bird,0.9172717,blur,5
5030,4,deer,0,airplane,0.9172692,contrast,1
2070,2,bird,6,frog,0.9172549,noise,2
4055,1,automobile,0,airplane,0.9172244,brightness,2
24,5,dog,4,deer,0.9172207,brightness,5
2246,9,truck,1,automobile,0.91720384,brightness,1
9107,5,dog,2,bird,0.91720253,contrast,1
7778,0,airplane,6,frog,0.91719675,rotation,3
1584,7,horse,4,deer,0.91718954,contrast,4
3444,0,airplane,2,bird,0.9171814,brightness,3
9252,7,horse,6,frog,0.91717106,noise,4
2799,8,ship,1,automobile,0.91716695,rotation,3
5642,5,dog,4,deer,0.91716015,rotation,2
9740,3,cat,6,frog,0.9171477,brightness,1
1358,8,ship,0,airplane,0.9171378,rotation,5
7283,3,cat,4,deer,0.91713136,blur,1
1767,2,bird,6,frog,0.91711754,rotation,3
4584,4,deer,0,airplane,0.9171064,rotation,4
3369,5,dog,3,cat,0.91710097,blur,4
6512,2,bird,6,frog,0.91709536,rotation,4
7722,7,horse,6,frog,0.91708004,rotation,4
3635,4,deer,6,frog,0.917078,rotation,5
9243,3,cat,6,frog,0.9170732,rotation,4
9754,9,truck,0,airplane,0.91706187,contrast,5
7578,9,truck,2,bird,0.9170577,blur,5
779,5,dog,6,frog,0.9170514,contrast,4
6071,7,horse,4,deer,0.917047,clean,0
7177,2,bird,0,airplane,0.91703814,rotation,1
5978,5,dog,3,cat,0.9170345,blur,5
9215,5,dog,3,cat,0.9170304,blur,5
7730,4,deer,6,frog,0.9169973,rotation,4
6479,4,deer,6,frog,0.9169822,rotation,3
7604,1,automobile,6,frog,0.9169763,contrast,5
4358,5,dog,3,cat,0.91697556,blur,5
8877,9,truck,6,frog,0.91696537,noise,4
4080,1,automobile,6,frog,0.91695994,noise,3
7794,5,dog,6,frog,0.9169592,noise,2
6523,6,frog,4,deer,0.916957,rotation,1
7826,9,truck,1,automobile,0.9169508,rotation,1
9070,2,bird,6,frog,0.91693056,rotation,4
9817,9,truck,1,automobile,0.9169273,noise,2
7628,4,deer,6,frog,0.91692436,rotation,5
2223,8,ship,0,airplane,0.91691744,rotation,1
2193,2,bird,0,airplane,0.91690993,brightness,3
8599,4,deer,2,bird,0.91689235,blur,2
3136,4,deer,6,frog,0.91688716,rotation,4
7823,7,horse,4,deer,0.9168735,noise,2
6733,5,dog,6,frog,0.91685873,noise,2
6590,5,dog,2,bird,0.9168552,blur,3
3121,9,truck,0,airplane,0.91684747,blur,5
3673,2,bird,6,frog,0.91683745,rotation,4
8723,5,dog,2,bird,0.91683096,blur,3
2022,5,dog,6,frog,0.9168301,noise,2
680,9,truck,2,bird,0.9168101,blur,2
925,5,dog,3,cat,0.9168061,blur,4
6206,5,dog,6,frog,0.91678786,rotation,4
8667,4,deer,2,bird,0.91678053,brightness,1
9324,9,truck,6,frog,0.91676414,rotation,3
4906,5,dog,3,cat,0.9167635,blur,2
6155,8,ship,0,airplane,0.9167604,brightness,4
8470,8,ship,6,frog,0.91674036,rotation,4
5641,4,deer,6,frog,0.9167112,noise,2
2844,4,deer,3,cat,0.916701,brightness,3
7380,7,horse,2,bird,0.9166812,rotation,3
5730,5,dog,4,deer,0.91666865,brightness,1
5834,5,dog,2,bird,0.9166656,brightness,1
8331,3,cat,2,bird,0.91666555,contrast,1
1150,2,bird,4,deer,0.9166516,brightness,4
3614,3,cat,6,frog,0.91661954,rotation,4
2128,4,deer,6,frog,0.91661507,contrast,2
7586,2,bird,6,frog,0.9166073,rotation,4
5104,8,ship,6,frog,0.91660386,rotation,4
8309,4,deer,6,frog,0.91659874,noise,3
8254,8,ship,6,frog,0.9165982,noise,2
7502,8,ship,6,frog,0.9165921,rotation,5
9234,2,bird,6,frog,0.9165864,rotation,5
7924,3,cat,6,frog,0.9165834,rotation,4
171,9,truck,6,frog,0.91657627,rotation,4
2145,7,horse,4,deer,0.9165703,brightness,5
6134,3,cat,6,frog,0.9165641,noise,1
4289,7,horse,6,frog,0.916563,rotation,4
9641,6,frog,3,cat,0.9165447,rotation,1
8910,1,automobile,6,frog,0.91653734,rotation,5
9562,3,cat,6,frog,0.9165144,noise,4
9198,3,cat,6,frog,0.9164948,rotation,4
8611,7,horse,2,bird,0.91647583,blur,4
4520,3,cat,6,frog,0.91646457,noise,5
7400,3,cat,5,dog,0.9164397,rotation,4
2960,9,truck,0,airplane,0.9164125,brightness,2
5237,4,deer,2,bird,0.91639125,clean,0
7797,3,cat,6,frog,0.91638315,blur,1
1378,1,automobile,0,airplane,0.91638047,blur,4
2067,7,horse,4,deer,0.9163789,brightness,5
6553,3,cat,6,frog,0.91636395,noise,3
8248,1,automobile,0,airplane,0.9163637,blur,2
2017,5,dog,6,frog,0.9163599,rotation,4
4963,3,cat,6,frog,0.91634583,noise,2
5460,0,airplane,3,cat,0.9163267,blur,4
8645,1,automobile,6,frog,0.9163238,noise,2
6671,5,dog,3,cat,0.9163163,blur,2
6930,2,bird,0,airplane,0.91631037,rotation,4
7900,0,airplane,2,bird,0.9163071,brightness,3
5773,3,cat,6,frog,0.91628873,rotation,3
8811,1,automobile,6,frog,0.91628224,noise,1
4108,2,bird,6,frog,0.9162725,noise,2
8985,9,truck,0,airplane,0.91627234,rotation,2
7173,1,automobile,6,frog,0.9162688,noise,4
9309,5,dog,6,frog,0.9162601,noise,3
5817,3,cat,6,frog,0.916257,rotation,5
6909,4,deer,2,bird,0.9162561,blur,2
5527,7,horse,4,deer,0.9162323,noise,1
5554,9,truck,6,frog,0.9162227,rotation,4
2034,3,cat,4,deer,0.9162204,rotation,2
8142,7,horse,8,ship,0.91621983,contrast,5
2632,3,cat,2,bird,0.91618687,contrast,3
6467,3,cat,6,frog,0.9161665,rotation,2
7913,8,ship,6,frog,0.9161631,noise,2
5834,5,dog,2,bird,0.91615015,clean,0
9320,9,truck,0,airplane,0.91614354,blur,5
9913,7,horse,4,deer,0.91612756,brightness,4
7640,9,truck,8,ship,0.91611755,contrast,5
1538,3,cat,6,frog,0.91611207,rotation,3
6781,3,cat,6,frog,0.91611063,contrast,2
8331,3,cat,2,bird,0.91610473,brightness,4
2423,2,bird,6,frog,0.9160925,rotation,3
3085,2,bird,6,frog,0.9160912,noise,2
1291,9,truck,0,airplane,0.9160794,blur,4
5092,9,truck,6,frog,0.9160339,rotation,4
6781,3,cat,6,frog,0.9160133,contrast,1
672,6,frog,2,bird,0.9160108,brightness,4
9033,2,bird,6,frog,0.915991,noise,4
8531,8,ship,0,airplane,0.9159724,blur,2
4906,5,dog,3,cat,0.9159722,contrast,1
1595,3,cat,6,frog,0.9159601,rotation,5
5945,9,truck,0,airplane,0.915957,blur,4
3519,8,ship,6,frog,0.9159562,rotation,4
5029,3,cat,6,frog,0.9159208,contrast,1
7839,3,cat,4,deer,0.9158935,blur,1
1546,4,deer,6,frog,0.91588676,rotation,5
1631,1,automobile,6,frog,0.9158822,noise,4
2686,7,horse,4,deer,0.915877,noise,1
2187,5,dog,3,cat,0.9158742,blur,5
6467,3,cat,6,frog,0.9158736,noise,2
9385,7,horse,6,frog,0.9158712,rotation,4
230,5,dog,3,cat,0.91586757,blur,3
4775,2,bird,6,frog,0.9158604,rotation,5
8439,8,ship,0,airplane,0.9158429,rotation,2
5917,3,cat,2,bird,0.915838,brightness,2
6522,9,truck,1,automobile,0.9158349,rotation,1
648,4,deer,2,bird,0.9158199,rotation,2
7729,9,truck,6,frog,0.9158131,rotation,5
3283,7,horse,6,frog,0.9158039,noise,3
3732,9,truck,0,airplane,0.9157985,rotation,2
6671,5,dog,3,cat,0.9157959,blur,3
1632,8,ship,0,airplane,0.9157854,rotation,3
4110,2,bird,6,frog,0.9157709,rotation,5
6580,1,automobile,2,bird,0.9157625,brightness,4
3085,2,bird,6,frog,0.9157515,noise,4
2534,9,truck,6,frog,0.915744,rotation,4
1224,7,horse,4,deer,0.91573864,clean,0
1928,4,deer,6,frog,0.9157379,rotation,5
6641,0,airplane,2,bird,0.9157315,brightness,4
4521,9,truck,5,dog,0.9157192,blur,2
6827,3,cat,2,bird,0.9157109,blur,4
2059,9,truck,0,airplane,0.91570854,brightness,4
6101,9,truck,0,airplane,0.91570383,contrast,5
4139,5,dog,4,deer,0.91569114,brightness,2
1034,6,frog,3,cat,0.91564405,clean,0
6395,8,ship,0,airplane,0.91562134,rotation,3
4842,2,bird,0,airplane,0.91561127,contrast,2
6811,9,truck,6,frog,0.91560656,rotation,5
4534,2,bird,6,frog,0.9155819,rotation,4
4720,8,ship,0,airplane,0.9155789,contrast,1
5794,7,horse,0,airplane,0.9155723,rotation,1
2682,7,horse,4,deer,0.9155639,contrast,5
456,3,cat,4,deer,0.9155387,blur,1
2128,4,deer,6,frog,0.91552013,noise,1
7849,2,bird,0,airplane,0.91551733,brightness,4
6381,9,truck,1,automobile,0.9155018,rotation,3
1987,9,truck,0,airplane,0.9154898,contrast,5
137,7,horse,9,truck,0.9154795,noise,1
4754,3,cat,8,ship,0.9154703,brightness,1
1332,1,automobile,6,frog,0.9154632,noise,3
6988,4,deer,2,bird,0.9154569,contrast,1
678,0,airplane,6,frog,0.915453,noise,5
3205,8,ship,6,frog,0.9154454,rotation,5
5696,7,horse,3,cat,0.91543424,blur,3
3596,2,bird,4,deer,0.9154288,rotation,2
7032,4,deer,6,frog,0.91542345,rotation,4
2187,5,dog,3,cat,0.9154229,blur,4
7147,5,dog,2,bird,0.91542274,blur,4
3550,0,airplane,4,deer,0.9154161,contrast,1
9968,3,cat,2,bird,0.9154139,brightness,1
8214,1,automobile,0,airplane,0.91541064,blur,5
8813,1,automobile,6,frog,0.9153923,contrast,5
9436,1,automobile,6,frog,0.91538906,noise,2
7921,4,deer,2,bird,0.91538036,blur,2
886,0,airplane,6,frog,0.9153621,rotation,3
4732,2,bird,4,deer,0.9153549,noise,1
557,4,deer,3,cat,0.9153449,blur,4
9449,9,truck,0,airplane,0.91533494,contrast,2
8578,2,bird,6,frog,0.91532975,rotation,5
2165,2,bird,0,airplane,0.9153258,contrast,2
2159,8,ship,6,frog,0.9153169,rotation,4
8983,3,cat,4,deer,0.91530675,contrast,2
7147,5,dog,2,bird,0.9153033,blur,5
8351,0,airplane,2,bird,0.9152943,brightness,3
5363,7,horse,4,deer,0.9152771,contrast,5
4381,7,horse,4,deer,0.91524476,noise,1
9081,7,horse,2,bird,0.9152157,blur,3
5072,6,frog,2,bird,0.9151989,brightness,1
5050,3,cat,6,frog,0.91516954,noise,2
4995,2,bird,3,cat,0.9151645,blur,5
4358,5,dog,3,cat,0.9151518,blur,4
1054,1,automobile,6,frog,0.9151459,noise,2
9771,4,deer,6,frog,0.9151383,rotation,5
7414,8,ship,0,airplane,0.9151263,blur,2
7430,2,bird,6,frog,0.9150833,rotation,5
4364,9,truck,8,ship,0.9150679,blur,2
4008,8,ship,0,airplane,0.9150655,blur,4
2708,4,deer,6,frog,0.9150492,rotation,4
1620,5,dog,6,frog,0.91504335,noise,2
1364,4,deer,6,frog,0.9150418,rotation,4
9776,2,bird,4,deer,0.9150414,brightness,4
4565,2,bird,4,deer,0.91503966,rotation,3
5696,7,horse,3,cat,0.9150319,blur,4
6357,7,horse,6,frog,0.9150319,rotation,5
5755,4,deer,6,frog,0.9150151,rotation,4
9503,2,bird,4,deer,0.915013,brightness,4
5930,5,dog,2,bird,0.91500956,brightness,1
9787,8,ship,0,airplane,0.9149858,contrast,3
8644,8,ship,0,airplane,0.91498536,brightness,2
8404,2,bird,6,frog,0.91497403,rotation,5
4936,3,cat,6,frog,0.9149634,noise,1
818,8,ship,6,frog,0.91495335,rotation,5
2755,5,dog,4,deer,0.91495234,brightness,3
5882,1,automobile,9,truck,0.91494256,contrast,3
9378,9,truck,5,dog,0.9149374,blur,2
6339,3,cat,6,frog,0.9149134,noise,1
6482,7,horse,4,deer,0.91489196,contrast,3
8793,7,horse,3,cat,0.9148718,blur,4
1217,4,deer,2,bird,0.9148413,brightness,2
5692,5,dog,6,frog,0.9148403,noise,2
2438,1,automobile,0,airplane,0.91483843,contrast,2
1091,8,ship,0,airplane,0.9148305,brightness,3
977,8,ship,0,airplane,0.914817,blur,2
456,3,cat,4,deer,0.91481483,noise,1
977,8,ship,0,airplane,0.9147899,blur,4
9086,0,airplane,6,frog,0.914769,noise,4
9989,2,bird,6,frog,0.91475093,rotation,4
7602,2,bird,6,frog,0.91474915,noise,5
7892,1,automobile,9,truck,0.9147462,brightness,3
7539,5,dog,6,frog,0.91472375,rotation,4
4592,7,horse,6,frog,0.91469574,rotation,4
8342,1,automobile,0,airplane,0.91468346,blur,3
637,3,cat,6,frog,0.9146705,rotation,4
6384,7,horse,2,bird,0.9146479,brightness,1
4938,3,cat,6,frog,0.91461957,rotation,5
2859,1,automobile,6,frog,0.91461635,rotation,5
5033,3,cat,6,frog,0.9146096,rotation,4
8269,8,ship,0,airplane,0.9145929,blur,4
5452,0,airplane,6,frog,0.91458774,rotation,5
7823,7,horse,4,deer,0.91458267,brightness,5
1174,1,automobile,0,airplane,0.91457486,blur,3
7660,7,horse,4,deer,0.91455066,brightness,5
925,5,dog,3,cat,0.9145458,blur,1
9363,5,dog,6,frog,0.9145349,rotation,4
5696,7,horse,3,cat,0.9145142,blur,5
979,9,truck,2,bird,0.91451186,blur,2
8536,1,automobile,0,airplane,0.9145102,brightness,2
293,9,truck,1,automobile,0.91450083,rotation,3
4825,7,horse,2,bird,0.91449255,blur,1
7068,2,bird,0,airplane,0.9144766,rotation,1
6697,2,bird,6,frog,0.9144732,rotation,5
4951,7,horse,2,bird,0.9144714,contrast,1
6532,5,dog,3,cat,0.9144711,blur,3
7068,2,bird,0,airplane,0.9144701,contrast,1
8225,9,truck,0,airplane,0.91445524,contrast,4
3330,7,horse,5,dog,0.9144527,brightness,2
15,8,ship,6,frog,0.9144436,brightness,4
8563,0,airplane,6,frog,0.9144333,rotation,4
2926,9,truck,6,frog,0.91438675,noise,2
5269,5,dog,6,frog,0.91438675,rotation,5
5281,3,cat,6,frog,0.9143784,noise,2
3518,5,dog,3,cat,0.91436195,blur,3
4404,3,cat,4,deer,0.91435975,contrast,3
2509,2,bird,6,frog,0.91435456,rotation,5
5560,3,cat,6,frog,0.9143529,noise,4
2242,2,bird,6,frog,0.9143458,noise,2
4605,3,cat,6,frog,0.9143253,noise,4
2898,8,ship,6,frog,0.91432446,noise,2
4967,7,horse,6,frog,0.9143172,rotation,5
9320,9,truck,0,airplane,0.91431105,blur,4
4255,9,truck,6,frog,0.9143047,rotation,4
4951,7,horse,2,bird,0.9142823,contrast,3
6561,9,truck,6,frog,0.91428113,noise,3
4822,1,automobile,6,frog,0.91427743,rotation,5
3929,3,cat,6,frog,0.91427666,rotation,4
3557,9,truck,6,frog,0.9142579,rotation,5
3801,2,bird,0,airplane,0.91425043,contrast,2
6802,4,deer,6,frog,0.91424346,rotation,4
1443,4,deer,2,bird,0.91424125,blur,3
9386,4,deer,2,bird,0.9142145,blur,1
2486,7,horse,6,frog,0.9142038,rotation,5
2573,5,dog,6,frog,0.91419005,noise,2
3851,4,deer,6,frog,0.9141868,rotation,4
1171,9,truck,6,frog,0.9141756,noise,3
3019,5,dog,3,cat,0.9141486,brightness,5
4163,2,bird,6,frog,0.9141455,brightness,5
1779,3,cat,5,dog,0.9141319,rotation,2
6740,2,bird,6,frog,0.9141049,rotation,5
8249,1,automobile,0,airplane,0.9141017,blur,3
7822,2,bird,4,deer,0.91406775,contrast,5
2497,9,truck,0,airplane,0.91404504,rotation,4
1895,8,ship,0,airplane,0.9140225,brightness,1
5915,5,dog,6,frog,0.9140188,rotation,5
7849,2,bird,0,airplane,0.9140097,contrast,1
967,9,truck,6,frog,0.9140081,rotation,4
7632,0,airplane,2,bird,0.9139839,blur,2
9498,3,cat,6,frog,0.9139368,contrast,4
6292,6,frog,2,bird,0.91392225,blur,5
9386,4,deer,2,bird,0.9139053,brightness,1
5828,5,dog,6,frog,0.9139025,noise,3
8824,3,cat,6,frog,0.91389793,rotation,4
9141,3,cat,6,frog,0.91389704,noise,3
6416,7,horse,6,frog,0.91389316,rotation,4
2407,9,truck,0,airplane,0.9138755,blur,4
9090,2,bird,6,frog,0.9138299,rotation,4
8091,7,horse,0,airplane,0.91382957,brightness,1
3204,5,dog,3,cat,0.9138036,contrast,4
1433,7,horse,3,cat,0.9137708,blur,5
3052,3,cat,2,bird,0.91375905,rotation,2
6672,9,truck,1,automobile,0.91374665,rotation,5
7611,7,horse,4,deer,0.91373837,brightness,3
4375,3,cat,4,deer,0.913735,brightness,5
5533,2,bird,0,airplane,0.91373277,rotation,1
1495,2,bird,0,airplane,0.9137165,rotation,3
7097,7,horse,6,frog,0.9137096,noise,2
1034,6,frog,3,cat,0.9137008,blur,1
1938,8,ship,0,airplane,0.91368663,rotation,3
5930,5,dog,2,bird,0.9136819,rotation,5
4293,9,truck,6,frog,0.91367704,rotation,5
7204,4,deer,6,frog,0.91367316,rotation,4
8493,2,bird,6,frog,0.9136703,noise,3
1150,2,bird,4,deer,0.91365904,contrast,2
5289,4,deer,2,bird,0.9136483,contrast,5
4066,6,frog,2,bird,0.91363907,contrast,3
9149,7,horse,0,airplane,0.91362137,blur,2
3204,5,dog,3,cat,0.9136195,rotation,1
1144,1,automobile,0,airplane,0.91359514,blur,5
3801,2,bird,0,airplane,0.913589,brightness,2
9785,8,ship,0,airplane,0.913589,contrast,5
7772,3,cat,6,frog,0.9135755,noise,3
925,5,dog,3,cat,0.9135478,blur,3
3698,8,ship,0,airplane,0.91354024,brightness,4
5058,1,automobile,6,frog,0.91352504,rotation,5
9095,5,dog,6,frog,0.91350585,rotation,4
4066,6,frog,2,bird,0.91350436,blur,4
735,4,deer,2,bird,0.9134915,brightness,3
3778,7,horse,6,frog,0.91348165,rotation,4
4239,4,deer,6,frog,0.913477,noise,4
6447,4,deer,6,frog,0.9134689,noise,4
8420,3,cat,6,frog,0.913459,noise,3
1196,2,bird,6,frog,0.9134546,rotation,4
9462,2,bird,0,airplane,0.91344416,contrast,4
7272,1,automobile,0,airplane,0.9134363,blur,3
6224,5,dog,6,frog,0.91342443,noise,3
4337,1,automobile,6,frog,0.9134199,rotation,3
3422,2,bird,6,frog,0.91341007,rotation,4
4332,7,horse,6,frog,0.91340137,rotation,5
2359,2,bird,6,frog,0.91337764,noise,4
3728,2,bird,3,cat,0.91336656,blur,2
1495,2,bird,0,airplane,0.9133589,contrast,5
7075,9,truck,1,automobile,0.9133387,rotation,1
9113,1,automobile,6,frog,0.91333604,noise,3
5642,5,dog,4,deer,0.9133313,noise,2
711,8,ship,0,airplane,0.9133311,rotation,3
6284,0,airplane,6,frog,0.9133077,rotation,4
9094,2,bird,6,frog,0.9132976,rotation,4
4660,7,horse,2,bird,0.9132939,contrast,2
5665,2,bird,0,airplane,0.9132923,brightness,4
8000,9,truck,0,airplane,0.91327995,blur,4
2962,8,ship,0,airplane,0.913273,brightness,2
6783,3,cat,6,frog,0.9132726,brightness,4
8773,6,frog,2,bird,0.91326576,blur,3
3531,8,ship,6,frog,0.91326344,rotation,5
3456,3,cat,6,frog,0.91325533,rotation,5
4152,5,dog,6,frog,0.91324896,noise,4
5467,5,dog,6,frog,0.91324484,rotation,4
8573,6,frog,0,airplane,0.9132398,contrast,5
9375,3,cat,6,frog,0.91321725,noise,3
3375,4,deer,6,frog,0.9132149,rotation,5
9191,3,cat,6,frog,0.9132098,rotation,4
3615,6,frog,2,bird,0.91319543,brightness,3
6533,2,bird,6,frog,0.9131845,noise,4
7676,2,bird,6,frog,0.91318303,rotation,5
5460,0,airplane,3,cat,0.91317457,blur,5
7217,8,ship,0,airplane,0.9131733,contrast,4
8407,8,ship,6,frog,0.91316104,rotation,4
7822,2,bird,4,deer,0.9131537,brightness,3
1850,1,automobile,0,airplane,0.91314554,blur,1
4184,4,deer,6,frog,0.91314554,noise,4
385,8,ship,0,airplane,0.9131409,blur,3
7003,7,horse,6,frog,0.9131227,noise,2
314,4,deer,6,frog,0.91311663,rotation,4
9657,5,dog,6,frog,0.91309434,noise,2
786,3,cat,6,frog,0.91308,rotation,5
4753,2,bird,0,airplane,0.9130773,rotation,2
5023,2,bird,6,frog,0.9130614,noise,2
7028,9,truck,6,frog,0.91304666,rotation,5
4491,2,bird,6,frog,0.91302073,rotation,4
420,4,deer,6,frog,0.91301835,rotation,5
4965,3,cat,4,deer,0.9130145,brightness,1
4536,9,truck,0,airplane,0.9130066,contrast,4
8611,7,horse,2,bird,0.9130061,blur,5
5011,3,cat,6,frog,0.9129963,rotation,5
2788,7,horse,6,frog,0.9129906,noise,3
7932,9,truck,0,airplane,0.9129902,clean,0
7963,7,horse,4,deer,0.91298646,brightness,5
1782,3,cat,6,frog,0.91298455,noise,3
4995,2,bird,3,cat,0.9129753,blur,4
4198,8,ship,0,airplane,0.91295904,clean,0
3655,9,truck,0,airplane,0.9129589,contrast,5
9406,5,dog,6,frog,0.91295046,noise,4
1626,9,truck,0,airplane,0.9129476,brightness,3
5403,7,horse,4,deer,0.9129322,blur,4
8828,0,airplane,6,frog,0.91292673,rotation,5
1150,2,bird,4,deer,0.91292137,noise,1
9171,2,bird,6,frog,0.9129155,noise,5
6524,8,ship,0,airplane,0.91290724,rotation,1
2762,4,deer,2,bird,0.9129051,contrast,1
1770,7,horse,6,frog,0.9129005,rotation,4
9401,9,truck,0,airplane,0.91289634,contrast,5
1521,7,horse,4,deer,0.91289276,clean,0
8030,2,bird,0,airplane,0.912889,rotation,1
9834,8,ship,0,airplane,0.91287935,blur,1
4750,7,horse,4,deer,0.91286486,contrast,1
5803,1,automobile,6,frog,0.9128568,noise,2
4494,8,ship,6,frog,0.91284955,rotation,4
8985,9,truck,0,airplane,0.91284555,blur,3
4163,2,bird,6,frog,0.9128327,noise,4
247,9,truck,8,ship,0.91283244,contrast,3
8919,7,horse,4,deer,0.91282135,brightness,3
7617,2,bird,0,airplane,0.91281706,contrast,2
2576,2,bird,6,frog,0.9128115,rotation,4
8842,4,deer,6,frog,0.9128112,rotation,5
7945,6,frog,4,deer,0.9127654,contrast,5
6059,9,truck,1,automobile,0.9127618,rotation,5
4431,1,automobile,8,ship,0.9127507,contrast,5
3208,9,truck,6,frog,0.91274476,rotation,4
5937,1,automobile,6,frog,0.9127384,rotation,5
1985,6,frog,2,bird,0.912685,contrast,4
8983,3,cat,4,deer,0.9126598,contrast,1
1224,7,horse,4,deer,0.91264683,brightness,4
4045,7,horse,4,deer,0.91263384,contrast,5
6379,8,ship,1,automobile,0.9126095,rotation,4
7028,9,truck,6,frog,0.91257364,rotation,4
7947,2,bird,6,frog,0.91256124,noise,2
1034,6,frog,3,cat,0.9125299,contrast,1
5726,1,automobile,2,bird,0.9124962,blur,2
9012,8,ship,0,airplane,0.91249573,contrast,2
332,3,cat,6,frog,0.9124923,noise,1
4534,2,bird,6,frog,0.9124844,rotation,5
6195,1,automobile,6,frog,0.91248214,noise,2
9169,1,automobile,0,airplane,0.91245186,contrast,4
8660,7,horse,2,bird,0.9123932,noise,1
6519,2,bird,6,frog,0.9123917,noise,4
4097,3,cat,6,frog,0.9123668,rotation,1
3401,2,bird,6,frog,0.9123584,rotation,5
4320,1,automobile,0,airplane,0.912348,contrast,5
8473,2,bird,0,airplane,0.9123431,contrast,4
3513,3,cat,6,frog,0.9123425,noise,1
3771,2,bird,0,airplane,0.91233647,blur,3
8669,4,deer,6,frog,0.91233337,noise,4
1178,6,frog,2,bird,0.9123195,contrast,4
277,3,cat,2,bird,0.9123105,contrast,5
9107,5,dog,2,bird,0.9123065,blur,2
8782,5,dog,2,bird,0.9122795,brightness,3
6369,9,truck,2,bird,0.91227293,blur,4
2111,9,truck,1,automobile,0.9122665,rotation,5
5600,6,frog,4,deer,0.91225946,brightness,5
6938,3,cat,6,frog,0.9122505,rotation,4
9449,9,truck,0,airplane,0.91224587,brightness,4
1767,2,bird,6,frog,0.91224456,rotation,4
4065,4,deer,6,frog,0.912242,noise,2
2067,7,horse,4,deer,0.912207,brightness,3
9960,2,bird,0,airplane,0.9122044,brightness,2
9740,3,cat,6,frog,0.9121872,noise,2
1126,2,bird,0,airplane,0.9121757,noise,1
8189,8,ship,0,airplane,0.91217476,rotation,2
165,4,deer,2,bird,0.91217244,brightness,4
8009,5,dog,6,frog,0.91217166,noise,2
9462,2,bird,0,airplane,0.9121503,contrast,5
277,3,cat,2,bird,0.91214776,blur,4
1639,9,truck,6,frog,0.9121463,rotation,5
5237,4,deer,2,bird,0.912132,rotation,1
2629,2,bird,6,frog,0.9121225,noise,4
9563,1,automobile,2,bird,0.9121019,contrast,3
9082,2,bird,6,frog,0.91207683,noise,2
277,3,cat,2,bird,0.9120556,brightness,4
1862,5,dog,4,deer,0.91203463,rotation,1
8788,5,dog,2,bird,0.91203314,contrast,3
1705,0,airplane,6,frog,0.9120269,rotation,5
9498,3,cat,6,frog,0.9120258,noise,2
3263,1,automobile,6,frog,0.91199875,rotation,5
2804,3,cat,2,bird,0.91198164,rotation,2
4055,1,automobile,0,airplane,0.9119681,contrast,4
9105,8,ship,0,airplane,0.9119643,rotation,5
1750,8,ship,6,frog,0.911964,rotation,5
2515,2,bird,6,frog,0.91195333,noise,5
1687,8,ship,1,automobile,0.9119302,rotation,5
2853,9,truck,6,frog,0.9119145,rotation,5
7294,5,dog,2,bird,0.91191375,rotation,1
3351,1,automobile,6,frog,0.9119004,noise,2
3729,8,ship,6,frog,0.9118871,rotation,5
5578,3,cat,6,frog,0.91188157,noise,1
5945,9,truck,0,airplane,0.9118734,blur,5
5684,7,horse,4,deer,0.9118626,rotation,4
8248,1,automobile,0,airplane,0.91185766,contrast,3
8983,3,cat,4,deer,0.9118391,contrast,3
1433,7,horse,3,cat,0.91182643,blur,4
5461,0,airplane,6,frog,0.91182226,noise,3
8937,7,horse,2,bird,0.91180503,rotation,5
427,4,deer,6,frog,0.9117873,rotation,4
6253,5,dog,4,deer,0.911763,rotation,1
4990,7,horse,6,frog,0.91175675,rotation,5
5383,8,ship,6,frog,0.91175663,rotation,4
9174,9,truck,5,dog,0.91174704,blur,2
3518,5,dog,3,cat,0.91174686,blur,4
4410,9,truck,2,bird,0.9117422,blur,2
8877,9,truck,1,automobile,0.91173804,rotation,5
9066,1,automobile,6,frog,0.91172594,noise,2
8874,7,horse,6,frog,0.91172385,rotation,4
2187,5,dog,3,cat,0.91170037,blur,3
1007,8,ship,0,airplane,0.9116978,blur,4
9601,1,automobile,6,frog,0.9116972,rotation,4
6275,9,truck,0,airplane,0.91168004,contrast,5
7256,4,deer,6,frog,0.9116764,noise,4
4823,5,dog,3,cat,0.9116715,contrast,2
480,8,ship,6,frog,0.91166234,rotation,3
868,0,airplane,1,automobile,0.9116492,rotation,5
7004,3,cat,0,airplane,0.9116477,blur,3
5665,2,bird,0,airplane,0.9116238,contrast,2
9011,2,bird,6,frog,0.9115904,noise,5
52,0,airplane,2,bird,0.9115871,rotation,1
2067,7,horse,6,frog,0.91156197,rotation,4
8698,6,frog,4,deer,0.9115576,contrast,4
606,4,deer,3,cat,0.9115394,blur,3
7911,2,bird,6,frog,0.9115353,rotation,5
85,5,dog,6,frog,0.91149974,rotation,5
3901,3,cat,6,frog,0.9114979,rotation,5
9696,1,automobile,0,airplane,0.91149193,blur,5
8295,3,cat,0,airplane,0.91147006,rotation,2
650,3,cat,6,frog,0.9114421,noise,3
9774,5,dog,6,frog,0.91143364,rotation,3
5531,8,ship,0,airplane,0.9114144,brightness,3
4003,2,bird,0,airplane,0.9113865,rotation,1
4623,5,dog,3,cat,0.9113763,blur,5
557,4,deer,3,cat,0.91137606,blur,5
677,1,automobile,6,frog,0.9113727,noise,1
9557,5,dog,6,frog,0.9113726,rotation,4
4458,3,cat,6,frog,0.9113414,rotation,5
9107,5,dog,2,bird,0.911338,brightness,1
6827,3,cat,2,bird,0.9112949,brightness,2
1120,5,dog,2,bird,0.9112773,noise,1
8518,9,truck,6,frog,0.9112741,rotation,5
9598,9,truck,6,frog,0.9112652,rotation,4
5955,5,dog,6,frog,0.9112567,rotation,4
6913,3,cat,6,frog,0.9112552,rotation,2
517,9,truck,6,frog,0.9112271,noise,3
8351,0,airplane,2,bird,0.9112035,brightness,1
9895,4,deer,6,frog,0.9111975,rotation,5
5866,4,deer,6,frog,0.9111822,noise,2
1547,2,bird,0,airplane,0.91118085,rotation,1
646,3,cat,6,frog,0.9111779,noise,3
9857,0,airplane,1,automobile,0.9111764,rotation,4
8200,3,cat,6,frog,0.9111738,noise,2
7267,5,dog,6,frog,0.91117334,noise,2
7379,7,horse,6,frog,0.91117215,noise,5
2255,1,automobile,8,ship,0.9111708,noise,1
5048,1,automobile,6,frog,0.9111689,contrast,5
7885,3,cat,6,frog,0.9111465,noise,2
6769,3,cat,4,deer,0.91113126,brightness,4
3924,5,dog,6,frog,0.9111301,rotation,4
1433,7,horse,5,dog,0.9111213,rotation,3
6732,3,cat,2,bird,0.9111109,rotation,5
631,5,dog,2,bird,0.91110593,contrast,1
5795,7,horse,4,deer,0.9110975,rotation,2
8440,5,dog,3,cat,0.91107666,blur,3
2243,3,cat,4,deer,0.9110518,noise,1
9084,5,dog,3,cat,0.91103804,blur,4
9084,5,dog,3,cat,0.9110347,blur,3
9817,9,truck,1,automobile,0.91103274,contrast,4
6659,1,automobile,5,dog,0.91103107,blur,2
9877,6,frog,2,bird,0.91102195,brightness,3
8532,3,cat,6,frog,0.9109887,noise,2
6913,3,cat,6,frog,0.91098225,contrast,2
9927,9,truck,8,ship,0.91098136,contrast,5
2768,5,dog,6,frog,0.9109786,noise,3
3327,7,horse,6,frog,0.91097397,noise,2
4541,2,bird,6,frog,0.9109728,rotation,5
2212,2,bird,6,frog,0.9109647,rotation,5
9260,5,dog,3,cat,0.91096216,rotation,1
508,9,truck,0,airplane,0.9109587,contrast,5
9110,1,automobile,0,airplane,0.91095823,contrast,5
4546,2,bird,4,deer,0.9109386,noise,3
9217,9,truck,0,airplane,0.91093814,brightness,2
3204,5,dog,3,cat,0.91093695,brightness,2
7346,5,dog,6,frog,0.9109165,rotation,5
4699,5,dog,6,frog,0.91090006,rotation,4
9867,8,ship,0,airplane,0.91089964,brightness,3
4055,1,automobile,0,airplane,0.91089326,contrast,5
8269,8,ship,0,airplane,0.9108786,contrast,2
5455,9,truck,1,automobile,0.9108707,clean,0
7323,3,cat,4,deer,0.91086453,rotation,2
4124,8,ship,1,automobile,0.9108483,brightness,4
1255,4,deer,2,bird,0.9108419,rotation,2
8810,2,bird,6,frog,0.9108139,rotation,4
6897,9,truck,1,automobile,0.9108102,blur,1
7207,3,cat,6,frog,0.9108079,rotation,5
9711,4,deer,6,frog,0.91078603,rotation,4
5341,6,frog,3,cat,0.91074854,blur,3
7082,2,bird,0,airplane,0.91074854,clean,0
2828,2,bird,6,frog,0.9107344,rotation,5
9382,9,truck,6,frog,0.91073036,rotation,4
3085,2,bird,6,frog,0.91072947,noise,5
4476,1,automobile,6,frog,0.91072845,noise,3
6381,9,truck,1,automobile,0.91071457,blur,2
7416,1,automobile,8,ship,0.910709,contrast,5
2247,5,dog,2,bird,0.91070575,blur,4
8173,5,dog,6,frog,0.9107035,rotation,4
7147,5,dog,2,bird,0.9106995,blur,3
6913,3,cat,6,frog,0.91067797,clean,0
7545,5,dog,2,bird,0.91067666,blur,2
7561,2,bird,6,frog,0.9106595,rotation,5
5605,3,cat,6,frog,0.9106484,noise,3
3120,4,deer,2,bird,0.9106412,clean,0
7228,3,cat,6,frog,0.9105883,noise,1
910,5,dog,4,deer,0.91058505,brightness,4
9839,3,cat,6,frog,0.910572,noise,2
7157,5,dog,6,frog,0.910563,noise,3
2512,2,bird,6,frog,0.91055685,rotation,2
3146,2,bird,6,frog,0.9105256,brightness,4
3320,2,bird,6,frog,0.9105119,rotation,5
6954,7,horse,0,airplane,0.91050535,brightness,2
1678,2,bird,0,airplane,0.9105034,contrast,5
2181,3,cat,6,frog,0.91049826,rotation,4
5985,4,deer,2,bird,0.91048926,blur,2
5080,7,horse,3,cat,0.9104888,blur,3
4779,9,truck,1,automobile,0.9104879,brightness,4
2725,8,ship,6,frog,0.91048247,rotation,5
2643,3,cat,4,deer,0.9104773,brightness,5
9788,1,automobile,6,frog,0.9104699,noise,2
5607,6,frog,0,airplane,0.9104365,blur,3
8549,1,automobile,9,truck,0.9104361,blur,2
4699,5,dog,2,bird,0.9104256,contrast,4
6559,2,bird,4,deer,0.9104185,brightness,4
752,9,truck,6,frog,0.9104131,brightness,4
2729,5,dog,3,cat,0.9104122,blur,3
2759,3,cat,6,frog,0.9104115,noise,3
8380,9,truck,8,ship,0.9104105,contrast,4
7329,1,automobile,0,airplane,0.9103632,contrast,4
3272,7,horse,6,frog,0.9103618,rotation,5
8351,0,airplane,2,bird,0.9103578,rotation,3
8642,3,cat,6,frog,0.9103527,noise,1
8306,6,frog,2,bird,0.9103452,blur,2
5521,9,truck,2,bird,0.91033643,blur,4
8735,3,cat,2,bird,0.9103183,contrast,1
3612,1,automobile,0,airplane,0.91031593,contrast,5
4803,7,horse,6,frog,0.91031456,rotation,4
4106,3,cat,0,airplane,0.9103054,contrast,4
4732,2,bird,4,deer,0.91030097,contrast,3
4553,3,cat,6,frog,0.91028464,rotation,4
4732,2,bird,4,deer,0.9102636,brightness,3
6035,5,dog,6,frog,0.9102421,noise,2
4120,4,deer,0,airplane,0.9102248,rotation,4
3892,5,dog,6,frog,0.91021335,rotation,4
9655,8,ship,0,airplane,0.9102108,rotation,5
9574,4,deer,2,bird,0.9102104,blur,3
2465,9,truck,6,frog,0.9102079,noise,3
5607,6,frog,0,airplane,0.9101999,blur,4
2087,0,airplane,4,deer,0.91016847,noise,2
6559,2,bird,4,deer,0.9101601,brightness,3
2676,4,deer,6,frog,0.91015524,rotation,3
4027,4,deer,6,frog,0.910138,noise,4
9084,5,dog,3,cat,0.9101053,blur,5
5915,5,dog,3,cat,0.91007984,rotation,1
2989,5,dog,6,frog,0.91005474,contrast,3
7358,8,ship,6,frog,0.91003776,noise,3
9187,4,deer,6,frog,0.91003567,rotation,5
8069,4,deer,6,frog,0.910035,rotation,5
4699,5,dog,2,bird,0.9100216,noise,1
2851,4,deer,6,frog,0.91001236,noise,3
9320,9,truck,0,airplane,0.9100119,blur,3
1400,5,dog,3,cat,0.9100107,blur,2
5639,3,cat,2,bird,0.91000736,clean,0
899,5,dog,3,cat,0.9099812,blur,4
6861,8,ship,0,airplane,0.90996134,clean,0
5898,8,ship,6,frog,0.90995324,rotation,4
7946,1,automobile,6,frog,0.9099499,rotation,4
5387,3,cat,4,deer,0.90994614,brightness,5
6783,3,cat,6,frog,0.90993196,blur,1
3607,3,cat,2,bird,0.909929,brightness,5
9609,1,automobile,6,frog,0.9099222,rotation,4
9579,2,bird,6,frog,0.9098885,noise,1
7720,5,dog,2,bird,0.9098835,blur,3
165,4,deer,2,bird,0.9098828,contrast,2
899,5,dog,3,cat,0.90984887,blur,5
5839,2,bird,6,frog,0.9098459,rotation,3
4052,5,dog,6,frog,0.9098254,noise,4
9927,9,truck,8,ship,0.90980285,contrast,4
4533,8,ship,0,airplane,0.90979934,blur,2
3011,3,cat,6,frog,0.90978646,rotation,4
7682,8,ship,9,truck,0.9097834,noise,2
2960,9,truck,0,airplane,0.9097774,brightness,3
6722,3,cat,6,frog,0.90976644,noise,2
2128,4,deer,6,frog,0.9097664,blur,2
3188,4,deer,3,cat,0.9097568,blur,2
5839,2,bird,6,frog,0.9097318,rotation,2
2944,9,truck,6,frog,0.90970933,rotation,4
7318,4,deer,2,bird,0.90970373,rotation,1
9436,1,automobile,6,frog,0.9097,rotation,3
2737,8,ship,0,airplane,0.90969944,rotation,1
899,5,dog,3,cat,0.909692,blur,3
4167,0,airplane,6,frog,0.90967953,noise,5
4128,1,automobile,0,airplane,0.9096538,contrast,5
4887,5,dog,6,frog,0.9096431,noise,3
7713,5,dog,6,frog,0.90963423,noise,2
9470,9,truck,6,frog,0.90962756,rotation,5
2335,5,dog,2,bird,0.909625,contrast,3
9084,5,dog,6,frog,0.9096096,noise,3
5435,7,horse,4,deer,0.9096065,brightness,3
1066,9,truck,1,automobile,0.90959936,contrast,4
9012,8,ship,0,airplane,0.9095874,blur,2
67,2,bird,0,airplane,0.90958565,noise,1
845,3,cat,0,airplane,0.90958387,contrast,2
3506,2,bird,6,frog,0.9095732,rotation,5
3892,5,dog,6,frog,0.9095676,brightness,5
6357,7,horse,6,frog,0.90956306,noise,4
4205,4,deer,6,frog,0.9095578,rotation,4
4725,9,truck,1,automobile,0.90955734,contrast,1
6909,4,deer,2,bird,0.9095471,rotation,2
4266,3,cat,6,frog,0.90954655,rotation,4
4469,5,dog,6,frog,0.9095464,rotation,5
2762,4,deer,2,bird,0.9095443,blur,4
6595,2,bird,0,airplane,0.90954393,rotation,5
1205,8,ship,0,airplane,0.90951747,rotation,2
898,3,cat,7,horse,0.90950567,brightness,1
3053,4,deer,6,frog,0.9095045,noise,4
7329,1,automobile,6,frog,0.9095025,rotation,4
6975,8,ship,6,frog,0.9094731,noise,2
230,5,dog,3,cat,0.90947044,blur,4
3430,8,ship,0,airplane,0.90946496,blur,5
925,5,dog,3,cat,0.9094524,blur,2
2169,8,ship,0,airplane,0.90944934,clean,0
8501,8,ship,6,frog,0.90944916,rotation,4
6082,0,airplane,6,frog,0.90943605,rotation,4
4008,8,ship,0,airplane,0.90941703,blur,5
2026,5,dog,3,cat,0.9094168,blur,2
4696,5,dog,6,frog,0.909413,rotation,4
421,5,dog,3,cat,0.9094044,blur,3
5607,6,frog,0,airplane,0.90940064,blur,5
7414,8,ship,0,airplane,0.9093788,contrast,4
1410,1,automobile,6,frog,0.9093706,rotation,4
6308,4,deer,6,frog,0.9093649,noise,5
2926,9,truck,2,bird,0.90936327,blur,5
5050,3,cat,6,frog,0.9093613,noise,5
9834,8,ship,0,airplane,0.90935075,blur,5
7588,2,bird,6,frog,0.9093426,noise,2
7781,5,dog,6,frog,0.909335,noise,1
9849,0,airplane,2,bird,0.90932477,blur,4
2937,3,cat,6,frog,0.9093194,rotation,5
8144,9,truck,1,automobile,0.9093078,rotation,1
9812,3,cat,6,frog,0.9093031,noise,2
4066,6,frog,2,bird,0.90927094,rotation,1
5354,0,airplane,4,deer,0.909269,noise,1
4404,3,cat,4,deer,0.9092408,noise,1
5273,7,horse,3,cat,0.9092402,blur,4
5650,5,dog,6,frog,0.90923643,rotation,4
6942,3,cat,2,bird,0.9091897,rotation,2
6683,5,dog,6,frog,0.90918547,rotation,3
4055,1,automobile,0,airplane,0.9091794,rotation,2
5689,3,cat,6,frog,0.9091774,noise,2
3471,1,automobile,6,frog,0.90914863,noise,3
4790,1,automobile,8,ship,0.9091456,blur,5
5469,5,dog,6,frog,0.9091106,noise,5
2317,5,dog,6,frog,0.9091085,rotation,4
2659,2,bird,6,frog,0.90910125,noise,2
4995,2,bird,3,cat,0.90909857,blur,3
787,9,truck,0,airplane,0.9090785,blur,4
9586,5,dog,4,deer,0.9090776,noise,1
8546,8,ship,0,airplane,0.9090536,brightness,2
439,1,automobile,6,frog,0.90904707,noise,3
9641,6,frog,3,cat,0.9090321,contrast,1
1046,2,bird,6,frog,0.9090252,noise,3
2937,3,cat,6,frog,0.90900713,rotation,4
3518,5,dog,3,cat,0.90900254,blur,5
3256,4,deer,6,frog,0.9089973,rotation,4
1591,1,automobile,6,frog,0.9089789,noise,5
6760,5,dog,3,cat,0.9089782,blur,3
9383,9,truck,6,frog,0.90897506,rotation,5
8096,3,cat,6,frog,0.90897226,rotation,5
2067,7,horse,4,deer,0.9089722,contrast,4
8521,9,truck,0,airplane,0.9089649,brightness,4
7404,8,ship,0,airplane,0.908949,rotation,1
4749,2,bird,3,cat,0.90893614,blur,2
1963,2,bird,0,airplane,0.9089245,contrast,5
3350,8,ship,0,airplane,0.90890974,brightness,1
9960,2,bird,0,airplane,0.90889776,clean,0
4411,5,dog,6,frog,0.90889007,rotation,4
2733,3,cat,6,frog,0.9088819,rotation,4
9585,4,deer,6,frog,0.90887153,noise,3
5393,4,deer,2,bird,0.9088613,brightness,1
8091,7,horse,0,airplane,0.9088596,contrast,1
866,3,cat,6,frog,0.90885836,rotation,4
680,9,truck,2,bird,0.90885234,blur,3
1934,7,horse,6,frog,0.90885115,rotation,4
2043,8,ship,0,airplane,0.9088172,blur,2
4560,1,automobile,0,airplane,0.9088108,blur,3
3472,7,horse,3,cat,0.9087987,blur,4
9513,6,frog,3,cat,0.9087922,blur,3
8125,8,ship,1,automobile,0.90877956,rotation,3
1004,8,ship,0,airplane,0.9087759,brightness,3
3801,2,bird,0,airplane,0.9087756,blur,1
1401,4,deer,6,frog,0.9087718,rotation,4
2075,4,deer,2,bird,0.90876746,blur,2
9349,9,truck,0,airplane,0.9087648,blur,3
9641,6,frog,3,cat,0.9087514,blur,2
578,7,horse,2,bird,0.9087448,blur,5
6690,5,dog,2,bird,0.908738,contrast,3
4715,9,truck,6,frog,0.908723,rotation,5
6381,9,truck,1,automobile,0.90872157,noise,1
5945,9,truck,0,airplane,0.90871155,blur,3
3180,3,cat,6,frog,0.90869087,noise,2
5265,2,bird,3,cat,0.9086904,blur,5
7866,6,frog,3,cat,0.9086803,blur,4
7938,2,bird,6,frog,0.90867305,noise,3
4147,3,cat,2,bird,0.90866596,contrast,2
8295,3,cat,0,airplane,0.9086632,rotation,5
4935,5,dog,6,frog,0.9086605,noise,5
8275,3,cat,6,frog,0.9086519,noise,5
6485,9,truck,6,frog,0.9086446,noise,5
8756,2,bird,6,frog,0.9086215,noise,3
3642,1,automobile,0,airplane,0.90860516,blur,5
3886,8,ship,0,airplane,0.9086009,rotation,5
6682,4,deer,6,frog,0.908553,rotation,5
1179,3,cat,6,frog,0.90854955,noise,3
1935,6,frog,2,bird,0.90852565,contrast,3
3036,9,truck,6,frog,0.9085243,rotation,5
8351,0,airplane,2,bird,0.9085234,brightness,4
7949,8,ship,3,cat,0.90851814,blur,2
4795,5,dog,3,cat,0.9084835,blur,3
5158,4,deer,6,frog,0.9084833,rotation,5
458,4,deer,6,frog,0.908442,rotation,3
5314,7,horse,9,truck,0.9084407,noise,1
1070,3,cat,6,frog,0.90844053,rotation,5
421,5,dog,3,cat,0.90843505,blur,4
4779,9,truck,1,automobile,0.9084218,blur,1
1034,6,frog,3,cat,0.9083619,blur,2
5319,7,horse,4,deer,0.90836114,noise,1
8642,3,cat,6,frog,0.90835994,noise,4
9756,5,dog,6,frog,0.9083468,noise,3
8071,4,deer,6,frog,0.9083334,rotation,4
8276,9,truck,0,airplane,0.90833265,brightness,4
2762,4,deer,2,bird,0.90833235,blur,5
6716,8,ship,0,airplane,0.90833145,rotation,4
6310,5,dog,6,frog,0.9083266,noise,2
8406,9,truck,0,airplane,0.90832394,blur,5
8765,2,bird,6,frog,0.90831274,rotation,5
4458,3,cat,6,frog,0.9083112,noise,4
2172,5,dog,4,deer,0.9083088,brightness,3
1428,7,horse,6,frog,0.90830845,rotation,4
5533,2,bird,0,airplane,0.9082914,brightness,1
462,1,automobile,6,frog,0.9082882,rotation,5
5626,0,airplane,6,frog,0.90826714,rotation,4
4671,6,frog,3,cat,0.90824586,blur,2
2226,2,bird,6,frog,0.90820765,contrast,3
1445,3,cat,4,deer,0.9081907,rotation,2
7269,7,horse,6,frog,0.9081558,noise,3
8251,3,cat,6,frog,0.908151,noise,3
9462,2,bird,0,airplane,0.90810823,contrast,3
2511,8,ship,1,automobile,0.90810776,rotation,5
3600,4,deer,2,bird,0.9081072,brightness,2
1732,9,truck,1,automobile,0.9080987,rotation,4
6374,9,truck,8,ship,0.90809435,contrast,5
5668,7,horse,4,deer,0.90806055,noise,2
6992,4,deer,6,frog,0.9080554,rotation,4
7325,4,deer,6,frog,0.9080464,rotation,5
332,3,cat,6,frog,0.9080457,noise,2
7051,3,cat,4,deer,0.90804464,brightness,5
3127,4,deer,6,frog,0.9080407,noise,2
5411,2,bird,6,frog,0.9080397,noise,2
9449,9,truck,0,airplane,0.90799785,blur,1
7214,3,cat,5,dog,0.9079842,blur,1
5810,5,dog,6,frog,0.9079657,noise,2
1850,1,automobile,0,airplane,0.9079051,contrast,4
4212,1,automobile,6,frog,0.9078964,noise,3
9274,8,ship,0,airplane,0.90789515,brightness,4
9656,0,airplane,6,frog,0.9078729,rotation,4
2497,9,truck,0,airplane,0.90787226,rotation,5
3862,4,deer,6,frog,0.90786344,rotation,4
735,4,deer,6,frog,0.9078623,rotation,5
4497,8,ship,0,airplane,0.9078467,blur,2
532,9,truck,6,frog,0.90783846,rotation,5
1696,4,deer,0,airplane,0.907835,rotation,2
978,1,automobile,6,frog,0.9078229,noise,3
2665,1,automobile,6,frog,0.9078227,noise,4
6545,9,truck,8,ship,0.9078174,contrast,2
9837,4,deer,2,bird,0.9078129,rotation,2
7304,2,bird,6,frog,0.9077966,noise,3
2948,5,dog,4,deer,0.907792,noise,2
8451,5,dog,6,frog,0.90778285,rotation,5
5797,5,dog,6,frog,0.9077818,noise,4
9375,3,cat,4,deer,0.907778,brightness,5
2790,8,ship,0,airplane,0.9077718,rotation,3
7806,9,truck,1,automobile,0.9077584,clean,0
2963,3,cat,6,frog,0.9077565,rotation,4
6926,7,horse,3,cat,0.90774167,blur,3
5639,3,cat,2,bird,0.9077241,contrast,1
5394,1,automobile,6,frog,0.9077233,rotation,5
6952,8,ship,0,airplane,0.9077096,noise,1
6212,7,horse,6,frog,0.90770936,rotation,4
5714,2,bird,6,frog,0.90769976,rotation,4
2366,9,truck,0,airplane,0.9076908,contrast,5
5663,8,ship,6,frog,0.9076781,rotation,5
6243,4,deer,6,frog,0.9076516,rotation,3
9513,6,frog,3,cat,0.90765053,blur,2
6384,7,horse,2,bird,0.9076285,blur,1
6869,5,dog,6,frog,0.9076199,noise,4
3369,5,dog,3,cat,0.9076193,blur,5
9522,3,cat,2,bird,0.9076152,contrast,3
6530,3,cat,6,frog,0.90761316,noise,3
6358,7,horse,2,bird,0.90760726,contrast,3
6728,1,automobile,6,frog,0.907592,contrast,5
8006,9,truck,6,frog,0.9075842,rotation,4
8667,4,deer,2,bird,0.9075832,brightness,3
6381,9,truck,1,automobile,0.9075603,rotation,5
5262,4,deer,6,frog,0.90755737,rotation,4
66,1,automobile,0,airplane,0.90755326,contrast,4
3344,9,truck,0,airplane,0.907543,contrast,4
845,3,cat,0,airplane,0.9075372,contrast,5
1626,9,truck,0,airplane,0.90752405,blur,2
9560,9,truck,4,deer,0.9075108,noise,1
5364,7,horse,6,frog,0.90750307,rotation,5
4533,8,ship,0,airplane,0.9075004,rotation,2
7879,3,cat,6,frog,0.90747666,rotation,5
7529,5,dog,6,frog,0.9074733,noise,4
5324,2,bird,6,frog,0.90746546,noise,2
5602,4,deer,6,frog,0.90746486,rotation,4
6608,5,dog,2,bird,0.9074523,contrast,2
9517,9,truck,4,deer,0.90745014,contrast,5
3727,9,truck,6,frog,0.9074466,rotation,5
3028,1,automobile,6,frog,0.90743876,rotation,5
5146,0,airplane,6,frog,0.9074311,rotation,4
3728,2,bird,3,cat,0.9074292,blur,4
9375,3,cat,5,dog,0.9074107,blur,1
9244,7,horse,4,deer,0.9074001,noise,1
5273,7,horse,3,cat,0.9073976,blur,3
4918,3,cat,6,frog,0.90739125,noise,4
2737,8,ship,0,airplane,0.9073861,brightness,5
1610,2,bird,6,frog,0.9073706,rotation,4
5972,8,ship,0,airplane,0.90737,brightness,5
9641,6,frog,3,cat,0.9073129,contrast,2
4900,3,cat,6,frog,0.9073079,noise,4
1142,8,ship,6,frog,0.907304,rotation,4
5233,1,automobile,6,frog,0.907295,contrast,5
4299,2,bird,6,frog,0.9072836,rotation,4
6988,4,deer,6,frog,0.9072762,rotation,4
1934,7,horse,0,airplane,0.90727085,brightness,2
6391,9,truck,6,frog,0.9072631,rotation,5
9229,1,automobile,6,frog,0.9072478,noise,2
5814,8,ship,0,airplane,0.9072473,rotation,3
458,4,deer,6,frog,0.9072414,noise,2
2538,5,dog,6,frog,0.9072368,rotation,5
6010,1,automobile,6,frog,0.90722823,brightness,5
2788,7,horse,6,frog,0.90720785,noise,2
432,3,cat,6,frog,0.9072007,rotation,4
4964,5,dog,4,deer,0.9071963,brightness,3
701,2,bird,0,airplane,0.9071795,contrast,1
5930,5,dog,2,bird,0.9071782,brightness,3
7157,5,dog,6,frog,0.9071643,noise,2
5535,3,cat,6,frog,0.90716046,noise,4
5252,4,deer,2,bird,0.9071574,rotation,5
7543,9,truck,6,frog,0.9071371,rotation,4
6715,2,bird,6,frog,0.90711904,noise,5
155,5,dog,6,frog,0.90711385,noise,1
2755,5,dog,4,deer,0.90710896,brightness,5
6954,7,horse,0,airplane,0.907096,contrast,1
5332,9,truck,6,frog,0.9070956,rotation,5
6523,6,frog,4,deer,0.90709543,brightness,3
810,5,dog,2,bird,0.9070559,contrast,5
6962,7,horse,6,frog,0.9070488,rotation,4
6263,2,bird,6,frog,0.90703106,noise,3
8484,3,cat,6,frog,0.9070297,rotation,5
5294,8,ship,6,frog,0.90702325,rotation,4
6173,1,automobile,0,airplane,0.90701747,blur,3
1356,2,bird,6,frog,0.90701383,rotation,5
8553,7,horse,6,frog,0.9070137,rotation,4
9360,5,dog,0,airplane,0.90701246,rotation,2
9880,7,horse,4,deer,0.9070095,contrast,3
1649,5,dog,6,frog,0.90698594,rotation,5
1012,6,frog,2,bird,0.906985,blur,5
1734,9,truck,1,automobile,0.90698344,rotation,1
5882,1,automobile,9,truck,0.9069304,brightness,1
8773,6,frog,2,bird,0.9069148,blur,4
7906,2,bird,4,deer,0.90691173,brightness,4
7536,8,ship,1,automobile,0.906899,brightness,1
467,3,cat,6,frog,0.90689534,rotation,4
2278,9,truck,6,frog,0.9068745,rotation,5
9753,3,cat,6,frog,0.9068597,noise,1
3326,4,deer,6,frog,0.90685666,noise,5
9877,6,frog,2,bird,0.90685123,brightness,2
3384,7,horse,9,truck,0.9068424,noise,3
8473,2,bird,0,airplane,0.9068384,brightness,3
9978,7,horse,4,deer,0.9068325,noise,2
6614,5,dog,2,bird,0.90681607,blur,3
5693,7,horse,6,frog,0.9068129,rotation,4
9729,4,deer,6,frog,0.9068126,noise,1
9170,0,airplane,9,truck,0.9067987,contrast,1
3439,4,deer,6,frog,0.9067975,rotation,5
7173,1,automobile,6,frog,0.90678275,rotation,3
9782,2,bird,6,frog,0.9067781,rotation,5
8793,7,horse,3,cat,0.90677136,blur,3
4784,0,airplane,8,ship,0.9067645,brightness,1
3204,5,dog,3,cat,0.9067551,contrast,1
9657,5,dog,6,frog,0.9067541,rotation,4
3923,3,cat,4,deer,0.90675145,noise,1
7068,2,bird,6,frog,0.9067498,rotation,4
8722,7,horse,6,frog,0.90674853,rotation,5
8091,7,horse,6,frog,0.90674007,rotation,4
1938,8,ship,0,airplane,0.906737,blur,2
9978,7,horse,6,frog,0.90673316,rotation,5
1292,4,deer,6,frog,0.90669566,noise,2
7926,5,dog,3,cat,0.9066921,blur,4
910,5,dog,4,deer,0.9066552,contrast,2
2078,2,bird,6,frog,0.9066406,clean,0
6062,3,cat,6,frog,0.9066378,rotation,5
1178,6,frog,2,bird,0.90662044,blur,2
3557,9,truck,6,frog,0.90662014,rotation,3
1548,5,dog,4,deer,0.9066183,brightness,2
5338,8,ship,0,airplane,0.9066147,contrast,4
4671,6,frog,3,cat,0.9065977,blur,3
6766,8,ship,0,airplane,0.90659684,clean,0
4725,9,truck,1,automobile,0.90659505,contrast,2
4634,7,horse,3,cat,0.9065713,blur,5
5273,7,horse,3,cat,0.9065626,blur,5
6445,1,automobile,6,frog,0.9065471,rotation,5
5211,7,horse,4,deer,0.90653723,contrast,4
9953,7,horse,6,frog,0.90651745,rotation,4
5805,1,automobile,6,frog,0.90651256,rotation,5
1297,2,bird,0,airplane,0.9065063,clean,0
6522,9,truck,1,automobile,0.9064949,blur,1
3560,1,automobile,9,truck,0.90645564,noise,2
5151,9,truck,6,frog,0.90645105,rotation,4
9304,5,dog,2,bird,0.9064485,blur,3
5929,7,horse,6,frog,0.9064386,rotation,4
3913,7,horse,4,deer,0.90642923,noise,1
5550,5,dog,6,frog,0.90641963,rotation,4
3828,1,automobile,0,airplane,0.90641344,brightness,3
3232,7,horse,0,airplane,0.90640706,rotation,1
7720,5,dog,2,bird,0.9063944,blur,4
4004,0,airplane,6,frog,0.9063731,rotation,4
3569,9,truck,6,frog,0.90636057,noise,5
6001,0,airplane,1,automobile,0.9063487,rotation,5
4887,5,dog,6,frog,0.9063435,noise,1
4047,4,deer,6,frog,0.9063324,rotation,4
2491,9,truck,0,airplane,0.90632796,rotation,2
5829,4,deer,6,frog,0.9063166,rotation,5
7997,1,automobile,0,airplane,0.90631247,blur,5
5633,4,deer,2,bird,0.9063055,clean,0
4066,6,frog,2,bird,0.90630436,blur,5
2747,3,cat,6,frog,0.9062803,noise,2
9184,7,horse,4,deer,0.9062648,noise,1
6127,5,dog,2,bird,0.9062593,noise,1
2969,5,dog,6,frog,0.90624726,noise,3
2518,7,horse,4,deer,0.90617925,noise,2
3107,5,dog,6,frog,0.9061749,rotation,5
787,9,truck,0,airplane,0.9061727,blur,5
9028,8,ship,6,frog,0.9061432,rotation,4
4842,2,bird,0,airplane,0.9061217,blur,1
5237,4,deer,2,bird,0.9061204,contrast,1
5483,1,automobile,6,frog,0.90610784,rotation,4
2755,5,dog,4,deer,0.9060731,rotation,1
7669,7,horse,4,deer,0.9060677,brightness,4
7329,1,automobile,0,airplane,0.9060651,contrast,5
230,5,dog,3,cat,0.9060496,blur,5
6486,8,ship,6,frog,0.90604395,contrast,3
4381,7,horse,2,bird,0.9060386,rotation,2
3485,1,automobile,0,airplane,0.90602165,blur,4
5690,7,horse,4,deer,0.9060099,brightness,2
4599,8,ship,0,airplane,0.9060098,contrast,3
8550,1,automobile,0,airplane,0.90597713,blur,5
3076,2,bird,6,frog,0.90593964,noise,4
8877,9,truck,1,automobile,0.9059289,brightness,2
5080,7,horse,3,cat,0.9059014,blur,4
7079,7,horse,6,frog,0.9058958,rotation,5
9583,9,truck,0,airplane,0.90589184,blur,3
6808,0,airplane,1,automobile,0.9058887,rotation,5
6690,5,dog,2,bird,0.90587294,blur,1
2340,7,horse,6,frog,0.9058641,rotation,4
5079,1,automobile,0,airplane,0.9058609,blur,3
8973,5,dog,6,frog,0.9058606,noise,5
1150,2,bird,4,deer,0.90585726,brightness,1
3913,7,horse,4,deer,0.9058475,brightness,4
6711,5,dog,6,frog,0.90583843,noise,5
7041,4,deer,0,airplane,0.9058182,brightness,4
1339,5,dog,6,frog,0.90581787,noise,2
2422,3,cat,4,deer,0.90580153,clean,0
5620,3,cat,6,frog,0.9057678,rotation,5
7079,7,horse,2,bird,0.9057596,blur,4
8727,9,truck,0,airplane,0.9057594,contrast,1
8547,6,frog,3,cat,0.9057466,blur,5
524,0,airplane,1,automobile,0.9057153,rotation,4
9449,9,truck,0,airplane,0.9057134,contrast,4
6279,1,automobile,6,frog,0.9056826,rotation,4
467,3,cat,6,frog,0.905679,noise,2
7323,3,cat,4,deer,0.9056704,brightness,3
5435,7,horse,4,deer,0.90566754,contrast,3
9268,7,horse,4,deer,0.9056429,noise,1
2192,0,airplane,6,frog,0.9055908,rotation,3
8806,3,cat,2,bird,0.90558445,brightness,2
8786,3,cat,6,frog,0.9055773,noise,4
5098,5,dog,2,bird,0.9055697,contrast,2
7113,9,truck,0,airplane,0.9055571,blur,5
6060,3,cat,6,frog,0.905553,noise,3
2251,6,frog,3,cat,0.90555257,blur,2
3689,7,horse,4,deer,0.9055521,contrast,3
7274,1,automobile,9,truck,0.9055507,brightness,2
5112,5,dog,6,frog,0.90554494,noise,2
9726,9,truck,6,frog,0.9055396,rotation,4
7161,5,dog,6,frog,0.9055234,noise,3
15,8,ship,6,frog,0.905522,noise,5
4431,1,automobile,8,ship,0.9055003,contrast,3
2652,7,horse,6,frog,0.9054996,rotation,5
6031,5,dog,3,cat,0.9054983,blur,3
1718,0,airplane,8,ship,0.9054962,rotation,1
4582,8,ship,0,airplane,0.9054925,blur,4
7314,3,cat,6,frog,0.9054898,rotation,4
2314,3,cat,4,deer,0.9054887,noise,2
8639,7,horse,4,deer,0.9054794,noise,2
3732,9,truck,0,airplane,0.90546316,contrast,4
8809,8,ship,6,frog,0.9054293,rotation,5
4096,8,ship,0,airplane,0.90541613,contrast,4
8018,8,ship,0,airplane,0.90541416,blur,3
1178,6,frog,2,bird,0.90541035,rotation,1
8331,3,cat,2,bird,0.9054099,contrast,3
1674,4,deer,2,bird,0.9054035,blur,4
1224,7,horse,4,deer,0.90540266,blur,1
2482,9,truck,6,frog,0.9053878,noise,4
977,8,ship,0,airplane,0.9053827,blur,5
8331,3,cat,2,bird,0.90538055,blur,3
8546,8,ship,0,airplane,0.90537745,contrast,3
6827,3,cat,2,bird,0.90537643,blur,3
488,5,dog,4,deer,0.9053695,brightness,2
2383,2,bird,4,deer,0.90536755,brightness,4
2916,1,automobile,0,airplane,0.9053668,blur,3
5318,1,automobile,0,airplane,0.90535915,blur,2
2845,5,dog,2,bird,0.9053455,contrast,3
6781,3,cat,6,frog,0.9053361,noise,2
8981,7,horse,4,deer,0.9053359,clean,0
6271,6,frog,2,bird,0.90532845,contrast,1
643,7,horse,6,frog,0.9053277,rotation,5
8139,1,automobile,6,frog,0.9053104,noise,2
266,2,bird,6,frog,0.90530485,rotation,4
9960,2,bird,0,airplane,0.90529984,brightness,1
6250,4,deer,3,cat,0.90528333,blur,2
7124,5,dog,2,bird,0.90528196,blur,1
1224,7,horse,4,deer,0.9052685,contrast,1
4628,5,dog,2,bird,0.90526664,contrast,1
5658,4,deer,6,frog,0.9052616,rotation,5
1276,5,dog,6,frog,0.90526104,noise,3
7926,5,dog,3,cat,0.9052541,blur,5
7669,7,horse,4,deer,0.9052532,contrast,1
4628,5,dog,2,bird,0.90523374,brightness,1
987,1,automobile,6,frog,0.90521145,rotation,5
3787,3,cat,4,deer,0.9052096,brightness,4
6935,7,horse,4,deer,0.9052029,brightness,5
1047,1,automobile,0,airplane,0.90520245,contrast,3
8843,8,ship,6,frog,0.9051948,rotation,4
3129,3,cat,6,frog,0.9051818,noise,3
3259,3,cat,6,frog,0.9051512,rotation,5
5277,8,ship,0,airplane,0.90511006,blur,4
7106,8,ship,0,airplane,0.9050818,contrast,4
6253,5,dog,4,deer,0.9050701,brightness,2
6690,5,dog,2,bird,0.90506643,contrast,2
929,0,airplane,8,ship,0.9050634,blur,4
3181,9,truck,6,frog,0.90505314,rotation,4
2432,9,truck,0,airplane,0.90504736,brightness,3
3726,5,dog,6,frog,0.90503246,noise,1
4269,0,airplane,6,frog,0.9050256,noise,5
3446,6,frog,3,cat,0.9050187,blur,5
8209,2,bird,4,deer,0.90501493,contrast,4
3596,2,bird,4,deer,0.90500355,contrast,2
369,1,automobile,6,frog,0.9049915,noise,3
465,4,deer,2,bird,0.90495694,blur,5
7168,5,dog,3,cat,0.9049491,blur,1
9149,7,horse,0,airplane,0.9049345,blur,4
2785,4,deer,2,bird,0.90493304,contrast,4
7771,2,bird,0,airplane,0.90492046,contrast,4
293,9,truck,1,automobile,0.9049189,clean,0
4790,1,automobile,8,ship,0.9048929,blur,4
4730,2,bird,6,frog,0.9048898,rotation,5
3978,2,bird,6,frog,0.90487176,noise,5
4929,9,truck,0,airplane,0.9048496,blur,5
8658,3,cat,6,frog,0.90484315,rotation,4
8546,8,ship,0,airplane,0.90483004,brightness,1
8676,8,ship,0,airplane,0.904811,blur,4
5763,9,truck,0,airplane,0.9047847,brightness,2
7283,3,cat,4,deer,0.90477824,brightness,5
5167,2,bird,6,frog,0.9047665,noise,3
9349,9,truck,0,airplane,0.904766,brightness,3
6590,5,dog,2,bird,0.9047654,blur,4
2953,8,ship,0,airplane,0.9047522,rotation,3
4541,2,bird,6,frog,0.90473247,noise,5
3638,9,truck,6,frog,0.90472585,rotation,3
6249,5,dog,6,frog,0.90472376,noise,2
5780,7,horse,6,frog,0.904691,rotation,4
9460,3,cat,6,frog,0.9046845,noise,3
9743,9,truck,1,automobile,0.9046637,brightness,4
981,9,truck,6,frog,0.904663,rotation,5
672,6,frog,2,bird,0.9046351,blur,1
8854,4,deer,6,frog,0.90463364,rotation,4
9909,1,automobile,6,frog,0.9046306,rotation,3
6631,7,horse,6,frog,0.9046144,rotation,5
1883,3,cat,6,frog,0.9046074,rotation,4
3930,1,automobile,6,frog,0.90460366,noise,4
4003,2,bird,0,airplane,0.90460026,contrast,4
568,9,truck,6,frog,0.9045958,rotation,3
6556,8,ship,6,frog,0.9045955,rotation,4
6979,5,dog,4,deer,0.9045873,brightness,1
2962,8,ship,0,airplane,0.9045869,contrast,1
9981,4,deer,2,bird,0.90453386,rotation,5
1521,7,horse,4,deer,0.9045118,brightness,1
7926,5,dog,3,cat,0.90450674,blur,3
9107,5,dog,2,bird,0.9045043,brightness,2
850,7,horse,6,frog,0.90449774,rotation,5
8676,8,ship,0,airplane,0.9044843,blur,3
2034,3,cat,4,deer,0.9044816,contrast,3
7904,1,automobile,0,airplane,0.9044778,blur,4
2340,7,horse,6,frog,0.90447485,rotation,5
7264,4,deer,6,frog,0.9044706,rotation,4
6792,3,cat,9,truck,0.9044704,noise,3
9994,3,cat,6,frog,0.9044599,noise,2
4170,1,automobile,6,frog,0.9044323,rotation,4
2658,7,horse,6,frog,0.9044297,rotation,4
5030,4,deer,0,airplane,0.90440756,brightness,1
3646,3,cat,6,frog,0.90440005,noise,3
5917,3,cat,2,bird,0.9043556,brightness,1
488,5,dog,4,deer,0.90435266,rotation,2
2252,3,cat,6,frog,0.904347,noise,2
4500,3,cat,6,frog,0.90434635,noise,3
4690,2,bird,6,frog,0.90434366,rotation,4
8384,2,bird,6,frog,0.90433675,noise,4
5737,9,truck,5,dog,0.9043234,blur,2
7055,8,ship,6,frog,0.9042935,noise,3
4147,3,cat,2,bird,0.90427256,contrast,1
7520,4,deer,6,frog,0.9042698,rotation,4
9163,4,deer,6,frog,0.90426105,rotation,4
5648,8,ship,6,frog,0.9042197,rotation,3
8175,3,cat,6,frog,0.904212,noise,3
2172,5,dog,6,frog,0.9042112,rotation,5
4660,7,horse,2,bird,0.90420324,contrast,3
974,7,horse,0,airplane,0.9041802,brightness,2
4486,8,ship,1,automobile,0.9041744,rotation,1
1359,9,truck,1,automobile,0.90415233,rotation,4
4654,7,horse,2,bird,0.9041486,blur,2
6849,4,deer,2,bird,0.9041287,brightness,1
6532,5,dog,3,cat,0.90411794,blur,4
9889,8,ship,6,frog,0.9041007,rotation,5
5414,4,deer,2,bird,0.9040855,blur,3
8657,6,frog,3,cat,0.9040826,brightness,4
5198,3,cat,6,frog,0.90407705,rotation,4
1177,9,truck,1,automobile,0.9040707,noise,1
4825,7,horse,2,bird,0.9040592,clean,0
8269,8,ship,0,airplane,0.9040559,blur,5
4184,4,deer,6,frog,0.90405303,rotation,5
1696,4,deer,0,airplane,0.90405023,brightness,2
3589,7,horse,6,frog,0.9040477,rotation,5
4052,5,dog,6,frog,0.9040406,noise,1
9260,5,dog,3,cat,0.90403944,blur,1
6590,5,dog,2,bird,0.9040376,brightness,3
421,5,dog,3,cat,0.9040338,blur,5
7996,7,horse,2,bird,0.90399754,blur,2
9867,8,ship,0,airplane,0.9039833,contrast,4
239,5,dog,3,cat,0.90397745,blur,5
2729,5,dog,3,cat,0.90393674,blur,4
5096,7,horse,0,airplane,0.90393656,rotation,2
2087,0,airplane,4,deer,0.9039335,noise,1
6831,8,ship,0,airplane,0.90393233,blur,4
731,2,bird,0,airplane,0.90392184,noise,4
1262,8,ship,0,airplane,0.9039201,brightness,4
8148,9,truck,6,frog,0.90390974,rotation,4
3519,8,ship,6,frog,0.90389323,noise,2
1439,9,truck,1,automobile,0.90389234,blur,1
4634,7,horse,3,cat,0.9038752,blur,4
1291,9,truck,0,airplane,0.90386766,blur,5
1107,7,horse,1,automobile,0.9038519,clean,0
1814,9,truck,1,automobile,0.9038441,rotation,3
6930,2,bird,0,airplane,0.903838,noise,1
4653,2,bird,6,frog,0.9038163,rotation,5
4563,7,horse,6,frog,0.90381294,rotation,4
3052,3,cat,2,bird,0.9038037,contrast,3
2465,9,truck,2,bird,0.9037988,blur,5
7933,3,cat,6,frog,0.9037926,noise,3
8351,0,airplane,2,bird,0.90374947,contrast,2
4973,1,automobile,0,airplane,0.9037395,brightness,5
3185,2,bird,6,frog,0.90373576,noise,4
3595,2,bird,6,frog,0.9037276,rotation,5
2866,9,truck,6,frog,0.90371764,noise,4
2977,2,bird,6,frog,0.9037144,rotation,4
9329,7,horse,6,frog,0.9037035,rotation,4
260,8,ship,6,frog,0.90368086,noise,3
1616,7,horse,6,frog,0.9036772,rotation,4
5445,7,horse,4,deer,0.9036434,noise,2
4964,5,dog,4,deer,0.9036419,clean,0
7785,4,deer,6,frog,0.90363675,rotation,4
5080,7,horse,3,cat,0.90363604,blur,5
6318,7,horse,4,deer,0.903636,noise,1
6219,7,horse,4,deer,0.90362465,noise,1
3054,4,deer,6,frog,0.9036051,rotation,4
2859,1,automobile,6,frog,0.90358955,rotation,4
4545,3,cat,4,deer,0.90358895,contrast,2
4613,1,automobile,8,ship,0.9035687,contrast,5
3642,1,automobile,0,airplane,0.9035657,blur,4
1621,1,automobile,0,airplane,0.9035596,contrast,5
4625,4,deer,2,bird,0.9035468,rotation,5
3753,4,deer,6,frog,0.90354234,noise,2
5677,7,horse,4,deer,0.9035256,noise,1
7004,3,cat,0,airplane,0.9035053,rotation,1
4183,7,horse,4,deer,0.9034764,noise,2
2508,6,frog,4,deer,0.9034672,noise,2
1951,7,horse,4,deer,0.903467,contrast,4
4437,1,automobile,6,frog,0.90346634,rotation,4
76,9,truck,0,airplane,0.9034098,noise,1
1647,7,horse,4,deer,0.9034093,brightness,5
8578,2,bird,6,frog,0.903407,noise,4
4956,5,dog,6,frog,0.903399,noise,2
8046,8,ship,0,airplane,0.90339375,contrast,5
7394,1,automobile,6,frog,0.9033916,rotation,4
3019,5,dog,3,cat,0.9033896,brightness,4
701,2,bird,0,airplane,0.90338516,brightness,2
2545,4,deer,6,frog,0.9033767,rotation,5
470,3,cat,6,frog,0.90335697,rotation,5
357,2,bird,6,frog,0.90335655,rotation,4
5963,9,truck,2,bird,0.90335405,contrast,4
5265,2,bird,3,cat,0.90332556,blur,4
7184,5,dog,6,frog,0.9033243,rotation,5
5803,1,automobile,6,frog,0.9033188,rotation,2
5854,4,deer,6,frog,0.9033096,rotation,4
808,7,horse,0,airplane,0.9032845,rotation,5
3753,4,deer,6,frog,0.9032754,contrast,1
944,0,airplane,1,automobile,0.9032674,rotation,4
9750,2,bird,4,deer,0.903263,rotation,3
1433,7,horse,3,cat,0.90324247,blur,3
9960,2,bird,0,airplane,0.9032387,contrast,1
786,3,cat,6,frog,0.9032375,rotation,4
7036,3,cat,2,bird,0.9032332,contrast,1
8645,1,automobile,0,airplane,0.9032046,contrast,3
7849,2,bird,0,airplane,0.9031969,rotation,1
675,0,airplane,6,frog,0.9031932,rotation,5
677,1,automobile,6,frog,0.90317136,rotation,4
3913,7,horse,4,deer,0.903161,contrast,2
4142,8,ship,6,frog,0.90315634,noise,5
8834,8,ship,0,airplane,0.90313417,rotation,2
5525,3,cat,0,airplane,0.9031242,brightness,2
9817,9,truck,6,frog,0.9030972,contrast,5
665,8,ship,0,airplane,0.90306765,blur,2
9260,5,dog,3,cat,0.90303624,clean,0
9549,4,deer,6,frog,0.90303296,rotation,5
7002,3,cat,6,frog,0.90303224,rotation,4
7016,3,cat,6,frog,0.9030278,noise,3
672,6,frog,2,bird,0.903027,contrast,2
897,7,horse,4,deer,0.9030248,noise,2
6669,5,dog,2,bird,0.90301144,blur,1
6346,8,ship,0,airplane,0.9030068,rotation,3
7160,5,dog,6,frog,0.9030059,noise,4
340,2,bird,6,frog,0.90299773,rotation,3
4743,6,frog,3,cat,0.902992,blur,4
5862,2,bird,3,cat,0.9029911,blur,2
2346,1,automobile,6,frog,0.90295684,rotation,4
5647,5,dog,6,frog,0.90295136,noise,2
2026,5,dog,3,cat,0.9029507,blur,3
8684,2,bird,3,cat,0.902929,blur,5
8516,8,ship,6,frog,0.9029214,rotation,4
3234,3,cat,6,frog,0.9028924,rotation,5
8033,3,cat,6,frog,0.9028775,noise,4
7617,2,bird,0,airplane,0.90287024,rotation,1
5610,8,ship,6,frog,0.9028616,rotation,4
9640,5,dog,2,bird,0.90284777,noise,2
7003,7,horse,6,frog,0.9028363,noise,1
4954,1,automobile,6,frog,0.9028343,rotation,4
6044,7,horse,4,deer,0.90282357,noise,1
9479,7,horse,4,deer,0.90281725,noise,1
9708,9,truck,1,automobile,0.9028135,rotation,3
5985,4,deer,2,bird,0.9028086,rotation,1
5531,8,ship,0,airplane,0.9027925,blur,2
6940,1,automobile,6,frog,0.9027922,noise,4
5029,3,cat,6,frog,0.90277034,brightness,1
6831,8,ship,0,airplane,0.90276766,blur,3
9780,4,deer,6,frog,0.902756,noise,5
701,2,bird,0,airplane,0.9027545,blur,1
8406,9,truck,0,airplane,0.9027544,blur,4
4361,8,ship,6,frog,0.90275085,rotation,4
7602,2,bird,6,frog,0.9027444,brightness,3
277,3,cat,2,bird,0.90274006,brightness,1
430,2,bird,6,frog,0.9027238,noise,4
4620,7,horse,4,deer,0.902718,noise,2
711,8,ship,0,airplane,0.902714,blur,1
1220,9,truck,6,frog,0.90270233,rotation,5
5996,4,deer,2,bird,0.90269506,contrast,1
3446,6,frog,3,cat,0.9026861,blur,4
3928,3,cat,2,bird,0.90266436,rotation,1
796,1,automobile,2,bird,0.9026574,blur,1
3884,3,cat,6,frog,0.9026559,rotation,3
9743,9,truck,6,frog,0.9026545,rotation,4
4709,8,ship,0,airplane,0.9026352,contrast,3
3253,9,truck,6,frog,0.90263134,rotation,4
5290,3,cat,6,frog,0.90263134,rotation,4
4621,8,ship,0,airplane,0.9026144,rotation,3
4710,3,cat,6,frog,0.9026124,rotation,5
4779,9,truck,1,automobile,0.90260947,clean,0
4416,4,deer,6,frog,0.9026079,noise,4
1199,9,truck,6,frog,0.9026063,rotation,5
2720,3,cat,6,frog,0.9026054,rotation,5
3003,2,bird,0,airplane,0.902594,rotation,2
4823,5,dog,3,cat,0.9025892,contrast,3
2,8,ship,6,frog,0.90258324,rotation,4
6559,2,bird,4,deer,0.9025826,noise,2
7113,9,truck,0,airplane,0.9025423,blur,4
9073,4,deer,6,frog,0.9025306,rotation,3
4358,5,dog,3,cat,0.9025141,blur,3
4784,0,airplane,8,ship,0.90250695,brightness,2
6922,2,bird,6,frog,0.90250695,rotation,5
2362,3,cat,6,frog,0.9024971,rotation,4
3812,9,truck,6,frog,0.9024798,rotation,4
3472,7,horse,3,cat,0.902465,blur,5
5623,8,ship,6,frog,0.9024551,rotation,3
6861,8,ship,0,airplane,0.9024359,blur,2
1706,1,automobile,6,frog,0.902435,rotation,4
194,7,horse,6,frog,0.90242606,noise,2
7233,5,dog,6,frog,0.9024165,noise,1
495,8,ship,0,airplane,0.9024122,rotation,1
306,8,ship,9,truck,0.9024108,brightness,2
1458,1,automobile,6,frog,0.9023873,rotation,5
7889,1,automobile,0,airplane,0.9023862,blur,3
2972,3,cat,6,frog,0.90237755,noise,4
4743,6,frog,3,cat,0.9023746,blur,5
8845,2,bird,6,frog,0.90237033,noise,5
7720,5,dog,2,bird,0.9023674,blur,5
3040,7,horse,6,frog,0.90236104,rotation,5
7931,9,truck,6,frog,0.90234065,rotation,5
5279,0,airplane,1,automobile,0.9023399,rotation,5
7735,4,deer,0,airplane,0.9023163,contrast,5
5386,1,automobile,0,airplane,0.9023092,contrast,4
9646,5,dog,4,deer,0.9022872,contrast,4
2448,2,bird,6,frog,0.9022692,rotation,4
7068,2,bird,0,airplane,0.9022387,clean,0
1521,7,horse,4,deer,0.90223837,contrast,1
7247,8,ship,6,frog,0.9022123,rotation,4
4964,5,dog,4,deer,0.9022075,noise,1
1898,0,airplane,6,frog,0.9021974,noise,3
5085,2,bird,4,deer,0.902197,brightness,5
5700,3,cat,6,frog,0.9021936,noise,2
4198,8,ship,0,airplane,0.90219355,contrast,1
5397,9,truck,8,ship,0.9021775,contrast,5
9384,4,deer,2,bird,0.90217316,blur,4
8873,5,dog,6,frog,0.9021719,noise,2
7904,1,automobile,0,airplane,0.9021698,blur,3
688,3,cat,6,frog,0.9021438,contrast,4
2835,4,deer,6,frog,0.90214074,noise,3
7350,9,truck,6,frog,0.9021323,brightness,5
24,5,dog,2,bird,0.9021318,blur,3
7921,4,deer,2,bird,0.9021216,rotation,3
5306,3,cat,6,frog,0.9021143,noise,5
746,6,frog,4,deer,0.9020993,noise,1
2453,3,cat,4,deer,0.90208554,noise,1
8266,5,dog,3,cat,0.9020554,brightness,5
9009,2,bird,6,frog,0.9020311,brightness,4
5825,3,cat,6,frog,0.90203035,noise,2
4066,6,frog,2,bird,0.90202814,brightness,3
8331,3,cat,2,bird,0.9020243,blur,1
3792,0,airplane,8,ship,0.90202016,noise,2
4207,1,automobile,6,frog,0.90201813,rotation,5
1674,4,deer,6,frog,0.9020025,rotation,5
9462,2,bird,0,airplane,0.90198076,contrast,2
9462,2,bird,0,airplane,0.9019741,brightness,4
6202,3,cat,6,frog,0.90196216,clean,0
3185,2,bird,6,frog,0.9019549,brightness,5
5109,9,truck,0,airplane,0.9019527,blur,2
6389,5,dog,2,bird,0.90195054,contrast,4
2729,5,dog,3,cat,0.90194964,blur,5
16,5,dog,3,cat,0.9019496,blur,3
3226,8,ship,0,airplane,0.90194464,rotation,5
8864,9,truck,6,frog,0.90194327,rotation,4
5398,8,ship,0,airplane,0.90191853,contrast,3
2825,2,bird,6,frog,0.9019165,noise,1
3669,5,dog,4,deer,0.9018682,rotation,1
5653,5,dog,3,cat,0.90186095,blur,5
3854,8,ship,6,frog,0.9018579,rotation,3
1815,9,truck,6,frog,0.90184456,rotation,5
7822,2,bird,6,frog,0.9018428,rotation,5
1941,7,horse,0,airplane,0.90183437,blur,2
9805,2,bird,0,airplane,0.9018152,blur,3
2988,5,dog,3,cat,0.9018132,blur,3
3898,1,automobile,6,frog,0.9017781,rotation,5
6935,7,horse,4,deer,0.9017762,contrast,5
9856,5,dog,6,frog,0.9017668,noise,3
8775,1,automobile,6,frog,0.90175736,rotation,4
2642,7,horse,2,bird,0.9017572,clean,0
3913,7,horse,2,bird,0.90175265,blur,4
7112,2,bird,0,airplane,0.90172446,blur,3
2070,2,bird,6,frog,0.9016908,noise,5
924,5,dog,6,frog,0.90168846,rotation,5
1788,3,cat,6,frog,0.90168196,brightness,4
2974,9,truck,6,frog,0.901677,rotation,5
8654,2,bird,3,cat,0.90167636,blur,3
898,3,cat,7,horse,0.9016718,contrast,1
3277,7,horse,5,dog,0.9016607,blur,2
9132,2,bird,6,frog,0.90165347,noise,1
9913,7,horse,4,deer,0.9016503,brightness,3
9471,6,frog,4,deer,0.9016498,contrast,5
4245,1,automobile,6,frog,0.90163565,noise,3
6825,3,cat,6,frog,0.9016282,noise,3
5742,4,deer,6,frog,0.9016276,noise,4
8469,5,dog,0,airplane,0.9016259,rotation,1
741,7,horse,4,deer,0.9016237,brightness,5
5747,8,ship,0,airplane,0.90161073,blur,1
9484,0,airplane,6,frog,0.90160155,rotation,4
9228,3,cat,6,frog,0.90160036,noise,2
3688,5,dog,6,frog,0.9015971,noise,5
9641,6,frog,3,cat,0.90158457,blur,1
4750,7,horse,4,deer,0.9015723,clean,0
5890,3,cat,2,bird,0.9015652,brightness,2
8541,8,ship,1,automobile,0.90154874,rotation,2
8430,9,truck,6,frog,0.9015435,rotation,5
3719,5,dog,6,frog,0.9015351,rotation,5
2047,5,dog,6,frog,0.90153146,noise,3
5890,3,cat,2,bird,0.9015243,brightness,3
1640,7,horse,2,bird,0.90151036,blur,5
8437,7,horse,6,frog,0.90150785,rotation,5
3544,1,automobile,6,frog,0.9014927,rotation,4
7542,8,ship,0,airplane,0.90149003,brightness,4
515,3,cat,6,frog,0.90147066,noise,4
9968,3,cat,2,bird,0.9014591,noise,1
277,3,cat,2,bird,0.90143603,blur,3
5730,5,dog,4,deer,0.9014233,blur,1
165,4,deer,2,bird,0.9014031,contrast,3
4404,3,cat,4,deer,0.9013929,contrast,2
8576,2,bird,0,airplane,0.90138733,brightness,3
3712,4,deer,6,frog,0.9013805,rotation,4
1205,8,ship,0,airplane,0.9013768,blur,2
5607,6,frog,0,airplane,0.9013703,clean,0
5101,5,dog,6,frog,0.9013675,rotation,4
462,1,automobile,6,frog,0.90136576,noise,4
2727,9,truck,0,airplane,0.9013394,contrast,4
1304,4,deer,8,ship,0.9013174,noise,1
5930,5,dog,2,bird,0.9013052,contrast,1
7202,3,cat,2,bird,0.90130514,contrast,1
5928,7,horse,6,frog,0.90130395,rotation,4
4042,4,deer,0,airplane,0.9013004,brightness,2
4380,9,truck,2,bird,0.9012937,blur,2
3283,7,horse,6,frog,0.90129215,rotation,4
3525,2,bird,6,frog,0.90128833,rotation,5
3573,2,bird,6,frog,0.9012522,rotation,4
677,1,automobile,6,frog,0.90123886,noise,4
9760,9,truck,6,frog,0.9012316,rotation,4
5816,5,dog,2,bird,0.90122795,contrast,5
6171,4,deer,6,frog,0.90120816,rotation,4
9360,5,dog,0,airplane,0.90118843,brightness,3
2718,5,dog,6,frog,0.90117955,rotation,5
2246,9,truck,1,automobile,0.9011726,clean,0
6930,2,bird,0,airplane,0.9011683,contrast,5
7605,2,bird,4,deer,0.9011619,brightness,3
1626,9,truck,0,airplane,0.90115947,contrast,4
323,3,cat,6,frog,0.90115786,rotation,4
2844,4,deer,6,frog,0.9011494,noise,2
6495,7,horse,6,frog,0.90112734,rotation,5
7933,3,cat,6,frog,0.90112716,noise,4
8046,8,ship,0,airplane,0.9011188,blur,2
8606,1,automobile,6,frog,0.9011188,noise,3
1835,0,airplane,4,deer,0.90108204,noise,2
882,3,cat,0,airplane,0.9010482,brightness,3
5573,9,truck,6,frog,0.90104,rotation,4
6733,5,dog,6,frog,0.90103596,rotation,4
8398,4,deer,6,frog,0.9010292,noise,4
652,5,dog,3,cat,0.90098226,blur,5
6950,8,ship,0,airplane,0.9009798,contrast,3
856,7,horse,4,deer,0.90096724,noise,1
1755,7,horse,3,cat,0.9009662,blur,3
5277,8,ship,0,airplane,0.90095943,blur,5
8507,8,ship,0,airplane,0.9009571,blur,3
6885,0,airplane,4,deer,0.90095586,noise,2
5638,4,deer,6,frog,0.9009427,noise,4
2511,8,ship,1,automobile,0.9009191,rotation,3
6792,3,cat,6,frog,0.90090823,rotation,3
2558,4,deer,6,frog,0.900907,rotation,4
2247,5,dog,2,bird,0.9008977,contrast,2
2916,1,automobile,0,airplane,0.9008936,brightness,5
1649,5,dog,6,frog,0.9008879,rotation,4
8676,8,ship,0,airplane,0.900875,blur,5
7420,3,cat,4,deer,0.9008641,noise,2
1621,1,automobile,0,airplane,0.9008528,blur,3
9358,2,bird,6,frog,0.9008506,rotation,4
256,3,cat,6,frog,0.9008489,rotation,5
3580,4,deer,6,frog,0.9008453,noise,5
8438,1,automobile,6,frog,0.9008384,noise,3
7640,9,truck,1,automobile,0.90080774,rotation,5
385,8,ship,0,airplane,0.9008068,blur,4
222,9,truck,6,frog,0.90080655,rotation,4
7882,7,horse,4,deer,0.90076846,brightness,5
4029,4,deer,6,frog,0.90075165,noise,2
3154,9,truck,0,airplane,0.9007211,contrast,2
4738,5,dog,6,frog,0.9007208,rotation,4
9173,4,deer,6,frog,0.9007079,rotation,5
1782,3,cat,6,frog,0.9007048,noise,2
5917,3,cat,2,bird,0.90069324,brightness,3
8907,1,automobile,6,frog,0.9006848,rotation,4
3898,1,automobile,9,truck,0.9006847,noise,2
2293,8,ship,2,bird,0.90066564,contrast,4
1681,5,dog,6,frog,0.90066046,noise,3
1575,2,bird,6,frog,0.900649,rotation,5
3464,9,truck,1,automobile,0.90062386,rotation,1
2788,7,horse,6,frog,0.9006223,rotation,5
6590,5,dog,2,bird,0.9005917,blur,5
8149,9,truck,6,frog,0.90058744,brightness,5
9170,0,airplane,9,truck,0.9005853,brightness,1
779,5,dog,6,frog,0.90057796,rotation,2
7404,8,ship,0,airplane,0.9005702,brightness,5
1678,2,bird,6,frog,0.9005668,noise,3
9640,5,dog,2,bird,0.90055794,brightness,2
6238,8,ship,0,airplane,0.9005565,rotation,5
5369,4,deer,2,bird,0.90051454,noise,1
6781,3,cat,6,frog,0.9005107,clean,0
5812,4,deer,6,frog,0.9005093,rotation,5
2078,2,bird,6,frog,0.9004967,contrast,2
541,7,horse,4,deer,0.90048724,contrast,2
1548,5,dog,4,deer,0.9004858,brightness,4
8453,9,truck,8,ship,0.9004827,contrast,5
3411,5,dog,6,frog,0.9004791,rotation,4
5128,3,cat,6,frog,0.9004714,rotation,4
4725,9,truck,1,automobile,0.900469,brightness,3
1120,5,dog,2,bird,0.9004655,blur,5
3272,7,horse,6,frog,0.9004563,noise,2
2465,9,truck,2,bird,0.9004536,blur,4
5834,5,dog,2,bird,0.9004522,brightness,4
9906,1,automobile,0,airplane,0.9004147,contrast,5
8099,3,cat,6,frog,0.90041006,rotation,3
7484,1,automobile,6,frog,0.90040755,rotation,5
7408,4,deer,2,bird,0.9003989,clean,0
7168,5,dog,3,cat,0.9003933,blur,2
3912,8,ship,0,airplane,0.90038925,rotation,5
5237,4,deer,2,bird,0.90038174,contrast,3
7444,9,truck,1,automobile,0.90037864,blur,2
845,3,cat,0,airplane,0.90037465,clean,0
9953,7,horse,2,bird,0.9003538,clean,0
7079,7,horse,2,bird,0.90035254,blur,5
845,3,cat,0,airplane,0.9003379,contrast,1
563,2,bird,6,frog,0.90032995,rotation,4
5217,1,automobile,0,airplane,0.90032643,contrast,5
5830,5,dog,6,frog,0.9003133,noise,3
6753,4,deer,6,frog,0.90030915,noise,4
9928,5,dog,6,frog,0.90028924,rotation,5
7849,2,bird,0,airplane,0.9002869,contrast,2
6224,5,dog,6,frog,0.90028584,noise,4
2818,5,dog,6,frog,0.9002782,rotation,5
12,5,dog,6,frog,0.9002695,noise,3
2988,5,dog,3,cat,0.9002592,blur,4
8269,8,ship,0,airplane,0.9002591,rotation,1
5340,3,cat,4,deer,0.9002385,brightness,4
7717,3,cat,6,frog,0.9002335,rotation,4
8816,7,horse,6,frog,0.9002184,noise,4
1007,8,ship,0,airplane,0.9002058,blur,5
5653,5,dog,3,cat,0.9002013,blur,4
1674,4,deer,2,bird,0.9001923,blur,5
7578,9,truck,2,bird,0.9001909,blur,4
4129,1,automobile,6,frog,0.900187,noise,2
1644,2,bird,6,frog,0.9001792,noise,2
3222,4,deer,7,horse,0.90017205,rotation,2
4964,5,dog,4,deer,0.90017045,contrast,1
2107,3,cat,6,frog,0.900142,rotation,5
9743,9,truck,1,automobile,0.900133,contrast,2
3600,4,deer,2,bird,0.9001115,contrast,3
761,6,frog,2,bird,0.900107,brightness,4
4404,3,cat,4,deer,0.90009046,brightness,4
433,7,horse,6,frog,0.9000855,rotation,5
4942,5,dog,6,frog,0.90008515,rotation,5
9641,6,frog,3,cat,0.9000666,brightness,1
7669,7,horse,4,deer,0.90005016,brightness,1
0,3,cat,6,frog,0.9000349,rotation,5
3600,4,deer,2,bird,0.90001327,blur,2
