sample_index,true_label,predicted_label,correctness,confidence,trust_prob_calibrated,trust_prob_uncalibrated,trust_prob_rf,failure_prob
0,3,3,1,0.8831099,0.913087337162923,0.9145958631214285,0.86504852866615,0.08691266283707699
1,8,8,1,0.9955792,0.9436761056576319,0.9450027928578723,0.9922960311109551,0.056323894342368064
2,8,1,0,0.64700913,0.5520626682910279,0.5473265940622012,0.3594353144479623,0.4479373317089721
3,0,0,1,0.7444008,0.8478215659697677,0.8489787384048767,0.763397475642066,0.15217843403023235
4,6,6,1,0.9995937,0.949791916221663,0.9513617526552381,0.9876542523866625,0.050208083778336965
5,6,6,1,0.54782224,0.7724864183870055,0.7733302672958255,0.6507900174179038,0.2275135816129945
6,1,1,1,0.97722864,0.9527555088772584,0.9543433429481076,0.962047489115678,0.04724449112274165
7,6,6,1,0.5502115,0.684935158660903,0.6853201776535224,0.6098902946713899,0.31506484133909696
8,3,3,1,0.9435718,0.9295265742442487,0.9311148487654656,0.8659874065134848,0.07047342575575133
9,1,1,1,0.9198479,0.9306563259947511,0.932059089880613,0.9140889427947851,0.06934367400524888
10,0,0,1,0.9944022,0.9520128994305506,0.9536010023261274,0.9864368934596282,0.04798710056944944
11,9,9,1,0.9997453,0.939467497168908,0.9405253543964797,0.9929166062128526,0.06053250283109202
12,5,5,1,0.8738757,0.8827995011558298,0.8841482308186913,0.8558658517497661,0.11720049884417016
13,7,7,1,0.902879,0.9230390467680263,0.924648044035306,0.8719769050513397,0.07696095323197372
14,9,9,1,0.99971956,0.9600767172041552,0.9614119307007056,0.9930001327171056,0.03992328279584478
15,8,8,1,0.9793276,0.9496214809441785,0.9510869329715931,0.9593137890559901,0.05037851905582147
16,5,5,1,0.7239102,0.8661939316341997,0.8675236172873176,0.764049039915491,0.13380606836580033
17,7,7,1,0.86370724,0.8703318361390343,0.8713757107882015,0.835517812397631,0.1296681638609657
18,8,8,1,0.9986663,0.961877386934099,0.9633848683768568,0.991490698269124,0.038122613065901034
19,6,6,1,0.9997008,0.9566213856255523,0.9580840342784255,0.9924166276400885,0.04337861437444768
20,7,7,1,0.7488763,0.7935663290691496,0.7940534274244433,0.7912046178699487,0.2064336709308504
21,0,0,1,0.99422944,0.9638713387969762,0.9651432667082914,0.9580269125171561,0.036128661203023826
22,4,4,1,0.9379266,0.9153111876611671,0.9170986651994413,0.8891375104973157,0.08468881233883285
23,9,9,1,0.99779654,0.9528331485550616,0.9541428515069822,0.9937995899190913,0.047166851444938374
24,5,4,0,0.57847196,0.7616584025229307,0.7624625909993321,0.6734951939434404,0.2383415974770693
25,2,2,1,0.89172304,0.8820500087221145,0.8831389274814043,0.838839466500454,0.11794999127788552
26,4,4,1,0.5643638,0.649980427856318,0.6486283030287879,0.6483821815610675,0.35001957214368196
27,0,0,1,0.98895174,0.9567435514897629,0.9581874260125636,0.9806657067924348,0.04325644851023713
28,9,9,1,0.99673706,0.9648034326839768,0.9660858998738199,0.992452670055496,0.035196567316023164
29,6,6,1,0.86338323,0.8894610499982495,0.8908959484151574,0.8696408814558809,0.11053895000175051
30,6,6,1,0.95855314,0.9393782703009613,0.941178426503544,0.9258417039864382,0.06062172969903867
31,5,5,1,0.94945276,0.9240248479984476,0.9256636539259225,0.9370812078940165,0.07597515200155236
32,4,4,1,0.7524132,0.6981631511101318,0.6956604024817286,0.6571494358801588,0.30183684888986817
33,5,5,1,0.8730542,0.8955030894120153,0.8967596700025331,0.8662862334088599,0.10449691058798471
34,9,9,1,0.99971205,0.953556279063813,0.9551284728356185,0.9925862116061387,0.04644372093618698
35,2,3,0,0.35234028,0.2021918374501114,0.19444266641436622,0.43954568379730646,0.7978081625498886
36,4,4,1,0.98589605,0.9439626039473458,0.9454838300536421,0.9798229127592178,0.05603739605265423
37,1,1,1,0.9020982,0.933825308715526,0.9354932793407948,0.8565464756366261,0.06617469128447395
38,9,9,1,0.9998325,0.9572084623441155,0.9584718420582794,0.99268194071514,0.042791537655884504
39,5,5,1,0.9986798,0.9535044368514877,0.9551089923650208,0.9856373495999737,0.04649556314851233
40,4,2,0,0.7676398,0.7183873533104072,0.7170278844699657,0.6129709910032448,0.28161264668959285
41,6,6,1,0.9998574,0.9604790282765492,0.9620850468482123,0.987575766025798,0.039520971723450815
42,5,5,1,0.60365486,0.6609696716940564,0.6590488666699512,0.6864388296108718,0.3390303283059436
43,6,6,1,0.98312956,0.9423863565293298,0.9439535686891962,0.9705331971314402,0.05761364347067022
44,0,0,1,0.9990251,0.963023456561397,0.9645585517717394,0.9863319296842277,0.036976543438603016
45,9,9,1,0.99935335,0.94764475763759,0.9489434172667014,0.9930713091365511,0.05235524236240996
46,3,3,1,0.93717486,0.9261271854124,0.9278146983233744,0.9075383693422746,0.07387281458759998
47,9,1,0,0.5159431,0.24033048182919353,0.23251066467048848,0.2853184217222066,0.7596695181708064
48,7,7,1,0.87704873,0.8590507249779666,0.8597660249694381,0.8071203057434323,0.14094927502203336
49,6,6,1,0.8635304,0.8847184041901336,0.8862770604330513,0.8577816395272609,0.11528159580986641
50,9,9,1,0.9989472,0.9615837783691592,0.9631050465642313,0.9923659975784693,0.0384162216308408
51,8,8,1,0.9987533,0.9557844113041734,0.957326724568134,0.9914487435752322,0.044215588695826646
52,0,2,0,0.72968197,0.7881387586871618,0.7885104935611913,0.7325859423944878,0.21186124131283823
53,3,6,0,0.3719751,0.21583879718565954,0.20878278311878398,0.30840793754239193,0.7841612028143404
54,8,8,1,0.9989575,0.9528910417466256,0.9543988172082172,0.9920919540180065,0.047108958253374356
55,8,8,1,0.99910396,0.95593929194252,0.9575005904010173,0.9898263777153162,0.04406070805747997
56,7,7,1,0.46947592,0.6642446670891623,0.6638322362315647,0.621381968413806,0.3357553329108377
57,7,3,0,0.7401475,0.7957905041585828,0.7960283876955572,0.7451358530316297,0.20420949584141723
58,4,0,0,0.37850326,0.09030768513199046,0.08448472204306401,0.29579584807235954,0.9096923148680095
59,6,6,1,0.66504043,0.6725902469364271,0.6713970143134979,0.6583171615084372,0.3274097530635729
60,7,7,1,0.99773705,0.932305859934246,0.9335683717570661,0.987483968531592,0.06769414006575403
61,3,5,0,0.81305784,0.9003060896327411,0.9020943938518456,0.8635836202495962,0.09969391036725894
62,6,6,1,0.91408765,0.9060025446485991,0.9074790645923376,0.8890444543236081,0.09399745535140092
63,3,3,1,0.90208447,0.8942606890440015,0.895380993869093,0.8132702797859384,0.10573931095599853
64,6,6,1,0.9883916,0.9509541500433242,0.9524272742327831,0.9723342774940339,0.049045849956675824
65,2,2,1,0.9686062,0.947554631124435,0.9490823621359765,0.9353246411729631,0.052445368875564946
66,1,1,1,0.6183742,0.7526258692016432,0.7525221092515508,0.6821346254241719,0.2473741307983568
67,2,0,0,0.8395136,0.7256317535172043,0.7251358721892555,0.7039801713588948,0.2743682464827957
68,3,5,0,0.7089409,0.8620289417788005,0.8634709013884109,0.767623522942657,0.13797105822119948
69,7,7,1,0.70553976,0.6474615693481711,0.6449511333335876,0.6164933196994131,0.3525384306518289
70,2,2,1,0.78937453,0.8530683092682437,0.8541895814040263,0.7992058795658973,0.14693169073175627
71,6,6,1,0.9457769,0.939901434666614,0.9415763054363949,0.9392127952425129,0.06009856533338598
72,8,8,1,0.99839765,0.9508668821573657,0.9523152152794033,0.9894250025092423,0.0491331178426343
73,8,8,1,0.9956463,0.9602005904193923,0.9617437238208885,0.9898893931568911,0.03979940958060768
74,0,0,1,0.9108234,0.9193476149422924,0.9207142434505341,0.8434174757165807,0.08065238505770755
75,2,2,1,0.9996742,0.959197923894511,0.9606907927700288,0.9911035874277306,0.04080207610548903
76,9,0,0,0.50940555,0.5355486803364929,0.5317193141540368,0.355136522397408,0.46445131966350706
77,3,3,1,0.86159366,0.8838623035317095,0.8853118837092173,0.7927021715036702,0.11613769646829053
78,3,3,1,0.57273376,0.5057347659549147,0.5014688184608,0.494112768482113,0.49426523404508527
79,8,8,1,0.99965274,0.9632641294256364,0.9645350425308279,0.9908889825396199,0.03673587057436356
80,8,8,1,0.99986887,0.9555235758507964,0.9569188532793103,0.9908939141029984,0.04447642414920361
81,1,1,1,0.9809722,0.9506880455608642,0.9525038958068348,0.9408679980566774,0.04931195443913583
82,1,1,1,0.9999846,0.9576817731878389,0.9591497405075039,0.985653318427956,0.04231822681216113
83,7,7,1,0.7218596,0.7111579704921251,0.7106131229037758,0.746968568424501,0.28884202950787485
84,2,2,1,0.9805839,0.9478265790733651,0.9493430884667474,0.9693703385898982,0.052173420926634906
85,5,9,0,0.45442238,0.1101098014622248,0.103314528945472,0.2530970555390263,0.8898901985377752
86,2,0,0,0.6527705,0.685809002194669,0.6840990202221436,0.6166177337678749,0.314190997805331
87,7,7,1,0.25190562,0.12289171812281756,0.11617993931952422,0.2903989245281672,0.8771082818771825
88,8,8,1,0.9973853,0.9594412498351138,0.9607932618159422,0.9915960992931275,0.04055875016488619
89,9,9,1,0.99209917,0.9439677123883452,0.9453508368041136,0.9861821382089356,0.056032287611654796
90,0,0,1,0.9999838,0.9404335885075057,0.9418214955676052,0.992358755178374,0.05956641149249431
91,3,3,1,0.36560518,0.3369278293275101,0.33163314806272404,0.43491791512125877,0.6630721706724899
92,8,8,1,0.999869,0.9600468306388779,0.9614122959883983,0.9903832877632537,0.03995316936112214
93,6,6,1,0.99533135,0.9637976759692869,0.9652427473502312,0.9918129255414573,0.03620232403071311
94,4,4,1,0.97696155,0.9507286084291007,0.9524398841479833,0.9646681998883215,0.049271391570899326
95,6,6,1,0.8534901,0.8047728268924184,0.8047694973059264,0.7331632097898674,0.19522717310758164
96,6,6,1,0.7171779,0.7915451403077018,0.7914015384612593,0.7276895338892618,0.20845485969229816
97,0,0,1,0.9010685,0.8701406135476082,0.8712803674506038,0.7669195053491273,0.1298593864523918
98,0,0,1,0.9961196,0.9711261577220458,0.9723371395945076,0.9910240608217613,0.028873842277954198
99,7,7,1,0.7933216,0.8330629568193608,0.8341125957901044,0.7999932710407087,0.16693704318063918
100,4,4,1,0.9548679,0.9343469302942369,0.9359592791195063,0.9434475781622033,0.06565306970576312
101,5,5,1,0.8596184,0.8903701354208347,0.8917527490859849,0.8576596770381412,0.10962986457916535
102,6,6,1,0.98891735,0.9594057705868231,0.9611955157896716,0.9721792888676062,0.04059422941317692
103,3,3,1,0.9589225,0.8974832720216099,0.8988285447705223,0.8311530254872262,0.10251672797839007
104,1,1,1,0.99879444,0.9480719934686922,0.9493311901434046,0.9933439770648681,0.0519280065313078
105,1,1,1,0.9999535,0.973192737046824,0.9743117741476772,0.9676598785512758,0.026807262953176036
106,3,2,0,0.6136623,0.5220278150473885,0.5183850963517705,0.5800632406555254,0.4779721849526115
107,6,6,1,0.99344385,0.958870350170782,0.960484401604321,0.9856605549380543,0.04112964982921796
108,8,8,1,0.9994667,0.9575374120639918,0.9589492742881083,0.991774835940811,0.04246258793600821
109,7,7,1,0.71288514,0.7242224054646449,0.722037942382569,0.7119849869523456,0.2757775945353551
110,4,4,1,0.9709565,0.9460743837090868,0.9476168483556666,0.9467616893488789,0.05392561629091319
111,0,0,1,0.9964791,0.9638159905255034,0.9650938624911635,0.9918734179198673,0.036184009474496626
112,6,6,1,0.45519024,0.29019483962944914,0.2828867966511782,0.2772357080195222,0.7098051603705509
113,2,2,1,0.9998777,0.9518273171722033,0.9534095473445249,0.9907852783221287,0.04817268282779674
114,1,1,1,0.9965976,0.9531509247778274,0.9545896177277341,0.9924517294882759,0.04684907522217263
115,3,3,1,0.942999,0.9336160229023932,0.9351136265308914,0.8841419563407383,0.0663839770976068
116,0,0,1,0.97398484,0.9375803831049223,0.9391099651825828,0.9589559748811735,0.06241961689507769
117,4,4,1,0.75524575,0.7766775225918146,0.7763347550516361,0.729594217952918,0.22332247740818545
118,2,6,0,0.68552434,0.8024897491773876,0.8038842633114208,0.6149938339924497,0.19751025082261242
119,7,7,1,0.37612334,0.13861482363671845,0.1321449220783655,0.33573721816326435,0.8613851763632816
120,8,8,1,0.9134583,0.9154330821883903,0.9169026224939263,0.9067524502706016,0.08456691781160974
121,3,3,1,0.86118025,0.8977464799071433,0.8994184372955609,0.8136755679229425,0.10225352009285671
122,1,1,1,0.99975866,0.9558254469864631,0.9572521669374328,0.9875365381606911,0.0441745530135369
123,2,2,1,0.99992967,0.955022053215111,0.9564998853178316,0.9868033903861,0.04497794678488898
124,8,8,1,0.9146468,0.9276379350034893,0.9292959610378736,0.9135006775322034,0.07236206499651066
125,0,0,1,0.84974754,0.7853558635933786,0.7849958351824263,0.7222444102356708,0.2146441364066214
126,8,8,1,0.97538936,0.9474836938355459,0.9490808537310182,0.9613916644365369,0.05251630616445413
127,3,3,1,0.822162,0.8619790690660503,0.8630411105736268,0.8434487615208404,0.13802093093394974
128,5,6,0,0.43879178,0.5662611619132463,0.5629200990475473,0.5762978624606551,0.43373883808675373
129,2,0,0,0.55117214,0.5541048318491205,0.550372238066259,0.45270707500073937,0.4458951681508795
130,4,4,1,0.6628895,0.7029155659853895,0.7019094218269656,0.585108620860034,0.2970844340146105
131,1,1,1,0.999925,0.9674060717779621,0.9685969617826296,0.9919233011031241,0.03259392822203788
132,8,8,1,0.9989974,0.9575227463198319,0.9588683589203433,0.9928703953925232,0.04247725368016808
133,9,9,1,0.99986935,0.9453722475651276,0.9465994219393529,0.9929719049304911,0.05462775243487239
134,1,1,1,0.9777518,0.9439459164006637,0.9452432255809087,0.9372975525507357,0.05605408359933628
135,2,2,1,0.99708015,0.9602234008468775,0.9617122222557529,0.9898319999800915,0.03977659915312248
136,9,9,1,0.9986117,0.9721559211340608,0.9733385073496975,0.9923877936019484,0.027844078865939204
137,7,7,1,0.50315285,0.7261232470198812,0.7265868873556862,0.6515382449410155,0.2738767529801188
138,2,2,1,0.9842502,0.9561675407922052,0.9577631773581191,0.9733674533453792,0.04383245920779477
139,9,0,0,0.86337584,0.7620958496329735,0.7612648565039773,0.5959778172583143,0.2379041503670265
140,6,6,1,0.9972721,0.9505253719118875,0.9521099749857963,0.9897130798213901,0.04947462808811254
141,5,5,1,0.9381178,0.939631288304188,0.9411936686979505,0.9058051377583,0.06036871169581204
142,6,6,1,0.999902,0.9501978684065859,0.9514217473992677,0.9920502176444514,0.04980213159341407
143,3,5,0,0.82192415,0.8610705861479462,0.8624677170745535,0.8453689565506974,0.13892941385205382
144,8,8,1,0.5504093,0.6747368595432633,0.673087412312783,0.6096635261286756,0.32526314045673665
145,7,2,0,0.67003006,0.4690698390809439,0.46316518379943294,0.5869853201937303,0.5309301609190561
146,6,6,1,0.96386504,0.948532802604394,0.9502321643266881,0.9317185992394796,0.05146719739560601
147,2,6,0,0.56994015,0.625074548268853,0.6221444802244064,0.6154891956591765,0.374925451731147
148,5,5,1,0.53073055,0.554006488956342,0.5494139226624607,0.5763129848710293,0.44599351104365803
149,2,3,0,0.42579865,0.36571820220873813,0.3583118009352685,0.4399409442101014,0.6342817977912618
150,8,0,0,0.6503815,0.4989684448281664,0.494243957496564,0.3694335878428893,0.5010315551718336
151,9,9,1,0.78692627,0.8580315009142077,0.8589224022064886,0.7916212709498448,0.14196849908579234
152,6,6,1,0.9751947,0.9446075834800114,0.9463117815611787,0.9167157946104169,0.05539241651998861
153,0,0,1,0.9962488,0.9621426132985306,0.9634133629746608,0.9920386156222619,0.03785738670146943
154,0,0,1,0.92893404,0.9148461369132344,0.9165923116335132,0.8752742061947326,0.08515386308676565
155,5,5,1,0.9139768,0.9063942109904005,0.9080349836739108,0.8601481374355403,0.09360578900959948
156,2,2,1,0.8982331,0.8915828196337291,0.8928410102380493,0.8663495037501764,0.1084171803662709
157,9,9,1,0.99933356,0.9617785884092559,0.9631265691195458,0.991591550415651,0.0382214115907441
158,5,3,0,0.597949,0.8497805925305805,0.8516510637337235,0.6819735760110264,0.15021940746941953
159,4,4,1,0.99996054,0.9246050968458276,0.9259847595133628,0.9911783739266117,0.07539490315417241
160,2,0,0,0.8862208,0.9045442860028208,0.9059188233644765,0.8419890608201795,0.09545571399717923
161,1,1,1,0.99997544,0.9535695769025434,0.955162460589315,0.9931562438385005,0.0464304230974566
162,6,5,0,0.6436104,0.628885430910675,0.626057040947127,0.616809520705664,0.37111456908932505
163,6,6,1,0.99750334,0.9595910337001653,0.9611095844642453,0.9916407340412919,0.0404089662998347
164,8,0,0,0.7455814,0.6409215537135378,0.6379554332184849,0.6100263573471363,0.35907844628646224
165,4,2,0,0.93702304,0.9264534615294673,0.9279885746381474,0.8897901525204105,0.07354653847053272
166,8,8,1,0.9959686,0.9533943207640154,0.9548419218135907,0.9908405981782402,0.046605679235984576
167,4,4,1,0.6550572,0.7296412443089131,0.7300691762008805,0.6553681684805315,0.2703587556910869
168,5,5,1,0.96452266,0.945474044235102,0.9468770144388083,0.9442098660191448,0.05452595576489805
169,0,0,1,0.9512548,0.9415206688151987,0.943172892643789,0.9246304089219776,0.05847933118480131
170,9,9,1,0.99904805,0.9603964776699871,0.9616719564197957,0.9922983239331958,0.03960352233001285
171,9,9,1,0.5398973,0.7760934978968906,0.7778904861115389,0.690914848799454,0.22390650210310936
172,9,9,1,0.9894071,0.9471937171503543,0.9487754854083515,0.9820448512265181,0.052806282849645725
173,8,8,1,0.9742877,0.9421517744723487,0.943866179906994,0.9416738466592004,0.05784822552765134
174,9,9,1,0.9451334,0.9231555193022313,0.9243902779369083,0.905440778311226,0.07684448069776872
175,9,9,1,0.99972326,0.9667423006056062,0.9680155114167889,0.9920318623403351,0.033257699394393825
176,3,3,1,0.72291696,0.8280332299088367,0.8291699669505838,0.7329119956207887,0.17196677009116335
177,7,7,1,0.99015826,0.9539557940611635,0.955461314633337,0.9840972939168767,0.04604420593883651
178,5,5,1,0.6009202,0.47535408084261965,0.47160980993780033,0.5656186533789077,0.5246459191573803
179,0,0,1,0.9795673,0.9561892749288414,0.9575691942575416,0.9242292344501082,0.043810725071158574
180,0,0,1,0.49865508,0.5035489477109636,0.49946947571375633,0.5509295577310593,0.4964510522890364
181,5,5,1,0.8242269,0.9200341841201061,0.9220250776056514,0.8681092351629996,0.07996581587989393
182,2,2,1,0.99908113,0.9554703159058595,0.9568717426268043,0.9914657303275953,0.04452968409414049
183,2,2,1,0.7537323,0.72927653753405,0.7279056124378154,0.6737264471098454,0.27072346246595
184,3,0,0,0.41154143,0.3518345737145989,0.345353784766775,0.4782388443920831,0.6481654262854011
185,8,8,1,0.9999939,0.9310371369618066,0.9325461284693963,0.9906950423574429,0.06896286303819343
186,6,2,0,0.4521798,0.3428834674845601,0.3370897914263757,0.4257763427299994,0.6571165325154399
187,3,3,1,0.8888481,0.8892146210249937,0.8904657713801846,0.8362144377564081,0.11078537897500629
188,4,3,0,0.4785026,0.5298866095357637,0.5284320522172286,0.46407562388881,0.4701133904642363
189,0,0,1,0.8174756,0.8840351296396836,0.8853836917813561,0.8354782023740457,0.11596487036031644
190,5,5,1,0.9949517,0.9651190708049062,0.9664144568954439,0.9875656678140546,0.03488092919509378
191,8,8,1,0.97457165,0.9384673348182156,0.9398672605520665,0.9443703099007479,0.06153266518178435
192,0,0,1,0.90399283,0.9076317534243403,0.9090614595214361,0.8552940849836191,0.09236824657565967
193,1,1,1,0.97226036,0.9437596337750745,0.945227148608834,0.9624463072756347,0.05624036622492545
194,7,7,1,0.72461516,0.7939044617367571,0.7942862560050693,0.7677585322028047,0.2060955382632429
195,2,2,1,0.94657296,0.9352561899138958,0.9369891264868121,0.8971631667971783,0.06474381008610419
196,8,8,1,0.99980193,0.960797122666327,0.9621304099502782,0.9927458666974103,0.039202877333673
197,8,8,1,0.9949753,0.9079838789413918,0.9093308497749029,0.9739534405229364,0.09201612105860824
198,7,7,1,0.45141888,0.44573488861185495,0.43975123152439854,0.4564777736205825,0.554265111388145
199,8,8,1,0.9999068,0.9540974634754601,0.9555937849165607,0.9899225256105576,0.045902536524539905
200,5,5,1,0.85164094,0.9149434118615487,0.9165767019411848,0.8561156274193442,0.0850565881384513
201,1,0,0,0.8753901,0.8043986299860851,0.8043547169701946,0.679464162423715,0.19560137001391487
202,8,8,1,0.997223,0.9553127558699689,0.9567803858264028,0.9907394941296527,0.04468724413003111
203,7,7,1,0.6538632,0.7471344418185675,0.7469061016480785,0.7107064891132013,0.2528655581814325
204,1,1,1,0.9992059,0.9610478400037279,0.9625876160907865,0.9922429758236869,0.03895215999627211
205,3,3,1,0.96979856,0.9317911116876914,0.933395035254657,0.9204914769065599,0.06820888831230865
206,0,0,1,0.9987205,0.9652074508635792,0.9667244632918005,0.9861356900346904,0.034792549136420825
207,5,5,1,0.99430436,0.9547147745180735,0.9562250379985398,0.9835916384321156,0.04528522548192648
208,7,7,1,0.97514844,0.932865550516832,0.9342302950129745,0.9249264255017569,0.06713444948316805
209,9,9,1,0.99965847,0.9529606609064789,0.95445329274847,0.9921913582240665,0.04703933909352109
210,7,5,0,0.35056123,0.5072273624386431,0.5040467465289994,0.5325651446200677,0.4927726375613569
211,4,0,0,0.9637296,0.941826786581727,0.9435048700138843,0.9379627526597293,0.05817321341827297
212,5,5,1,0.8284169,0.8419729143394628,0.8427352824920994,0.8067016103908768,0.15802708566053725
213,9,9,1,0.99644107,0.9626114204983889,0.9640025426582484,0.9922036778979318,0.03738857950161112
214,8,8,1,0.9154219,0.9089529333777673,0.9103349429362759,0.8801267159599712,0.09104706662223272
215,0,0,1,0.89585173,0.9015874132025392,0.9031321779132364,0.8580180761863382,0.09841258679746079
216,7,7,1,0.9629523,0.9566976684898998,0.9580372119903896,0.939755709662149,0.04330233151010021
217,9,9,1,0.973026,0.9506633125283962,0.9520165479737275,0.9613772918774596,0.0493366874716038
218,8,8,1,0.843801,0.6654151273303561,0.6591046700088317,0.8071998984917861,0.3345848726696439
219,2,2,1,0.9444961,0.9347887428461842,0.9362624411180269,0.9333791359991211,0.06521125715381582
220,7,7,1,0.6513175,0.6405364355894227,0.6383426081321939,0.611729296874746,0.35946356441057725
221,6,2,0,0.5710655,0.18527955044949126,0.1779501661445947,0.3912053491828093,0.8147204495505087
222,9,9,1,0.9999398,0.9596634915930977,0.9609577369684988,0.9933316804007604,0.04033650840690228
223,4,5,0,0.43598747,0.23575341016279286,0.2293063228075038,0.4254934445158714,0.7642465898372072
224,3,5,0,0.5924565,0.4452198006373872,0.4391188768841505,0.43523277248500414,0.5547801993626128
225,9,9,1,0.8898827,0.9052726876057537,0.9065316583088182,0.8424674552331833,0.09472731239424625
226,6,2,0,0.28285998,0.19609638049588146,0.18881904814430805,0.37478482119533196,0.8039036195041185
227,4,4,1,0.985019,0.9398868022825593,0.9412707016206597,0.9703634674046888,0.060113197717440725
228,7,5,0,0.70266896,0.706001177467491,0.7055142928333888,0.7363561858795132,0.293998822532509
229,6,2,0,0.6764625,0.6929804323609294,0.6911998514771951,0.5952718774653022,0.30701956763907057
230,5,5,1,0.90348375,0.9258323402422857,0.9274871221651647,0.8770753498672709,0.07416765975771433
231,1,1,1,0.9985933,0.979377002722746,0.9805272459808961,0.9773037428438698,0.02062299727725403
232,5,5,1,0.34892848,0.43322412991860115,0.4273532371631651,0.5844596292452182,0.5667758700813988
233,8,8,1,0.9678014,0.9396221888844505,0.9412487130271991,0.9404741414008194,0.06037781111554952
234,8,8,1,0.99977535,0.9538818275266049,0.9553205358136736,0.9921913582240665,0.046118172473395114
235,0,0,1,0.9992574,0.9589958679546712,0.9604549227370787,0.9824803842873087,0.04100413204532882
236,4,4,1,0.9822834,0.9569304006763991,0.9585996823198648,0.9656424474687966,0.04306959932360088
237,0,7,0,0.7821628,0.8031361123780177,0.8026423122440625,0.7466026576454026,0.19686388762198226
238,5,5,1,0.90198547,0.9191911628888179,0.9207619500866581,0.860793852070187,0.08080883711118214
239,5,5,1,0.71156013,0.8970271100559877,0.8991790455409836,0.7908921960135044,0.10297288994401232
240,1,1,1,0.999982,0.9584378480339911,0.9600032404768019,0.9927517770120815,0.041562151966008876
241,1,1,1,0.996185,0.9521825575687368,0.9536223904804385,0.9926793492908574,0.04781744243126318
242,8,1,0,0.5371893,0.5108240044554786,0.5059806039018878,0.55008408434003,0.4891759955445214
243,9,9,1,0.99976224,0.9609567523313801,0.96236937869689,0.9909023680454642,0.039043247668619885
244,0,0,1,0.99331915,0.9583116107760453,0.9598293135866497,0.9865409617710622,0.04168838922395468
245,3,3,1,0.88830876,0.9007984529909491,0.9023986778530302,0.8267878941386649,0.09920154700905093
246,1,1,1,0.99402905,0.9555792967266445,0.9570307052042503,0.9819271587244411,0.044420703273355455
247,9,9,1,0.5065224,0.36168220650858435,0.35468936533209305,0.31472809790210166,0.6383177934914157
248,2,2,1,0.8173498,0.8200659682443001,0.8203478084766245,0.8247390140872143,0.17993403175569989
249,2,2,1,0.52768534,0.46509946303781924,0.45961466409086726,0.491768749455412,0.5349005369621808
250,5,5,1,0.9246154,0.904811577498536,0.9060763930633747,0.8896487200603418,0.09518842250146398
251,3,3,1,0.84765434,0.8855371256842925,0.8870643230047672,0.849073166822704,0.11446287431570745
252,9,9,1,0.9994603,0.9642612329032929,0.9655900267459793,0.9931366966550934,0.03573876709670709
253,9,9,1,0.7430044,0.7766659272369852,0.7771215338946644,0.6789718800445363,0.22333407276301476
254,4,2,0,0.5500057,0.4978245788244854,0.4937446434343475,0.4028042609384373,0.5021754211755146
255,0,0,1,0.95671093,0.9322230503730206,0.9337576347986475,0.9089149474453845,0.06777694962697944
256,3,3,1,0.979815,0.9501704287094833,0.9517551633947772,0.9676242119819866,0.04982957129051668
257,0,0,1,0.9928422,0.9618145932752278,0.9631006503242162,0.9808118069517395,0.03818540672477222
258,0,0,1,0.93993425,0.8766033972975549,0.8779869917057588,0.80769047842131,0.12339660270244512
259,9,1,0,0.9866997,0.9559579187876025,0.9574046086178447,0.9771149944651099,0.0440420812123975
260,8,8,1,0.9990644,0.9519651456336826,0.9535266725803091,0.9928828063385005,0.04803485436631738
261,1,1,1,0.98669887,0.9554818110290857,0.9570607967106209,0.979183752905189,0.04451818897091431
262,5,2,0,0.48051664,0.40242735388942535,0.39635856766322447,0.3087065862345252,0.5975726461105746
263,7,3,0,0.5624674,0.7903586243133677,0.7914034797054861,0.6890694800850881,0.20964137568663233
264,0,0,1,0.95744526,0.9330864455796108,0.9345042344000735,0.9148804749133336,0.06691355442038915
265,8,8,1,0.7974633,0.7849272454908265,0.7852598393602497,0.691814317380682,0.2150727545091735
266,2,5,0,0.36552954,0.11689891030663753,0.11100735239036365,0.3251561752906856,0.8831010896933624
267,4,4,1,0.9944364,0.9614593698495961,0.963060158129864,0.9894156401306285,0.038540630150403876
268,7,7,1,0.9799407,0.9361070012071655,0.9374084593779647,0.9710192375089822,0.0638929987928345
269,0,2,0,0.73707664,0.5942522801875644,0.5884292831920502,0.6066597974003769,0.4057477198124356
270,2,2,1,0.9905193,0.9536876807180905,0.9552496296155216,0.9784537590390469,0.046312319281909486
271,3,3,1,0.78416675,0.830479354761296,0.8313697261238242,0.7956780862480373,0.16952064523870403
272,6,6,1,0.9986553,0.9629965038528503,0.9645500897709635,0.9910533256493195,0.037003496147149706
273,3,3,1,0.9025897,0.9201881433266983,0.9222078490283319,0.8547377691802364,0.0798118566733017
274,8,8,1,0.99974793,0.9601047431701092,0.9614695680095672,0.9909481671554694,0.03989525682989081
275,5,5,1,0.40265107,0.28847512936438624,0.2812916565011073,0.4214160191402528,0.7115248706356138
276,0,0,1,0.9946524,0.9670662319797663,0.9682730628262071,0.9934908294900486,0.032933768020233734
277,3,2,0,0.87502736,0.8751834288273818,0.8761989515605983,0.8535170459650356,0.12481657117261824
278,4,4,1,0.93632525,0.9295502142944235,0.931048607017576,0.920614302075261,0.07044978570557647
279,3,6,0,0.45810485,0.4135384872959837,0.40694763872176687,0.45352687511222234,0.5864615127040163
280,9,1,0,0.8089943,0.7465703303323933,0.7453503365652399,0.6606628204257993,0.2534296696676067
281,0,0,1,0.8327274,0.7157199887376702,0.7142860440715467,0.6629046378975132,0.2842800112623298
282,6,6,1,0.99660814,0.9446901736693437,0.9461397449536247,0.9897121684273137,0.055309826330656287
283,1,1,1,0.9995623,0.9638983599141415,0.9650810813691308,0.9924252404745232,0.03610164008585848
284,0,0,1,0.94695604,0.924117398041331,0.9254394736109613,0.9177048746942872,0.07588260195866903
285,9,9,1,0.9998741,0.9440774925509599,0.9453999502312566,0.9934376891992831,0.05592250744904015
286,1,1,1,0.99623626,0.9615117822009026,0.9632911197513482,0.9916550044326711,0.03848821779909739
287,0,0,1,0.9650505,0.9218196565136194,0.9233197542328762,0.9091040173984208,0.07818034348638059
288,7,7,1,0.93299496,0.9243810493990029,0.9257177028761535,0.9109086489565249,0.0756189506009971
289,9,9,1,0.9973031,0.9540454603543426,0.9554106150192613,0.9923350516720173,0.04595453964565743
290,1,1,1,0.9998217,0.9655723864814852,0.9669077292034467,0.9873901910705675,0.034427613518514755
291,2,2,1,0.9989913,0.9529287866360294,0.9546059631710485,0.986203214478502,0.04707121336397058
292,6,6,1,0.9992834,0.9543578628949015,0.9559619717864261,0.9908696817118458,0.04564213710509846
293,9,1,0,0.9049189,0.9123733157486598,0.9139187606906117,0.8749117826551914,0.08762668425134024
294,3,3,1,0.78687525,0.8990330194153969,0.9004834012731697,0.8138763083218066,0.10096698058460307
295,4,2,0,0.64469516,0.718669417580475,0.7185137711770077,0.5468715687224968,0.281330582419525
296,6,6,1,0.99987197,0.9603113815798426,0.9616863556967069,0.9939367905449251,0.03968861842015736
297,0,0,1,0.99846625,0.9685278242176485,0.9697556603276154,0.9885793169940565,0.03147217578235151
298,0,0,1,0.99377465,0.9574968482174772,0.9589824648277392,0.981640963461513,0.04250315178252284
299,6,6,1,0.9995541,0.9531634174791332,0.9547317151506691,0.9917504465753253,0.046836582520866754
300,6,6,1,0.99647117,0.9603742465187004,0.9619207577772318,0.9918851753643955,0.0396257534812996
301,6,6,1,0.9753263,0.9502172841386665,0.951699007152649,0.9639723239962269,0.04978271586133354
302,3,2,0,0.4445829,0.44336308625552767,0.43804790389433745,0.42526316934705,0.5566369137444723
303,2,2,1,0.6364088,0.6620655632959105,0.6602102723396891,0.607516795503226,0.3379344367040895
304,6,6,1,0.99149406,0.9520005093290342,0.9535941435850512,0.9829012100154462,0.04799949067096576
305,1,1,1,0.9992023,0.9575323342253675,0.9588896638395005,0.9916357642290502,0.04246766577463246
306,8,9,0,0.93155676,0.9207767191026287,0.9222632406571024,0.9130826303363573,0.0792232808973713
307,2,2,1,0.96749973,0.9415961619488303,0.9431978296352045,0.9420763035365592,0.058403838051169665
308,1,1,1,0.81546545,0.8806425246083697,0.8817938038253609,0.7911491321973084,0.11935747539163033
309,6,2,0,0.8619185,0.8878549284547426,0.889584796797054,0.7786020977412885,0.11214507154525744
310,8,8,1,0.79183894,0.743813196581134,0.7436250711448122,0.6701569284735417,0.256186803418866
311,6,6,1,0.99952745,0.9509988573824254,0.9525722582395446,0.9873238389111022,0.0490011426175746
312,8,0,0,0.9909729,0.9435515082810448,0.9451005032762496,0.9602798155283996,0.05644849171895516
313,0,2,0,0.85901636,0.5853453787712647,0.5767790506761721,0.6256349488291171,0.4146546212287353
314,4,4,1,0.9586596,0.939961862296798,0.9414909541585433,0.9456469966557204,0.06003813770320199
315,0,0,1,0.9295959,0.9213303981774574,0.922611620953398,0.852248171951262,0.07866960182254257
316,7,7,1,0.58724385,0.7774964676287921,0.7786207722149936,0.7177156474040202,0.2225035323712079
317,7,7,1,0.903106,0.8910320708743502,0.8921871418523333,0.8461045617449338,0.10896792912564979
318,5,5,1,0.88585395,0.8880699533239467,0.8893771471809356,0.8209006135505841,0.11193004667605333
319,5,5,1,0.9963006,0.9492184040194719,0.9507348662822573,0.9849151585272169,0.050781595980528116
320,3,3,1,0.95752966,0.9314747677358707,0.9331278870511209,0.9322783102657395,0.06852523226412932
321,5,3,0,0.497036,0.7955976615941109,0.797023476290443,0.6817587099909566,0.20440233840588906
322,2,2,1,0.96131647,0.9446104814967728,0.9464236104265141,0.9429442482117198,0.05538951850322715
323,3,2,0,0.43340158,0.5667073515847905,0.5642566260915002,0.5409093031228438,0.43329264841520954
324,4,7,0,0.4971984,0.5009562822088647,0.4959369378510333,0.543145114193753,0.4990437177911353
325,1,1,1,0.99709773,0.9633464296529428,0.9647608886484625,0.9888715784300061,0.036653570347057185
326,7,7,1,0.8669042,0.8594728797444218,0.8605284660620989,0.8569524954400459,0.14052712025557823
327,5,5,1,0.79246473,0.8538206887002902,0.8552373960684965,0.8172074977469834,0.14617931129970985
328,4,4,1,0.9068387,0.9219118093837345,0.9236253250606711,0.894179162173661,0.07808819061626548
329,6,6,1,0.9964897,0.9577113780378046,0.95909809210295,0.9917986804100342,0.042288621962195405
330,1,1,1,0.999074,0.9681296211630445,0.9694780631587088,0.9848384511492924,0.03187037883695554
331,9,1,0,0.9401772,0.9572696684696604,0.9586581849876101,0.9121810138183628,0.04273033153033956
332,3,6,0,0.68049884,0.4191298948027978,0.41249900222251823,0.47210984636566034,0.5808701051972023
333,6,6,1,0.9975262,0.9648216018606005,0.9662811230898251,0.9871944455922358,0.03517839813939949
334,6,6,1,0.9967301,0.9599195746754919,0.9614797737694563,0.9896256209668485,0.04008042532450806
335,9,9,1,0.873545,0.7151097235604037,0.7133567233477985,0.6175633057609557,0.2848902764395963
336,3,3,1,0.9880008,0.9520327903609667,0.9534620395910711,0.9727030781636572,0.04796720963903334
337,8,8,1,0.9998217,0.9602907143646402,0.9617986409488951,0.99122526532568,0.0397092856353598
338,0,0,1,0.9824269,0.9528079001136055,0.9541993534528742,0.9591186840204255,0.0471920998863945
339,7,2,0,0.31962803,0.0892757255083944,0.08359578844464914,0.21389868903477333,0.9107242744916056
340,2,2,1,0.9950991,0.9410884895904671,0.9425972147072481,0.9836777738323758,0.05891151040953291
341,6,6,1,0.97411287,0.9449673762295328,0.9464084287254211,0.9234679411289212,0.05503262377046725
342,2,0,0,0.8400719,0.862412339183091,0.8634281650288561,0.8370848143815115,0.13758766081690899
343,5,5,1,0.8681328,0.8545774418889567,0.855300283680962,0.8345496104507103,0.14542255811104332
344,8,8,1,0.9435362,0.9393880807303173,0.9410277714414399,0.9390919595154208,0.06061191926968268
345,5,5,1,0.6885807,0.841307098030031,0.8425090892492149,0.7551756617865978,0.158692901969969
346,4,4,1,0.88401634,0.9043963216910311,0.9058014150213372,0.8716007340992006,0.09560367830896888
347,6,6,1,0.9812424,0.9417773556598744,0.9432948196519998,0.9473971929243693,0.058222644340125584
348,8,8,1,0.9873678,0.9529529010938583,0.9545184337291899,0.9757709206429972,0.04704709890614167
349,9,9,1,0.8923407,0.9024081896773793,0.9035593794889077,0.8422895091766156,0.09759181032262065
350,9,9,1,0.9921571,0.952316897395398,0.9537966240839284,0.9861442100620819,0.04768310260460196
351,1,1,1,0.99967337,0.9626387307948585,0.9641094534197313,0.9916051853290362,0.03736126920514149
352,0,0,1,0.9931323,0.942266464676741,0.9438983669183162,0.9823504313918597,0.05773353532325898
353,2,2,1,0.956689,0.942029885470016,0.9433799685769588,0.9319044738705088,0.05797011452998402
354,2,3,0,0.5299391,0.4589342183820321,0.45166979021764375,0.5092109409338962,0.5410657816179679
355,7,4,0,0.40746748,0.3538388133630118,0.3473557483913372,0.441352627092162,0.6461611866369882
356,3,6,0,0.3666873,0.1800581847277863,0.17346544313578124,0.32850575750129435,0.8199418152722137
357,2,2,1,0.6899656,0.6839179178873585,0.6828789392071752,0.7520128133511023,0.31608208211264155
358,8,8,1,0.41136163,0.4394136462663165,0.43419927772485095,0.44116186974402766,0.5605863537336835
359,0,0,1,0.99902415,0.9677487895807999,0.9691810358571843,0.9763798403841342,0.032251210419200094
360,9,9,1,0.9990006,0.9603917242210894,0.9619703260178304,0.9913929625791971,0.03960827577891057
361,5,5,1,0.91935855,0.921167623670183,0.9226616379408201,0.8752833081068414,0.07883237632981699
362,8,8,1,0.9989957,0.9625142588242248,0.9639436369906612,0.9904247755886236,0.03748574117577519
363,1,1,1,0.90643674,0.8821808894558167,0.8831151067356731,0.8200504101234697,0.11781911054418326
364,9,9,1,0.9764347,0.9486346345850214,0.9499925346632848,0.9640750191850239,0.0513653654149786
365,4,4,1,0.99867827,0.9697455735290973,0.9709325328068862,0.9847200120781303,0.030254426470902707
366,1,1,1,0.91049546,0.8940122788897644,0.8950208685107027,0.8366277155838715,0.10598772111023558
367,3,3,1,0.63856024,0.6703292650215028,0.6686517903652444,0.7355087546644071,0.3296707349784972
368,8,8,1,0.9503572,0.9390452830795907,0.940730074039159,0.9397836219103446,0.060954716920409324
369,1,1,1,0.9996376,0.9639065613401241,0.96528580692796,0.99220183100555,0.03609343865987591
370,4,2,0,0.45073974,0.2692787979236769,0.26164950705185164,0.4125526913511562,0.7307212020763231
371,7,7,1,0.9924866,0.9652467583848197,0.9665523561300103,0.985304140869172,0.03475324161518034
372,9,9,1,0.98967475,0.9518265439192739,0.9531179757935474,0.9863575494181471,0.048173456080726096
373,4,4,1,0.73112375,0.7319975881723351,0.7314957291666493,0.7633705708772827,0.26800241182766493
374,2,2,1,0.96017027,0.9383005441304691,0.9400413416634953,0.9226691788612399,0.06169945586953085
375,7,7,1,0.8848095,0.8913653391628399,0.892787418120639,0.8603643990896618,0.10863466083716011
376,0,3,0,0.31544355,0.06834585540013832,0.06291784976036138,0.305851260779185,0.9316541445998616
377,7,7,1,0.6166017,0.6261519951634709,0.6242231815005626,0.6376470203178211,0.37384800483652914
378,0,8,0,0.43816146,0.36206746029686643,0.35634723891877357,0.4809176412302238,0.6379325397031336
379,6,6,1,0.98944926,0.9604811486061898,0.9619998554913595,0.9824947175413158,0.03951885139381017
380,6,6,1,0.98920107,0.943098098287621,0.9448791071804046,0.978143506398575,0.056901901712378966
381,9,9,1,0.64143133,0.769167101936368,0.7695898482043323,0.6183455814398297,0.23083289806363205
382,0,0,1,0.98697597,0.9513493488174977,0.9527077129461877,0.972352199085356,0.048650651182502336
383,9,0,0,0.38841888,0.46987996858543585,0.46541465559613066,0.4937323023866507,0.5301200314145642
384,2,2,1,0.9365444,0.8661166579333093,0.8674109401071203,0.7779839807187936,0.13388334206669072
385,8,0,0,0.9794652,0.8916309735370099,0.8928413340233827,0.6326274091669447,0.10836902646299007
386,7,7,1,0.805466,0.8646687726679829,0.8659683238891035,0.810900605539191,0.13533122733201708
387,2,2,1,0.94693947,0.936366971553484,0.938082284007206,0.8915840817477861,0.06363302844651597
388,2,2,1,0.83611983,0.7707566239448383,0.7702703217944318,0.6566308217851161,0.22924337605516165
389,5,5,1,0.7702103,0.854639288898438,0.8558877490039906,0.7874798767928326,0.145360711101562
390,1,1,1,0.99957496,0.9571291942719075,0.9586354997802818,0.9921217556103441,0.04287080572809254
391,2,0,0,0.58437246,0.5664122882548747,0.5621454370606278,0.41169837169447043,0.43358771174512534
392,6,6,1,0.98063236,0.9541118157003353,0.9555002829194235,0.9695788897750712,0.04588818429966468
393,2,2,1,0.9852211,0.9561938618596152,0.9578986813539985,0.9664017199460175,0.04380613814038481
394,9,1,0,0.40668303,0.17066387211342823,0.1631616055681303,0.2540221813666903,0.8293361278865717
395,6,6,1,0.98956656,0.9499725910209872,0.9515108997992942,0.9836887091125714,0.05002740897901281
396,2,2,1,0.8696443,0.8658453681045024,0.8668040903507884,0.8020115412843964,0.1341546318954976
397,3,3,1,0.5798404,0.6299213353704443,0.6277443021820945,0.641716724972105,0.37007866462955574
398,0,0,1,0.9990332,0.9662413093342839,0.9678404546701531,0.9854079280920567,0.03375869066571613
399,3,3,1,0.9578323,0.9308950058172535,0.932239473839171,0.8852641120824599,0.06910499418274652
400,9,9,1,0.6337325,0.41425292813174225,0.4070587162475248,0.4995864592248897,0.5857470718682578
401,8,1,0,0.7692239,0.6351104316030945,0.6317819855738983,0.5138904687217135,0.36488956839690545
402,7,7,1,0.9388527,0.9451606932050425,0.9468311939829798,0.8186327580715264,0.05483930679495752
403,8,8,1,0.97958565,0.955581939168144,0.9570918244125783,0.9662786944023712,0.044418060831855954
404,8,8,1,0.9997967,0.9551112298280098,0.9566977553164331,0.9928828063385005,0.04488877017199022
405,4,4,1,0.9159755,0.8965468465564921,0.8980508314203727,0.8632424840077749,0.10345315344350792
406,0,0,1,0.9991592,0.9662354569245419,0.9675587829623219,0.985664596095156,0.033764543075458064
407,1,1,1,0.9883555,0.9498651603121939,0.9514624305312414,0.978506827477518,0.050134839687806076
408,8,8,1,0.9995409,0.9473283232280757,0.9488078096456374,0.9894055167434753,0.0526716767719243
409,2,3,0,0.5849826,0.42518549399780853,0.41988544556534013,0.4932446604949745,0.5748145060021914
410,7,7,1,0.98859054,0.9525829961341457,0.9540966736653611,0.9809101797430738,0.047417003865854346
411,9,0,0,0.7715998,0.755371561985443,0.7547436192146862,0.7381651554616567,0.24462843801455703
412,3,3,1,0.6773284,0.7771950024703088,0.7775871227676047,0.7192430961674003,0.22280499752969118
413,6,6,1,0.99898785,0.9497256447264913,0.9512207741668619,0.9919152221629797,0.05027435527350865
414,1,1,1,0.9802972,0.9623965257732785,0.9636856565876298,0.9695338786197334,0.0376034742267215
415,9,9,1,0.9999789,0.945578897343298,0.9470178078005874,0.9925160764760333,0.05442110265670197
416,0,0,1,0.8724444,0.8598674314230361,0.8607564553757379,0.8384932457289709,0.14013256857696388
417,7,7,1,0.45312804,0.7471422131404662,0.749770128737364,0.5744685821225081,0.25285778685953375
418,3,2,0,0.51061887,0.5969573889706083,0.5948044410523952,0.5868856759797977,0.40304261102939165
419,7,2,0,0.49478036,0.24032596480193807,0.23251286932764959,0.34729783248662704,0.759674035198062
420,4,4,1,0.9685307,0.9531634862727074,0.9549423881515983,0.9220283769922301,0.046836513727292584
421,5,5,1,0.82170695,0.8640668811238161,0.8650639574571035,0.8188165139547131,0.13593311887618387
422,0,8,0,0.58366966,0.8513321654626246,0.8530554980398195,0.6708327312278644,0.14866783453737542
423,0,0,1,0.97257507,0.9495529718210942,0.9511948634563011,0.9266140193173265,0.050447028178905784
424,2,2,1,0.98712677,0.9439100092083368,0.9454839724927632,0.9719970700395117,0.05608999079166321
425,9,9,1,0.9984024,0.9630544607237086,0.9644281548669111,0.9905683012324853,0.036945539276291406
426,3,6,0,0.8665475,0.8845752804321639,0.8859312481887589,0.8710215287844078,0.11542471956783606
427,4,4,1,0.478878,0.36433231275548367,0.35807499453934244,0.4150843595005222,0.6356676872445164
428,0,0,1,0.8157601,0.8280200822224206,0.8282250418950852,0.7735852766082928,0.17197991777757937
429,6,6,1,0.99502796,0.94967718122567,0.9510652288538429,0.9919985668501051,0.05032281877432998
430,2,2,1,0.69840044,0.8133833816149594,0.8145311032933492,0.7553923125102809,0.18661661838504062
431,5,5,1,0.8212344,0.8958203863790398,0.8976477912130559,0.8652808154878088,0.10417961362096018
432,3,3,1,0.9783854,0.9278599399027383,0.929391106612574,0.9664694026622339,0.0721400600972617
433,7,7,1,0.6342948,0.5559303645460606,0.5520986226280994,0.6323704245762971,0.4440696354539394
434,3,3,1,0.6734981,0.6898955581165606,0.6887149835981984,0.7174807960562171,0.31010444188343944
435,7,7,1,0.9108232,0.9186535137677829,0.9201656724846278,0.8729253745496472,0.08134648623221707
436,2,2,1,0.9404055,0.9383696452312028,0.939925985210264,0.8893181616284594,0.06163035476879719
437,5,5,1,0.60816777,0.7319075531554288,0.732864278048478,0.6040399273693504,0.26809244684457123
438,3,3,1,0.78982186,0.8769681056983938,0.878542182318624,0.7874851632598454,0.12303189430160621
439,1,1,1,0.9277666,0.9336331555348576,0.935152725863326,0.9139517739203019,0.0663668444651424
440,1,1,1,0.99605644,0.9573381761462301,0.9587244649666244,0.9841076113275361,0.04266182385376993
441,4,2,0,0.56582946,0.4547192353167965,0.450243715260943,0.48511493731542743,0.5452807646832035
442,9,9,1,0.9997241,0.9559538459795676,0.9573886499003718,0.9923402698253794,0.04404615402043244
443,9,9,1,0.9179649,0.9166742003478721,0.9182019561334149,0.9119393936844937,0.08332579965212794
444,5,5,1,0.9900148,0.9513351201688044,0.9529417070433297,0.9832497154131009,0.04866487983119561
445,7,7,1,0.9127399,0.9127548758969433,0.9142026264805094,0.893330541201626,0.08724512410305674
446,5,5,1,0.7337967,0.7970961685715225,0.7979314437322284,0.6983241551779058,0.20290383142847745
447,0,0,1,0.9529377,0.917387228163086,0.9187441606331502,0.936293859241276,0.08261277183691396
448,2,2,1,0.99613535,0.9455491740356805,0.9470513348202811,0.9828664605248602,0.054450825964319494
449,2,0,0,0.8100407,0.8464121814005588,0.8472197506077868,0.7822343346683376,0.15358781859944115
450,2,2,1,0.9993642,0.9567530286995026,0.9582338276007324,0.9924783395120815,0.04324697130049737
451,9,9,1,0.6738391,0.420736363778199,0.4140254269588137,0.49401725946593184,0.579263636221801
452,7,7,1,0.5452476,0.31828053774675186,0.3108965749490725,0.3949565924852719,0.6817194622532481
453,3,3,1,0.69413507,0.7632961364736834,0.7641660626296396,0.760816686183815,0.23670386352631656
454,9,9,1,0.9982363,0.9566889294371856,0.9581268008776045,0.9909797948838953,0.04331107056281436
455,4,5,0,0.5801286,0.22903928856400108,0.22156869752701563,0.48957814379753856,0.7709607114359989
456,3,4,0,0.93837744,0.9246327231089401,0.9263030366680899,0.9163757569517926,0.07536727689105993
457,5,5,1,0.9868237,0.9478920920231275,0.9494361290791199,0.9801449597791051,0.05210790797687248
458,4,6,0,0.4536417,0.3158381515043661,0.30917204519675257,0.3496143020228072,0.6841618484956339
459,6,0,0,0.42270717,0.09865542429648048,0.09285106022902226,0.2526902926882147,0.9013445757035196
460,5,5,1,0.52973264,0.6211598282188355,0.6192714428259304,0.48437803025710463,0.37884017178116447
461,6,6,1,0.996101,0.9599773667241948,0.9614829453684544,0.9915581065733363,0.04002263327580524
462,1,1,1,0.9965467,0.9702810917460021,0.9714630910965418,0.9892258409761794,0.029718908253997922
463,4,4,1,0.86475974,0.8888214157751371,0.8904151975191762,0.8606737880198508,0.11117858422486293
464,3,3,1,0.7092775,0.7810546369471801,0.781341902833377,0.752450362373377,0.21894536305281986
465,4,4,1,0.9950588,0.9560736381220003,0.9575131795950186,0.9791747423830961,0.0439263618779997
466,4,4,1,0.99793696,0.9470000799750036,0.9485979375072704,0.993017884620642,0.05299992002499643
467,3,3,1,0.9888347,0.9323198623836408,0.9336443472321111,0.9802579991556868,0.06768013761635916
468,7,2,0,0.43900433,0.23192712486667805,0.22403231328352882,0.34906475068171255,0.7680728751333219
469,8,8,1,0.99984276,0.9567727167602482,0.9582051974410188,0.9912583638848114,0.04322728323975178
470,3,4,0,0.76489407,0.8123513665044989,0.813279048122236,0.767865919662962,0.1876486334955011
471,7,7,1,0.96831244,0.9526270103473129,0.9539836451205674,0.9425746695277781,0.0473729896526871
472,8,8,1,0.998609,0.9558127287530939,0.957353347454177,0.9923226566208584,0.044187271246906135
473,0,0,1,0.9530474,0.9217192773187339,0.9232476371820727,0.9087976163441996,0.07828072268126607
474,5,5,1,0.8291923,0.9055907541674315,0.9070496596532854,0.866766245156063,0.09440924583256849
475,7,7,1,0.81783235,0.8223961892758733,0.8230021302949211,0.816356129272728,0.17760381072412668
476,6,6,1,0.4309867,0.11075306751798777,0.10488678881022535,0.34551481475989954,0.8892469324820123
477,0,0,1,0.72520906,0.8027592480324317,0.8030861139598349,0.7305605098087843,0.1972407519675683
478,5,2,0,0.69444025,0.7958035721172404,0.7964806825871006,0.6792722957545989,0.2041964278827596
479,4,4,1,0.99642617,0.9593197193414736,0.9608088321805028,0.990804446290607,0.04068028065852636
480,8,8,1,0.58632106,0.743310521864062,0.7436528112621968,0.6547370657200153,0.256689478135938
481,6,6,1,0.9998387,0.9477705288332041,0.9493135196225254,0.9917632343574803,0.05222947116679588
482,8,8,1,0.99918884,0.9567592518954747,0.9583061234292537,0.9881607770823831,0.04324074810452527
483,5,5,1,0.56224996,0.4263659956600637,0.4205544313778059,0.45540317445768996,0.5736340043399363
484,5,5,1,0.7712689,0.8413967362869297,0.8425265144360815,0.7681786519489566,0.15860326371307032
485,9,9,1,0.57377344,0.59784393977825,0.5954277788083331,0.5799473752688837,0.40215606022175
486,9,9,1,0.99999034,0.9354735688486266,0.93683739483352,0.9922783126682201,0.06452643115137335
487,9,9,1,0.9996989,0.9553133954740145,0.9566235301911965,0.99372531197825,0.044686604525985496
488,5,4,0,0.78117055,0.7812030932450729,0.7811994870068032,0.7577680458903245,0.21879690675492713
489,0,0,1,0.96593064,0.9472774367382245,0.9488603726817526,0.9175213587262092,0.05272256326177549
490,1,1,1,0.99933404,0.9559480462232101,0.9574179241695336,0.9920983307999047,0.04405195377678994
491,0,0,1,0.98953617,0.9650234877219109,0.9664238829338047,0.9834390943019247,0.03497651227808907
492,8,8,1,0.9942654,0.9558911663843672,0.9574566419025039,0.9886787415650983,0.04410883361563278
493,1,1,1,0.99988437,0.9558138829275962,0.9573984909323647,0.9891941243038113,0.04418611707240383
494,1,1,1,0.99992836,0.94963321526622,0.9511168329616237,0.9924303366777808,0.05036678473377998
495,8,8,1,0.58675194,0.7847843032845843,0.7862919793880258,0.6432855128957816,0.21521569671541574
496,0,0,1,0.97240543,0.9497763269285253,0.9513052514556513,0.9459129781399948,0.050223673071474684
497,2,2,1,0.983688,0.9491141376960147,0.9506569831534736,0.9723577260345033,0.050885862303985285
498,2,2,1,0.99998987,0.9217840334063178,0.9231044943381312,0.992040593596178,0.07821596659368224
499,0,0,1,0.98955256,0.9411368241422201,0.9425613671636075,0.9809951500261878,0.05886317585777989
500,4,4,1,0.9685716,0.9518096638995385,0.9532284463151652,0.9492428437401383,0.04819033610046153
501,6,6,1,0.9951035,0.9456732802626929,0.9473947482298196,0.9910587650062068,0.05432671973730707
502,5,3,0,0.49333894,0.5884575268444092,0.5867853149183057,0.46555574238976777,0.4115424731555908
503,4,4,1,0.8554208,0.8562887326741586,0.8575274072070289,0.8412400120568674,0.14371126732584139
504,9,9,1,0.9993456,0.9580961513929536,0.959437936825144,0.992481208157548,0.041903848607046434
505,4,4,1,0.99948174,0.9590370068439128,0.9603810447220067,0.9923680308337427,0.0409629931560872
506,7,7,1,0.44086623,0.6464512500336301,0.6457008787602941,0.618675071867413,0.35354874996636987
507,9,9,1,0.98739326,0.9529420236204258,0.9545101793610057,0.9793320537494273,0.04705797637957421
508,9,1,0,0.5941627,0.46141228764199227,0.4560616205093581,0.5247995541101222,0.5385877123580077
509,4,4,1,0.99891806,0.9608152444708498,0.9624169666822384,0.9821359753081967,0.03918475552915024
510,5,5,1,0.99622107,0.9523312131334796,0.9538281454957546,0.9896267854979398,0.04766878686652043
511,6,6,1,0.9994266,0.9475882154809199,0.9490878023490582,0.9929608435863899,0.05241178451908013
512,6,6,1,0.99979633,0.9531071037821265,0.9545596801495494,0.9925483526926989,0.046892896217873514
513,1,1,1,0.99642426,0.9498195645240756,0.9511742571667327,0.9845689273952908,0.050180435475924434
514,5,5,1,0.94081587,0.946706703906063,0.9482798427818905,0.8436311811285863,0.05329329609393696
515,3,3,1,0.8501578,0.9084845420659761,0.9099840930696048,0.8706614078442867,0.09151545793402394
516,8,8,1,0.9684908,0.9517823106234401,0.9531978836528842,0.9338671849104143,0.0482176893765599
517,9,9,1,0.9456351,0.9433118130646921,0.9447490088103586,0.8920470376302998,0.05668818693530786
518,5,5,1,0.569394,0.5953683040870901,0.5921198021283522,0.623327929019275,0.40463169591290993
519,8,0,0,0.6477376,0.5690341578751312,0.5640348715872141,0.5881690498223445,0.43096584212486877
520,5,5,1,0.9292485,0.917252311649281,0.9187539826050062,0.8845027779213371,0.082747688350719
521,7,7,1,0.98912257,0.899127031622142,0.900182616669187,0.7391775052710701,0.10087296837785797
522,0,0,1,0.9989592,0.9539912746083055,0.9554033613924787,0.9904902657702856,0.04600872539169454
523,7,7,1,0.994948,0.9612531333796991,0.962675750981293,0.9802459812294447,0.03874686662030091
524,0,0,1,0.99910635,0.9406101338938326,0.94185312093097,0.9783592910662874,0.059389866106167366
525,5,5,1,0.67451984,0.7472296557359606,0.7479711772825642,0.6332411857630114,0.25277034426403944
526,0,0,1,0.6922451,0.7294904211855583,0.7287266866263854,0.6705497640981879,0.2705095788144417
527,0,0,1,0.99866664,0.9578354686539783,0.9592106162584063,0.9815165672584197,0.042164531346021716
528,4,4,1,0.9375472,0.9158574827853749,0.9174053647829418,0.9094807967960918,0.08414251721462507
529,6,6,1,0.9998203,0.9553826645793739,0.9571074388181561,0.9732751263629115,0.04461733542062607
530,9,9,1,0.99206585,0.9555577360027625,0.9570744390433892,0.9840097707643843,0.0444422639972375
531,0,4,0,0.3079769,0.2757832579722843,0.2682789924926141,0.37749136981699044,0.7242167420277157
532,9,9,1,0.6853549,0.7806138087887942,0.7812769012618187,0.6475925190543073,0.21938619121120584
533,5,5,1,0.9620559,0.9346475989064599,0.936365805117221,0.9086542312282435,0.06535240109354012
534,6,6,1,0.99974054,0.9499670689014286,0.9517239533039953,0.9909577949965519,0.05003293109857143
535,6,6,1,0.99450463,0.9598750788684776,0.9613842319529566,0.9905597845909125,0.04012492113152244
536,6,6,1,0.9998654,0.9545023997692479,0.9560374229665041,0.9871198628800034,0.04549760023075211
537,2,6,0,0.63260466,0.31624821477289194,0.30918621229990556,0.5151438361974108,0.683751785227108
538,9,9,1,0.932265,0.9197428824108329,0.921200557751965,0.9036926505013717,0.08025711758916709
539,0,0,1,0.9986105,0.9529669045858199,0.9543570692908543,0.9895132454332307,0.047033095414180104
540,1,1,1,0.9998765,0.9461417794782883,0.9473257309076235,0.9930709148314812,0.05385822052171174
541,7,4,0,0.543515,0.2579319575771137,0.2502695027597358,0.3159329108906782,0.7420680424228863
542,6,6,1,0.9668119,0.9529888025828168,0.9543505381270889,0.9217939298367028,0.04701119741718318
543,7,7,1,0.9966365,0.9552637827732372,0.9567265298505464,0.9906840106263375,0.0447362172267628
544,5,5,1,0.975978,0.9221843431140566,0.9237272492621879,0.9429425480867342,0.07781565688594339
545,9,9,1,0.99944025,0.9671333578534362,0.9683940610676797,0.9930372924490335,0.03286664214656376
546,1,1,1,0.9996238,0.9646467694672823,0.9659124253698099,0.9828392977784343,0.03535323053271766
547,6,6,1,0.9532277,0.9407928912602574,0.9424503002634486,0.8108066495544126,0.05920710873974255
548,2,2,1,0.8959829,0.8962565194783902,0.8975936605185101,0.8361495990315656,0.10374348052160975
549,5,5,1,0.7269829,0.7670381994205859,0.7672524667844696,0.682009442727075,0.23296180057941407
550,5,5,1,0.8681137,0.8893173173213883,0.8907381260624573,0.8666426976510871,0.1106826826786117
551,5,3,0,0.34700972,0.19882001572262742,0.19190505546747624,0.32198688578190937,0.8011799842773726
552,8,8,1,0.9977527,0.9607295344251323,0.9621930098441241,0.9910212492231971,0.039270465574867686
553,5,5,1,0.68320084,0.8367358799189025,0.8379333724774528,0.7190801755807251,0.16326412008109747
554,9,9,1,0.9975095,0.9619864628813877,0.9634437521072866,0.9925397655749544,0.03801353711861233
555,4,4,1,0.99798214,0.956740109706405,0.9582712038993463,0.9912323561721059,0.043259890293595005
556,6,6,1,0.82877177,0.8541641918810203,0.8552102137098077,0.8506287411412603,0.14583580811897967
557,4,4,1,0.9943948,0.9526525045223316,0.9543605153794997,0.9901651009645763,0.047347495477668367
558,3,3,1,0.9269762,0.9324001332632912,0.9340400855938377,0.8721324774433947,0.06759986673670881
559,2,2,1,0.9993718,0.9409036526249143,0.942464252925857,0.9762238159213322,0.059096347375085734
560,0,0,1,0.999283,0.9431547131546981,0.9445942977172155,0.9842040887560206,0.05684528684530188
561,7,7,1,0.9098976,0.9119154054003047,0.9134691457753317,0.8798087455885478,0.08808459459969531
562,6,6,1,0.9646367,0.9491402402537842,0.9506935746729532,0.9461788892962695,0.050859759746215816
563,2,2,1,0.8595295,0.8665548795740289,0.8678947500250943,0.8441836340598446,0.13344512042597112
564,2,2,1,0.96980256,0.9468435071792005,0.9484010135968981,0.9368193321370656,0.053156492820799484
565,3,5,0,0.5736892,0.7513824738274617,0.7516516821105439,0.6055187322779623,0.2486175261725383
566,9,9,1,0.99922574,0.9623131142705791,0.9637442129688022,0.9908211787756521,0.037686885729420916
567,7,3,0,0.43932608,0.695609465400173,0.6958130824449295,0.6663004838295977,0.304390534599827
568,9,9,1,0.858038,0.8486123194003616,0.8493029291525965,0.7964653811705884,0.15138768059963836
569,2,2,1,0.89820427,0.9129808247180101,0.9143564089900824,0.8468099306058634,0.08701917528198988
570,6,6,1,0.7163408,0.7881345850402738,0.7883276707941049,0.6884269522224806,0.21186541495972622
571,7,7,1,0.98400694,0.9641369873944683,0.965400613117734,0.9684586031272673,0.03586301260553171
572,1,1,1,0.99761415,0.954945320087775,0.9565757123459416,0.9891712215586312,0.045054679912225004
573,3,3,1,0.8867495,0.8920175418958918,0.8935107617536343,0.8341080878328441,0.10798245810410823
574,6,6,1,0.83619916,0.9044933977486769,0.9061955461394532,0.851165901583008,0.09550660225132312
575,6,6,1,0.9025319,0.8873261676637239,0.8885225254138394,0.8626503027688954,0.11267383233627615
576,8,8,1,0.9998958,0.9487999706867436,0.9504321220157813,0.9919452620691586,0.0512000293132564
577,9,8,0,0.48170713,0.47286002309950026,0.46797103204781965,0.5741215365540293,0.5271399769004997
578,7,7,1,0.9746036,0.946304201585237,0.9476334778187794,0.9421296652182458,0.05369579841476302
579,5,5,1,0.8984988,0.909473806092566,0.910911856718517,0.8452655144528132,0.090526193907434
580,4,4,1,0.9673913,0.9469438619864526,0.9486583449954783,0.9253488006746576,0.05305613801354736
581,0,0,1,0.9866158,0.9564435944656922,0.9578300183299069,0.9699892253877583,0.04355640553430784
582,8,8,1,0.9990723,0.963443697832562,0.9647215294391595,0.9922284036741249,0.03655630216743799
583,4,4,1,0.87483746,0.881604361991206,0.8831362683447688,0.853931254614166,0.11839563800879405
584,0,0,1,0.99763024,0.9628912147360534,0.9645102375989723,0.9891557606370828,0.037108785263946564
585,9,9,1,0.9544482,0.9357427926358927,0.9372965176021936,0.9409021283061135,0.06425720736410734
586,3,3,1,0.8425086,0.8716581256049029,0.8729093032564036,0.8612825937917536,0.12834187439509714
587,4,4,1,0.99172044,0.9526526396660211,0.9542739893413296,0.9841743722353783,0.047347360333978905
588,8,8,1,0.9998926,0.9524755565343307,0.9540625955973897,0.9925752855871752,0.04752444346566931
589,9,9,1,0.9988859,0.9670260757538184,0.9683160419900346,0.9927771620233594,0.03297392424618162
590,6,6,1,0.99837273,0.9545436932674288,0.9559278446253254,0.9896023990808558,0.04545630673257117
591,9,9,1,0.9971631,0.9603122514095398,0.9617946944842977,0.9920140744297933,0.0396877485904602
592,2,2,1,0.9997358,0.9550113803336521,0.9564554127645184,0.9903287840335447,0.04498861966634793
593,6,6,1,0.98949945,0.9471481302434615,0.9488461379457818,0.9825561650194216,0.05285186975653855
594,1,1,1,0.99769586,0.9628309219143165,0.9642463296443365,0.9879302279003948,0.03716907808568348
595,4,4,1,0.985636,0.953155513442215,0.9545356292940315,0.9739604524891682,0.04684448655778495
596,7,7,1,0.99939084,0.9350061657543073,0.9362823984843817,0.9915352630677248,0.06499383424569272
597,3,3,1,0.84248686,0.842639321531181,0.8433554911847504,0.8354674690702235,0.15736067846881896
598,5,2,0,0.7919754,0.5835949275578762,0.5791330907174196,0.588326531301479,0.41640507244212377
599,3,3,1,0.92935467,0.9150287317765281,0.916534607798529,0.8890033510351237,0.0849712682234719
600,8,8,1,0.9127682,0.9224921354218285,0.9240133288714496,0.896505204934894,0.07750786457817149
601,5,5,1,0.9008899,0.918459264529661,0.9201142692229407,0.8337081805965829,0.08154073547033902
602,0,0,1,0.9975606,0.9548678652112358,0.9563322849852429,0.9907857138310849,0.04513213478876421
603,2,2,1,0.9963721,0.9548812369390758,0.9564309912108558,0.9816844324538989,0.045118763060924216
604,1,1,1,0.9999888,0.9433300490205732,0.9448216989227062,0.9928828063385005,0.05666995097942684
605,6,6,1,0.99443406,0.9563483392668125,0.9579212970365112,0.9926765532873827,0.04365166073318749
606,4,4,1,0.85800934,0.8975393166598474,0.8989989852478463,0.8707914852850532,0.10246068334015257
607,3,2,0,0.43494353,0.5283150378426783,0.5252762588184248,0.4543700815487492,0.4716849621573217
608,3,3,1,0.96765244,0.9428724105291024,0.9445118354585055,0.9241024772819614,0.05712758947089758
609,9,9,1,0.9999802,0.9576653723918047,0.9588415889584722,0.9928590131474928,0.042334627608195285
610,6,6,1,0.9992624,0.9600580601432295,0.9616125937707588,0.9921620388787987,0.039941939856770525
611,9,9,1,0.9318538,0.9221276097432083,0.9236536836277033,0.8709275582999522,0.07787239025679171
612,8,8,1,0.9920087,0.9577559242618344,0.9593675834550333,0.9845770274559171,0.042244075738165576
613,8,8,1,0.9999695,0.9492602014103045,0.9507689731381143,0.9895423620342311,0.05073979858969546
614,5,5,1,0.97679704,0.9453581736108541,0.9470909371183907,0.9663441889391521,0.05464182638914594
615,8,8,1,0.9730435,0.9446802223360363,0.9462709678559122,0.9475381036456811,0.055319777663963676
616,6,6,1,0.99761677,0.9589942990953034,0.9602528688572902,0.9903548980635913,0.041005700904696574
617,6,6,1,0.9462142,0.9267500473152829,0.9283308764964164,0.8991520593567428,0.07324995268471712
618,2,2,1,0.36081934,0.27197652664820454,0.26422072400759544,0.4203861957754087,0.7280234733517954
619,1,1,1,0.9997452,0.973566638291342,0.9747005160373952,0.9917954830326119,0.026433361708657954
620,7,7,1,0.41943544,0.5783000344822777,0.5758878895589316,0.5480108309198515,0.42169996551772226
621,7,7,1,0.5383279,0.36709014578894544,0.3599869996264806,0.4870930823045989,0.6329098542110545
622,1,1,1,0.99908125,0.9509982938604586,0.9524760607788337,0.9925094628588025,0.04900170613954136
623,2,2,1,0.9351133,0.9254638169994556,0.926851416671619,0.9142627174869478,0.07453618300054443
624,7,7,1,0.80142397,0.8337283676016591,0.8345983339810813,0.7650101291605859,0.16627163239834086
625,9,9,1,0.9958627,0.9632184371934442,0.964564965790224,0.9919475489658722,0.036781562806555756
626,9,1,0,0.6682901,0.7134069674672929,0.7118565858746075,0.5832481180005551,0.28659303253270707
627,4,4,1,0.99535406,0.954707425655308,0.9563572735156766,0.9910156392940269,0.04529257434469203
628,4,4,1,0.99409074,0.950136844456454,0.9516288143990429,0.9816885258704303,0.049863155543546034
629,1,1,1,0.9687553,0.9390604503309428,0.9408412996305501,0.9278179352629821,0.060939549669057236
630,2,0,0,0.34965798,0.41723892234725773,0.4119176041641702,0.5641747473762061,0.5827610776527423
631,5,2,0,0.87942016,0.8992080081032444,0.9010870748290007,0.8530878338382394,0.10079199189675558
632,6,6,1,0.9916225,0.9651163279320402,0.9665922800463532,0.9771922629788693,0.03488367206795984
633,8,8,1,0.64583635,0.7499299881606539,0.7498977286128929,0.6981975669992676,0.2500700118393461
634,7,7,1,0.79151654,0.841982479932177,0.8428402225012209,0.7918109741958615,0.158017520067823
635,6,6,1,0.9960563,0.9553458927941267,0.9568242945243339,0.989953111753968,0.04465410720587326
636,8,8,1,0.99643135,0.9635539511371641,0.9649333124678083,0.9919004258917805,0.03644604886283587
637,3,3,1,0.3962806,0.31630542502176184,0.30972736615613455,0.4064775083771164,0.6836945749782382
638,0,0,1,0.99948704,0.9665100194342207,0.9678051716339523,0.9828911240208297,0.03348998056577934
639,5,5,1,0.2881374,0.12283522803281004,0.11673888791763012,0.28309981184835226,0.87716477196719
640,5,5,1,0.6477609,0.770923878850654,0.7716902450646388,0.7827217589085592,0.22907612114934595
641,3,3,1,0.48871413,0.5302206928501195,0.5269565305245886,0.43943699899248656,0.4697793071498805
642,0,0,1,0.9493683,0.932679173532228,0.9341327919136024,0.9354120519108805,0.06732082646777204
643,7,7,1,0.998279,0.9575724679153131,0.9590536717059427,0.9886783422798808,0.04242753208468686
644,9,9,1,0.91329485,0.9174040155778439,0.9189778379894766,0.8843479169882614,0.0825959844221561
645,1,1,1,0.996608,0.9685830009258002,0.9697751887967656,0.9927594789890183,0.031416999074199814
646,3,3,1,0.9097568,0.9217450189572032,0.923411489147964,0.8279151917798248,0.07825498104279682
647,4,4,1,0.510306,0.298406396082989,0.2903652854839899,0.46848862585686646,0.701593603917011
648,4,4,1,0.9526765,0.9367197752024243,0.9383127023368182,0.9402770383106624,0.06328022479757567
649,5,5,1,0.9518087,0.9258267254187658,0.927293843020319,0.9131771986215215,0.07417327458123424
650,3,3,1,0.9934818,0.9430856472891745,0.9447493470470594,0.9847942249342191,0.056914352710825455
651,9,9,1,0.9168101,0.8679119518540082,0.8689532797127405,0.7656225566646611,0.13208804814599184
652,5,5,1,0.92324126,0.9335310547899895,0.9349290330959324,0.8725999186235519,0.06646894521001045
653,6,6,1,0.8890188,0.9014771214398374,0.9029934728542323,0.8572328816771393,0.09852287856016262
654,9,9,1,0.64551735,0.7154495089996329,0.7142151339020549,0.6924818126109976,0.2845504910003671
655,2,2,1,0.54326683,0.3998012959239211,0.39331561080606536,0.4666419447153741,0.6001987040760789
656,1,1,1,0.9999887,0.9596583954291985,0.9609142979646318,0.9928590131474928,0.04034160457080149
657,1,1,1,0.9338741,0.9116841610322484,0.912872278247587,0.8707029265724716,0.08831583896775164
658,4,4,1,0.87343895,0.897095997543695,0.8986700936203978,0.8446907637352455,0.10290400245630504
659,1,1,1,0.9993337,0.9648095458617634,0.9663484899992766,0.9913793632991821,0.035190454138236626
660,9,9,1,0.9960194,0.9644371529893585,0.9658442451774362,0.992104832953651,0.035562847010641496
661,4,4,1,0.766331,0.829599144195379,0.8304330774472727,0.7215159187471056,0.17040085580462105
662,7,7,1,0.9997154,0.9544917831501778,0.9557971842999792,0.993663353044925,0.0455082168498222
663,6,6,1,0.9161118,0.9298548352753991,0.931750163425339,0.8745370244854536,0.07014516472460086
664,3,3,1,0.98707503,0.9598404772458002,0.9615032338451848,0.9751193712462096,0.04015952275419976
665,8,0,0,0.99888235,0.9599442411441588,0.9614072717113484,0.98958696039757,0.04005575885584123
666,9,9,1,0.9880238,0.9430803117718585,0.9444164688803633,0.9766089846151011,0.05691968822814153
667,0,0,1,0.99861634,0.9419227350935575,0.9433705845754913,0.986748250540856,0.058077264906442494
668,1,1,1,0.9999579,0.9605842434582602,0.9620106440793232,0.9911661535341088,0.03941575654173979
669,3,2,0,0.44702154,0.6863865191766215,0.6861947642444275,0.6461977843248691,0.3136134808233785
670,6,6,1,0.9992176,0.948116013520019,0.9495427718174755,0.9920534203486703,0.05188398647998105
671,3,5,0,0.66653734,0.8224209934153641,0.82321680556074,0.7768234409753404,0.17757900658463588
672,6,2,0,0.81986207,0.821060352331382,0.8214268564041327,0.8067502124416709,0.17893964766861803
673,3,3,1,0.99683785,0.9485169601746154,0.9496887366462363,0.9927993813756147,0.0514830398253846
674,2,2,1,0.4785498,0.4578907301393825,0.4544949797822779,0.5149484858487269,0.5421092698606176
675,0,0,1,0.9568285,0.9333805565695421,0.9347700196016286,0.9238935050926336,0.06661944343045789
676,3,6,0,0.5961616,0.3507590518067488,0.34374275190096404,0.45461962581739734,0.6492409481932512
677,1,1,1,0.35350165,0.4111556493390647,0.4048758620384845,0.5946729574174515,0.5888443506609353
678,0,0,1,0.8762591,0.8955115094912607,0.896797173750973,0.8609530806786911,0.10448849050873932
679,5,5,1,0.8885369,0.9142212891580156,0.9157744572087857,0.8208552780910766,0.0857787108419844
680,9,1,0,0.7060722,0.7850625469514521,0.7850018221944424,0.5930091504254064,0.21493745304854794
681,6,6,1,0.99938047,0.9530010631240542,0.9546095007042114,0.9921576807142788,0.04699893687594581
682,4,4,1,0.8513977,0.8532121218668891,0.85407799356561,0.8140221603996433,0.1467878781331109
683,8,0,0,0.85795486,0.8813860439592007,0.8823923593934426,0.8165958892151104,0.11861395604079927
684,9,9,1,0.973886,0.9547908730776907,0.956113366398985,0.9510726651718281,0.04520912692230927
685,6,6,1,0.537365,0.48184775001959945,0.4773851930320878,0.5369644770699363,0.5181522499804005
686,9,9,1,0.9959805,0.9613425502650236,0.9629317894988855,0.9901342317695172,0.03865744973497642
687,6,2,0,0.48385412,0.6703266971608491,0.6692398168107729,0.5659475823938842,0.32967330283915086
688,3,3,1,0.5889748,0.6739663122990216,0.6729799550657027,0.5560177001705428,0.3260336877009784
689,0,6,0,0.6570146,0.6993798878799034,0.6980585117912622,0.6858627244994503,0.30062011212009665
690,3,3,1,0.9699646,0.9155708821234774,0.9171336156102136,0.8817374517050929,0.08442911787652263
691,2,2,1,0.98981863,0.9632189748158995,0.9645152837578861,0.9782758232685923,0.036781025184100535
692,2,0,0,0.7299064,0.883429269536814,0.8849510558760313,0.7911491071481077,0.116570730463186
693,7,4,0,0.54053044,0.3380791444552397,0.3310100647085821,0.31062023318724247,0.6619208555447603
694,8,8,1,0.999961,0.9579632366523307,0.9595450342855112,0.9910972701292551,0.04203676334766926
695,3,3,1,0.9922621,0.951497508639451,0.9531455269756907,0.9823735772693002,0.04850249136054896
696,8,8,1,0.64489233,0.6840955396166066,0.6822080880129903,0.5934152205632811,0.31590446038339337
697,2,0,0,0.8455735,0.8027506576701067,0.8029435575688548,0.7709238246583903,0.19724934232989333
698,7,7,1,0.83756167,0.8317603911846481,0.8320768487670059,0.8043951629271379,0.16823960881535194
699,5,5,1,0.94165707,0.8546967278674495,0.8556276590880486,0.7598368491247375,0.14530327213255045
700,7,7,1,0.9947943,0.9547092321836871,0.9561976969256136,0.9844117495786193,0.045290767816312916
701,2,0,0,0.9477747,0.9452987850939468,0.9468190923917068,0.9275572394353847,0.054701214906053175
702,4,4,1,0.99300635,0.9536769380235939,0.9552037839361585,0.9830061157185221,0.04632306197640612
703,8,8,1,0.9844881,0.9385052539066262,0.9400480746847855,0.9610998169288849,0.0614947460933738
704,7,7,1,0.6663511,0.741285153250508,0.7410631614009506,0.743484960521268,0.25871484674949197
705,4,4,1,0.9731516,0.942476601256689,0.9441474848639004,0.9473065580040766,0.05752339874331103
706,2,2,1,0.89325285,0.8999906780288294,0.9013389145727888,0.8127560046743127,0.10000932197117063
707,9,9,1,0.9701902,0.9474013964765643,0.9490550502642956,0.9516479293974683,0.052598603523435705
708,8,0,0,0.4749452,0.2624852776427956,0.25517223153230734,0.34831259568105744,0.7375147223572044
709,8,8,1,0.99798596,0.9554565063668121,0.9570076623839188,0.9909999429056087,0.04454349363318788
710,6,6,1,0.7665628,0.7439780384862009,0.7436677159455138,0.6386088292489618,0.2560219615137991
711,8,0,0,0.9847431,0.9527799382971311,0.9541850483838508,0.959389959295377,0.047220061702868854
712,8,8,1,0.9985751,0.9631740463004936,0.9646124876880302,0.9904015744188467,0.036825953699506364
713,7,7,1,0.83117557,0.7717344956767622,0.7717267971484182,0.7179983489277966,0.22826550432323778
714,4,4,1,0.76389295,0.8813894157048935,0.8830453236780244,0.8170545438223965,0.11861058429510651
715,3,3,1,0.67013556,0.6342260337403963,0.631686846993285,0.6608543091573482,0.3657739662596037
716,3,3,1,0.98949665,0.9532557928419024,0.9549118871805494,0.9817665525583961,0.04674420715809757
717,8,8,1,0.37595427,0.3058328303780834,0.2973538219742573,0.4225188274941474,0.6941671696219166
718,4,4,1,0.85067064,0.9012691355299145,0.9028377033086777,0.8614801369745068,0.0987308644700855
719,9,8,0,0.57369286,0.2833615576738067,0.2756060384103237,0.33077228606288406,0.7166384423261933
720,4,4,1,0.9316867,0.9109145094882688,0.9124365348093135,0.8967608659499885,0.0890854905117312
721,8,8,1,0.96503776,0.9465632668267994,0.948063882382029,0.9452349527957371,0.053436733173200635
722,8,8,1,0.9998888,0.9615643560248287,0.9629725820715257,0.9906479057434993,0.038435643975171296
723,1,1,1,0.99984705,0.9591639156755083,0.9605628106353742,0.9927808943949467,0.040836084324491706
724,8,8,1,0.7746,0.9006945621554602,0.9023582017848325,0.841857200065223,0.09930543784453982
725,2,0,0,0.7176202,0.6172530518883467,0.6141585706509691,0.6883264815084676,0.38274694811165333
726,1,1,1,0.9825347,0.9504070458211971,0.9521645603094849,0.9456651146029535,0.04959295417880294
727,3,2,0,0.8469491,0.860770947525439,0.8619777136331337,0.8506120108379952,0.13922905247456097
728,6,6,1,0.9680213,0.8810550316772285,0.8823502371430253,0.8311525529574056,0.11894496832277146
729,5,5,1,0.96982163,0.9485836045990432,0.9500347575532095,0.9519604922285377,0.05141639540095677
730,4,5,0,0.62382305,0.4222209096585229,0.41539670250003885,0.45192410415950535,0.5777790903414771
731,2,0,0,0.99407464,0.9443187515809962,0.9457583871686372,0.9777360818453229,0.05568124841900379
732,7,7,1,0.9962953,0.9626366476679546,0.9639099755542445,0.9921515074052603,0.03736335233204535
733,9,9,1,0.98805714,0.9534056843002597,0.9548697488419318,0.9843003472991491,0.04659431569974026
734,9,1,0,0.6741426,0.6826045702000114,0.6807417297940799,0.6115148142213656,0.3173954297999886
735,4,2,0,0.9640412,0.9218195964373894,0.9233151899277021,0.9406182476285163,0.07818040356261058
736,1,1,1,0.99767107,0.9609511953007468,0.9623640042293973,0.9904143073727951,0.0390488046992532
737,4,4,1,0.800455,0.8672931085788314,0.8684640926224774,0.7962367212259391,0.13270689142116865
738,1,1,1,0.99908197,0.9601743089905342,0.961907404447578,0.9919397046599058,0.03982569100946576
739,3,5,0,0.5288996,0.44345349980779336,0.43770204136942115,0.49064878507228643,0.5565465001922066
740,2,2,1,0.7137436,0.7676760084934648,0.7676452486011127,0.7673670620198685,0.23232399150653515
741,7,7,1,0.98636323,0.9623167722029937,0.9636361902317839,0.9810873321975292,0.03768322779700628
742,0,0,1,0.9924401,0.9493035229451058,0.9507395852315783,0.9845043730505465,0.05069647705489422
743,7,7,1,0.925289,0.9368264585774753,0.9383087739340491,0.8906109824599799,0.06317354142252474
744,9,2,0,0.30835107,0.1982039303097195,0.19089635276936606,0.3752035737133746,0.8017960696902805
745,7,7,1,0.9355863,0.9251218943424198,0.926596687290335,0.9179421652719527,0.07487810565758024
746,6,4,0,0.6859257,0.7173716704368499,0.71703342483662,0.7485093848897858,0.2826283295631501
747,6,6,1,0.99744946,0.9505017991813445,0.9518797700487556,0.9921675154161371,0.049498200818655524
748,2,2,1,0.99964917,0.9553244479770662,0.9567743859015584,0.9843608490477976,0.04467555202293383
749,5,3,0,0.88059103,0.8971885001369356,0.8988293904479407,0.8560215162572129,0.10281149986306437
750,9,9,1,0.9996138,0.9531603421995293,0.9545286721286389,0.9925695341602185,0.046839657800470724
751,2,0,0,0.7861642,0.8887378808502925,0.8908023706097,0.7914731434218383,0.11126211914970752
752,9,9,1,0.68149245,0.7555319918269842,0.7554908784333334,0.6112413388956048,0.24446800817301584
753,1,1,1,0.9995189,0.9706323056906843,0.9717852005934171,0.984659357920264,0.02936769430931574
754,2,2,1,0.99950683,0.9574377645723073,0.9590733613750712,0.9868689735068413,0.04256223542769266
755,2,2,1,0.9705574,0.9414991294607804,0.9432522029861129,0.9422717147333912,0.058500870539219596
756,6,6,1,0.9958562,0.9525667362682283,0.9542815206067092,0.9864349633530628,0.0474332637317717
757,8,8,1,0.99842995,0.9561781357866186,0.9577037013901871,0.9904546649242968,0.04382186421338141
758,2,2,1,0.9868477,0.9509535435796606,0.9525739756542471,0.973018424398918,0.049046456420339446
759,1,1,1,0.9999856,0.9521069821347702,0.9534744390233768,0.993700257250985,0.047893017865229814
760,3,3,1,0.8974851,0.908548457003107,0.9098655865963975,0.84144282000327,0.09145154299689295
761,6,2,0,0.74259895,0.753277366762733,0.7525523388372382,0.7183352322442803,0.24672263323726695
762,6,6,1,0.88759583,0.8775219204336338,0.8785554122617747,0.8620073367884852,0.12247807956636625
763,0,0,1,0.9977627,0.9693962901927435,0.9706463821309501,0.9921446954462635,0.030603709807256463
764,1,1,1,0.9999392,0.9641431529888713,0.9653298698136238,0.9928987855816745,0.03585684701112868
765,2,2,1,0.999895,0.9599936846379187,0.96147310434578,0.9848012648209814,0.040006315362081324
766,7,7,1,0.9712839,0.9478194061685888,0.9493947085889377,0.948093195107361,0.05218059383141116
767,0,9,0,0.3889313,0.26151092520185404,0.2545369958497965,0.25589016973979484,0.738489074798146
768,5,2,0,0.8409016,0.8691555276408952,0.8703405713347295,0.8312085960500238,0.1308444723591048
769,4,4,1,0.9915658,0.9406034882350347,0.9420739678714833,0.9851441730620292,0.0593965117649653
770,6,0,0,0.32829434,0.20820797176496691,0.2007127079438622,0.4151110301846371,0.791792028235033
771,1,1,1,0.6700331,0.8333276394093257,0.8344552287345609,0.6912042460388299,0.16667236059067425
772,6,6,1,0.9915173,0.9645121288045585,0.965933196009331,0.9860079227219262,0.0354878711954415
773,4,6,0,0.5931671,0.3570332167329349,0.3505129345738178,0.438522651601617,0.6429667832670651
774,0,0,1,0.97867787,0.9390809288052007,0.9406131237400571,0.9391885695121814,0.060919071194799335
775,2,2,1,0.42658776,0.4935233569436262,0.490358436416903,0.4570950050681998,0.5064766430563739
776,2,3,0,0.35230377,0.18259232751232338,0.17557432827470829,0.33931560997231686,0.8174076724876767
777,6,6,1,0.9998878,0.9432044308908217,0.9446778886807161,0.9919411893901184,0.05679556910917827
778,0,0,1,0.98361474,0.9398621727609575,0.9414482938242973,0.973819976691212,0.060137827239042485
779,5,6,0,0.8529147,0.7772283666655792,0.7767383888632494,0.6956344403276268,0.22277163333442085
780,9,9,1,0.9998273,0.9516983279101344,0.9530258843977383,0.9923936548162233,0.04830167208986558
781,1,1,1,0.99961996,0.9620509631833916,0.9635146303177018,0.9917401351561552,0.03794903681660844
782,7,7,1,0.6093559,0.681539437377752,0.680453351340191,0.6466639804857686,0.318460562622248
783,6,6,1,0.6893475,0.7217457616625215,0.7203804578646157,0.6645449649567396,0.27825423833747853
784,7,7,1,0.9685724,0.9559110979682209,0.9574719668343762,0.9383559221072292,0.044088902031779065
785,0,0,1,0.99935776,0.9549715943462947,0.9563908356921312,0.9864643009211036,0.04502840565370525
786,3,3,1,0.9910154,0.9488193450582763,0.9500967906159994,0.9866065459728134,0.05118065494172375
787,9,9,1,0.78435326,0.8026563517391455,0.8030758566128315,0.6966603462242894,0.1973436482608545
788,6,6,1,0.91973877,0.913875945595423,0.9153360566671395,0.9080356725662858,0.08612405440457704
789,8,8,1,0.9995739,0.9575340011780045,0.9592011376861045,0.9919998221638433,0.04246599882199553
790,3,3,1,0.42807743,0.39027094310093857,0.3848362119132033,0.4306349533899328,0.6097290568990614
791,0,0,1,0.99928707,0.9735697831878438,0.9746968990962651,0.9833448891533833,0.026430216812156182
792,3,5,0,0.41399297,0.3982329709359424,0.3923906812050787,0.5217799323177901,0.6017670290640575
793,4,4,1,0.5418655,0.4236070317000483,0.4171370015266874,0.4815484163542321,0.5763929682999517
794,7,2,0,0.4988026,0.7115735295585033,0.7114085572741319,0.6356689711094794,0.2884264704414967
795,7,7,1,0.68705,0.45706304730996905,0.4511817721912142,0.5968583845844022,0.542936952690031
796,1,2,0,0.8325652,0.5212640411098036,0.5154900221378625,0.5637481913261138,0.4787359588901964
797,4,4,1,0.9853232,0.9500261109191698,0.9514602577983252,0.9590250626769159,0.049973889080830225
798,7,2,0,0.38544947,0.25573666978794546,0.24898333097835554,0.336100590844824,0.7442633302120545
799,2,4,0,0.64758915,0.7209143845294308,0.7196888351082711,0.5882260377611485,0.2790856154705692
800,7,7,1,0.9987923,0.950335730774394,0.9517832600117115,0.9845538940921995,0.04966426922560596
801,1,1,1,0.9998703,0.9701468896786652,0.9714040149528324,0.9925476445353564,0.029853110321334753
802,4,0,0,0.61010665,0.3930375711496626,0.3850874198733729,0.45268455673977265,0.6069624288503375
803,7,7,1,0.98970944,0.9544423688604782,0.9558780384577742,0.9838583694087457,0.045557631139521826
804,4,4,1,0.99568105,0.9568657922662809,0.9584446911005545,0.9890709875951462,0.04313420773371912
805,4,4,1,0.90149236,0.9082029143628624,0.9100157369972524,0.8391832023949216,0.09179708563713762
806,8,0,0,0.64189875,0.4242917258060885,0.4182320256788451,0.32857580637252914,0.5757082741939115
807,4,4,1,0.9194464,0.9109678806519289,0.912529042851965,0.9066568205970705,0.08903211934807109
808,7,0,0,0.44131216,0.3081894288430157,0.30108070168709344,0.3114612547847158,0.6918105711569843
809,7,2,0,0.41363913,0.2982258133780999,0.29150526495960993,0.39291821296995016,0.7017741866219
810,5,2,0,0.96315235,0.9455789659262945,0.9470598126043601,0.933338499942043,0.054421034073705465
811,3,2,0,0.75394434,0.8002966391419676,0.8003295736377607,0.7493966729247998,0.19970336085803242
812,7,7,1,0.9535387,0.9312645022349437,0.9327004633382144,0.9307010375842556,0.06873549776505627
813,2,2,1,0.9998716,0.9557623374160601,0.9573708655322715,0.9886755763481677,0.04423766258393991
814,0,0,1,0.9569179,0.9275989657080373,0.9290455551848599,0.9386842255316307,0.07240103429196265
815,8,8,1,0.99899775,0.9646091202804067,0.9662627338090019,0.975153107351592,0.035390879719593316
816,9,9,1,0.9833323,0.9558104787960072,0.957283454249225,0.9764267953441234,0.044189521203992776
817,5,5,1,0.7165554,0.728718429966583,0.7280716813410435,0.7120672860755408,0.271281570033417
818,8,9,0,0.38047475,0.1657209144561472,0.15955596581758993,0.27405438849137637,0.8342790855438528
819,3,0,0,0.5554664,0.32326778856125343,0.3152872708005119,0.47126403247325965,0.6767322114387466
820,6,6,1,0.90645397,0.9076357081523628,0.9090599908624974,0.8530051479477894,0.09236429184763717
821,2,2,1,0.9974905,0.953170231569014,0.9546667839242516,0.9847274695139484,0.04682976843098596
822,0,0,1,0.6553389,0.8210266123002992,0.821875246436007,0.7073381886942558,0.17897338769970084
823,8,8,1,0.99791056,0.9611646510943338,0.9627018621189332,0.9912490757275078,0.0388353489056662
824,7,7,1,0.9995289,0.9461228209807879,0.9474782215725348,0.986971105495022,0.053877179019212074
825,3,3,1,0.65398616,0.796009602153961,0.7970591873450753,0.681673758086012,0.203990397846039
826,7,7,1,0.986971,0.8950000945482754,0.8966032558926785,0.7741390328864339,0.10499990545172455
827,6,6,1,0.9984347,0.9554763746771794,0.956873664831128,0.987134982413029,0.044523625322820615
828,5,4,0,0.7210441,0.7789639479885151,0.7791186224551453,0.7357553951681177,0.2210360520114849
829,3,3,1,0.6341299,0.6662448742482505,0.6652934384304181,0.7214217398436149,0.3337551257517495
830,1,1,1,0.9765495,0.9118100729661378,0.9132820929691702,0.7680069039763064,0.08818992703386219
831,3,9,0,0.2935853,0.1648604700505098,0.15769864779608125,0.38472235023604434,0.8351395299494901
832,2,2,1,0.9939324,0.9561571517969039,0.9575584850867436,0.9858743903266247,0.04384284820309614
833,2,2,1,0.99017847,0.9598933074954086,0.9614035754865065,0.9768188728920165,0.040106692504591424
834,5,2,0,0.9360894,0.9259045616826727,0.9274654396011477,0.8713749026529672,0.07409543831732734
835,4,5,0,0.43356594,0.3094203675211341,0.3021628448130827,0.4361559607364783,0.6905796324788659
836,1,1,1,0.90360177,0.7960799296172099,0.7958310649594751,0.5948294269016867,0.20392007038279014
837,2,2,1,0.9985678,0.9558597550232495,0.9573932056685306,0.9919359363059783,0.04414024497675051
838,9,9,1,0.80822814,0.8678111612433504,0.8691315373522582,0.8144838652058071,0.13218883875664955
839,2,2,1,0.9997062,0.9481519376766862,0.9496360922982592,0.9821415643505651,0.05184806232331385
840,7,7,1,0.993218,0.9670370905339822,0.9682469296774439,0.9863430100015974,0.032962909466017765
841,0,0,1,0.9997979,0.9591729622141804,0.960786439779145,0.9821359753081967,0.04082703778581964
842,7,7,1,0.9775009,0.9334413137417255,0.9348724448286125,0.9692990933053248,0.06655868625827455
843,2,2,1,0.99776685,0.948820244712642,0.950411264673872,0.9866635645791839,0.051179755287357964
844,1,1,1,0.9876436,0.9432510280771093,0.9449281424717078,0.9776975649195634,0.056748971922890745
845,3,0,0,0.90037465,0.9017530514014244,0.9032855308368838,0.836999220294845,0.09824694859857563
846,2,2,1,0.97702354,0.9541026196441083,0.9556302666044632,0.9625044257099495,0.04589738035589175
847,0,0,1,0.99558395,0.9567935924786026,0.9581538979006021,0.9867021391624666,0.04320640752139737
848,2,2,1,0.94401383,0.9350083980893762,0.9366775441073847,0.9086238411381347,0.06499160191062381
849,4,4,1,0.99908686,0.957095626715913,0.9586997281575734,0.9897326282457279,0.04290437328408703
850,7,7,1,0.56952983,0.5752240704416389,0.5709921714919322,0.5874800486701822,0.4247759295583611
851,9,9,1,0.8423174,0.7919380746097782,0.7916110651725194,0.6516923381435699,0.20806192539022184
852,8,8,1,0.9750259,0.953305190521319,0.9549611867980022,0.9631341874361752,0.04669480947868099
853,9,1,0,0.99226975,0.9654023892694376,0.9668473654468188,0.9790390662630142,0.034597610730562445
854,0,0,1,0.9461759,0.9251750435969539,0.9265182914398585,0.9013753903170415,0.0748249564030461
855,7,7,1,0.83968556,0.8551579426947568,0.8558671037238558,0.8312031644269838,0.14484205730524324
856,7,7,1,0.7965598,0.8269351299974733,0.8277496822805138,0.6945906466344212,0.17306487000252668
857,0,0,1,0.97824585,0.892340113908833,0.8940131110576698,0.9605447449476234,0.10765988609116695
858,7,7,1,0.9749766,0.9447036248086421,0.9461493186984155,0.9566512678651597,0.05529637519135788
859,8,8,1,0.989962,0.9607208943579183,0.9622983732537891,0.9837366993425397,0.0392791056420817
860,4,4,1,0.9603129,0.9449155961963577,0.9466480127685298,0.9354511153499405,0.05508440380364232
861,6,6,1,0.99155945,0.9592254916538178,0.9607631626838218,0.9846530234898533,0.04077450834618224
862,3,6,0,0.89732236,0.9026197405785592,0.9042905165247354,0.845208042831073,0.0973802594214408
863,3,5,0,0.5094861,0.5151085563819628,0.512253590490724,0.5038973200065859,0.48489144361803715
864,0,0,1,0.9997118,0.9577475985518531,0.9591592212207791,0.9817968246532185,0.0422524014481469
865,1,1,1,0.9994142,0.9629413741036226,0.9643496962918225,0.9908032046779396,0.03705862589637743
866,3,5,0,0.49038276,0.3603188663099893,0.3537277597667533,0.323825241857438,0.6396811336900107
867,7,7,1,0.92957526,0.9207642754791336,0.9222054644973706,0.9174618847868549,0.07923572452086636
868,0,0,1,0.99869114,0.9511169576439942,0.9526002909516075,0.9915993338503628,0.048883042356005824
869,1,1,1,0.9477492,0.9050640286930529,0.9063346028828994,0.8984523805612439,0.09493597130694709
870,3,3,1,0.7418368,0.8430695637635284,0.8440526201313481,0.7613985735696076,0.15693043623647163
871,1,1,1,0.9999999,0.9428255957768826,0.9443337284060189,0.9928828063385005,0.05717440422311737
872,4,4,1,0.9415474,0.9295329329556491,0.9313894423412671,0.913461515711166,0.0704670670443509
873,2,2,1,0.9922477,0.9510956969662431,0.9526729739529354,0.9831307581530028,0.048904303033756924
874,3,3,1,0.9765107,0.9523453459707092,0.9539290237366093,0.9634366349394888,0.04765465402929081
875,8,8,1,0.9925332,0.9564286063218319,0.9580631592910043,0.9826420816202401,0.04357139367816809
876,4,4,1,0.99008006,0.9592720526414397,0.9608377134364222,0.9796171594917183,0.040727947358560335
877,2,2,1,0.95870155,0.9383008901975936,0.9397600109383827,0.9424402681404439,0.06169910980240645
878,3,4,0,0.35832027,0.18472442890233437,0.17797182854591315,0.3477217018013331,0.8152755710976656
879,7,7,1,0.59878534,0.7687817643152961,0.7695231039787546,0.7226757057319761,0.2312182356847039
880,8,8,1,0.99582773,0.9619410748803631,0.9633435687863371,0.9899511320736677,0.03805892511963693
881,4,4,1,0.8934238,0.8970478507147785,0.8984162677857783,0.8543527809520832,0.10295214928522145
882,3,0,0,0.9767145,0.9530966719649141,0.9544467998972371,0.9573564134364054,0.0469033280350859
883,0,0,1,0.8300758,0.8729112767155482,0.8751156888263385,0.80657161364292,0.12708872328445175
884,9,9,1,0.5146475,0.773340423801501,0.7744929557668628,0.6042259355347891,0.22665957619849897
885,0,0,1,0.8951559,0.878782355676145,0.8798496182523866,0.8251510890720546,0.12121764432385496
886,0,0,1,0.34339336,0.3039157833614589,0.29695545892824426,0.43631002163611327,0.696084216638541
887,1,1,1,0.7862107,0.7041511135372518,0.7023094932312118,0.6344106084546915,0.2958488864627482
888,0,8,0,0.44523507,0.1484437078743111,0.1414979968350828,0.2615742853603384,0.851556292125689
889,4,4,1,0.586459,0.7006757464519155,0.6997291442250991,0.6801701563547694,0.29932425354808445
890,4,4,1,0.7834411,0.8312056164809046,0.831736079200183,0.7614531047169821,0.16879438351909537
891,6,6,1,0.99150145,0.9588112856480769,0.9603387370069809,0.9862887606587857,0.04118871435192306
892,7,5,0,0.32804656,0.23463234632261692,0.22758965585747937,0.3251228373219988,0.765367653677383
893,6,3,0,0.85260314,0.8407405422296936,0.8416881278965032,0.8220206459534617,0.15925945777030637
894,1,1,1,0.9999498,0.9656034230178381,0.9670112704254787,0.9926106188246154,0.03439657698216192
895,1,1,1,0.99475783,0.9648793509013105,0.9663539314761164,0.9898711550929167,0.035120649098689505
896,3,3,1,0.5835699,0.814149428714105,0.815530800599227,0.7385074012479024,0.185850571285895
897,7,7,1,0.9836198,0.9385980064548987,0.9401216469402909,0.9581250253939316,0.06140199354510134
898,3,7,0,0.918585,0.8400020919057921,0.8406122961030614,0.7773792171322946,0.15999790809420789
899,5,5,1,0.7666008,0.8680139157598502,0.8693264865691274,0.8109902111628853,0.1319860842401498
900,2,2,1,0.56616074,0.47166204369493536,0.4674016464379519,0.5243196186441405,0.5283379563050646
901,6,6,1,0.99146044,0.9481261690018566,0.9497420910036634,0.9840230255023904,0.051873830998143355
902,6,6,1,0.9999578,0.9476046199762393,0.9491364878914025,0.992040593596178,0.05239538002376065
903,5,5,1,0.98807216,0.948773423548289,0.9505306004165907,0.9787748163683483,0.051226576451711026
904,8,8,1,0.8196683,0.8773324046538047,0.8787311708186426,0.8507485107713668,0.12266759534619531
905,7,5,0,0.6786221,0.5833923867471016,0.5799468750836034,0.6068183466198659,0.4166076132528984
906,1,1,1,0.9999949,0.9494833786606884,0.9509980499754772,0.9928707508816639,0.05051662133931156
907,6,6,1,0.9961325,0.9675449297840087,0.969060739988815,0.974367767728456,0.032455070215991255
908,8,8,1,0.98336697,0.9552342040760777,0.9568059781468413,0.9750514961224981,0.04476579592392227
909,8,8,1,0.99999595,0.944906802043979,0.9463093579670753,0.9927305636889621,0.05509319795602097
910,5,4,0,0.65284824,0.4726893140061669,0.46681558222688735,0.5512961730946664,0.527310685993833
911,3,3,1,0.9981887,0.9411678196101061,0.9428573172534537,0.9925411019075312,0.05883218038989391
912,0,0,1,0.9430925,0.9371389614964537,0.9385297503424735,0.9313407138598483,0.0628610385035463
913,4,4,1,0.578318,0.37998242499423707,0.3738039558947664,0.5012675402700034,0.6200175750057629
914,0,0,1,0.9830993,0.9545561576894308,0.956331341468554,0.9481361717672512,0.045443842310569194
915,1,1,1,0.99998796,0.9377293097254485,0.9388918911328927,0.9930713091365511,0.062270690274551455
916,3,4,0,0.767081,0.8482299178164862,0.8494136049058679,0.7842921572983519,0.15177008218351384
917,8,8,1,0.9961087,0.9517579380008196,0.9533300108603061,0.9904620460695897,0.04824206199918035
918,8,8,1,0.99752396,0.9316113693277248,0.9328123085788147,0.992746241084849,0.06838863067227519
919,0,0,1,0.869365,0.9162442856128141,0.9180165365240583,0.7894387552492905,0.08375571438718588
920,6,6,1,0.9961081,0.9607911747296264,0.9621686487634032,0.9917067356115633,0.039208825270373615
921,9,9,1,0.9998654,0.946484508508933,0.947801902978177,0.992880883241186,0.053515491491067047
922,9,9,1,0.42390746,0.1702048478215361,0.16337529366491854,0.2648279719266423,0.8297951521784639
923,9,1,0,0.60558033,0.30740365553073284,0.2987671702113035,0.47667759415537875,0.6925963444692671
924,5,0,0,0.87266934,0.8547087067485091,0.855340544171502,0.800201897699865,0.14529129325149093
925,5,3,0,0.72254956,0.8842875910244732,0.8861514342219537,0.8077523841220148,0.11571240897552681
926,8,8,1,0.74551076,0.6703435188168233,0.6685222269914056,0.641198077759215,0.3296564811831767
927,6,6,1,0.9018433,0.9037210636509572,0.905113635022974,0.866721635955756,0.09627893634904283
928,0,0,1,0.99515307,0.9547933201573171,0.9562246064317746,0.990582492494181,0.045206679842682895
929,0,0,1,0.9553097,0.9197341463803144,0.9210734937420786,0.9070384467679361,0.08026585361968563
930,4,4,1,0.99395895,0.9552941743229075,0.9569293576043062,0.9762149730115138,0.04470582567709247
931,2,2,1,0.9989361,0.9587353514200752,0.9602777502599232,0.9914492010386405,0.041264648579924845
932,3,3,1,0.9118045,0.9129553824223798,0.9145495275493465,0.8932890917475065,0.08704461757762016
933,2,2,1,0.40188298,0.1717012980699899,0.16445773121578378,0.3280786109760834,0.8282987019300101
934,7,7,1,0.9739023,0.9652887997888839,0.9665956051266489,0.9249770483575149,0.03471120021111607
935,2,2,1,0.8739856,0.8606026632581771,0.8617804572271704,0.8655643379015148,0.13939733674182286
936,2,2,1,0.9719885,0.9450884984403161,0.9467379373929365,0.9449614890823622,0.05491150155968394
937,5,5,1,0.7731641,0.6885342855796418,0.6868122105948646,0.635821442862348,0.3114657144203582
938,9,9,1,0.9510837,0.9464265100646957,0.9480074916825755,0.9471140372137866,0.05357348993530431
939,8,8,1,0.99650925,0.9293027088716812,0.93145315127425,0.8141637227563473,0.0706972911283188
940,9,9,1,0.99879634,0.944385768251974,0.945633531966162,0.993663353044925,0.055614231748026044
941,1,0,0,0.41098148,0.3337231056152372,0.3266333581104501,0.40759191966944003,0.6662768943847628
942,7,7,1,0.78533685,0.8976805339905125,0.8992063243800708,0.8340650461846386,0.10231946600948749
943,4,4,1,0.525993,0.6813657739350923,0.6802832662818682,0.6463253659849648,0.31863422606490766
944,0,0,1,0.9998233,0.9483364935672747,0.949888063107428,0.9915215687540185,0.051663506432725326
945,3,7,0,0.3057824,0.09712904303992441,0.09145845640015318,0.28053227995001045,0.9028709569600756
946,0,0,1,0.99879766,0.9623600186975496,0.963674987469355,0.9851837073346152,0.03763998130245039
947,1,1,1,0.9999343,0.9640095924205865,0.9656199827863466,0.9917420846707425,0.03599040757941352
948,3,3,1,0.5151995,0.4696845906412007,0.46472068098615094,0.5680039145379928,0.5303154093587993
949,8,8,1,0.99993277,0.9558679015993288,0.9574275950846212,0.9929118907230462,0.04413209840067123
950,3,3,1,0.97687066,0.9371987841371906,0.9386542716566635,0.9686284439440979,0.0628012158628094
951,9,9,1,0.996807,0.9630141288342156,0.9643698477572398,0.9917509074599519,0.036985871165784445
952,6,6,1,0.9378128,0.9311974270382543,0.932942244980163,0.9272959686359046,0.06880257296174574
953,1,1,1,0.9883229,0.9486504390103109,0.9501763567370186,0.9707220184910886,0.051349560989689125
954,4,4,1,0.98018414,0.9406593765676904,0.9421512076231664,0.9693044203283256,0.059340623432309614
955,7,7,1,0.99377596,0.9473371242816375,0.9488037589081074,0.9812190072422609,0.05266287571836248
956,0,0,1,0.96827906,0.939016023595741,0.9405779395391515,0.9249422936224669,0.06098397640425901
957,3,3,1,0.46940982,0.3179392232587825,0.31104045153955956,0.33474909941536746,0.6820607767412175
958,7,7,1,0.9392562,0.9254776695875371,0.9268682458193082,0.8810002962056633,0.07452233041246292
959,8,8,1,0.9986066,0.9600024042499484,0.9614519410165903,0.9910276884099792,0.03999759575005157
960,9,9,1,0.870315,0.9296293608928357,0.9311526354130121,0.8813285746800755,0.07037063910716435
961,1,1,1,0.9872773,0.9520266055939551,0.9535186359392289,0.9801132012219788,0.04797339440604487
962,1,1,1,0.9981713,0.954587628678109,0.9558735926474276,0.9850596457368122,0.04541237132189102
963,6,6,1,0.99958795,0.9536753081333338,0.955151057918562,0.9921997047083567,0.04632469186666621
964,6,6,1,0.9850248,0.9602204056037967,0.9617683108682984,0.9753440815946894,0.039779594396203266
965,6,6,1,0.45587605,0.7265407594618378,0.7272391576882069,0.6279301101740505,0.2734592405381622
966,6,3,0,0.41794926,0.4074596786468668,0.40231732182164753,0.4403684857291388,0.5925403213531333
967,9,9,1,0.94950384,0.9429336918152321,0.9443045914992161,0.9355516282389195,0.05706630818476788
968,1,1,1,0.99978274,0.9567955628141285,0.9581540688258601,0.9937333454862791,0.043204437185871525
969,9,9,1,0.99215347,0.9599544476508113,0.9612656582472925,0.9861076302484157,0.04004555234918872
970,9,9,1,0.9934098,0.9635576105956518,0.9650116875658882,0.9862432648184957,0.036442389404348186
971,4,4,1,0.96425223,0.9451742356960027,0.9468543265917351,0.94428073660552,0.054825764303997326
972,2,6,0,0.32584772,0.31932102467984963,0.3132430314867133,0.36352175806727927,0.6806789753201503
973,1,1,1,0.99946064,0.9568382547533345,0.9585529814382283,0.9884652772220807,0.043161745246665495
974,7,0,0,0.94822395,0.9435898440693192,0.9450497040848109,0.9406281710622463,0.05641015593068077
975,0,0,1,0.9999548,0.9534348923610247,0.9548527199386022,0.9831671334254216,0.046565107638975256
976,6,6,1,0.8498848,0.906723365223179,0.9084378109525296,0.8653630242893027,0.09327663477682102
977,8,8,1,0.78001404,0.7645392043474061,0.7643987175820509,0.5977202520772231,0.23546079565259392
978,1,1,1,0.9408024,0.9089256834893739,0.9101803682706818,0.9081855556492573,0.09107431651062614
979,9,9,1,0.91675407,0.9151003961610005,0.9166091051350018,0.8887402275008388,0.08489960383899953
980,2,2,1,0.9833347,0.9484876071833603,0.9501633024747361,0.9652536044968743,0.05151239281663966
981,9,9,1,0.83612275,0.843438222897541,0.844627948126093,0.7381330156622146,0.156561777102459
982,0,0,1,0.673081,0.46609756265855895,0.45989012505745286,0.45616597124394004,0.533902437341441
983,4,4,1,0.9985832,0.9594406002606315,0.9610855679722137,0.9868768119738632,0.04055939973936851
984,7,7,1,0.99146175,0.9561192672541712,0.9576005748455944,0.9867176958429938,0.04388073274582882
985,8,8,1,0.9591192,0.9388458620101877,0.9405849034509134,0.9417786265336286,0.061154137989812285
986,3,5,0,0.5299315,0.7302845517802733,0.731100516535882,0.6038038317158624,0.2697154482197267
987,1,1,1,0.99994934,0.94757791189751,0.9490412721212642,0.9927196424928583,0.05242208810249005
988,2,0,0,0.6442815,0.7677136710284732,0.7678704980825951,0.6970834626203213,0.2322863289715268
989,0,0,1,0.99808514,0.9476807876985278,0.9493176790441588,0.9800028596536282,0.052319212301472184
990,1,1,1,0.99998116,0.9390371749368793,0.9405270990305127,0.9925679993501463,0.060962825063120674
991,5,5,1,0.96357054,0.9506796780678775,0.9524544700655152,0.9379577259635571,0.049320321932122546
992,8,8,1,0.999801,0.9507719955184752,0.9522415918754223,0.992198779127467,0.049228004481524756
993,4,7,0,0.7327292,0.71825131998616,0.717481499433172,0.6641951555515899,0.28174868001384
994,6,6,1,0.6002858,0.7260378993644906,0.7258270838025862,0.7425263532037556,0.2739621006355094
995,3,3,1,0.5766226,0.6080052037506964,0.6061855622177107,0.591649363922767,0.39199479624930356
996,8,8,1,0.9683359,0.9517932086848034,0.9533230896119966,0.9489588659887851,0.04820679131519656
997,1,1,1,0.97491735,0.9516834418286443,0.9530499167910828,0.9639664309314996,0.04831655817135572
998,3,3,1,0.93557316,0.9175742140987486,0.9191636510371006,0.8824725230950695,0.08242578590125138
999,8,8,1,0.9999194,0.9524434186834043,0.9539305389740025,0.9915243233459455,0.04755658131659568
1000,5,5,1,0.976086,0.9447634679514163,0.9464488418953461,0.9614976621117285,0.0552365320485837
1001,0,0,1,0.9800464,0.9500120832364068,0.9516966366124155,0.9572155664134689,0.049987916763593154
1002,8,5,0,0.354157,0.08973452953062445,0.08380889085184855,0.2791223307142059,0.9102654704693756
1003,4,4,1,0.99601436,0.9432223809850176,0.9446914687609523,0.9903720646297743,0.05677761901498235
1004,8,0,0,0.65094745,0.7326286994579266,0.732592938196264,0.6044611722532122,0.26737130054207336
1005,1,1,1,0.99857116,0.9671981647460408,0.9685994314291302,0.9860857227370754,0.03280183525395919
1006,1,1,1,0.9987178,0.9490131817745882,0.9505883996327409,0.9905031378183833,0.050986818225411845
1007,8,8,1,0.7870905,0.6860876220646068,0.6841441244063725,0.6164211230970247,0.31391237793539317
1008,9,9,1,0.7598987,0.7224500392983779,0.7212400645943295,0.7132936334450174,0.2775499607016221
1009,6,6,1,0.9178601,0.9118063665613485,0.9133015468493302,0.8639962089835695,0.0881936334386515
1010,0,0,1,0.9995453,0.9436528117701289,0.9451638319948013,0.9881175994119655,0.05634718822987106
1011,8,8,1,0.99987876,0.94807089359605,0.949631123280734,0.9913102357603192,0.05192910640394999
1012,6,2,0,0.613372,0.7109815271912808,0.7102294416340912,0.718951723485651,0.2890184728087192
1013,1,1,1,0.999902,0.969795070965775,0.9709039600517066,0.8840570465296215,0.030204929034225003
1014,3,3,1,0.6821708,0.6904505327361475,0.6900507529253379,0.6109681359432416,0.30954946726385246
1015,4,4,1,0.9999387,0.9501878118068626,0.9515945087872397,0.9923985274822535,0.049812188193137374
1016,1,1,1,0.9908125,0.9565872556756577,0.9581550115028942,0.9765818161829195,0.04341274432434228
1017,6,6,1,0.9994814,0.9597127331188027,0.961345492772131,0.988160102440971,0.040287266881197326
1018,0,0,1,0.9928022,0.9557766160971959,0.9573593924434076,0.9694759902089367,0.044223383902804114
1019,5,3,0,0.67625296,0.8329010088449872,0.8350497341992673,0.7108698986755698,0.1670989911550128
1020,1,1,1,0.99895906,0.9665545999088796,0.9678844509499515,0.9926854977553801,0.0334454000911204
1021,1,1,1,0.9965585,0.9530843835381946,0.9546749573499766,0.988391551266199,0.04691561646180542
1022,0,0,1,0.99041134,0.9446112441215512,0.9460484597023969,0.9527155153556712,0.055388755878448825
1023,0,0,1,0.99724054,0.961093684940111,0.9625239162253212,0.9853717877160476,0.03890631505988895
1024,3,3,1,0.88700616,0.9094777997226473,0.9109821397746678,0.8681077043890666,0.0905222002773527
1025,5,5,1,0.5676311,0.6054492283231708,0.603224782058947,0.4755659702221793,0.39455077167682917
1026,0,0,1,0.8201476,0.858517500993921,0.8596296885852148,0.839882033055156,0.141482499006079
1027,0,0,1,0.99965894,0.9578442809006755,0.9592768466495442,0.9907394941296527,0.042155719099324473
1028,6,6,1,0.98371464,0.9526281775403689,0.9540875734124148,0.9726920028504911,0.04737182245963112
1029,6,6,1,0.9999473,0.9449529178353483,0.9465112179205775,0.9889703541317708,0.055047082164651706
1030,3,3,1,0.98614997,0.9440495656264984,0.9454310277552165,0.9811820851021069,0.055950434373501556
1031,3,3,1,0.9050381,0.9120199630245104,0.9133318552822896,0.8766672787439188,0.08798003697548962
1032,6,6,1,0.24001887,0.061087342194657335,0.056824645521746,0.25560430165463954,0.9389126578053426
1033,3,3,1,0.94585884,0.9137068659295462,0.915202742684113,0.9110291884498244,0.0862931340704538
1034,6,3,0,0.91564405,0.9157119801509621,0.9173976162042987,0.8924444724793215,0.08428801984903789
1035,6,4,0,0.80873734,0.8367409728867756,0.8377649125284007,0.8211692340793337,0.16325902711322438
1036,0,0,1,0.543399,0.6168497268709985,0.6145596209314445,0.5632302446831079,0.3831502731290015
1037,7,7,1,0.99672514,0.9536994857532755,0.9551656153145601,0.9910359337750134,0.046300514246724545
1038,2,2,1,0.94099563,0.932643860496975,0.9341969234781204,0.9277337562348223,0.06735613950302499
1039,2,2,1,0.86654043,0.8767531825527307,0.878146106852156,0.8612114429913291,0.12324681744726929
1040,7,5,0,0.43977144,0.37645979742363217,0.3701008395436508,0.3826396091815974,0.6235402025763679
1041,5,5,1,0.9985399,0.9427017077187706,0.9441346533969456,0.9881100065988018,0.0572982922812294
1042,5,2,0,0.64915913,0.6212654327305529,0.6188216561529258,0.640506334902665,0.3787345672694471
1043,2,2,1,0.75883883,0.838964811301264,0.839991093772466,0.7416229033668791,0.161035188698736
1044,8,8,1,0.9994067,0.9575948494253179,0.9590631702638347,0.9903677590463329,0.04240515057468208
1045,5,5,1,0.9947613,0.9560684480066701,0.9576560329962691,0.9874502971241741,0.043931551993329876
1046,2,2,1,0.99288684,0.9554429165716423,0.9570983372751295,0.980178740351194,0.044557083428357735
1047,1,1,1,0.99881065,0.9564112155245897,0.9578198370014906,0.9868998039125448,0.04358878447541026
1048,1,1,1,0.9998827,0.964220517238458,0.9657513704076405,0.992251407046955,0.03577948276154197
1049,4,2,0,0.35966316,0.22035456403054746,0.2130666961705555,0.25130743055575716,0.7796454359694526
1050,3,0,0,0.9830224,0.9610494516169317,0.9623289235565156,0.970803228015009,0.03895054838306833
1051,2,2,1,0.726653,0.7277887540152291,0.7273020523742549,0.7383211849593843,0.27221124598477087
1052,0,0,1,0.9999515,0.9527833214868888,0.9544344675309853,0.9886110823559991,0.04721667851311118
1053,3,3,1,0.894171,0.8940028741098158,0.8955166820310014,0.8286297517324107,0.10599712589018417
1054,1,1,1,0.99912614,0.9585694994269629,0.9601736224485489,0.989006445970977,0.0414305005730371
1055,5,5,1,0.81250715,0.8682194839011006,0.8695336735955054,0.8087276849497164,0.1317805160988994
1056,3,3,1,0.44488993,0.4334185161912597,0.42819883290059896,0.45690960288692234,0.5665814838087403
1057,7,5,0,0.76895446,0.816894156997239,0.8173352654735333,0.7607798108888189,0.183105843002761
1058,6,6,1,0.48137388,0.3494526416116268,0.3421168944455531,0.4655206009839079,0.6505473583883732
1059,8,8,1,0.99837047,0.9621979069628317,0.963752093873443,0.9910363789799205,0.037802093037168305
1060,9,9,1,0.9999198,0.9621599072105628,0.9634844750437227,0.9924195982329487,0.03784009278943723
1061,1,9,0,0.5476926,0.5891096547457173,0.5868076326635066,0.3617380451131325,0.4108903452542827
1062,6,6,1,0.9947314,0.9601735058120013,0.961785637097746,0.9869373043571835,0.03982649418799866
1063,4,4,1,0.990413,0.9368119420820552,0.9385274711553045,0.9753133501645261,0.0631880579179448
1064,9,9,1,0.7133289,0.7411321348185202,0.7405671761072226,0.7319066104022705,0.25886786518147975
1065,3,3,1,0.40170467,0.3557960163053081,0.3485652298587338,0.41921417661519755,0.6442039836946919
1066,9,1,0,0.5156747,0.7382123587175002,0.7383470188381515,0.5930330612533071,0.26178764128249976
1067,0,0,1,0.9868249,0.9513955498547066,0.9528591058544724,0.979296086207285,0.048604450145293354
1068,9,9,1,0.99867505,0.9660410034746458,0.9673036459015241,0.9909202764750208,0.03395899652535417
1069,6,6,1,0.97604454,0.9487672216347246,0.9502957458090996,0.9670769431552552,0.0512327783652754
1070,3,3,1,0.8844394,0.9137025454075912,0.9154051400768453,0.839607156089373,0.08629745459240878
1071,6,6,1,0.99987733,0.9593709156090148,0.9609560393131529,0.9915652290389398,0.040629084390985226
1072,0,8,0,0.69300115,0.4554735020693351,0.44896679190159117,0.3774821718785716,0.5445264979306649
1073,7,7,1,0.9956014,0.9636770784549468,0.9650256313289359,0.9923806797689663,0.03632292154505323
1074,3,2,0,0.67051,0.4559337269806443,0.4502753856415338,0.4598216805151083,0.5440662730193557
1075,8,8,1,0.48483065,0.29331923006530225,0.28563749741514555,0.4289712118555952,0.7066807699346978
1076,0,0,1,0.966347,0.9494135877580587,0.9507889316986767,0.9237317980449161,0.05058641224194127
1077,0,0,1,0.9999652,0.9509047581010097,0.9524048446464309,0.9897043053540691,0.04909524189899028
1078,0,0,1,0.9962154,0.9622780212208975,0.9636180122226163,0.9216073540683809,0.03772197877910255
1079,6,6,1,0.9587411,0.9403476349015765,0.9417041529579964,0.9260376270181103,0.05965236509842353
1080,6,6,1,0.9394141,0.9340839727752666,0.9358667422471202,0.9209028894267329,0.06591602722473344
1081,6,6,1,0.99196637,0.9584917572247418,0.959950870325292,0.984986788932328,0.04150824277525822
1082,9,9,1,0.68639594,0.8711466439923573,0.8725632740504379,0.7304220625632037,0.1288533560076427
1083,2,2,1,0.9915434,0.9647275937112832,0.9662417141649174,0.9771625719754049,0.03527240628871675
1084,5,5,1,0.90656567,0.8776389645820126,0.8784984606581815,0.8785652504475999,0.12236103541798737
1085,4,4,1,0.9970522,0.9542090243040005,0.955969758539444,0.98834632102256,0.04579097569599955
1086,4,4,1,0.9978531,0.9477017986688289,0.9492144585765773,0.9873207688536203,0.052298201331171135
1087,6,6,1,0.98560405,0.9592478492320593,0.9606003875051787,0.9818598244525469,0.0407521507679407
1088,3,5,0,0.38845387,0.5478586758488311,0.5444058679291757,0.5141193793185886,0.4521413241511689
1089,6,6,1,0.99807966,0.9524599597630379,0.953972510808464,0.9923611514510082,0.04754004023696212
1090,0,0,1,0.9043354,0.9100783384196014,0.9116506211267603,0.8540513284674102,0.0899216615803986
1091,8,0,0,0.6110134,0.36503533074728856,0.35702290921277763,0.3500649905278502,0.6349646692527114
1092,6,6,1,0.84815943,0.9065182729797305,0.9080272123259101,0.8540858999970178,0.09348172702026947
1093,0,0,1,0.9273881,0.887787798747923,0.8889305600436552,0.8678148977218163,0.11221220125207698
1094,6,6,1,0.40662387,0.42241195366038775,0.4174796757271675,0.42065969484766,0.5775880463396122
1095,2,6,0,0.5860401,0.47658649300932543,0.47171290693661927,0.45455824911164183,0.5234135069906746
1096,7,7,1,0.9610877,0.9434115397701828,0.9448263420510392,0.9074391344634578,0.05658846022981723
1097,5,5,1,0.9234194,0.921705011044738,0.9232357634515753,0.9009867000065259,0.07829498895526199
1098,1,1,1,0.9996476,0.9629184395015761,0.9645032271017004,0.991476434619544,0.03708156049842393
1099,2,2,1,0.99975973,0.9440164063609284,0.9455936124061287,0.9718777191797304,0.05598359363907157
1100,7,0,0,0.22486821,0.0333637849729075,0.029947608714550558,0.23528074199752044,0.9666362150270925
1101,8,8,1,0.89648795,0.9090912626078085,0.9106328372802933,0.8649699874281841,0.09090873739219152
1102,8,8,1,0.9974821,0.9616683356838556,0.9630991327114152,0.9908598327409629,0.03833166431614443
1103,0,0,1,0.99488634,0.9644360842596719,0.9658313812144947,0.9883116844775464,0.035563915740328134
1104,9,9,1,0.87659615,0.9001191147330214,0.9013661276334889,0.8426896633805486,0.09988088526697858
1105,4,4,1,0.6498121,0.6817778791140823,0.6812337911764775,0.6968073066904229,0.3182221208859177
1106,9,9,1,0.965998,0.9428668133054569,0.9442112046288373,0.9372384029737303,0.05713318669454315
1107,7,1,0,0.9038519,0.7347642675320599,0.7317886007062219,0.5409488696563737,0.2652357324679401
1108,2,2,1,0.987739,0.955089509462342,0.9566855336015374,0.9792526093947492,0.044910490537658054
1109,0,0,1,0.9843886,0.9312628991248737,0.9325736671486883,0.9303851246717043,0.0687371008751263
1110,2,2,1,0.9979107,0.9619447340957509,0.9631540869227527,0.9852051394599605,0.038055265904249125
1111,8,8,1,0.99836403,0.9604693220422194,0.9619626650436871,0.9894914882023781,0.03953067795778065
1112,3,4,0,0.45050052,0.44865243145439404,0.44318641613264087,0.46112393398781554,0.551347568545606
1113,8,8,1,0.7713975,0.7717498665513567,0.7717955399958778,0.6610418700439297,0.2282501334486433
1114,9,9,1,0.9996995,0.9620360692829385,0.9633773939043664,0.9925803268228007,0.0379639307170615
1115,1,1,1,0.99689436,0.9562342565965116,0.9575560564925958,0.9934908294900486,0.04376574340348838
1116,5,5,1,0.9687992,0.9311804693335668,0.9325286999370084,0.9131984525449164,0.0688195306664332
1117,5,5,1,0.9576123,0.9460885413611226,0.9478052210988921,0.937515968100596,0.05391145863887736
1118,4,5,0,0.5136933,0.18974144521231773,0.18254988117573384,0.3128783006613291,0.8102585547876823
1119,7,7,1,0.99766195,0.9480386792859399,0.9492196959873708,0.9926864895926164,0.05196132071406012
1120,5,2,0,0.98626965,0.9442451559006939,0.9457626545044346,0.9743102972587121,0.05575484409930609
1121,3,3,1,0.5292291,0.5009713361318341,0.4968210669409208,0.5715836591241655,0.4990286638681659
1122,8,8,1,0.99697614,0.9576698607730293,0.9593907600644412,0.9916421282937319,0.04233013922697071
1123,3,3,1,0.82419384,0.8902382716699547,0.8917052422992193,0.8514523214256868,0.10976172833004527
1124,3,2,0,0.44725254,0.3276507675861375,0.32219698859571305,0.3946031824503088,0.6723492324138625
1125,6,6,1,0.9865936,0.9513919359689906,0.9530355743604423,0.9777143157800949,0.04860806403100937
1126,2,0,0,0.96748906,0.9391352087869563,0.9407461945493587,0.924745412834893,0.06086479121304367
1127,8,8,1,0.9999355,0.9562969623990977,0.9577938766672743,0.9911288696613942,0.04370303760090233
1128,4,4,1,0.7357821,0.8180278104534515,0.8185690369543942,0.7450344030972839,0.18197218954654848
1129,3,3,1,0.44839117,0.39590433808206754,0.3904034202378613,0.4792845975226531,0.6040956619179325
1130,7,9,0,0.4043659,0.2046323793676863,0.1971011029613053,0.25071272864585525,0.7953676206323137
1131,1,1,1,0.8657295,0.9165319866301811,0.9180112277818792,0.8673171702191087,0.0834680133698189
1132,2,2,1,0.97473085,0.9427612384043103,0.9442565139961652,0.9566455827295985,0.05723876159568975
1133,4,4,1,0.99489176,0.959511890787321,0.9611334543677249,0.9854471028340573,0.04048810921267898
1134,1,1,1,0.99438864,0.9683837565670077,0.9696460159970609,0.9853163816897136,0.0316162434329923
1135,6,6,1,0.99312145,0.9435890196980553,0.9449977106164859,0.9702351636482747,0.05641098030194469
1136,9,9,1,0.9947907,0.9480264097926625,0.9494222268531904,0.9935739260734492,0.051973590207337494
1137,0,0,1,0.86514175,0.8503493890040291,0.8511064967431426,0.810203632376411,0.14965061099597088
1138,5,2,0,0.7115464,0.6638232815079207,0.6617793134918953,0.710562164937996,0.3361767184920793
1139,8,8,1,0.9099288,0.8786184112457407,0.8796579063574542,0.8647145596876858,0.1213815887542593
1140,6,6,1,0.9996277,0.9522043268892979,0.9538248400409662,0.9895564321476188,0.0477956731107021
1141,1,1,1,0.99961746,0.9625339498638326,0.9640371974043289,0.9906757652613034,0.03746605013616744
1142,8,8,1,0.9943205,0.9597757751748869,0.9612822775219353,0.9901187090353345,0.04022422482511312
1143,6,6,1,0.9993844,0.9627155508571068,0.9639632854522155,0.982465344238354,0.037284449142893195
1144,1,1,1,0.97171605,0.9488347241075396,0.9503736114083613,0.9585940588462388,0.05116527589246045
1145,4,4,1,0.8671819,0.8403169481787739,0.8407798009080455,0.8539880477356566,0.1596830518212261
1146,2,2,1,0.96119475,0.9356251092719683,0.9373715733562452,0.9117625070226332,0.06437489072803171
1147,6,6,1,0.4734044,0.4251594925173457,0.419752898885515,0.31593066277918774,0.5748405074826544
1148,2,2,1,0.99940956,0.9546701171765509,0.9563176335799528,0.9887931727120267,0.045329882823449075
1149,7,7,1,0.7625091,0.6300279818119139,0.626971227702448,0.6326318662627155,0.3699720181880861
1150,2,4,0,0.8288515,0.8322594747460983,0.8324199245264653,0.7530755225072174,0.1677405252539017
1151,2,2,1,0.97502,0.9413390135291074,0.9430073494389258,0.9520711643383462,0.05866098647089257
1152,0,0,1,0.999894,0.9512524964703237,0.9527895464876469,0.9916518299477814,0.04874750352967627
1153,8,8,1,0.77814424,0.8367085806296626,0.8373709821594468,0.7593538079860681,0.16329141937033742
1154,6,6,1,0.9826209,0.9413963286197967,0.9429998170464753,0.9694380012336482,0.05860367138020328
1155,9,9,1,0.9946838,0.9656438888058003,0.9668823186470342,0.9915235612546196,0.03435611119419968
1156,1,1,1,0.9938094,0.9593858679617548,0.9611294572142701,0.9806613674253157,0.040614132038245154
1157,7,2,0,0.62931466,0.6036571497310013,0.6002855725049885,0.6458540040137902,0.39634285026899874
1158,1,1,1,0.9999182,0.9478194177437498,0.9491982935822798,0.9934376891992831,0.05218058225625022
1159,8,8,1,0.95637214,0.9399943328620864,0.9414673400340743,0.9425010822077337,0.060005667137913554
1160,8,8,1,0.9989396,0.9575345474191932,0.9589363651819137,0.9912027820302999,0.042465452580806806
1161,0,0,1,0.97183067,0.9364730004180624,0.9380090883704079,0.9450110845406893,0.06352699958193764
1162,7,7,1,0.98234665,0.9436925340289143,0.9451819611997496,0.9685252462904232,0.05630746597108571
1163,3,2,0,0.55534923,0.6791214121277145,0.6780786183100616,0.5765032723565133,0.3208785878722855
1164,8,8,1,0.95112103,0.8765504432097957,0.8771180516244204,0.870081357367156,0.1234495567902043
1165,0,0,1,0.9936853,0.9571188230200747,0.9587452812109823,0.9851837850061184,0.04288117697992533
1166,3,5,0,0.57543814,0.758671279321901,0.7603031872161654,0.5695203884376976,0.24132872067809896
1167,4,6,0,0.36766812,0.20818822862422426,0.20068161393332365,0.3374580496196044,0.7918117713757757
1168,3,3,1,0.8502582,0.8975115009254558,0.8989589590922662,0.8330827788559074,0.10248849907454416
1169,7,4,0,0.49023533,0.39782300559146516,0.39201112687617257,0.44769670063931605,0.6021769944085349
1170,7,7,1,0.9927154,0.9597350561503394,0.9610661224993975,0.9854344570839447,0.04026494384966062
1171,9,9,1,0.9985713,0.9689633814285686,0.9702658555194031,0.9925476445353564,0.031036618571431362
1172,2,2,1,0.897844,0.8798231487254432,0.8809493707095459,0.8336618451372434,0.1201768512745568
1173,3,3,1,0.992411,0.9527193347899668,0.9540332133967753,0.9857623189736312,0.04728066521003316
1174,1,1,1,0.999913,0.9594788705713153,0.9607010370517973,0.9845175832503291,0.04052112942868469
1175,9,9,1,0.9995334,0.964418200023512,0.9659325095314635,0.9919082173327003,0.03558179997648803
1176,1,1,1,0.9999497,0.9414826528911437,0.942989302054092,0.9893202080587424,0.058517347108856255
1177,9,1,0,0.9244797,0.9365181957944664,0.9380493033476163,0.866207443737069,0.06348180420553362
1178,6,2,0,0.8940594,0.8936373430882212,0.8950431570032037,0.8633871810046806,0.10636265691177882
1179,3,3,1,0.92508554,0.9238378581960196,0.9257653066207765,0.8811139278193317,0.0761621418039804
1180,3,3,1,0.8428042,0.9039175816134775,0.9056605453843962,0.8640516871848427,0.09608241838652254
1181,3,6,0,0.5802412,0.6362342726067324,0.6339293612862589,0.6186860185908256,0.3637657273932676
1182,1,1,1,0.9999974,0.9238601965304662,0.9250996250625971,0.9916031137357123,0.07613980346953375
1183,0,0,1,0.9865584,0.9466687266589551,0.9480845474770169,0.9686527613270948,0.05333127334104493
1184,6,6,1,0.99066925,0.9520381144952588,0.9536376548281228,0.9827837693549715,0.04796188550474123
1185,1,1,1,0.9173933,0.9172408763393138,0.9187054702519908,0.9014801432231951,0.08275912366068616
1186,4,4,1,0.960728,0.9297776719518469,0.9314962490947086,0.9120186035620254,0.0702223280481531
1187,1,1,1,0.999972,0.9455907034338452,0.9469726614057873,0.9934040763748148,0.054409296566154786
1188,0,0,1,0.9895173,0.9605034798631484,0.9621114851534218,0.9831164539161847,0.039496520136851565
1189,0,0,1,0.9817872,0.9476135522968209,0.9491556876366661,0.9705909334090022,0.05238644770317913
1190,1,1,1,0.99988544,0.9542459360914105,0.9556221689795001,0.9935714412802192,0.04575406390858949
1191,1,1,1,0.97995126,0.9460936486264494,0.9477504962593778,0.9514716064694575,0.0539063513735506
1192,6,6,1,0.9347739,0.9315456492893265,0.9330135630380377,0.9215524835762205,0.06845435071067352
1193,5,2,0,0.98389363,0.9495318027811088,0.951003505368681,0.9696557113708255,0.050468197218891175
1194,4,4,1,0.9861259,0.946236363376412,0.947712091297139,0.9793580104282911,0.05376363662358796
1195,6,6,1,0.9992731,0.9583074313424589,0.9595648708825594,0.9920633596723458,0.04169256865754112
1196,2,2,1,0.942422,0.9391725178843199,0.9409536460633107,0.9328262132393556,0.06082748211568012
1197,0,0,1,0.9850846,0.9562471809598116,0.9575697912563887,0.9773887548587925,0.04375281904018835
1198,7,7,1,0.90502733,0.9194758203836086,0.9210144668305,0.8499736758145053,0.08052417961639136
1199,9,1,0,0.40903047,0.21765145689558246,0.20988213893880434,0.26563488377457867,0.7823485431044175
1200,8,8,1,0.6149971,0.5922938475576484,0.589453865916927,0.5249413222045508,0.40770615244235164
1201,7,2,0,0.37826648,0.1880770091527163,0.18084387779056088,0.34546416845963873,0.8119229908472837
1202,2,2,1,0.9992143,0.9600020741610626,0.9615881240182457,0.992053990453013,0.039997925838937354
1203,0,0,1,0.9794089,0.9530166919172831,0.9545953730306358,0.9648627883458402,0.04698330808271689
1204,6,6,1,0.9989773,0.9570599037147351,0.9587175454392473,0.9894937991543096,0.04294009628526485
1205,8,0,0,0.9552456,0.9132869753326334,0.914585359802182,0.9177776378804373,0.08671302466736663
1206,1,1,1,0.99948514,0.961949077327432,0.9633714010834212,0.9919428983260584,0.038050922672568044
1207,4,0,0,0.5302877,0.4083835460148827,0.4017994809305699,0.418026824226109,0.5916164539851173
1208,3,3,1,0.95390224,0.9242933075491336,0.9259657140912857,0.9066845643880711,0.07570669245086636
1209,7,7,1,0.9846978,0.9575222360633651,0.9589826245642893,0.96979849871049,0.04247776393663494
1210,0,0,1,0.9669744,0.9414150679622957,0.9429100818646577,0.9401816168554638,0.05858493203770432
1211,6,6,1,0.97711086,0.9398011834200706,0.9414080159129732,0.968675732652547,0.060198816579929426
1212,1,1,1,0.9915053,0.9569692301704972,0.9585483172405227,0.9847057178209089,0.043030769829502824
1213,8,8,1,0.68451786,0.832263666316601,0.8332341625107222,0.7077185182786749,0.16773633368339902
1214,5,5,1,0.99946433,0.9474910526221023,0.9489639428576134,0.9921913582240665,0.052508947377897686
1215,7,7,1,0.9925052,0.9558678327838391,0.9573744653825806,0.9853013307314954,0.04413216721616087
1216,8,8,1,0.74222565,0.8507594068822015,0.8519812968914919,0.7463621666949578,0.14924059311779847
1217,4,2,0,0.7940466,0.7460815776327381,0.7457250618561821,0.6516023959262243,0.2539184223672619
1218,8,8,1,0.9968606,0.9614528353004193,0.9628494234819436,0.99009022969646,0.03854716469958075
1219,3,3,1,0.94919926,0.9330799158555788,0.9347560402247357,0.92599669965373,0.06692008414442119
1220,9,9,1,0.5260464,0.5770143678929205,0.5738673173414638,0.6221309454807085,0.4229856321070795
1221,9,9,1,0.69562817,0.6651279055473094,0.6629356703133649,0.7021622108210716,0.3348720944526906
1222,9,1,0,0.6247369,0.8665877827434423,0.8683095421374539,0.6969417584220917,0.13341221725655772
1223,8,8,1,0.9976107,0.9543100676583844,0.9558818267180447,0.9908362853784857,0.04568993234161556
1224,7,4,0,0.91573864,0.903297003077926,0.9046831277319355,0.8994467268991173,0.09670299692207396
1225,6,6,1,0.9800843,0.9550182062716432,0.956717171352293,0.949885598823806,0.044981793728356756
1226,6,6,1,0.992245,0.9596751763074811,0.9611881030406463,0.9850743236004782,0.040324823692518885
1227,3,3,1,0.5379506,0.6105131583680145,0.608709558852583,0.5278290721408418,0.38948684163198555
1228,5,4,0,0.34463185,0.1973047941581602,0.19060837346624843,0.32613403639003186,0.8026952058418397
1229,1,1,1,0.9998411,0.9671732774057293,0.9685391315407443,0.9923382921101759,0.03282672259427066
1230,5,3,0,0.7130034,0.7204754391919896,0.7193928419406467,0.7084500969630584,0.27952456080801036
1231,9,9,1,0.9986779,0.9655306981852286,0.9669063754834848,0.9930372924490335,0.03446930181477137
1232,1,1,1,0.99998367,0.9540681795549402,0.9553328760298336,0.9921202100858053,0.045931820445059834
1233,4,4,1,0.99827814,0.9567933517725798,0.9583608023718494,0.9894420818437709,0.04320664822742015
1234,1,1,1,0.98501855,0.9525837021380553,0.9539025016254147,0.9779600649570397,0.04741629786194468
1235,5,5,1,0.95745546,0.9375794983081226,0.9392528067710258,0.9457969952136313,0.062420501691877406
1236,7,2,0,0.40340215,0.30372648172831956,0.29648926662317715,0.4140569566296838,0.6962735182716804
1237,0,0,1,0.9470676,0.9270321521391442,0.9286786611883077,0.8633613743974584,0.07296784786085575
1238,1,1,1,0.99081576,0.9521355892211286,0.9537462036548927,0.9833362330515177,0.04786441077887138
1239,5,3,0,0.48655385,0.3574741383979725,0.351320489579759,0.4335516876232623,0.6425258616020275
1240,2,2,1,0.8424619,0.8811505961073604,0.8831077240868547,0.7743471926200423,0.11884940389263965
1241,0,8,0,0.8474949,0.7972030463340702,0.7973862726940887,0.7215649608072404,0.20279695366592976
1242,8,8,1,0.52133685,0.5665446789636704,0.5628644841382223,0.6005799914600001,0.43345532103632956
1243,8,8,1,0.9999926,0.9432348402896403,0.9446161306981077,0.9915661827126899,0.05676515971035967
1244,5,3,0,0.5352105,0.8473180975731227,0.8498299493338184,0.7453902829143938,0.1526819024268773
1245,6,6,1,0.863677,0.8979837005880935,0.8996615900435588,0.8253236982087305,0.10201629941190649
1246,7,7,1,0.48022217,0.2573230984367237,0.2502822909090341,0.4428624100579278,0.7426769015632764
1247,3,0,0,0.6542791,0.5085646737086418,0.5036884000744717,0.4426084331100278,0.4914353262913582
1248,2,2,1,0.6022945,0.6346855555608925,0.6327915202259079,0.5574453578449983,0.36531444443910754
1249,4,4,1,0.99431497,0.9534891240521585,0.9549252942221929,0.9894350383470731,0.046510875947841535
1250,7,7,1,0.89270693,0.9038890473636993,0.9053125155282022,0.8627286953284659,0.09611095263630065
1251,2,2,1,0.92894566,0.9241425224704228,0.9255885941484989,0.9126451807467714,0.07585747752957717
1252,5,5,1,0.9829639,0.9535675035837394,0.9552828512011686,0.9701678395929042,0.04643249641626057
1253,8,8,1,0.96603364,0.936535139528486,0.9380146909975056,0.9436631452989057,0.063464860471514
1254,2,0,0,0.7666183,0.6307252824131829,0.6276768381979597,0.5793492173503443,0.36927471758681707
1255,4,4,1,0.94759464,0.920015068577095,0.921570487906027,0.9052501356458681,0.07998493142290497
1256,9,9,1,0.5953374,0.5596313676029373,0.5563536743619958,0.5707249300994518,0.4403686323970627
1257,2,2,1,0.9979372,0.9620521544096083,0.9636131790876891,0.9909705501349173,0.03794784559039166
1258,1,1,1,0.9906476,0.9513430837725071,0.9528228488394314,0.9857703178589103,0.04865691622749291
1259,8,8,1,0.9993318,0.9654489251254542,0.9668680433726546,0.9901417996304225,0.034551074874545784
1260,1,1,1,0.9997075,0.9603588954097692,0.9618210220566364,0.9882647839870287,0.03964110459023085
1261,9,0,0,0.6338939,0.6462454781796516,0.6436267318126647,0.5951269271221112,0.3537545218203484
1262,8,8,1,0.82612705,0.8289831925910136,0.8299362835573652,0.7307762876083005,0.1710168074089864
1263,8,8,1,0.8694056,0.8946570555224305,0.8962024495036183,0.8312997439566228,0.10534294447756953
1264,8,8,1,0.99929845,0.956997934476918,0.9584850642628417,0.9921331268322803,0.043002065523081945
1265,9,1,0,0.72577614,0.8727103748409277,0.8741076634284202,0.7646868236142663,0.12728962515907227
1266,0,0,1,0.998384,0.9570214481104558,0.9585875893638511,0.9923956948839823,0.04297855188954425
1267,4,4,1,0.97599864,0.9486543702438743,0.9503101270162095,0.9605742393221175,0.051345629756125666
1268,3,3,1,0.4474826,0.44828256878193934,0.4433457845506111,0.5530150844997233,0.5517174312180606
1269,3,3,1,0.71982723,0.870031053048202,0.8713030487198081,0.7509340257577369,0.12996894695179795
1270,1,1,1,0.99981636,0.9755604452578194,0.9766604690751359,0.969538114297727,0.024439554742180625
1271,8,8,1,0.9997384,0.9646943857594673,0.9659771471162232,0.9916120703939694,0.03530561424053269
1272,4,7,0,0.47125784,0.4891105876823015,0.4852222345600813,0.5049701879330211,0.5108894123176986
1273,6,6,1,0.9911345,0.9608584436706258,0.9622979410260835,0.9849288317853443,0.039141556329374216
1274,3,3,1,0.99640864,0.9404437893709758,0.942032427331918,0.9909654403972956,0.059556210629024164
1275,3,3,1,0.7301188,0.8540193517783811,0.8554265811334593,0.7734357122272393,0.14598064822161894
1276,5,5,1,0.7320266,0.8396306827302675,0.8407010184992547,0.7461222754997436,0.16036931726973247
1277,2,6,0,0.8063982,0.7271530348974722,0.7255676264910753,0.6704554896597021,0.2728469651025278
1278,2,0,0,0.54490966,0.6397040149274794,0.6388369218645333,0.47013303784088484,0.3602959850725206
1279,8,8,1,0.43430617,0.47320914851531004,0.4691685936182447,0.5002647882285463,0.52679085148469
1280,3,3,1,0.6558569,0.8124435921633004,0.8132318302426453,0.7063840196509864,0.18755640783669958
1281,8,8,1,0.9925753,0.9616874521664176,0.9631587877958301,0.9834939874002372,0.0383125478335824
1282,9,9,1,0.98051924,0.9675187194272936,0.9687963767612453,0.9708650648894264,0.032481280572706384
1283,5,5,1,0.9984061,0.9519136819473875,0.9533778174864787,0.992198779127467,0.04808631805261254
1284,8,2,0,0.3570886,0.07451468834022872,0.06924047125519661,0.23038428384926168,0.9254853116597713
1285,9,9,1,0.44115758,0.5514965480858761,0.5479203726571572,0.5887430866258221,0.4485034519141239
1286,8,8,1,0.9671327,0.9242638682236978,0.925804846918824,0.9095261476193822,0.07573613177630223
1287,9,9,1,0.9969478,0.9605399427415187,0.9618840593668837,0.9915960992931275,0.03946005725848134
1288,1,1,1,0.9998884,0.961382783946652,0.9629169230163072,0.9857338376454989,0.038617216053348
1289,6,6,1,0.9417977,0.9255842852669431,0.9269512864815961,0.8964059715907676,0.07441571473305686
1290,5,5,1,0.915815,0.92317031219208,0.9248370711191901,0.9117312112413157,0.07682968780791999
1291,9,9,1,0.9911897,0.9544715613830844,0.9559188589381716,0.9842334934072834,0.04552843861691558
1292,4,4,1,0.27196458,0.31168249498376943,0.3053602614038827,0.3849277058481515,0.6883175050162306
1293,4,4,1,0.78739655,0.891879702217115,0.8935427046551823,0.7983373290049905,0.10812029778288501
1294,8,0,0,0.95189714,0.9249573196393804,0.9264025600741168,0.9382230082982009,0.07504268036061956
1295,0,0,1,0.99807894,0.9489115387790263,0.9504515263032465,0.9899924608941513,0.05108846122097366
1296,7,7,1,0.91516215,0.9095069834083335,0.9109604289788684,0.8778869652767323,0.09049301659166653
1297,2,0,0,0.9065063,0.9219567747247597,0.9233916680522846,0.8928869020490124,0.07804322527524032
1298,9,9,1,0.9974885,0.9625486114149153,0.963746602081024,0.9929901198667389,0.03745138858508468
1299,7,0,0,0.4818277,0.1718012271154068,0.16427092359801346,0.264070876364981,0.8281987728845932
1300,4,4,1,0.99037045,0.9649427924941432,0.9665414720004414,0.9719516113535063,0.035057207505856836
1301,1,1,1,0.99999785,0.9499185198241907,0.9513077938853466,0.9929977392614812,0.05008148017580927
1302,6,6,1,0.90753376,0.907454044959602,0.9088578471376603,0.8514703778887491,0.09254595504039798
1303,4,4,1,0.8120364,0.874039832905418,0.8752433349182727,0.8310504101083694,0.12596016709458202
1304,4,8,0,0.5464365,0.4607604298366682,0.45513839622876934,0.5175652472961234,0.5392395701633318
1305,9,1,0,0.7778029,0.7910654540514258,0.7906750673603594,0.5827013672138843,0.2089345459485742
1306,1,1,1,0.93276006,0.9230663978777554,0.9245811553978419,0.9166107788863114,0.07693360212224465
1307,2,0,0,0.62702143,0.6978237096636417,0.6960960186764339,0.623407504099866,0.3021762903363583
1308,5,5,1,0.64452136,0.605111655697734,0.6025808918567412,0.5855920471147986,0.39488834430226605
1309,6,6,1,0.9018622,0.8969374580423372,0.8981705568202525,0.843164774855429,0.10306254195766285
1310,0,0,1,0.9982895,0.9594688142639095,0.9609704732427902,0.9921021033255621,0.04053118573609049
1311,8,8,1,0.999041,0.9517536269697109,0.9532606517771595,0.9918306095470527,0.048246373030289114
1312,6,6,1,0.9521879,0.9360471015954985,0.9376064892128408,0.9278235089568754,0.06395289840450147
1313,1,1,1,0.99999917,0.9240066242639843,0.9252066190687784,0.9931227059511727,0.07599337573601572
1314,9,9,1,0.998478,0.9753911408065375,0.9765281528383738,0.9917106910788536,0.02460885919346245
1315,4,4,1,0.93889266,0.8967875758903204,0.8979803419088819,0.9056530024954581,0.10321242410967957
1316,5,5,1,0.9649806,0.938800587722412,0.9405531059390844,0.935899769307578,0.06119941227758796
1317,9,9,1,0.99973303,0.969229028783581,0.9703741348157229,0.9925106199222539,0.03077097121641903
1318,5,5,1,0.8860307,0.9209290686428895,0.9224324673661167,0.8630319954031609,0.07907093135711052
1319,0,0,1,0.9819436,0.9587456097724578,0.9601000948262434,0.969197035325118,0.04125439022754218
1320,7,7,1,0.57037437,0.4973709822923533,0.492391205148812,0.5796864379815783,0.5026290177076467
1321,2,2,1,0.7839112,0.846400664268214,0.848030510128933,0.7924631742281879,0.15359933573178597
1322,0,0,1,0.9230771,0.9277231855869805,0.929283094318932,0.9107496839279271,0.07227681441301947
1323,0,0,1,0.9846942,0.9497398165208386,0.9512084959407934,0.9532128335462015,0.05026018347916139
1324,4,4,1,0.9557342,0.9428127051892601,0.9442029129384183,0.9419612183625823,0.05718729481073992
1325,2,4,0,0.99470055,0.9489251100793625,0.9505380208045157,0.9553300405785152,0.05107488992063747
1326,6,6,1,0.90445906,0.8927722703079519,0.8942171258016594,0.8738498970937729,0.10722772969204808
1327,6,6,1,0.9890047,0.9603742389803074,0.9618744297388175,0.9809605585765648,0.03962576101969262
1328,5,5,1,0.92624897,0.905724516529528,0.9070482678594975,0.8893223786599203,0.09427548347047199
1329,5,5,1,0.9376306,0.9328612341585891,0.9344152533680748,0.9156757407180048,0.06713876584141087
1330,2,2,1,0.7065184,0.7452872654800493,0.7452348773039178,0.7408517417188163,0.2547127345199507
1331,8,0,0,0.6655444,0.7902012406514205,0.7904292315567856,0.7227646865743093,0.2097987593485795
1332,1,1,1,0.98684293,0.9556840021180484,0.9570327452561556,0.9814433770160375,0.04431599788195162
1333,7,7,1,0.94670874,0.9199695481188706,0.921375118242506,0.9184661421785694,0.08003045188112945
1334,3,2,0,0.75811106,0.7606494491947421,0.7606432356753221,0.7576827149929456,0.2393505508052579
1335,1,1,1,0.99999213,0.9575341613725067,0.9588098013499627,0.9926970698276548,0.04246583862749331
1336,4,4,1,0.98101383,0.9244785506232706,0.9257651448592166,0.968195459877553,0.07552144937672944
1337,5,5,1,0.95788753,0.924108108217794,0.9257565517035522,0.9421735111518335,0.07589189178220601
1338,6,6,1,0.9963246,0.9625213629794253,0.9641218600734613,0.9893462297412434,0.037478637020574745
1339,5,5,1,0.6191338,0.7119662508960726,0.7113475458181217,0.7295990201984097,0.28803374910392743
1340,1,1,1,0.99730325,0.9657439177376481,0.9669771033117368,0.9914396452468976,0.034256082262351883
1341,4,4,1,0.887388,0.9047832321244181,0.9063808128783266,0.8532130365325642,0.09521676787558186
1342,7,4,0,0.62660974,0.5582923311158543,0.5539721446065324,0.3354140686772814,0.4417076688841457
1343,0,0,1,0.9992042,0.9556734373120358,0.9571022783019494,0.9907929603410075,0.0443265626879642
1344,9,9,1,0.8982138,0.9187640138471185,0.9205679821100585,0.8638534279813623,0.08123598615288152
1345,4,4,1,0.9847289,0.9461972243579642,0.9478187587973701,0.9715371038028328,0.05380277564203584
1346,3,9,0,0.20287345,0.030289942044916744,0.02729143353194036,0.23778200043019937,0.9697100579550832
1347,8,8,1,0.9939182,0.9653081263541228,0.9666558224749984,0.9861112487312045,0.034691873645877225
1348,2,2,1,0.98918813,0.9521577966910313,0.953801002209918,0.9740543551854846,0.04784220330896871
1349,8,8,1,0.9985864,0.9633414080982767,0.9646845626947146,0.9913204750516929,0.03665859190172327
1350,4,4,1,0.9626237,0.9215291340782243,0.9231217672283558,0.919492731280281,0.07847086592177566
1351,7,7,1,0.9968094,0.9660656348760088,0.9673552168218523,0.9905870790583647,0.03393436512399117
1352,2,2,1,0.9921827,0.9600824753528366,0.9615174802573657,0.9838063433394544,0.03991752464716336
1353,3,3,1,0.3845091,0.18045321680741494,0.17326573635611014,0.3564004433109511,0.8195467831925851
1354,1,1,1,0.99668306,0.959554478822896,0.9609337288614451,0.993139568036688,0.04044552117710398
1355,5,5,1,0.31786692,0.25506801579122895,0.24785544239590718,0.422896143467255,0.744931984208771
1356,2,2,1,0.8220603,0.8488957916360672,0.8498923386513407,0.8342488259910588,0.1511042083639328
1357,9,9,1,0.9999021,0.9517983278791492,0.9532093410030309,0.9925448370010034,0.0482016721208508
1358,8,8,1,0.98850006,0.957642482558593,0.959095459011043,0.972047105829816,0.04235751744140703
1359,9,9,1,0.9997979,0.9655197968967297,0.9667415612946203,0.9928444337121209,0.03448020310327027
1360,7,4,0,0.42785844,0.2441132838512504,0.2372804994232607,0.4075336160491587,0.7558867161487496
1361,9,9,1,0.9995691,0.9629770035559087,0.9644030204623568,0.9923572234412448,0.03702299644409135
1362,5,5,1,0.99767905,0.9530728746113576,0.9546764385597073,0.9895490541706495,0.04692712538864241
1363,1,1,1,0.9997713,0.9581905929971839,0.9597773270536412,0.9923159450181549,0.0418094070028161
1364,4,2,0,0.5816737,0.8498589882812153,0.8518057911310136,0.6848845959080967,0.1501410117187847
1365,0,0,1,0.9827155,0.9466150800679412,0.9481165043753745,0.9694153068879591,0.05338491993205885
1366,8,8,1,0.99989724,0.956828778588737,0.9584718956610384,0.9917234100170486,0.04317122141126295
1367,2,2,1,0.9999633,0.9443627438233173,0.9459691254120154,0.990680595037194,0.05563725617668269
1368,3,5,0,0.6554055,0.769650186728837,0.77067333835935,0.6213863494829965,0.230349813271163
1369,8,8,1,0.9901164,0.9628211427653179,0.9643355894423016,0.984555213199087,0.03717885723468206
1370,9,9,1,0.99378234,0.9617913211648208,0.963271852124321,0.9862972295793228,0.0382086788351792
1371,1,1,1,0.9950901,0.959901737302428,0.9614884380893202,0.9910245162800426,0.040098262697571996
1372,1,1,1,0.9845919,0.9464224708550757,0.9479579706734548,0.96254177464552,0.05357752914492431
1373,3,3,1,0.83417845,0.8895132945212205,0.890830706603582,0.8365188788501716,0.11048670547877948
1374,2,0,0,0.53091735,0.5712423998315707,0.5690083907947562,0.45032212453777876,0.42875760016842934
1375,4,4,1,0.9942007,0.9424963281084876,0.9439315055215901,0.9818230875078858,0.0575036718915124
1376,9,9,1,0.88586223,0.9310800979740183,0.9326776001890178,0.8809196444090575,0.06891990202598175
1377,3,3,1,0.9499813,0.9309946881578373,0.9326004298156251,0.9405673768635191,0.06900531184216274
1378,1,1,1,0.99965405,0.9396683500238302,0.9410512931832802,0.992400750519597,0.0603316499761698
1379,7,7,1,0.9899502,0.9595159110277456,0.9608651753144791,0.9747655888667058,0.04048408897225442
1380,4,4,1,0.37262717,0.35932607189436216,0.3539098010777138,0.41375923064896625,0.6406739281056378
1381,6,6,1,0.98118526,0.944768091809032,0.946259701259798,0.9695084454102944,0.055231908190968015
1382,2,2,1,0.7207313,0.5845664063223582,0.5810019190511801,0.4991539358846465,0.41543359367764177
1383,8,8,1,0.9703553,0.9371210175362907,0.9387469904470122,0.93491233966629,0.06287898246370927
1384,9,9,1,0.98252165,0.957878919078986,0.9593308616426632,0.9681655855537596,0.042121080921013965
1385,5,3,0,0.48848197,0.5938583123076493,0.5916025014054518,0.49407924956136456,0.4061416876923507
1386,3,3,1,0.953662,0.9202912866651829,0.9217063963932203,0.9190118171726686,0.0797087133348171
1387,9,9,1,0.99994826,0.9576176327959172,0.9590674455552312,0.9922783126682201,0.04238236720408284
1388,5,5,1,0.91706115,0.9322271319077335,0.9340311274142895,0.8956211602259494,0.06777286809226646
1389,5,5,1,0.6016432,0.36741736689254945,0.36073806334386493,0.3912887519405639,0.6325826331074506
1390,6,6,1,0.9975055,0.9570816246614473,0.9586651110749238,0.9913417169072322,0.042918375338552694
1391,7,2,0,0.63390726,0.636223708692674,0.6344129460499359,0.6617171421283166,0.363776291307326
1392,2,2,1,0.9983955,0.9581675719812672,0.9596544800124751,0.9919683512446259,0.04183242801873277
1393,4,5,0,0.31313744,0.08946277653936194,0.0844356924285166,0.30439503859848155,0.910537223460638
1394,6,5,0,0.62780017,0.6456226160817645,0.6438157861508425,0.683588377800441,0.3543773839182355
1395,3,6,0,0.78622764,0.6656958998571741,0.6642526475547731,0.6155932715100455,0.33430410014282586
1396,1,1,1,0.9999676,0.9604557604489805,0.9617868984998963,0.9928703953925232,0.03954423955101949
1397,0,0,1,0.99595165,0.957389532499688,0.958839579623214,0.9837515767756826,0.042610467500312055
1398,7,7,1,0.546515,0.3477258879686185,0.3404799456484373,0.4941765294867664,0.6522741120313815
1399,2,0,0,0.812331,0.8665176001545882,0.8680905271718219,0.841958150316761,0.13348239984541177
1400,5,5,1,0.5297868,0.5426953500918906,0.5403359349169362,0.5125897009603316,0.4573046499081094
1401,4,4,1,0.9779073,0.9524636690117315,0.9538330605681077,0.9710456264823784,0.04753633098826848
1402,7,7,1,0.98418707,0.9567592819498012,0.9582274000751795,0.9747500787855408,0.0432407180501988
1403,6,6,1,0.792834,0.7146000444145433,0.7136263579978247,0.6307721553632221,0.2853999555854567
1404,1,1,1,0.99991417,0.9670330399682945,0.9684656067343644,0.98505251170422,0.03296696003170552
1405,1,1,1,0.94768244,0.937368762086144,0.938767886646084,0.9274512955018036,0.06263123791385605
1406,9,9,1,0.99937314,0.9522075823472145,0.9536663060307856,0.9928465948204825,0.047792417652785524
1407,8,8,1,0.5259235,0.849374808204117,0.8513448208337772,0.6960479312019701,0.15062519179588296
1408,1,1,1,0.99864024,0.9592255664357285,0.9607692060919422,0.9923956948839823,0.04077443356427146
1409,0,0,1,0.9839348,0.9381297727902854,0.9396001352531308,0.9686765401111637,0.06187022720971458
1410,1,1,1,0.9996724,0.9678186116526659,0.9693600837514733,0.9871800821172446,0.03218138834733408
1411,3,3,1,0.97846246,0.9540019058133569,0.9554062420634888,0.9687874057155602,0.045998094186643135
1412,1,1,1,0.99945134,0.9621505961357453,0.9635738557615414,0.9865415312664405,0.03784940386425473
1413,1,1,1,0.9987878,0.9732323442081452,0.9743990506972932,0.9925413035846391,0.026767655791854805
1414,1,1,1,0.9810432,0.9537780289637767,0.9553592888841179,0.9657292895379497,0.046221971036223275
1415,7,7,1,0.98660314,0.948578567655813,0.9501402604541838,0.9793297434132527,0.051421432344186946
1416,3,3,1,0.8611736,0.9130846051158107,0.9147654590280618,0.8544237408479155,0.08691539488418931
1417,9,9,1,0.9481159,0.9448692623442465,0.9464268969855935,0.9202582287459851,0.05513073765575349
1418,6,2,0,0.6439975,0.762158466136393,0.7628019200736911,0.7443305967116891,0.23784153386360696
1419,8,8,1,0.9999982,0.9446289944442151,0.9459944537670608,0.992060216569181,0.05537100555578489
1420,4,4,1,0.5244136,0.6545892065458065,0.6533269572604699,0.5572147655669228,0.34541079345419345
1421,6,6,1,0.96421736,0.9475572199518029,0.9490642080266981,0.944470755216424,0.052442780048197135
1422,8,0,0,0.5652088,0.38436909164090605,0.3776325705506397,0.2910266669152518,0.615630908359094
1423,4,4,1,0.8370541,0.7726833265059672,0.7726247686924111,0.6602540258687261,0.22731667349403284
1424,9,9,1,0.99857986,0.9582328639774674,0.9595465398281073,0.9926100241283138,0.04176713602253257
1425,4,4,1,0.75375575,0.7986056572581501,0.7989947149256967,0.773670079947376,0.20139434274184986
1426,7,7,1,0.98885006,0.9541224018495758,0.9556078645065573,0.9635260888026456,0.04587759815042425
1427,9,9,1,0.88515943,0.8880859367046176,0.8892014445794121,0.832430974831937,0.11191406329538245
1428,7,7,1,0.9298143,0.927975931639357,0.9295229128258031,0.8957610180526712,0.07202406836064301
1429,6,2,0,0.6798794,0.6788880221137059,0.6782466322574773,0.7255526653265975,0.3211119778862941
1430,8,8,1,0.42846847,0.2856397790361888,0.2776482883917049,0.5635339941417384,0.7143602209638111
1431,4,4,1,0.5673426,0.5596913425172396,0.5567259847655484,0.5589406848003001,0.4403086574827604
1432,9,9,1,0.99987245,0.937741037962283,0.9390957880393873,0.9920798985611701,0.06225896203771697
1433,7,7,1,0.82132214,0.7957721790611932,0.79572362231699,0.646229448612557,0.20422782093880676
1434,0,0,1,0.9940637,0.9512222739117974,0.9527698745479461,0.9709092505585067,0.04877772608820263
1435,1,1,1,0.9815283,0.9635811482856539,0.9648262996858925,0.9584938918166667,0.03641885171434611
1436,6,6,1,0.999005,0.9609976173031358,0.9622620922812257,0.9917628931979214,0.03900238269686418
1437,1,1,1,0.9942987,0.948028237324612,0.9493304655688971,0.986870733966894,0.051971762675387945
1438,5,5,1,0.7437853,0.6546614323804356,0.6519677714949819,0.6181413628236442,0.3453385676195644
1439,9,1,0,0.97596836,0.9475496764764483,0.9490246338182532,0.9372540292226275,0.05245032352355172
1440,0,0,1,0.9595429,0.9353044646100308,0.9369145275815963,0.9362342784810678,0.0646955353899692
1441,4,4,1,0.58727646,0.6685632684920595,0.6675227765434086,0.5607089673541101,0.3314367315079405
1442,3,5,0,0.65348876,0.8064365413032265,0.8074128779196307,0.764163839432496,0.1935634586967735
1443,4,6,0,0.65318066,0.5105201193268722,0.5063328747285933,0.5334201022465778,0.48947988067312775
1444,1,1,1,0.769244,0.664038407706,0.6600640486074072,0.711925662806482,0.335961592294
1445,3,4,0,0.718076,0.8094683401994173,0.8099323116997693,0.7286823152541069,0.19053165980058273
1446,0,0,1,0.9842135,0.9407999725470221,0.942281952407614,0.9466130998826621,0.05920002745297792
1447,8,8,1,0.9987305,0.9663870695971468,0.9676519584742025,0.9918744113571701,0.03361293040285318
1448,4,4,1,0.9533873,0.9399204929649914,0.9415850140278363,0.9431685983496303,0.06007950703500864
1449,6,6,1,0.99980444,0.9555109062866795,0.9569872241427101,0.9888650804700506,0.04448909371332055
1450,2,2,1,0.998979,0.9608194881523907,0.9624476818286739,0.9914604971869181,0.03918051184760929
1451,2,2,1,0.5652425,0.2841818511528832,0.2760742837402923,0.37467288006918786,0.7158181488471168
1452,6,6,1,0.8810473,0.9220247166889098,0.924198512423675,0.8520846573671811,0.07797528331109016
1453,5,5,1,0.4453529,0.28748679686654627,0.2806549502709238,0.33414609194640527,0.7125132031334538
1454,3,3,1,0.74404114,0.7990076493244576,0.7994166517139296,0.792260552226929,0.20099235067554244
1455,6,6,1,0.8996607,0.8851011087778057,0.8861516233070487,0.8156722192757418,0.11489889122219432
1456,2,4,0,0.5478921,0.6095656971973394,0.6078378010147393,0.5904173516446535,0.39043430280266056
1457,1,1,1,0.98895967,0.950984527054157,0.952627469274902,0.9817368667131687,0.049015472945842964
1458,1,1,1,0.9998324,0.9498592887183802,0.9513586300006777,0.992665961471966,0.05014071128161979
1459,8,8,1,0.9929207,0.9483104363255013,0.9497743050285664,0.9840754737131179,0.05168956367449873
1460,6,6,1,0.9996772,0.9530475239296751,0.9545927780568845,0.9875187900578934,0.04695247607032493
1461,0,0,1,0.7624734,0.8194285389329943,0.820018381586841,0.7303588896263794,0.18057146106700572
1462,4,4,1,0.83056194,0.8724380883623176,0.8737811486840856,0.8615864087592562,0.12756191163768238
1463,0,0,1,0.96104705,0.9466809435739341,0.9481337728949467,0.9451900029595857,0.053319056426065936
1464,1,1,1,0.99963415,0.9369003956018623,0.9382966741274592,0.9921951576440867,0.06309960439813767
1465,9,9,1,0.9691204,0.9336368557900447,0.9351783475376407,0.9417933198858249,0.06636314420995526
1466,7,7,1,0.96301144,0.9514278972021772,0.952907997519246,0.941374414564582,0.04857210279782276
1467,1,1,1,0.99103594,0.9559659631014199,0.9575763248877971,0.9836444248505373,0.0440340368985801
1468,3,3,1,0.96945894,0.9484858160344529,0.9499679716489596,0.946576403009901,0.05151418396554708
1469,7,4,0,0.5092306,0.6142400688874231,0.6117046152421736,0.6022783930376253,0.3857599311125769
1470,7,2,0,0.6899247,0.7177049435264331,0.7165399907362968,0.6981920653334582,0.2822950564735669
1471,8,8,1,0.6162924,0.7250227747472742,0.7250113485525872,0.605086250657534,0.27497722525272583
1472,7,7,1,0.9101424,0.9221952593511806,0.9236191404685922,0.8453634097988661,0.07780474064881937
1473,7,7,1,0.9997111,0.9573253793432404,0.9585520019598182,0.9931148355342257,0.04267462065675964
1474,3,5,0,0.56694144,0.39684830145617983,0.3902870393992723,0.31728996286261035,0.6031516985438201
1475,9,9,1,0.8195963,0.8428985256289216,0.8430543814700874,0.8102894739509174,0.15710147437107835
1476,7,7,1,0.99127465,0.9614356218371911,0.9628464850964616,0.9818966960622756,0.03856437816280889
1477,7,7,1,0.95526445,0.9428200283783224,0.944189198552128,0.8949186260592648,0.05717997162167765
1478,7,7,1,0.93005306,0.9324445163202588,0.9340511689541673,0.88916888692392,0.06755548367974118
1479,2,0,0,0.42858383,0.4312086282549946,0.4248361400269538,0.5785417890799568,0.5687913717450054
1480,1,1,1,0.38182482,0.07775695347891952,0.07232281964319837,0.23394959439955676,0.9222430465210805
1481,2,2,1,0.98592675,0.9505246689258936,0.9518924297766539,0.965643920551083,0.0494753310741064
1482,8,8,1,0.9252461,0.933072573590523,0.9346143230659807,0.9162996865918493,0.06692742640947702
1483,6,6,1,0.9999473,0.956281246086732,0.9577315075721954,0.9924783395120815,0.04371875391326796
1484,4,4,1,0.9686179,0.9397366915005485,0.9413519115467317,0.9328233685522608,0.060263308499451496
1485,0,0,1,0.55259323,0.7310293175283974,0.7311701765366859,0.6028217143858654,0.2689706824716026
1486,7,7,1,0.99289143,0.9515060556505711,0.953038766799442,0.9849806694578771,0.048493944349428886
1487,9,9,1,0.981426,0.948572827981599,0.949897904590698,0.9708592005841865,0.05142717201840097
1488,8,8,1,0.9791651,0.9546778404665265,0.9562436186311251,0.970418452270504,0.045322159533473516
1489,6,6,1,0.7535398,0.7271981298584119,0.7267203245603052,0.6642596502982873,0.2728018701415881
1490,8,8,1,0.99864405,0.9577744856859862,0.959281820983233,0.9923951931103442,0.04222551431401378
1491,4,6,0,0.7038409,0.7328944010664755,0.7321937339728251,0.751775054548183,0.2671055989335245
1492,9,1,0,0.6371775,0.35883490831046205,0.35113539171129166,0.37708214027267467,0.641165091689538
1493,1,1,1,0.98298967,0.9490021586469851,0.9505342668552708,0.954044015346182,0.05099784135301488
1494,7,2,0,0.42027557,0.41132917993609064,0.40338023811565593,0.41795464672249716,0.5886708200639094
1495,2,0,0,0.9634273,0.941120526805479,0.9426631162050065,0.9416906426715765,0.058879473194521026
1496,2,2,1,0.9341297,0.9247836908977873,0.9264593199816681,0.9224168518684601,0.07521630910221266
1497,8,8,1,0.9999778,0.9575645659100811,0.9590888879955289,0.992187578338717,0.0424354340899189
1498,5,3,0,0.49736094,0.7239980624854359,0.723798276752491,0.6059214510650487,0.27600193751456414
1499,8,8,1,0.9996288,0.9528791891536986,0.9543326544899577,0.9907745853785004,0.047120810846301375
1500,1,1,1,0.999129,0.9573159515422767,0.9586400642653016,0.993762757250985,0.042684048457723334
1501,2,3,0,0.6112552,0.32591332086436814,0.31892732188481693,0.4912003298152652,0.6740866791356319
1502,2,2,1,0.9986027,0.9593487905512263,0.9609542507909706,0.9895107288155848,0.04065120944877365
1503,4,4,1,0.8118067,0.8484074901006368,0.8495079026825012,0.8283613087145036,0.15159250989936324
1504,1,1,1,0.9731232,0.9410224398351928,0.9424914202366227,0.9351278234371472,0.05897756016480715
1505,2,2,1,0.9013508,0.9126102003073872,0.9143923717296438,0.8297162310960405,0.08738979969261285
1506,5,4,0,0.8284876,0.7356309702402954,0.7342665108820525,0.6388503661783128,0.26436902975970455
1507,2,8,0,0.32592157,0.35446712676886005,0.3476283140453073,0.4164176390460612,0.64553287323114
1508,8,8,1,0.9829844,0.957036195137993,0.9585493248855064,0.9717256807901802,0.042963804862007016
1509,1,1,1,0.79070175,0.8724649961984847,0.8736460305946018,0.7843558926768759,0.12753500380151528
1510,8,8,1,0.9834372,0.9517665535075107,0.9533456530377454,0.9736255824658973,0.048233446492489285
1511,1,1,1,0.99811053,0.9632129522085945,0.9644812033159543,0.9908812426015393,0.036787047791405514
1512,8,8,1,0.9987708,0.9614252412976348,0.9628742767137713,0.9903086322393263,0.03857475870236515
1513,6,6,1,0.5102606,0.4318771517799728,0.4259035945335139,0.45918813085709737,0.5681228482200271
1514,0,0,1,0.87167376,0.9095987248185656,0.9112266251571393,0.869311964737127,0.09040127518143437
1515,2,2,1,0.9990361,0.9574456831223435,0.9589561044921969,0.9820811283574967,0.04255431687765654
1516,4,4,1,0.67287886,0.7618963083826641,0.7611407389371373,0.6779316979805793,0.2381036916173359
1517,1,1,1,0.9993573,0.9660624421269521,0.967551809758963,0.9917118596179448,0.03393755787304786
1518,3,3,1,0.74917525,0.7880749203800207,0.7884392528460624,0.657433859568361,0.2119250796199793
1519,6,6,1,0.99979,0.9580637784210179,0.9595865319625297,0.9922325310383401,0.041936221578982136
1520,7,7,1,0.9510377,0.9276839364683586,0.9292743729656727,0.9329664275403075,0.07231606353164144
1521,7,4,0,0.91289276,0.9151518607140805,0.9166619315626393,0.8730645012040223,0.0848481392859195
1522,4,2,0,0.71560454,0.7405912234815043,0.7405455004508447,0.6251301060299391,0.2594087765184957
1523,4,4,1,0.97984684,0.9469743819903794,0.9484722568639371,0.9690671091823488,0.05302561800962058
1524,3,3,1,0.9651307,0.942164004944478,0.9437577183021472,0.94720368315639,0.05783599505552195
1525,3,3,1,0.60467285,0.6314202650934259,0.6291434831503407,0.6628969542443227,0.36857973490657414
1526,4,4,1,0.9528608,0.9412123189858559,0.9428914587227445,0.9447729845573469,0.05878768101414411
1527,5,5,1,0.42039192,0.28934101681959856,0.28252471545415986,0.35149092609562116,0.7106589831804014
1528,2,2,1,0.9992175,0.9564370646677274,0.9577626915394265,0.9919639554662861,0.04356293533227262
1529,4,4,1,0.2660081,0.16921994623125952,0.1616847542039571,0.42780678480342155,0.8307800537687404
1530,3,3,1,0.7171152,0.7343574327924924,0.733865773009534,0.7422015713009992,0.26564256720750756
1531,7,7,1,0.6881246,0.6088776496577519,0.6057502408913086,0.5817693606732842,0.39112235034224807
1532,8,8,1,0.997928,0.9542297895881795,0.9557291567162821,0.9893291908776974,0.0457702104118205
1533,4,4,1,0.82054996,0.8902997041597571,0.8916027806011768,0.8292728273090352,0.10970029584024288
1534,4,4,1,0.96623534,0.9345758661634251,0.9359483873984005,0.9417464390283942,0.06542413383657486
1535,4,4,1,0.99460334,0.9462189740614646,0.9476318016362572,0.9874548137015523,0.0537810259385354
1536,5,2,0,0.44186062,0.6822102391127517,0.6812300226623315,0.6115164816311862,0.3177897608872483
1537,4,4,1,0.5776191,0.7662504140993271,0.7670066380200583,0.6256789964723122,0.23374958590067285
1538,3,3,1,0.29528797,0.09261378092844817,0.08696791544238025,0.30212730066171756,0.9073862190715518
1539,2,2,1,0.9995127,0.9556555890294117,0.9572024262017081,0.9908453788577003,0.04434441097058828
1540,8,8,1,0.99998415,0.9505315280720072,0.9519620688269641,0.9931711648664997,0.04946847192799275
1541,4,4,1,0.9800756,0.9480278974225902,0.9496796635396103,0.965008494329322,0.05197210257740981
1542,5,5,1,0.691983,0.8722717192052141,0.8741293452723552,0.7652789418205934,0.12772828079478593
1543,5,5,1,0.93951833,0.9372832155294972,0.9390155349820544,0.9244027308539273,0.06271678447050277
1544,4,4,1,0.9149836,0.9294278126024997,0.9311463479941413,0.8848608475053261,0.07057218739750026
1545,1,1,1,0.9984133,0.962939283954479,0.9644421520177531,0.9918822541128918,0.03706071604552097
1546,4,4,1,0.99920756,0.9494906229651955,0.9511996512974501,0.9870413050902068,0.050509377034804515
1547,2,0,0,0.95188,0.9430247768025408,0.9445104389722252,0.9431384066679849,0.05697522319745918
1548,5,4,0,0.84412,0.8564152501959011,0.8573310615824526,0.8510870322157642,0.14358474980409885
1549,1,1,1,0.79119736,0.8693760682107381,0.8704384604593037,0.799562790392405,0.1306239317892619
1550,6,6,1,0.9671404,0.9536643595101191,0.9550257484116526,0.8987237654423441,0.046335640489880925
1551,4,4,1,0.986113,0.9569548179144414,0.9584973763070258,0.9710341472275849,0.04304518208555863
1552,3,5,0,0.5161315,0.5253235467598059,0.5216246832515676,0.5525993986364811,0.47467645324019414
1553,4,4,1,0.9869594,0.9525838954771613,0.9542543994554,0.9568397716818369,0.04741610452283873
1554,4,4,1,0.74360305,0.8378187731446578,0.8392062124355223,0.8080597584823336,0.1621812268553422
1555,0,0,1,0.9685343,0.9310502613734746,0.9325274540093862,0.9268182570279268,0.06894973862652543
1556,8,8,1,0.8987984,0.889178916891842,0.8902663149004767,0.841287863223235,0.11082108310815797
1557,8,8,1,0.99837875,0.960404274199479,0.9619656226973076,0.9913185342642324,0.03959572580052095
1558,4,4,1,0.85890824,0.8809583430477105,0.8821613278607531,0.8560856151508518,0.11904165695228952
1559,5,5,1,0.94724923,0.9412820303342112,0.942962172308078,0.9417996714419183,0.058717969665788794
1560,7,7,1,0.3202116,0.1942953632943558,0.18711192620276984,0.3223491867771217,0.8057046367056442
1561,5,5,1,0.930047,0.9303611247884136,0.9318689038161618,0.8753380312231621,0.0696388752115864
1562,6,6,1,0.9993438,0.9422592256183944,0.9434925192515895,0.987254642863055,0.05774077438160563
1563,9,9,1,0.999966,0.9483926011888807,0.9496140230590017,0.9916643385539697,0.05160739881111931
1564,1,1,1,0.99993074,0.9598869321590768,0.9612167039198357,0.9930183476533534,0.04011306784092317
1565,6,6,1,0.9298083,0.929577259647061,0.9311426081365201,0.8885210770631445,0.07042274035293905
1566,7,7,1,0.91057557,0.9299690410846475,0.9314579185191749,0.9050548367325084,0.07003095891535249
1567,2,2,1,0.7519094,0.8219350305865966,0.8226765756580849,0.7490284963642114,0.17806496941340344
1568,0,0,1,0.735343,0.7575718468845026,0.7569968854848866,0.7092576519966707,0.24242815311549737
1569,1,1,1,0.99773455,0.9608026105108541,0.9622711618242838,0.9921537047076534,0.03919738948914586
1570,4,4,1,0.96114606,0.9350403051876359,0.9365686134149062,0.9417727713005803,0.06495969481236408
1571,5,5,1,0.5401742,0.5888753490430544,0.586082908584745,0.6028689689593769,0.4111246509569456
1572,6,3,0,0.8103867,0.8652946100399251,0.8666809589106738,0.8415525013447676,0.13470538996007486
1573,0,0,1,0.99992394,0.9475404520894501,0.9489144634246828,0.9933808710174649,0.05245954791054985
1574,0,0,1,0.9403079,0.9332854095736651,0.9348099875278306,0.8784192430225821,0.06671459042633487
1575,2,2,1,0.9872479,0.9579735289778475,0.9595821345796035,0.9772365447486122,0.04202647102215251
1576,7,4,0,0.38427934,0.5196159070914359,0.5168583037701644,0.5533367994480675,0.4803840929085641
1577,5,3,0,0.44678026,0.6185379616830821,0.6176848700943446,0.5633898186421207,0.38146203831691794
1578,6,6,1,0.9823966,0.9338021162999357,0.9351881551341861,0.9708993539535783,0.0661978837000643
1579,0,0,1,0.98130625,0.948682809079763,0.9502620690585234,0.9661598230498626,0.05131719092023701
1580,6,2,0,0.3446898,0.1588149047116973,0.15171592012077545,0.3247480893916839,0.8411850952883027
1581,2,2,1,0.30981815,0.22148579023271692,0.21381743273593953,0.4043088000280889,0.778514209767283
1582,9,9,1,0.85477597,0.8798602320092404,0.8809491753648834,0.827326576678844,0.12013976799075965
1583,1,1,1,0.97416276,0.9483941190508227,0.9497355030320995,0.9315293532800026,0.051605880949177285
1584,7,4,0,0.517563,0.18363609191221328,0.17585550265920985,0.2552231591394595,0.8163639080877867
1585,7,7,1,0.82473516,0.8497528638243879,0.8505931469545609,0.8277501218892681,0.15024713617561214
1586,5,5,1,0.99512523,0.9438805387738203,0.94545380194803,0.9906985548913357,0.05611946122617972
1587,2,0,0,0.87752354,0.8997435004904413,0.9014312098376803,0.841549200249854,0.10025649950955873
1588,5,5,1,0.99609333,0.9510396541441841,0.9529019983482369,0.9888574422833836,0.04896034585581588
1589,6,6,1,0.9994923,0.9589450115325416,0.9605470777213135,0.9888039703852419,0.041054988467458364
1590,4,4,1,0.82654446,0.8001028963696403,0.7999607504427239,0.7765382598607031,0.19989710363035973
1591,1,1,1,0.99959224,0.9749745635214364,0.9761185742177338,0.9922208053573174,0.02502543647856359
1592,4,4,1,0.82311726,0.8691364345841384,0.8706790583457249,0.8372659326946669,0.13086356541586164
1593,3,3,1,0.90131384,0.893288827917522,0.8947902646356953,0.7875792150172793,0.10671117208247805
1594,3,3,1,0.46738508,0.692281721176174,0.6919809012442178,0.6439784061408372,0.30771827882382596
1595,3,5,0,0.46551153,0.36050131953047393,0.35347730526080257,0.3746114692436099,0.6394986804695261
1596,0,0,1,0.87027395,0.8950567998518671,0.8965742679016834,0.8607183182963319,0.10494320014813285
1597,3,3,1,0.9851753,0.95566284687411,0.9573234761328271,0.9677781264349327,0.04433715312589004
1598,5,5,1,0.992274,0.95820501933791,0.9598173289665187,0.9837588263577582,0.041794980662089976
1599,5,5,1,0.9978307,0.9514177023901335,0.9529297127883986,0.9883111017819488,0.04858229760986654
1600,8,0,0,0.63913417,0.2690241406308558,0.26066932749784316,0.34528670254098953,0.7309758593691442
1601,9,9,1,0.99900156,0.962652469245293,0.9641186621015837,0.9922188638394913,0.03734753075470698
1602,7,7,1,0.622018,0.7207256739576404,0.720759950873798,0.6989167016540344,0.2792743260423596
1603,3,3,1,0.77668846,0.7896039176112003,0.7897834912782767,0.7450430293747946,0.2103960823887997
1604,1,1,1,0.99535626,0.9571194318526232,0.9584998899467296,0.9825071391021405,0.04288056814737684
1605,3,3,1,0.57808703,0.34275590508418674,0.33519848578833733,0.48174826880316324,0.6572440949158133
1606,3,3,1,0.6823217,0.7632716346176333,0.763658405528555,0.7378529567420878,0.23672836538236675
1607,3,3,1,0.41516382,0.26528488428541175,0.25796894992406655,0.35173473409508554,0.7347151157145883
1608,4,4,1,0.82363975,0.864295372385533,0.8653816402939262,0.8493666696977976,0.135704627614467
1609,4,4,1,0.909706,0.9286593226946586,0.9304189637569276,0.8848004590790634,0.07134067730534144
1610,2,4,0,0.5291558,0.423288251050844,0.4172356443140215,0.487213022861962,0.576711748949156
1611,3,3,1,0.99464273,0.9430165693270194,0.944558487740706,0.9867512400461255,0.05698343067298062
1612,3,3,1,0.92206144,0.9199379935129969,0.9215598759324378,0.870572833751259,0.08006200648700312
1613,8,8,1,0.64464784,0.8219346502949205,0.8228282532573559,0.671659159015485,0.17806534970507948
1614,1,1,1,0.9995419,0.9514851416844883,0.952747994737771,0.9935228127030546,0.04851485831551172
1615,7,0,0,0.4953959,0.5512938911812059,0.5493088733722616,0.4956548459523421,0.44870610881879414
1616,7,7,1,0.99132276,0.9463803826035297,0.9479449444518651,0.9795888295673378,0.053619617396470254
1617,0,0,1,0.9952283,0.9601705958267195,0.9614928688066556,0.986750232506042,0.039829404173280514
1618,7,3,0,0.3599312,0.33645833076693116,0.3301713198362645,0.4315742770972147,0.6635416692330689
1619,4,4,1,0.9890527,0.9606905749683621,0.9622855731449144,0.9785077489949314,0.03930942503163792
1620,5,3,0,0.56228876,0.40745196607323997,0.40102109777169714,0.4881576067253113,0.59254803392676
1621,1,1,1,0.99995995,0.9410669807435157,0.942450320649732,0.9917844632628426,0.05893301925648431
1622,4,4,1,0.77187663,0.7107303968929823,0.7095763226204518,0.5954563351877876,0.28926960310701766
1623,2,2,1,0.86557305,0.9036599299356729,0.9054981062901348,0.8466266671151351,0.0963400700643271
1624,4,4,1,0.9991836,0.9575100438853898,0.9589967836196177,0.9921331268322803,0.04248995611461015
1625,3,3,1,0.7764841,0.7729855461172619,0.7728941891329063,0.7773333656938496,0.2270144538827381
1626,9,0,0,0.98224336,0.9518554741983776,0.9534986492006717,0.9657554135220446,0.04814452580162243
1627,9,9,1,0.9996605,0.9699485055923892,0.9711321886501811,0.991726060529815,0.03005149440761079
1628,4,2,0,0.9320638,0.9227970551375595,0.9240538737674096,0.8371501979863374,0.0772029448624405
1629,9,9,1,0.99803466,0.9553651391439193,0.9566474327419182,0.9718414347668677,0.044634860856080705
1630,9,9,1,0.9552813,0.9479682108680189,0.949520302396794,0.9312976463018788,0.05203178913198114
1631,1,1,1,0.9961063,0.960927911348044,0.9624202375744999,0.9923337764865332,0.039072088651955994
1632,8,0,0,0.8995555,0.9195933339135788,0.9211671448619074,0.8566884622613439,0.08040666608642122
1633,1,1,1,0.9982553,0.9634188876432429,0.9647848087113374,0.9866323885476163,0.036581112356757095
1634,6,6,1,0.9998716,0.9453637880882937,0.9468819946990323,0.9899655321092651,0.05463621191170631
1635,7,7,1,0.98231274,0.9639816961283811,0.965254154128058,0.9628679414893315,0.03601830387161886
1636,5,2,0,0.54867595,0.41827793464300217,0.4118861289394093,0.5632832099815015,0.5817220653569979
1637,5,5,1,0.88671046,0.8966238469887935,0.8980568723278163,0.8629143300684702,0.1033761530112065
1638,4,2,0,0.5887369,0.3289491737932866,0.32215683522526645,0.5015266061915831,0.6710508262067134
1639,9,9,1,0.7413861,0.8932557914995153,0.8949701152252769,0.8265979533094823,0.10674420850048472
1640,7,7,1,0.84246945,0.8819896549279658,0.8831865124510225,0.8540194166247131,0.11801034507203423
1641,6,6,1,0.79381543,0.8695893706223652,0.8707800559737359,0.8255506218474129,0.1304106293776348
1642,5,5,1,0.772955,0.8509700045561699,0.8523320551794652,0.7891651466749466,0.1490299954438301
1643,9,9,1,0.9998423,0.9595077893818529,0.9609818681571147,0.9921788500174478,0.04049221061814712
1644,2,6,0,0.45218134,0.2714402802941708,0.2644439390408728,0.3484085475697055,0.7285597197058292
1645,4,4,1,0.9864828,0.9539778873262652,0.9556075654377412,0.9671968854530246,0.046022112673734794
1646,0,0,1,0.9992865,0.9634782702571798,0.9647472669291473,0.9910240608217613,0.0365217297428202
1647,7,7,1,0.9737748,0.9457425181337774,0.9472279137870512,0.9597302555571422,0.05425748186622259
1648,8,8,1,0.8447022,0.8737921944778678,0.8747406775860335,0.8226379122891743,0.12620780552213218
1649,5,5,1,0.44714212,0.3723390121742531,0.36590566758326687,0.4306545130618404,0.6276609878257469
1650,5,5,1,0.9996735,0.9386555212719709,0.9403210807599016,0.9915613347060497,0.06134447872802906
1651,0,0,1,0.8635583,0.8901334669797448,0.891816934758561,0.8363334751878883,0.10986653302025517
1652,0,0,1,0.98774743,0.9549991409261969,0.9564976350698724,0.9796666815240438,0.045000859073803134
1653,9,9,1,0.9095185,0.917222468574959,0.9185042970526255,0.8845107451032994,0.08277753142504096
1654,9,9,1,0.9960395,0.975487092273808,0.976721033432734,0.9914063276284089,0.024512907726191968
1655,8,8,1,0.9986468,0.9548511003270219,0.9563527069354935,0.9927196424928583,0.04514889967297808
1656,2,0,0,0.812195,0.8827043882193093,0.8843867130322213,0.8441892456030727,0.1172956117806907
1657,5,5,1,0.9721139,0.9382272210608736,0.9398371520157691,0.946277632578676,0.06177277893912636
1658,4,4,1,0.9233739,0.9265563052967302,0.9283559236992238,0.9191110030743361,0.07344369470326984
1659,8,8,1,0.9994394,0.9635946978280909,0.9651160380478161,0.9911781506788548,0.03640530217190907
1660,3,3,1,0.5431832,0.7556815261256895,0.7560202810673301,0.6750764098280273,0.2443184738743105
1661,6,6,1,0.9946833,0.9491984522485788,0.9507210323210992,0.9918074503956282,0.050801547751421205
1662,3,3,1,0.5652509,0.5237485093260009,0.5204037008336324,0.5650427851515737,0.4762514906739991
1663,6,6,1,0.972321,0.9513070296324282,0.9528696223506504,0.947109105931245,0.04869297036757181
1664,0,0,1,0.99013466,0.9262897345496374,0.9276901195613829,0.9781345039736458,0.07371026545036263
1665,6,6,1,0.99974555,0.9473148553150266,0.9488985907078115,0.9922328418263662,0.05268514468497343
1666,6,2,0,0.62378985,0.7015405687246511,0.6996096649462421,0.6234462670636184,0.2984594312753489
1667,6,6,1,0.9988643,0.9599191388606638,0.9614448045341852,0.9870533451107271,0.04008086113933618
1668,9,1,0,0.81850165,0.8933878605738969,0.8947135050643925,0.843566873568095,0.10661213942610315
1669,6,6,1,0.98931074,0.9518012107347801,0.9533716065994848,0.9689956869171904,0.04819878926521992
1670,6,6,1,0.9455742,0.9272965042266511,0.9289862084522067,0.8988206951612763,0.07270349577334889
1671,8,8,1,0.9998417,0.9655055172693281,0.9669417787256142,0.9914541631908744,0.034494482730671905
1672,6,6,1,0.9949798,0.9636078092935907,0.965032881817118,0.9823237099762306,0.03639219070640931
1673,2,2,1,0.39418226,0.16552500817883944,0.15868571053472386,0.3380539929141802,0.8344749918211606
1674,4,4,1,0.98134845,0.9591881778259047,0.9606712081260559,0.9654507534602055,0.04081182217409529
1675,5,5,1,0.39957613,0.7040559334216167,0.704450748170516,0.6383787223633984,0.29594406657838335
1676,8,0,0,0.8019387,0.7647125262478892,0.7648677119480688,0.6375859928294908,0.2352874737521108
1677,1,1,1,0.9999094,0.9665378983390536,0.9681697604362751,0.989726565086873,0.03346210166094643
1678,2,2,1,0.91801006,0.9282483685578065,0.9298902632740893,0.8511968186149028,0.07175163144219354
1679,7,7,1,0.96034944,0.9489942923310533,0.9504062012693635,0.9397741192710495,0.05100570766894674
1680,6,6,1,0.9983669,0.9635794709318606,0.9652093731684716,0.9824479926340334,0.03642052906813942
1681,5,5,1,0.91212577,0.9031877548707531,0.904866723357581,0.8933314311178467,0.09681224512924691
1682,7,7,1,0.9331663,0.9307402524667676,0.932298399079665,0.9173999059940897,0.06925974753323239
1683,8,8,1,0.97575265,0.9495848862388335,0.9512454070185866,0.9496891440837778,0.050415113761166475
1684,1,8,0,0.87663966,0.9036998366531893,0.9050584134871384,0.8409408088567645,0.09630016334681069
1685,8,6,0,0.7601687,0.7327094303340469,0.7313151549871413,0.7354195649259339,0.2672905696659531
1686,0,0,1,0.96688634,0.9318913041228427,0.9333408251396399,0.9367563500482096,0.06810869587715729
1687,8,1,0,0.49745944,0.36884477113894276,0.36232636642827626,0.3177148161690262,0.6311552288610572
1688,6,6,1,0.955708,0.9303561547499486,0.9319094757288545,0.9252708589943004,0.0696438452500514
1689,9,9,1,0.6265347,0.7167631686353885,0.715727934513567,0.6438067425162908,0.28323683136461153
1690,2,2,1,0.9734056,0.9414561930618708,0.9429608048378094,0.9148113996357867,0.05854380693812922
1691,8,8,1,0.99998605,0.940945778127132,0.9424031982608269,0.9927196424928583,0.05905422187286802
1692,9,9,1,0.8250077,0.9079514452585242,0.9094242480687436,0.831396399951776,0.09204855474147577
1693,4,0,0,0.77794635,0.7113184076457354,0.7094903017427729,0.662720042265352,0.2886815923542646
1694,0,0,1,0.99860066,0.9468755231773553,0.9482883134020856,0.9643389731261158,0.05312447682264465
1695,9,9,1,0.99714166,0.9454983187932315,0.9467751213041896,0.9922801110115426,0.05450168120676846
1696,4,0,0,0.93959415,0.9496507267547869,0.9510343720932372,0.901275763643756,0.0503492732452131
1697,9,9,1,0.99990416,0.9446127300058382,0.9459499991102042,0.9931727544721994,0.05538726999416177
1698,5,5,1,0.8703755,0.7677090818596233,0.7668507324707636,0.5724342267938749,0.23229091814037672
1699,7,7,1,0.9819695,0.9566437966398285,0.9581355104464212,0.9705372149461832,0.04335620336017154
1700,5,5,1,0.89508945,0.8958792940122967,0.8971725206666366,0.8483443563363251,0.10412070598770329
1701,5,5,1,0.9108707,0.9139554977386262,0.915714981710204,0.8549239984289385,0.08604450226137383
1702,9,9,1,0.99336386,0.9551227150506705,0.9564699081066229,0.9866624265665266,0.04487728494932952
1703,5,5,1,0.99325526,0.954276007206343,0.9559504467528805,0.9843804535987607,0.04572399279365702
1704,3,3,1,0.58965653,0.845043267248333,0.8472762323982026,0.683219428505696,0.154956732751667
1705,0,0,1,0.89114594,0.919416819290975,0.9210100417278753,0.8660559066278158,0.08058318070902504
1706,1,1,1,0.99974316,0.9591816683782957,0.9608313885235664,0.987360768264914,0.04081833162170434
1707,9,9,1,0.99998367,0.9418661228929934,0.9432949330547014,0.9928533945737945,0.05813387710700657
1708,7,0,0,0.4074335,0.15257831029068064,0.14534459052039933,0.2852581307228979,0.8474216897093194
1709,2,2,1,0.841284,0.872415642783541,0.8735334909306034,0.8590876303400602,0.127584357216459
1710,4,4,1,0.5486964,0.4990022149426121,0.49450132922690204,0.540963731862048,0.5009977850573879
1711,1,1,1,0.99811757,0.9594279148231042,0.9610108169828846,0.986650018063995,0.04057208517689581
1712,0,0,1,0.9989573,0.966924871027078,0.9684204994663682,0.9810060616520176,0.033075128972921974
1713,8,1,0,0.3570918,0.13669131119101333,0.12945743542046065,0.24437521914399268,0.8633086888089867
1714,0,0,1,0.65546393,0.698075678065453,0.6978759903207001,0.5683870025830948,0.301924321934547
1715,3,4,0,0.5061657,0.4440602711261249,0.4389294078703941,0.44901374657190024,0.5559397288738751
1716,1,1,1,0.9999862,0.9549948356105016,0.9565133336856564,0.9927196424928583,0.04500516438949842
1717,7,7,1,0.6391969,0.7767444447076393,0.7775218045764302,0.6969846786200391,0.22325555529236074
1718,0,8,0,0.89186287,0.8611243504033119,0.8626279698568738,0.7524611211143828,0.13887564959668808
1719,0,0,1,0.99998367,0.9299578096542461,0.9313865276008548,0.9867602809192063,0.07004219034575387
1720,4,4,1,0.9067642,0.8950982734599588,0.8963628926748697,0.8755544457591793,0.10490172654004115
1721,8,3,0,0.28781608,0.06587060287559483,0.060943919621008216,0.2760596921270932,0.9341293971244051
1722,6,6,1,0.93318594,0.9265959316981303,0.9282211169387337,0.886715024743409,0.07340406830186974
1723,2,3,0,0.42952994,0.47067537618774474,0.4657413152588772,0.44059805663617807,0.5293246238122553
1724,4,4,1,0.91813517,0.9034619543478956,0.9050256019370421,0.8526546920702106,0.09653804565210444
1725,0,0,1,0.99813014,0.9641296391398857,0.9656488066323549,0.9792313169673257,0.0358703608601143
1726,0,0,1,0.9991806,0.9575657366413195,0.9591136071583237,0.9899674721935504,0.0424342633586805
1727,9,1,0,0.48022425,0.6670694714113344,0.6663304185175027,0.5290562650395473,0.33293052858866556
1728,0,0,1,0.99340594,0.9579245041119018,0.9594871050413046,0.984372336000235,0.042075495888098224
1729,8,8,1,0.99989104,0.9635451054159547,0.9649873444793475,0.9921194596334315,0.03645489458404527
1730,4,4,1,0.6653321,0.5909806574928158,0.5878027995206773,0.6447859915558242,0.4090193425071842
1731,5,3,0,0.4863618,0.3093009335885432,0.302774257873783,0.417795815525261,0.6906990664114567
1732,9,1,0,0.9889537,0.9548666240860602,0.9564311270048665,0.9845828377396016,0.045133375913939844
1733,3,3,1,0.9303753,0.9316920792833701,0.9336251030991185,0.8986690114055352,0.06830792071662994
1734,9,1,0,0.5860209,0.7690061914929769,0.7695306427702024,0.6178218457705994,0.2309938085070231
1735,0,0,1,0.8955557,0.8869441276442507,0.8882926059005655,0.8334548791986375,0.11305587235574932
1736,5,2,0,0.48303816,0.5911056854100719,0.5891111849237787,0.5303912887781965,0.4088943145899281
1737,6,6,1,0.6648308,0.6983839091947711,0.6974055502799317,0.7142581763727816,0.3016160908052289
1738,5,5,1,0.81436116,0.8796383340438823,0.8814874182215311,0.8546376643839213,0.12036166595611775
1739,0,0,1,0.6322022,0.5765849268626007,0.5731671131038035,0.6420040829663479,0.42341507313739934
1740,1,1,1,0.99993527,0.9570958030814026,0.958441534887089,0.9924157666082649,0.04290419691859737
1741,4,5,0,0.6637504,0.6122403015272393,0.6101042822192235,0.6565914638657049,0.3877596984727607
1742,8,8,1,0.99997306,0.9575495818636819,0.9591739480269397,0.9917934024584024,0.04245041813631811
1743,1,1,1,0.9999832,0.9561648755667715,0.9576021492630187,0.9928707508816639,0.043835124433228456
1744,0,0,1,0.9998186,0.9685446375834814,0.9697223916430829,0.9918611388119565,0.031455362416518584
1745,5,5,1,0.9582867,0.9319236076876501,0.933414637936067,0.9086240968033839,0.06807639231234985
1746,2,2,1,0.63481784,0.6389919030941201,0.6379267108118577,0.6122639285784139,0.36100809690587987
1747,1,1,1,0.99488306,0.9619047787238127,0.9634951213947007,0.9900022754553259,0.03809522127618725
1748,0,0,1,0.9767511,0.9356121750898886,0.9370525362348244,0.9396610492163644,0.06438782491011141
1749,2,2,1,0.9609262,0.9349970938871743,0.9365591986078117,0.9422068989037724,0.06500290611282566
1750,8,8,1,0.9740248,0.949679053656183,0.9512919678123646,0.9624552789158797,0.05032094634381701
1751,1,1,1,0.9996007,0.9709516938670781,0.9723716820996335,0.9857544780439054,0.029048306132921864
1752,5,5,1,0.888285,0.9245604713685524,0.9261368717352392,0.8617347114036505,0.07543952863144765
1753,6,6,1,0.97893,0.9505836060977932,0.9521998848108049,0.9683023462810367,0.04941639390220676
1754,7,7,1,0.793192,0.8641565298437932,0.8653744667423531,0.7848209466708185,0.1358434701562068
1755,7,0,0,0.5332378,0.34342085424331337,0.33529793999102186,0.2777106844127198,0.6565791457566866
1756,2,2,1,0.35295,0.34863558277937384,0.3425342281105221,0.4239989113305506,0.6513644172206261
1757,6,6,1,0.8834343,0.9114511740092548,0.9131505040952147,0.8527830102248035,0.0885488259907452
1758,2,2,1,0.9997354,0.948692239581621,0.9501675183706042,0.9901375821415731,0.051307760418379034
1759,5,5,1,0.7198436,0.6427068648622443,0.6405184349195173,0.6574548116918367,0.35729313513775574
1760,0,0,1,0.99552083,0.960677177989929,0.9621825105146323,0.9873234272480768,0.03932282201007098
1761,1,1,1,0.9999466,0.9500683610653875,0.9515032208796558,0.992682104773635,0.0499316389346125
1762,4,4,1,0.9793773,0.9530292771492792,0.9546720189034232,0.9600855061679892,0.04697072285072079
1763,2,2,1,0.9363593,0.9466588284919073,0.9482994588138861,0.8423854248562725,0.0533411715080927
1764,5,5,1,0.75430137,0.7793858280169277,0.7794092316943587,0.764286766368416,0.22061417198307232
1765,4,4,1,0.68769974,0.5999725774128919,0.5971597957892283,0.6183306079920281,0.4000274225871081
1766,6,6,1,0.953674,0.9380440786113187,0.9397465958355948,0.9306134289839157,0.061955921388681334
1767,2,2,1,0.872693,0.8874110889950474,0.8887169182738076,0.8578489735164949,0.11258891100495261
1768,2,2,1,0.56141347,0.7873547645975293,0.7889296337655715,0.6108325189341033,0.2126452354024707
1769,1,8,0,0.48728582,0.286425851127594,0.27957658619421727,0.43513847403660344,0.713574148872406
1770,7,7,1,0.5609578,0.598408083814312,0.5955884932203994,0.593716877743162,0.401591916185688
1771,2,2,1,0.92729354,0.9037966801750498,0.9052013452582027,0.8936365111102882,0.09620331982495023
1772,8,0,0,0.78285474,0.6902658428696354,0.6878832144573969,0.6037027136331429,0.30973415713036456
1773,5,5,1,0.87825173,0.9273382344098055,0.9288830602535841,0.8828159237176146,0.07266176559019455
1774,5,5,1,0.98203236,0.949236873262022,0.9508074662751792,0.9538883481627457,0.050763126737978004
1775,3,3,1,0.99735355,0.9517356125513275,0.9531658298049644,0.9927305636889621,0.04826438744867245
1776,0,0,1,0.9889154,0.9523558844645603,0.9538655060255996,0.9817396507323931,0.04764411553543968
1777,4,4,1,0.99637836,0.9554769512590496,0.9570380406583271,0.9919880055848584,0.044523048740950366
1778,8,8,1,0.99885714,0.9563056744444662,0.9577751791256447,0.9905401841934046,0.043694325555533764
1779,3,5,0,0.65762776,0.8047409615769563,0.8056785957296909,0.7549730408544819,0.1952590384230437
1780,7,7,1,0.83751434,0.8822132530720198,0.8833145261720745,0.8329302584021541,0.11778674692798019
1781,6,6,1,0.9999193,0.9544790546776097,0.9560562491589754,0.9918396289861655,0.04552094532239026
1782,3,3,1,0.82521033,0.7345013132359488,0.7335114394526262,0.6581080266779625,0.2654986867640512
1783,8,0,0,0.63962394,0.8508055305832263,0.8523663714283822,0.6890636344396027,0.14919446941677372
1784,1,1,1,0.99926096,0.9609333771449158,0.9624699676117964,0.9888861897158943,0.03906662285508422
1785,0,0,1,0.9363523,0.9301036918439296,0.9317308444851088,0.9372942559506917,0.0698963081560704
1786,1,1,1,0.99979943,0.9623926178681372,0.9639101087651332,0.9922677519644343,0.037607382131862765
1787,3,5,0,0.64147294,0.7749086763677914,0.7762661245521028,0.7117433936049374,0.22509132363220863
1788,3,6,0,0.54990673,0.44821423556352624,0.4422989758074757,0.5043674256400952,0.5517857644364738
1789,0,0,1,0.6715971,0.7198627414281928,0.7183634711385782,0.6726461993362061,0.28013725857180716
1790,7,4,0,0.6607678,0.72213905861715,0.7216567062815973,0.7288529048991689,0.27786094138285
1791,4,6,0,0.56838757,0.6287403327591392,0.626024433363262,0.6853926369785988,0.3712596672408608
1792,9,9,1,0.99906105,0.9595404202158392,0.9607974149266084,0.9930713091365511,0.040459579784160815
1793,5,5,1,0.91726923,0.9283493163736859,0.9298501298669959,0.8765094490544451,0.0716506836263141
1794,3,3,1,0.6085412,0.7651669793049245,0.7661262327732588,0.695512766848895,0.2348330206950755
1795,6,6,1,0.9926675,0.9648527595161849,0.9664571201583444,0.9819104650721746,0.03514724048381512
1796,0,0,1,0.8414155,0.884676209720553,0.8860598349388449,0.8265564118108117,0.11532379027944695
1797,1,1,1,0.9998673,0.9619431669495111,0.9634736844328088,0.9925697281779224,0.0380568330504889
1798,4,4,1,0.99342257,0.9492554648255777,0.9508150657199584,0.9856507273418363,0.050744535174422345
1799,4,4,1,0.98426396,0.9486749429219294,0.9500260986010702,0.9760388971888365,0.05132505707807056
1800,4,4,1,0.7571591,0.6707448255487349,0.6692167056464317,0.6493644503691104,0.32925517445126506
1801,4,4,1,0.9969644,0.9581683103240612,0.9598501562319242,0.9896674233247758,0.041831689675938755
1802,2,2,1,0.952115,0.917749646719955,0.9194276266529238,0.907047672737349,0.08225035328004504
1803,2,2,1,0.9960567,0.9576625095212552,0.959271631025729,0.9909401599018719,0.0423374904787448
1804,5,5,1,0.39756122,0.46982382809980666,0.46595564534705797,0.44673723404962856,0.5301761719001934
1805,8,8,1,0.99784005,0.9489332638922086,0.9504271139725107,0.9889234803128564,0.051066736107791444
1806,1,1,1,0.9999927,0.9410944262331815,0.9425658803535335,0.9928828063385005,0.058905573766818486
1807,5,5,1,0.92828214,0.9284671287738885,0.9299154666963689,0.8861725872399876,0.07153287122611152
1808,9,9,1,0.9981029,0.9634862128048857,0.9648651239959878,0.9922892128142401,0.03651378719511433
1809,8,8,1,0.99987316,0.9493129029663396,0.9507394645137232,0.9907293488656767,0.05068709703366037
1810,1,1,1,0.9999956,0.9482408458618355,0.9495959904312414,0.992377637696259,0.051759154138164454
1811,1,1,1,0.9985133,0.9627490103388583,0.9641818451897709,0.9926104797150554,0.03725098966114171
1812,5,2,0,0.45256847,0.3636478459061677,0.3570192929753268,0.4581275931723173,0.6363521540938323
1813,3,2,0,0.67465484,0.3123167383497014,0.3041070210710715,0.4475779829295374,0.6876832616502986
1814,9,1,0,0.7103508,0.7158853061353667,0.7145600443019489,0.647086104551031,0.2841146938646333
1815,9,9,1,0.9999485,0.9453030695247415,0.9466950378382902,0.9931711648664997,0.054696930475258476
1816,7,5,0,0.5397814,0.42206261717303084,0.41575798602089,0.49847631282633165,0.5779373828269692
1817,6,6,1,0.822527,0.8896163748538288,0.8913371261270904,0.8531069102933061,0.11038362514617117
1818,5,5,1,0.7576874,0.8659565699623439,0.8673085766872899,0.8108071549395898,0.13404343003765606
1819,0,0,1,0.9998652,0.9569619098969729,0.9584784788977636,0.9897936224089418,0.04303809010302706
1820,8,8,1,0.97901833,0.9533153986339931,0.9546698346013615,0.9702470337702604,0.04668460136600694
1821,4,4,1,0.4398164,0.5767767442566736,0.5738928647177189,0.5756349544069752,0.4232232557433264
1822,7,7,1,0.52335906,0.4096360935325983,0.4029178262212977,0.5013058170380661,0.5903639064674018
1823,0,2,0,0.6013561,0.21782881193141995,0.2097118321674143,0.43696925191466496,0.78217118806858
1824,9,9,1,0.99993014,0.9514075022533526,0.9528289529589584,0.9920496545820909,0.04859249774664742
1825,2,2,1,0.9995414,0.9494000573376944,0.950829108326436,0.9907515353648197,0.05059994266230561
1826,8,8,1,0.99979013,0.9531807395624018,0.9546259131734519,0.981418798370251,0.04681926043759821
1827,4,4,1,0.99092454,0.9629910257977864,0.9646042836789469,0.979687900158502,0.03700897420221361
1828,7,7,1,0.5364407,0.33271479834940576,0.3251573583363048,0.4920911286214352,0.6672852016505942
1829,1,1,1,0.8635092,0.8837942371255927,0.8850710380326446,0.8524993665533978,0.11620576287440731
1830,3,2,0,0.87568456,0.8804441117453379,0.8816074931541809,0.8008557390359872,0.11955588825466212
1831,9,9,1,0.9562635,0.9488284049239176,0.950193368912046,0.9392169227040363,0.05117159507608238
1832,6,6,1,0.9337294,0.9095711722666202,0.9109622549158429,0.914751127475286,0.09042882773337979
1833,8,8,1,0.99922836,0.9609346579231192,0.9623477916587434,0.9917230726700602,0.03906534207688084
1834,9,9,1,0.9903515,0.9511830367125003,0.9526971062916975,0.9853234335311432,0.04881696328749974
1835,0,0,1,0.94139904,0.9183845491718416,0.9198753926511208,0.9023052521300415,0.08161545082815835
1836,4,4,1,0.97555214,0.9480083322586534,0.9496387672030284,0.9537269358831795,0.05199166774134656
1837,9,9,1,0.7390095,0.812542703134074,0.8129164164433624,0.7171267246827653,0.18745729686592605
1838,6,6,1,0.5144883,0.5681843994113062,0.565962784070954,0.5947974797102337,0.43181560058869384
1839,7,7,1,0.9994566,0.9594177142198559,0.9607037640242072,0.9923977281392556,0.04058228578014411
1840,8,8,1,0.9941677,0.9520795723572348,0.9535672654810212,0.9868185673545685,0.04792042764276516
1841,9,9,1,0.8651635,0.8446489613738066,0.8455957023211679,0.7463515358653886,0.15535103862619337
1842,4,4,1,0.9875667,0.9445939663661607,0.9460044036362035,0.9801575143050111,0.055406033633839336
1843,8,8,1,0.99738556,0.9575928927991427,0.958940262409079,0.9917608748807818,0.042407107200857275
1844,9,9,1,0.9984804,0.9655570778981563,0.9668910559544742,0.9925623433966194,0.03444292210184374
1845,7,4,0,0.9554328,0.9223787987485323,0.923865547430224,0.913314399490593,0.07762120125146765
1846,2,2,1,0.9952579,0.9606992549421335,0.9623033775326095,0.9902856319730842,0.039300745057866515
1847,5,5,1,0.86368847,0.878703109238591,0.8799892909790396,0.8571954218050108,0.12129689076140904
1848,3,3,1,0.9195064,0.9120904810547417,0.9135822592142322,0.861793779789908,0.08790951894525834
1849,7,7,1,0.9989047,0.9434260847774354,0.9447017885667663,0.9778751208675586,0.05657391522256461
1850,1,0,0,0.9255238,0.9166754797779302,0.9179793692578379,0.8707566458559044,0.08332452022206982
1851,0,0,1,0.9950062,0.9606832204975936,0.9620242525316165,0.9795599221592016,0.03931677950240642
1852,2,9,0,0.4282232,0.2729540522947292,0.26497681917472327,0.254356701785865,0.7270459477052709
1853,9,9,1,0.99967885,0.946766856220896,0.9481508043650184,0.9931259039925112,0.05323314377910404
1854,5,5,1,0.95215786,0.9477542741259727,0.9494367529284946,0.9411235624417249,0.052245725874027316
1855,5,5,1,0.95929754,0.9361825027490962,0.9379069370397279,0.9236308862633823,0.0638174972509038
1856,8,8,1,0.9996357,0.957254374419783,0.9586829810532875,0.9905410800226028,0.042745625580216995
1857,5,5,1,0.9981243,0.9566224196058798,0.9582222151371013,0.9914113187991562,0.04337758039412021
1858,4,2,0,0.5492555,0.7175856790246415,0.717083884166689,0.6815810330521636,0.28241432097535846
1859,2,2,1,0.98600084,0.9523470979523223,0.953941942446868,0.9785432657879524,0.04765290204767769
1860,8,8,1,0.776793,0.7317836228800997,0.7298901427645654,0.7471876992281554,0.2682163771199003
1861,3,3,1,0.88436127,0.9126855394620949,0.9144031692949653,0.862802444912726,0.08731446053790515
1862,5,4,0,0.9321997,0.9296106666146935,0.9314424780552863,0.9113149177176758,0.07038933338530651
1863,5,5,1,0.5216293,0.6173878387646926,0.6158331886071401,0.5843113513772449,0.3826121612353074
1864,7,7,1,0.8852428,0.9012906067318639,0.9026702799817767,0.8643356352083432,0.0987093932681361
1865,7,7,1,0.99496007,0.957486060192922,0.9590032588768851,0.9835037513118123,0.04251393980707796
1866,8,8,1,0.99999857,0.9401323972110347,0.9416375945724857,0.9921913582240665,0.0598676027889653
1867,6,6,1,0.87784344,0.9046347849002749,0.9060943531917288,0.8708306357566242,0.09536521509972506
1868,2,2,1,0.93473697,0.9273339296518456,0.9287378905589398,0.8625359144096099,0.07266607034815442
1869,8,8,1,0.999894,0.9472027735189894,0.9487643730613977,0.9916518299477814,0.052797226481010595
1870,2,2,1,0.93834615,0.9339646990403697,0.9354942231173148,0.895632778352857,0.06603530095963028
1871,3,5,0,0.6757952,0.8286858972250057,0.8301838603213731,0.7561233361412795,0.17131410277499426
1872,5,5,1,0.83674,0.8999544439170812,0.9015236418394178,0.8603841919747299,0.10004555608291876
1873,6,6,1,0.9975631,0.9633490714039004,0.964839980857692,0.9857722612592734,0.03665092859609964
1874,8,8,1,0.99801826,0.9571387002723931,0.9585915985192889,0.9901479325664004,0.04286129972760688
1875,0,0,1,0.9805895,0.9450780035128995,0.946636500477856,0.9449969198814937,0.0549219964871005
1876,2,2,1,0.86317676,0.8655370191050578,0.8666366302448412,0.8534223162447664,0.13446298089494224
1877,3,3,1,0.9726538,0.9493494067376554,0.9510870190389954,0.9250837491506119,0.050650593262344556
1878,7,7,1,0.9846031,0.9488408057122808,0.9503638103946127,0.9686032651989949,0.0511591942877192
1879,0,0,1,0.99507105,0.9517810525154429,0.9533583095554201,0.9912808308581116,0.04821894748455713
1880,1,1,1,0.99999344,0.9530959017748284,0.954693928630664,0.9929758206435402,0.04690409822517161
1881,9,9,1,0.9980123,0.9638066697531384,0.965075914874447,0.9923931792617792,0.036193330246861555
1882,1,1,1,0.99986386,0.9529596334905449,0.9544144011699575,0.9914135479179496,0.04704036650945509
1883,3,4,0,0.5424621,0.6634280100256544,0.6637010670738764,0.620852796388336,0.33657198997434556
1884,7,5,0,0.40380445,0.15403627182332041,0.14781168794581503,0.347929849439896,0.8459637281766796
1885,5,5,1,0.5621931,0.5296980786346999,0.526456192151132,0.5801131765305297,0.47030192136530014
1886,8,2,0,0.7835803,0.7998343321667277,0.7999711197256123,0.7873578460706476,0.20016566783327228
1887,3,3,1,0.77777207,0.8332365190253432,0.8348845920234429,0.7508677985038458,0.16676348097465676
1888,2,2,1,0.9526569,0.9351495258672694,0.9367325116654113,0.9373266247873713,0.0648504741327306
1889,9,9,1,0.99901664,0.9503821467647449,0.9518490637531996,0.9924036604654954,0.04961785323525514
1890,6,6,1,0.7338945,0.6118592007524964,0.6083085064618324,0.6129520243197555,0.38814079924750355
1891,8,8,1,0.99998355,0.9567808316593391,0.9580674204434417,0.9926970698276548,0.04321916834066086
1892,6,6,1,0.7672576,0.6926836001886959,0.6908751109659437,0.6223184851570799,0.3073163998113041
1893,9,9,1,0.9998809,0.9620602790277026,0.9632085224767125,0.9925870853865567,0.037939720972297364
1894,3,3,1,0.98615533,0.9417778815835816,0.943402490893692,0.934755531780131,0.058222118416418445
1895,8,0,0,0.85972047,0.8754520555664378,0.8763700371632066,0.8555620293397271,0.12454794443356221
1896,9,9,1,0.99852896,0.9571589818969258,0.9584578470304674,0.9927596089414331,0.04284101810307417
1897,8,0,0,0.54922,0.7337199780684445,0.7336884684036388,0.5911926346698723,0.26628002193155553
1898,0,2,0,0.47112364,0.12547611725262073,0.11913210445838299,0.3133404859020769,0.8745238827473792
1899,7,7,1,0.97089064,0.943723225095165,0.945125615375647,0.9460909947263333,0.05627677490483496
1900,8,8,1,0.99997747,0.9515188468621834,0.952920525856456,0.9920428272661471,0.048481153137816646
1901,5,5,1,0.99932575,0.9480604317126862,0.9497667616338049,0.9922896154885901,0.05193956828731383
1902,0,0,1,0.94715124,0.938222107787937,0.9397150277013453,0.8815388332787655,0.06177789221206298
1903,0,0,1,0.9974688,0.9647235746896273,0.9662251509086219,0.9889049246767905,0.03527642531037267
1904,1,1,1,0.99998105,0.9638464790778241,0.9650832204968681,0.9916643385539697,0.03615352092217594
1905,3,3,1,0.33214834,0.28625692081907195,0.27937353426540895,0.4489341222532386,0.713743079180928
1906,9,3,0,0.5887784,0.4538210078312284,0.4485494784931647,0.5089272705294077,0.5461789921687716
1907,1,1,1,0.99975055,0.9649099400998864,0.9662652272707198,0.9927146620233595,0.0350900599001136
1908,5,5,1,0.5881448,0.5264605142267783,0.5220723430246439,0.4880117523714164,0.4735394857732217
1909,3,3,1,0.42581478,0.15434802612005832,0.14721994380313982,0.32483303503715183,0.8456519738799417
1910,4,4,1,0.788413,0.8454608374700637,0.8466830867954915,0.7494394557438646,0.15453916252993627
1911,4,4,1,0.98572516,0.9471772250841717,0.9488126406913541,0.978814158106895,0.05282277491582832
1912,0,0,1,0.99682933,0.9572516981397076,0.958658943656201,0.9902394906016668,0.04274830186029244
1913,9,0,0,0.47116348,0.38737026770833555,0.38151985692590995,0.27391385445703426,0.6126297322916645
1914,9,9,1,0.9991844,0.963240671353141,0.9646680547672266,0.9918840287342421,0.036759328646859046
1915,9,9,1,0.99997115,0.9510429555428743,0.952399461229818,0.9924344558780771,0.048957044457125676
1916,9,9,1,0.9897641,0.9544423017199014,0.9561272410660935,0.9653382539456724,0.04555769828009859
1917,8,8,1,0.99833184,0.9652184344829203,0.9666943118993526,0.9920297704079918,0.03478156551707967
1918,2,2,1,0.98302186,0.9611221201031152,0.9625277522588833,0.9731280911449367,0.03887787989688485
1919,4,4,1,0.92740107,0.9198541654957925,0.9214195363839184,0.911324456733995,0.08014583450420754
1920,2,2,1,0.9998487,0.9597334698050604,0.9611903512254993,0.9921788500174478,0.04026653019493964
1921,2,0,0,0.5120845,0.8019542046969308,0.8038430043997365,0.5421866880502886,0.1980457953030692
1922,5,5,1,0.8154566,0.8793159016384869,0.8805291484077612,0.8566028495327004,0.12068409836151306
1923,1,1,1,0.999044,0.9692421835144863,0.9705869195843705,0.9860732046967507,0.030757816485513678
1924,9,3,0,0.5598885,0.1916770571904856,0.18316575727079348,0.3668456915640937,0.8083229428095144
1925,1,1,1,0.9969025,0.9676657041362221,0.9689706743279938,0.9849301258139341,0.032334295863777895
1926,0,0,1,0.9970523,0.9510473347821329,0.9525884007781696,0.9862745563011316,0.04895266521786712
1927,9,9,1,0.8600075,0.8984894065199311,0.8999932717254396,0.82768601289696,0.10151059348006886
1928,4,4,1,0.8940504,0.8770781970796044,0.8782279825572814,0.850028114236361,0.12292180292039556
1929,2,2,1,0.93386257,0.8378911537349023,0.8388597521076171,0.7837806984113976,0.1621088462650977
1930,1,1,1,0.99930954,0.9671792528737827,0.9685325004042533,0.9724371761933476,0.0328207471262173
1931,6,6,1,0.9949102,0.9580349694100224,0.959354904110406,0.9908461555099001,0.04196503058997758
1932,0,0,1,0.98080105,0.9562185000967596,0.9577391329823467,0.9626087203255855,0.04378149990324043
1933,3,5,0,0.5605758,0.5221277756034841,0.5179328137853774,0.4930800191248179,0.4778722243965159
1934,7,0,0,0.96458256,0.9422423729851592,0.9438302344147049,0.9449547364585433,0.05775762701484077
1935,6,2,0,0.9233056,0.9120346862341963,0.9135034313573666,0.883481987068304,0.08796531376580374
1936,3,5,0,0.55212146,0.8410761698975046,0.8428188179252747,0.694737183784764,0.15892383010249544
1937,1,3,0,0.70945495,0.5958339344271362,0.5925328725595257,0.6470843895284497,0.40416606557286383
1938,8,0,0,0.9951638,0.9593725344257896,0.9608477512419837,0.9834599415374314,0.040627465574210375
1939,6,0,0,0.42002836,0.2443534875674349,0.2369323646128805,0.24936736864604064,0.7556465124325651
1940,5,5,1,0.7528906,0.8503468208031855,0.8514903293415745,0.7902022928646285,0.14965317919681453
1941,7,0,0,0.656045,0.7208768632053697,0.7205272772053861,0.6107537041971218,0.2791231367946303
1942,2,2,1,0.89102215,0.912667072256462,0.9144544573655903,0.8649515690757353,0.08733292774353796
1943,8,8,1,0.9999894,0.9491390746267377,0.9505731272646348,0.9926088670648623,0.050860925373262256
1944,4,4,1,0.76960415,0.8178302054980225,0.8186003793164166,0.7847207206456184,0.18216979450197746
1945,4,4,1,0.81390125,0.7388153656506344,0.7376392243614915,0.6451655883332849,0.26118463434936556
1946,8,8,1,0.9997594,0.9518096446510509,0.953439038683698,0.9864367706672468,0.04819035534894911
1947,3,5,0,0.66586286,0.8314838476000818,0.8338567170696641,0.600473658135822,0.16851615239991824
1948,5,5,1,0.8978688,0.907049642539801,0.9087918516818674,0.8724157042032319,0.09295035746019897
1949,0,0,1,0.9939546,0.9553685035563415,0.9568120026412482,0.9796667747075652,0.04463149644365849
1950,5,5,1,0.34631234,0.19048722062880719,0.18386590348064757,0.3333777578724914,0.8095127793711928
1951,7,7,1,0.94836706,0.8788628975993337,0.8800499948455891,0.8115578581038185,0.12113710240066633
1952,4,4,1,0.99932075,0.9489044301540996,0.9505454202829751,0.990943526759694,0.05109556984590036
1953,4,4,1,0.5431755,0.7438249890032153,0.7444392415109244,0.60170603292899,0.25617501099678475
1954,2,2,1,0.9396776,0.9193673864660749,0.9208310742917094,0.9221271688784445,0.08063261353392515
1955,2,2,1,0.8788111,0.8981892599110252,0.8995141762307873,0.8751366152538133,0.10181074008897484
1956,7,7,1,0.8643853,0.8974553174104887,0.8987694931402954,0.8262070214605437,0.10254468258951133
1957,3,7,0,0.2510831,0.17843561286568108,0.17127744690533497,0.3773329314304446,0.8215643871343189
1958,6,6,1,0.9086891,0.9126418950287482,0.9142245406747709,0.8504267715366686,0.08735810497125185
1959,0,0,1,0.9759892,0.955525405575717,0.9572003128505572,0.9660880100508211,0.04447459442428303
1960,2,2,1,0.53309095,0.7898144309825728,0.7908632783783307,0.6401036464668236,0.21018556901742724
1961,7,7,1,0.98942953,0.9642996817575092,0.9656956428249187,0.979896781813447,0.03570031824249076
1962,6,6,1,0.9980186,0.9595403060537407,0.9612626373151985,0.9893163614490997,0.040459693946259256
1963,2,2,1,0.9993094,0.9487222096682819,0.9500854218333162,0.9834028583743261,0.05127779033171809
1964,3,3,1,0.97255635,0.9462195997159639,0.9480608656069441,0.9203253018656967,0.05378040028403608
1965,0,0,1,0.9392567,0.9176796962110758,0.9190115130876414,0.8481574529460373,0.08232030378892419
1966,7,7,1,0.9813613,0.9554849511219355,0.9569838315578919,0.9648914619308167,0.044515048878064456
1967,7,7,1,0.9955705,0.9567400777315083,0.9581332187872748,0.9930103654775576,0.043259922268491735
1968,8,8,1,0.9976579,0.9634204667314332,0.965253576217531,0.9913574855410581,0.03657953326856678
1969,1,9,0,0.54285055,0.5119703729645492,0.5079867641590109,0.43193815811257663,0.48802962703545083
1970,1,1,1,0.9776278,0.9402804410888221,0.9420314456318635,0.9342689350171482,0.05971955891117786
1971,4,4,1,0.8602589,0.8795052463315141,0.8810958385153898,0.8544937032108278,0.12049475366848594
1972,6,6,1,0.56064063,0.5745563731779088,0.5718570956844627,0.5878928429187175,0.42544362682209125
1973,0,0,1,0.9630662,0.9251359311491676,0.9266324112200258,0.9401912407172988,0.07486406885083241
1974,6,6,1,0.99971193,0.9593631409286119,0.960835117963275,0.9921788500174478,0.04063685907138814
1975,6,6,1,0.9814802,0.9635875105674943,0.9648935109083201,0.972880385142982,0.036412489432505746
1976,5,5,1,0.92595667,0.935833437759382,0.9375484429735855,0.893745779045748,0.06416656224061801
1977,5,5,1,0.91888595,0.9261919162341886,0.927967436865454,0.9092649037316646,0.07380808376581138
1978,6,6,1,0.99308586,0.955512739516365,0.9569912443132111,0.9839329667433426,0.04448726048363505
1979,3,6,0,0.63407993,0.7111296970647639,0.7103337432336154,0.5847755323264484,0.2888703029352361
1980,9,9,1,0.91469324,0.9065422836609045,0.9075740631545165,0.8716236866662599,0.0934577163390955
1981,3,3,1,0.5264071,0.6184904077941245,0.6170946203730516,0.6064368930485162,0.38150959220587555
1982,6,6,1,0.99977404,0.9464233631675005,0.948078420299118,0.9911210608451424,0.05357663683249947
1983,8,2,0,0.2720026,0.19704343940249208,0.1903007161323726,0.27413084616162714,0.802956560597508
1984,7,7,1,0.9401806,0.9257601638019903,0.9273603818668995,0.9241949454745847,0.07423983619800967
1985,6,2,0,0.65882856,0.5811745340823069,0.577793654572049,0.47917642286072465,0.4188254659176931
1986,4,2,0,0.6117787,0.2747537243846107,0.26723280594696797,0.4183688618292215,0.7252462756153892
1987,9,9,1,0.9988852,0.9498501157238307,0.9511909721348031,0.9926970698276548,0.05014988427616929
1988,5,5,1,0.9358601,0.9300517091418115,0.9321399952441884,0.8948038190366421,0.06994829085818854
1989,6,4,0,0.6875991,0.5565081742881646,0.5520395230261411,0.5676760809375633,0.44349182571183543
1990,4,4,1,0.6745021,0.8089909047049559,0.8097969618446674,0.7500087701666271,0.19100909529504406
1991,1,1,1,0.99996495,0.9500002667956838,0.95146639300642,0.9903550823623043,0.049999733204316166
1992,6,6,1,0.9992924,0.9706224192444802,0.9717717973021214,0.9916816408103523,0.029377580755519772
1993,3,4,0,0.6176341,0.6870840766613437,0.6863061467916974,0.6340379263325778,0.31291592333865625
1994,8,8,1,0.9447236,0.9297243368180105,0.9313475594388088,0.9308328531438668,0.07027566318198952
1995,2,2,1,0.98658895,0.9552813814982223,0.9567560497441113,0.9818161676082756,0.04471861850177772
1996,3,5,0,0.49369338,0.679849058655299,0.6796089043008788,0.6082588821930869,0.320150941344701
1997,9,9,1,0.96432173,0.9446178727791285,0.9460475062473532,0.9193546860400003,0.055382127220871546
1998,8,8,1,0.9024563,0.8226553570175461,0.8232102850721904,0.7298558503248931,0.1773446429824539
1999,5,5,1,0.9976285,0.9379306346143906,0.9393239002747584,0.9859149832659425,0.062069365385609365
2000,1,1,1,0.95235157,0.9116480152545435,0.9129496852769334,0.9108072796813819,0.08835198474545647
2001,5,2,0,0.4365534,0.5525991708283177,0.5500625022265344,0.578760303747557,0.44740082917168233
2002,4,2,0,0.66785115,0.7512478354392786,0.7519430935894339,0.627370443886401,0.24875216456072136
2003,5,5,1,0.615734,0.6996244075457161,0.6989612812018171,0.7641340708883471,0.3003755924542839
2004,7,7,1,0.6894145,0.9221788549787304,0.9256888435510764,0.7106957847812475,0.07782114502126958
2005,5,5,1,0.56061125,0.6175097856425158,0.6157293358943657,0.5852158108635135,0.3824902143574842
2006,7,7,1,0.92103326,0.9282140620071229,0.9296173875952964,0.9084734312641604,0.07178593799287714
2007,8,8,1,0.9826764,0.9604548502179607,0.9621230805627536,0.9724933311377061,0.03954514978203927
2008,9,9,1,0.98695314,0.9597154762526474,0.9610520492362508,0.9809912348868538,0.040284523747352585
2009,1,1,1,0.9993568,0.957767820945087,0.9590213923262227,0.985217138407751,0.042232179054913055
2010,7,2,0,0.7765786,0.7571499062371478,0.7556885440375052,0.7529805761321597,0.24285009376285216
2011,2,2,1,0.6138697,0.8168133005516394,0.8186291461079535,0.628543023361387,0.18318669944836063
2012,5,5,1,0.9459102,0.9281220440833853,0.929833748205907,0.8853500182119289,0.07187795591661472
2013,6,6,1,0.77829814,0.8305414775277942,0.8312301027706023,0.7820238930964272,0.16945852247220583
2014,8,8,1,0.9988876,0.957119999384461,0.958559303735542,0.9901474226957612,0.04288000061553898
2015,4,4,1,0.9718546,0.9387552209378042,0.9403984013635803,0.9467289601343114,0.06124477906219583
2016,6,6,1,0.7345598,0.8389794642134744,0.8401109418060065,0.737433863492878,0.16102053578652564
2017,5,2,0,0.3692153,0.17623212466459676,0.16937137036823635,0.34898293739095804,0.8237678753354032
2018,3,6,0,0.7403936,0.4394960461418996,0.4326077800076968,0.5454759564487454,0.5605039538581005
2019,9,9,1,0.9506354,0.9412981442465022,0.9426094880151088,0.9353078065368517,0.058701855753497845
2020,9,9,1,0.99988294,0.9581042811499675,0.959441309896415,0.9926579229362267,0.041895718850032515
2021,8,8,1,0.9271636,0.9319058602940394,0.9336123779004633,0.9215555954531685,0.06809413970596057
2022,5,5,1,0.7133622,0.8574030342832811,0.8588002937466361,0.7941930603686174,0.14259696571671887
2023,5,3,0,0.54867625,0.5667433079700308,0.562989622389478,0.6057759741786599,0.4332566920299692
2024,6,6,1,0.9146455,0.9238469255772849,0.925683521353878,0.8850650439528271,0.07615307442271513
2025,4,4,1,0.9982906,0.8906442400860396,0.8922160676506332,0.9812241407987579,0.1093557599139604
2026,5,5,1,0.7157955,0.6362810323880496,0.6339795595345246,0.5706808767917871,0.36371896761195044
2027,9,3,0,0.8167764,0.7816233008860394,0.781489912684849,0.7622967126800647,0.21837669911396063
2028,7,7,1,0.74729204,0.795171144018757,0.7956901549499636,0.7691028698905142,0.204828855981243
2029,3,5,0,0.5230411,0.6640569190405231,0.6636804557235569,0.5885345794289764,0.3359430809594769
2030,4,4,1,0.9478113,0.9325662861996215,0.934107042154949,0.9082797345996575,0.06743371380037855
2031,1,1,1,0.9990988,0.968410818052179,0.969681353747225,0.9930199837798868,0.03158918194782101
2032,4,2,0,0.33122307,0.3817201612094253,0.3768900102289259,0.5504702100995579,0.6182798387905747
2033,2,2,1,0.8727424,0.8788111486114157,0.8801552517519564,0.8577343201983224,0.12118885138858426
2034,3,4,0,0.9218375,0.9281443284603625,0.9299719732672695,0.9086354349858676,0.07185567153963746
2035,6,6,1,0.9827596,0.9521235816049016,0.953684352665149,0.9704686277097302,0.047876418395098375
2036,5,3,0,0.7965018,0.8377007429839691,0.838295301819378,0.8110557587505112,0.16229925701603087
2037,5,5,1,0.97761905,0.9539361925471,0.9552724997567018,0.9713004514428593,0.04606380745289995
2038,2,2,1,0.75890297,0.6802919475895454,0.6791328429501515,0.6044650077400273,0.31970805241045464
2039,8,8,1,0.9921795,0.9738021717893991,0.9750973565632914,0.9869377970811878,0.026197828210600904
2040,0,0,1,0.99869114,0.9591426423173195,0.9607690014645387,0.9918449215136051,0.040857357682680506
2041,0,0,1,0.94283843,0.8952758576492694,0.8964359489418551,0.9060669507177372,0.10472414235073058
2042,1,1,1,0.9999887,0.9563267004340033,0.9578562229728742,0.991627897647119,0.04367329956599675
2043,8,8,1,0.6377094,0.8391246834772204,0.8407159895214112,0.7001580198126796,0.16087531652277964
2044,3,5,0,0.53203535,0.842529093643933,0.8444367438648179,0.7164021366113306,0.15747090635606698
2045,1,1,1,0.99913317,0.9682882179034298,0.9696290349255623,0.9930706260488988,0.03171178209657022
2046,3,3,1,0.49444473,0.6036699091095572,0.6016561449192614,0.5929154173667395,0.3963300908904428
2047,5,5,1,0.80983394,0.8772331791622759,0.8787240778833624,0.844116060729966,0.12276682083772406
2048,8,8,1,0.9999862,0.9374671984604473,0.9388735661287586,0.9926444157771183,0.06253280153955265
2049,3,3,1,0.5174804,0.6879172474462771,0.6876497048936664,0.6491590657649374,0.31208275255372286
2050,8,8,1,0.9990946,0.9499868815659663,0.951409454636501,0.9916458291150109,0.050013118434033665
2051,5,5,1,0.9720596,0.9324041286336427,0.933843801884809,0.9502305627344789,0.06759587136635725
2052,8,8,1,0.99999857,0.9383499158179331,0.9398224147573183,0.9921913582240665,0.061650084182066855
2053,6,6,1,0.9978002,0.9489984831748947,0.950524895020179,0.9895452735641702,0.05100151682510534
2054,3,3,1,0.72427034,0.7382676544083306,0.7382661086162412,0.5893572108586294,0.26173234559166936
2055,5,5,1,0.9857599,0.9504952189005313,0.9521583107020288,0.978447176082197,0.04950478109946865
2056,5,5,1,0.90846205,0.9311484408897265,0.932858464716081,0.8810172716277164,0.06885155911027352
2057,5,5,1,0.98279727,0.9430567276072974,0.9448422368332872,0.9548140951369112,0.05694327239270258
2058,0,0,1,0.9974274,0.9659804129631805,0.9673438987590988,0.9841121829711021,0.03401958703681951
2059,9,0,0,0.9941433,0.9568941531987527,0.9585774908649132,0.9834133357336861,0.043105846801247294
2060,5,5,1,0.8662843,0.9169768536893852,0.9187640526139216,0.864799666922145,0.0830231463106148
2061,5,3,0,0.40087777,0.4161627971565262,0.4109620289651291,0.41162298131330977,0.5838372028434737
2062,7,7,1,0.9428164,0.9381804970083605,0.9399089084440433,0.8873157086404411,0.06181950299163952
2063,1,1,1,0.99997807,0.9463379601452291,0.9477399045110826,0.9929630483212343,0.053662039854770915
2064,8,8,1,0.9997358,0.9644670326217009,0.9658556881507114,0.9899943085941578,0.03553296737829914
2065,2,2,1,0.75336236,0.8112452853383194,0.8127285158599526,0.7759307401007304,0.1887547146616806
2066,2,4,0,0.51720315,0.5132917690057657,0.509881214941154,0.49305054494718853,0.4867082309942343
2067,7,4,0,0.56354284,0.572482867858832,0.568597206043145,0.6062376839870527,0.42751713214116804
2068,3,3,1,0.98087114,0.9322992871592912,0.9337916064093423,0.9652920788996459,0.06770071284070878
2069,4,4,1,0.55130917,0.5679467148687503,0.5640906976312289,0.5731120820077404,0.43205328513124974
2070,2,2,1,0.99991333,0.9498351782293186,0.9513644945790658,0.9913743280697729,0.05016482177068138
2071,9,9,1,0.9987931,0.9399074408765454,0.9413232754963361,0.9923920221983278,0.06009255912345457
2072,6,6,1,0.9986506,0.9479094303881744,0.9492234235503448,0.9910101923945774,0.052090569611825566
2073,2,2,1,0.99766845,0.9504413119399443,0.9520675836602313,0.989450531702188,0.0495586880600557
2074,2,2,1,0.9997986,0.9459764231987358,0.9473583512311212,0.9858888798929271,0.05402357680126424
2075,4,2,0,0.7339045,0.7370608410544215,0.736114380038868,0.5634959649157886,0.2629391589455785
2076,3,3,1,0.9015176,0.900154465253818,0.90173828258291,0.8160693583733412,0.09984553474618196
2077,0,0,1,0.9989635,0.9617054025099989,0.9632291478358033,0.9906680274245057,0.03829459749000108
2078,2,6,0,0.9066406,0.9074590074664839,0.9089586494626279,0.8630888059447187,0.09254099253351611
2079,0,0,1,0.9501832,0.9377516315477689,0.9393192156498045,0.9192981196422363,0.06224836845223114
2080,1,1,1,0.90737426,0.9207200886737367,0.922171167182139,0.8695104316272381,0.07927991132626333
2081,3,6,0,0.49597356,0.526735633852704,0.5234744512088196,0.435880488947146,0.47326436614729595
2082,2,2,1,0.999175,0.9449594222843597,0.9464747422878617,0.9892106486078684,0.055040577715640304
2083,2,2,1,0.9958132,0.9631365644481612,0.9647412287695107,0.98280069112373,0.0368634355518388
2084,7,7,1,0.9967206,0.9596116098319293,0.960992152195299,0.9926431198048689,0.04038839016807072
2085,0,0,1,0.52953506,0.7904236122219785,0.7917157769655476,0.6850023045999489,0.20957638777802146
2086,1,1,1,0.90137714,0.934485146424642,0.9359308254010719,0.8467114793695412,0.06551485357535802
2087,0,0,1,0.84054255,0.7393695547197361,0.7379279993025567,0.6055401892919611,0.2606304452802639
2088,7,2,0,0.39989313,0.6213041537293038,0.6195573633396009,0.6080055156903185,0.3786958462706962
2089,7,7,1,0.9922611,0.9645781616094153,0.9658020791542813,0.9859804853769218,0.03542183839058466
2090,2,2,1,0.99098223,0.9387601606682467,0.9403021061679522,0.9828765482979175,0.061239839331753254
2091,0,2,0,0.46266297,0.5777625234385878,0.5753689429085854,0.5347529699954436,0.4222374765614122
2092,1,1,1,0.9998845,0.9545767412784775,0.9560364188746227,0.9926121123322812,0.04542325872152253
2093,6,6,1,0.99974746,0.946496907454341,0.9480093587315803,0.9927708351623032,0.05350309254565899
2094,5,5,1,0.9599208,0.9415196862885831,0.9431375469104197,0.9238441908460941,0.05848031371141693
2095,0,0,1,0.8414821,0.8751757203229227,0.8763074390127865,0.8336175538830757,0.12482427967707732
2096,2,2,1,0.78551406,0.7053647885051603,0.702982518197013,0.572106670746828,0.29463521149483973
2097,2,2,1,0.99470127,0.9365872710155305,0.9382557183386038,0.9551618916509138,0.06341272898446948
2098,0,0,1,0.9861535,0.9587685888203458,0.9604709732436311,0.9728591128262597,0.04123141117965423
2099,1,1,1,0.99983144,0.9628045663593966,0.9642259513346569,0.9913883404625017,0.037195433640603404
2100,2,2,1,0.94468665,0.9487034372436982,0.9504779407305947,0.8928343323632397,0.05129656275630179
2101,6,6,1,0.5262205,0.6652298701334199,0.6643656104253537,0.5853370835760453,0.33477012986658006
2102,0,0,1,0.9997651,0.947771191274039,0.9492437542648625,0.9902941440726051,0.05222880872596103
2103,1,1,1,0.9833559,0.9526722471991537,0.9542058289310008,0.9616366233065627,0.047327752800846334
2104,6,6,1,0.9916136,0.9615160871187276,0.9632692919310611,0.9844683355777692,0.0384839128812724
2105,6,6,1,0.852116,0.8694818725982009,0.8705201694222202,0.8402078516593876,0.13051812740179913
2106,5,5,1,0.57783085,0.8447614194945242,0.8465946317641145,0.7059894312380597,0.1552385805054758
2107,3,3,1,0.92824185,0.9287530129075835,0.9302649038776889,0.8882512466687796,0.0712469870924165
2108,4,5,0,0.40987834,0.4957291743152137,0.492158835755805,0.46941375679240066,0.5042708256847863
2109,0,0,1,0.9992976,0.9564522233620945,0.9580288670820393,0.985855582881557,0.043547776637905544
2110,0,0,1,0.9959164,0.9514385819107971,0.9530355655216235,0.9870475840393682,0.04856141808920289
2111,9,1,0,0.9548456,0.9448288611308687,0.9462237764937181,0.9189143193059391,0.055171138869131275
2112,1,1,1,0.99958724,0.9562249185188506,0.9576935745288845,0.9922325310383401,0.04377508148114939
2113,0,0,1,0.9994822,0.9544389559655478,0.9560207273738779,0.986095450958565,0.04556104403445216
2114,2,2,1,0.9865128,0.961204474107175,0.9626661619040265,0.9801969925303601,0.03879552589282498
2115,5,5,1,0.9978968,0.9447701556589425,0.9462549904621602,0.9905745036530452,0.05522984434105749
2116,9,9,1,0.99871755,0.9570766661536716,0.9585204587695068,0.9925031167233513,0.042923333846328404
2117,7,7,1,0.9991567,0.9526997713809692,0.9542320193458442,0.9901985977109257,0.047300228619030826
2118,8,8,1,0.9999652,0.9541985081435749,0.9556987560182486,0.9909352952794758,0.045801491856425125
2119,6,6,1,0.9235475,0.9269515221328266,0.9284589436802,0.9135952714394341,0.07304847786717339
2120,4,4,1,0.97620004,0.9458765646450505,0.9474443232764969,0.955612735682006,0.054123435354949456
2121,6,6,1,0.9864336,0.9352103024303713,0.9369468984693534,0.9783881984301032,0.06478969756962871
2122,0,0,1,0.9986533,0.9518950851357164,0.9531986163942848,0.9844002172665092,0.04810491486428359
2123,2,2,1,0.99932504,0.9531015332257127,0.9545417888118546,0.9917507938728928,0.04689846677428733
2124,0,0,1,0.9980482,0.9593652986659524,0.960775707583548,0.9831621378969133,0.04063470133404756
2125,1,1,1,0.99269533,0.9479361153401866,0.9494084981996411,0.983931082245748,0.052063884659813375
2126,9,9,1,0.97432786,0.955787638551582,0.9571039407650485,0.9482966800314456,0.044212361448418
2127,2,2,1,0.49298668,0.7321537828072595,0.7326966325313435,0.6423683964511252,0.2678462171927405
2128,4,6,0,0.92146033,0.9166391735438463,0.9181157123813402,0.9118939161870206,0.08336082645615372
2129,9,9,1,0.9629748,0.9408390327692068,0.9423684878007033,0.9362683068840506,0.05916096723079323
2130,0,0,1,0.99641824,0.9523312487452227,0.9536924659145873,0.9829212782784623,0.04766875125477732
2131,7,7,1,0.80916566,0.7923474133620003,0.792113631424857,0.7990749358536497,0.20765258663799968
2132,2,2,1,0.9155752,0.9092981559132806,0.9107808562830448,0.8920387770196139,0.09070184408671944
2133,3,3,1,0.9764534,0.9597883450528005,0.9611058644532391,0.944587922440319,0.04021165494719947
2134,4,4,1,0.9576146,0.9252847370098861,0.9265723293435684,0.9330290776328867,0.07471526299011388
2135,8,8,1,0.99996114,0.9576482205608992,0.9591342190565423,0.9913101585894586,0.042351779439100845
2136,0,0,1,0.4412369,0.42669550083808605,0.42030411178740895,0.5762899912035631,0.573304499161914
2137,2,2,1,0.98977274,0.9504800864668784,0.9521147844207232,0.9771297323622925,0.04951991353312157
2138,6,6,1,0.998178,0.9651823402474766,0.9666992419869099,0.9916830189554662,0.03481765975252338
2139,8,8,1,0.8942585,0.9135995616081052,0.9153815980796267,0.8382676085677807,0.08640043839189482
2140,9,9,1,0.9998242,0.9564366402303339,0.9576868094330474,0.9932063874186925,0.04356335976966608
2141,7,5,0,0.7542177,0.8421418003660038,0.8431060865944268,0.7744436286128945,0.15785819963399617
2142,1,1,1,0.9983346,0.9671921548176385,0.9686657989594508,0.9876654430054679,0.03280784518236146
2143,9,9,1,0.9551659,0.9191348657289483,0.9204322334535039,0.9207723568225048,0.08086513427105169
2144,3,3,1,0.83810216,0.8649805118988688,0.8661112156370062,0.8377516852933894,0.13501948810113118
2145,7,4,0,0.82441205,0.797003916259192,0.7971255872370854,0.7818846159447312,0.20299608374080802
2146,2,2,1,0.999474,0.9523768412184769,0.9539740608208284,0.9870598730062089,0.04762315878152312
2147,7,7,1,0.63768363,0.30502018417936944,0.2965533963450224,0.40190642629442275,0.6949798158206306
2148,9,9,1,0.99620867,0.9636033691039853,0.9649517499345758,0.9930555073852813,0.03639663089601475
2149,6,6,1,0.9993368,0.958121798919074,0.9596206845471961,0.9912462771929303,0.04187820108092599
2150,9,9,1,0.99577904,0.9592809674420814,0.9605854242411666,0.9925106199222539,0.040719032557918644
2151,5,5,1,0.31021702,0.17600167483359969,0.16934310939112338,0.3267881466424051,0.8239983251664003
2152,7,7,1,0.9529373,0.9362021538126702,0.9376842272180067,0.9420742348362655,0.06379784618732975
2153,8,8,1,0.8144578,0.8773699071624466,0.8786418342906602,0.8205894846690625,0.12263009283755344
2154,5,5,1,0.9258244,0.9302997774467412,0.9318805925707953,0.8718716184389718,0.0697002225532588
2155,9,9,1,0.7641241,0.7893509915841916,0.789674856727607,0.7255260580508798,0.21064900841580836
2156,8,8,1,0.98947436,0.9599512687634146,0.9615303559789642,0.9840218131783758,0.040048731236585366
2157,3,3,1,0.6945935,0.7993581685431931,0.8001126625188931,0.7085033528525433,0.20064183145680692
2158,9,9,1,0.9995772,0.9576884809946915,0.959158228533924,0.9928707508816639,0.042311519005308496
2159,8,5,0,0.27667007,0.06800301528259431,0.06324095142827736,0.2652624264746058,0.9319969847174057
2160,0,0,1,0.99973065,0.9485864572941074,0.9500780948255454,0.9908452744492654,0.0514135427058926
2161,5,5,1,0.35449117,0.17086531259399976,0.1641779051854559,0.340893177092542,0.8291346874060003
2162,5,5,1,0.95094603,0.9392234062732026,0.9410883267938883,0.943493614255928,0.060776593726797445
2163,7,7,1,0.43293306,0.34053776127609436,0.3340249615450136,0.3709836562718506,0.6594622387239056
2164,1,1,1,0.9998104,0.9682595603326749,0.9695144798537196,0.9924889033933566,0.03174043966732509
2165,2,0,0,0.94552565,0.9265061610957837,0.9280331732020416,0.9263324849081382,0.07349383890421635
2166,0,0,1,0.6016293,0.7342786216478144,0.7342203631967464,0.6093801819431394,0.26572137835218557
2167,7,5,0,0.6438647,0.6495907048693651,0.6479014213128133,0.6113389181734898,0.3504092951306349
2168,5,5,1,0.9814169,0.9546324554474029,0.9561248534269995,0.9699785539893737,0.04536754455259706
2169,8,0,0,0.90944934,0.8118908064737724,0.8120131556116851,0.732709500563124,0.18810919352622757
2170,2,2,1,0.99890816,0.9524540127339438,0.9539818897584721,0.9898292567819431,0.04754598726605619
2171,2,2,1,0.93234,0.9273622378165844,0.9289336965270489,0.8955818887563844,0.07263776218341556
2172,5,4,0,0.7591644,0.6485341418579518,0.6459263435670761,0.6450682645623311,0.3514658581420482
2173,3,6,0,0.4572355,0.4078416911729401,0.40146245436038774,0.45114340061397606,0.5921583088270599
2174,9,9,1,0.8281118,0.8720262222053409,0.8731109049601821,0.8471957943605141,0.12797377779465913
2175,3,5,0,0.36099344,0.2696913378761917,0.26234065715861876,0.4205411667807512,0.7303086621238083
2176,1,1,1,0.6874002,0.6925184045426563,0.690361493077462,0.5910451378915031,0.30748159545734366
2177,9,9,1,0.9314621,0.9262433605437348,0.9277321833922603,0.9140457821440034,0.0737566394562652
2178,3,3,1,0.76739913,0.8927028990416254,0.8942361581567349,0.7957091703371789,0.10729710095837464
2179,1,1,1,0.9995363,0.9543442658606084,0.9556190984837204,0.984559331556333,0.04565573413939161
2180,4,4,1,0.94663215,0.9352639797771808,0.9371474999905882,0.906664153748965,0.06473602022281921
2181,3,0,0,0.34356847,0.1545426011309693,0.14635843788847314,0.2438173327015974,0.8454573988690307
2182,4,4,1,0.99739385,0.9556713919426484,0.9571322542676212,0.9899389692690638,0.044328608057351615
2183,4,4,1,0.9881281,0.9241326955641462,0.9256213840297521,0.9814889288758125,0.07586730443585377
2184,9,9,1,0.99969745,0.9377912038684529,0.9391733516335634,0.993017884620642,0.06220879613154706
2185,0,0,1,0.9980215,0.961509353132764,0.9629440254332434,0.9887766876084446,0.03849064686723602
2186,9,1,0,0.72331524,0.6443626423255179,0.6410857091722987,0.6999006299302976,0.3556373576744821
2187,5,3,0,0.76608384,0.8652329626053394,0.8664910250774177,0.7856296192038686,0.13476703739466056
2188,9,9,1,0.99993515,0.9534953697860375,0.955016132616217,0.9928016170686884,0.04650463021396245
2189,2,2,1,0.9693517,0.9331913528268905,0.9345416082003627,0.9611411332907874,0.06680864717310953
2190,9,1,0,0.5049752,0.7894358721144631,0.7911902131736088,0.6101570871029194,0.2105641278855369
2191,4,4,1,0.50695014,0.3917895395518318,0.3851259505474405,0.4448361538653123,0.6082104604481682
2192,0,0,1,0.9940701,0.9447850796740618,0.9462488714789781,0.9724373099956312,0.05521492032593822
2193,2,0,0,0.57187515,0.7389064281832824,0.7398104704050896,0.6123995167908934,0.26109357181671755
2194,8,8,1,0.9999869,0.9452616719882183,0.946683867933062,0.9922794762198441,0.05473832801178169
2195,4,4,1,0.9815778,0.9532016049592749,0.9546376959929511,0.9727013132714756,0.04679839504072514
2196,8,8,1,0.98951423,0.9661819925304052,0.9675049726304824,0.9830272043209924,0.033818007469594846
2197,6,6,1,0.99358916,0.9533493956588248,0.9550350029149339,0.9827817160410482,0.046650604341175184
2198,8,8,1,0.80663526,0.8893220386406059,0.8906696107642382,0.8258451625111508,0.11067796135939412
2199,2,2,1,0.9918751,0.95984092569296,0.961339432979137,0.9852226310459935,0.04015907430704002
2200,0,0,1,0.95190537,0.9351149443091675,0.936959027875897,0.9190007107459802,0.06488505569083247
2201,5,5,1,0.9961228,0.9577935572082857,0.9594474933567358,0.9915014915722513,0.04220644279171426
2202,9,9,1,0.99973196,0.9490926795774113,0.9504378785056923,0.9935714412802192,0.05090732042258872
2203,6,6,1,0.9695342,0.9497266028522843,0.9510968412608837,0.9529734708792935,0.050273397147715726
2204,9,9,1,0.9976921,0.9649300261877137,0.9662464232412029,0.9927397167506244,0.03506997381228627
2205,5,5,1,0.6126577,0.8192787634507427,0.8202362579546956,0.706762252652211,0.1807212365492573
2206,1,1,1,0.9992384,0.9719385859930393,0.9731131664617446,0.9925767854161743,0.028061414006960717
2207,3,3,1,0.8235486,0.8371170363768734,0.8380529665206361,0.7812343473595754,0.1628829636231266
2208,4,4,1,0.999881,0.9501105769814211,0.9516163689670804,0.9914092456613095,0.049889423018578904
2209,4,4,1,0.99786794,0.964091595153571,0.965638092154176,0.987650404342504,0.03590840484642899
2210,2,2,1,0.93421024,0.887327197491372,0.8882390998045842,0.8789771471944107,0.11267280250862799
2211,7,7,1,0.8069792,0.8860995066334654,0.8873533484545538,0.806884666180083,0.11390049336653463
2212,2,2,1,0.97419226,0.940495526073976,0.9420736762152597,0.958734274094628,0.05950447392602398
2213,4,2,0,0.64331424,0.19577665369264846,0.1881322838175571,0.42306756563273523,0.8042233463073516
2214,4,4,1,0.72553056,0.7600705509409629,0.7595722442632626,0.7313379811497005,0.23992944905903713
2215,0,0,1,0.99935406,0.9542942387525137,0.9558787652834864,0.9850854611783967,0.045705761247486265
2216,2,2,1,0.8187074,0.8793055936297159,0.880729003280484,0.8487001703171968,0.12069440637028406
2217,8,8,1,0.9999795,0.9454215969272836,0.9469288205999992,0.991948444512597,0.05457840307271644
2218,4,4,1,0.999564,0.946779109956867,0.9484814546850199,0.9917002513929816,0.05322089004313302
2219,5,5,1,0.8149941,0.7641704556868044,0.7642276663661234,0.7440359577975194,0.23582954431319558
2220,1,1,1,0.99999785,0.9229934718793631,0.9241325137455075,0.9931711648664997,0.07700652812063691
2221,2,2,1,0.99778384,0.959007296569097,0.960486483630692,0.9904566890614506,0.040992703430903
2222,6,6,1,0.8416177,0.8939130095874779,0.8955369289868841,0.8216370331370024,0.10608699041252212
2223,8,8,1,0.9067487,0.8672054293076942,0.8687150464059129,0.7524427566496945,0.13279457069230582
2224,1,1,1,0.998733,0.9649664351596524,0.9664172120677261,0.9894130708059925,0.035033564840347586
2225,7,7,1,0.9852946,0.9608321830168259,0.9621777746734754,0.9763507770717235,0.039167816983174064
2226,2,6,0,0.9979748,0.9558557162778698,0.957335937286679,0.9921217556103441,0.044144283722130195
2227,8,8,1,0.9944088,0.9626269107074672,0.964114819524863,0.9905138873001701,0.0373730892925328
2228,7,7,1,0.35325295,0.4171467960077083,0.4119212410382994,0.46076004543979826,0.5828532039922917
2229,4,4,1,0.97092044,0.9410901690568695,0.9426613228895185,0.947367561589334,0.058909830943130514
2230,3,3,1,0.9937961,0.946523525673113,0.9480588825698644,0.9819618774394954,0.05347647432688696
2231,3,5,0,0.53466976,0.6193758882030072,0.617794389205221,0.4915158226170464,0.38062411179699285
2232,0,7,0,0.41838846,0.41722386373835274,0.41107822487707846,0.43678206495083893,0.5827761362616473
2233,3,5,0,0.41568264,0.21132355830053468,0.20364225831894692,0.266374779655793,0.7886764416994654
2234,7,7,1,0.9863344,0.9355375428093062,0.9371346455768259,0.7864189128917674,0.06446245719069377
2235,2,2,1,0.999183,0.9611916584645922,0.9628062460020155,0.991668908083752,0.0388083415354078
2236,5,5,1,0.5793251,0.5503788708228388,0.54751527820741,0.5761472908158489,0.44962112917716124
2237,6,2,0,0.8180883,0.5280421134186839,0.5222498083795145,0.5250557540109959,0.4719578865813161
2238,1,1,1,0.99989915,0.9593378196720087,0.9606411756775003,0.993663353044925,0.04066218032799129
2239,7,7,1,0.8733528,0.9169968319909397,0.918559484951454,0.8711894141011405,0.08300316800906027
2240,9,1,0,0.80296904,0.8450121930711285,0.8456321716973778,0.777869712076048,0.15498780692887149
2241,0,0,1,0.9795914,0.9521893511595723,0.9537525957739373,0.9687771102151506,0.04781064884042774
2242,2,3,0,0.6337201,0.594735579889037,0.5921426249962108,0.6326682217380493,0.405264420110963
2243,3,3,1,0.5925694,0.6660050204293435,0.665291104295998,0.6827903848418069,0.3339949795706565
2244,9,9,1,0.9880342,0.9516668124190059,0.9530950897462279,0.9808621221430169,0.04833318758099414
2245,8,8,1,0.7618408,0.874212038983452,0.8760790308345764,0.7979075513483032,0.125787961016548
2246,9,1,0,0.9011726,0.908946802595153,0.9102451581026297,0.8444142971589339,0.09105319740484696
2247,5,2,0,0.8140157,0.864827675091665,0.8659593308974888,0.8163693132816584,0.13517232490833497
2248,0,0,1,0.95985144,0.9123021695707155,0.9137277665449323,0.9100751171283433,0.08769783042928447
2249,0,0,1,0.99988055,0.9428187765578485,0.9443236351969347,0.9897051608450554,0.057181223442151485
2250,7,7,1,0.87535715,0.894233031384856,0.8954348811628643,0.865845670716748,0.10576696861514401
2251,6,3,0,0.8013461,0.7401983175882396,0.7396124144062789,0.755719482568761,0.2598016824117604
2252,3,3,1,0.94089735,0.9167528129968978,0.9181786808464484,0.8843697134237477,0.08324718700310219
2253,3,5,0,0.5666632,0.468812087961053,0.46419782453080277,0.5127425367675782,0.531187912038947
2254,8,8,1,0.924762,0.9249799719529556,0.9266643455714217,0.8957909948990955,0.07502002804704444
2255,1,1,1,0.98188937,0.9457370436720585,0.947416442121475,0.9586430210462263,0.054262956327941536
2256,4,4,1,0.96519345,0.9312183966146248,0.9329260159721056,0.9209881149025521,0.0687816033853752
2257,0,0,1,0.99891365,0.9569492809622563,0.9583320893968624,0.9868990488859524,0.04305071903774371
2258,1,1,1,0.99331456,0.9582890412854912,0.9599765538721001,0.9765651597721694,0.041710958714508806
2259,5,5,1,0.9277375,0.934360839010164,0.9359536282247136,0.8878384494699084,0.06563916098983602
2260,4,4,1,0.98051625,0.9469333336458226,0.9484143233499217,0.968457194480394,0.05306666635417745
2261,3,3,1,0.96915174,0.9292302070130785,0.9307242401549549,0.9200948759427926,0.07076979298692154
2262,2,4,0,0.4085382,0.3482865420412848,0.34225980326249045,0.2638087506891909,0.6517134579587152
2263,6,6,1,0.999201,0.9442226876547322,0.9456634661713752,0.9930502032928081,0.05577731234526784
2264,0,0,1,0.3080424,0.23265625196250744,0.2246070290636606,0.5446557937896354,0.7673437480374925
2265,8,8,1,0.98579586,0.9589556455525952,0.9605116409085509,0.9794844623543998,0.04104435444740484
2266,8,8,1,0.9999449,0.9564689638176403,0.9581952297804099,0.9905512246791759,0.04353103618235965
2267,6,6,1,0.9111687,0.9065863325746708,0.9082244436829641,0.8515521435176835,0.0934136674253292
2268,3,3,1,0.99939287,0.9558029609695442,0.956955363184293,0.9864899075024814,0.0441970390304558
2269,3,3,1,0.76950336,0.8364834772605872,0.8372551543787639,0.7847436652456055,0.16351652273941275
2270,2,4,0,0.48587847,0.4631839644938441,0.45781887677001454,0.5520920624918674,0.536816035506156
2271,9,1,0,0.43192276,0.24826616970686993,0.2404717035737737,0.27313282253287513,0.75173383029313
2272,7,7,1,0.7368916,0.842885744458932,0.8439914432355174,0.715941364633637,0.15711425554106795
2273,5,5,1,0.70086855,0.6960127009313141,0.6953883527804108,0.6712355071532184,0.30398729906868593
2274,1,1,1,0.9986981,0.9581764678968618,0.9597193704225848,0.9896582585859933,0.04182353210313816
2275,6,4,0,0.5195217,0.3017548870727019,0.2946388384708751,0.35368334972434595,0.6982451129272981
2276,0,0,1,0.94723433,0.9371542695073478,0.938662545052155,0.922631035001327,0.06284573049265219
2277,5,5,1,0.88551193,0.9202091980467934,0.9217619282353149,0.7893440500979781,0.07979080195320665
2278,9,9,1,0.99964166,0.9591705694188635,0.9606932006352134,0.9921331268322803,0.04082943058113653
2279,9,9,1,0.9693992,0.9605642058825861,0.9619904790599967,0.9638644041483397,0.039435794117413936
2280,4,4,1,0.9512857,0.9342000217218047,0.9358145415786965,0.9282370931412441,0.06579997827819528
2281,5,5,1,0.7450875,0.8669008257084675,0.868382965935085,0.7814476394604547,0.1330991742915325
2282,9,9,1,0.6720056,0.8408673277513252,0.8422637374506822,0.725749664509468,0.15913267224867478
2283,4,4,1,0.47152188,0.5412304568127281,0.5379307777120518,0.538519235187638,0.4587695431872719
2284,8,0,0,0.5995632,0.35878935229462156,0.3518948657637148,0.35790634243387165,0.6412106477053785
2285,3,3,1,0.6348274,0.7260917749674285,0.7250600556046464,0.7177517655173857,0.2739082250325715
2286,3,3,1,0.4790711,0.42589482321479916,0.4199291074146896,0.40998063197498935,0.5741051767852008
2287,2,2,1,0.9999286,0.9505855559641407,0.9521454843688375,0.992558703357219,0.04941444403585926
2288,5,2,0,0.65012836,0.689742654963443,0.6882827508689237,0.6704431497940034,0.310257345036557
2289,1,1,1,0.99993193,0.9626285812444184,0.9641764437294522,0.9921802538150465,0.03737141875558159
2290,9,9,1,0.9997123,0.9413357476555889,0.9426445912301875,0.9937568498844505,0.05866425234441108
2291,5,5,1,0.98571616,0.9430675646474131,0.9446627405643135,0.9738976294150818,0.05693243535258685
2292,5,5,1,0.9838328,0.952045068237186,0.9537264111229676,0.9727209216842395,0.04795493176281396
2293,8,2,0,0.53279984,0.4275813389928878,0.4212485227910644,0.5203778853767196,0.5724186610071123
2294,1,1,1,0.99333787,0.9608485911457774,0.9622729843535567,0.9852520522827928,0.039151408854222636
2295,8,8,1,0.9999311,0.9558839357470188,0.9572767905736302,0.991961637996335,0.0441160642529812
2296,9,9,1,0.99975795,0.957352911877465,0.9587354570742928,0.9930758083971056,0.04264708812253504
2297,7,7,1,0.89217615,0.925649872069324,0.9272142109064824,0.8716262668351936,0.07435012793067597
2298,0,0,1,0.92581296,0.9139559504124103,0.9153801835468343,0.918600889977286,0.08604404958758971
2299,6,3,0,0.4858124,0.3739616828591435,0.36756898887054973,0.40716823861709167,0.6260383171408566
2300,3,2,0,0.7435536,0.7170522462511776,0.7158143586030885,0.7275139119467197,0.2829477537488224
2301,2,2,1,0.9896401,0.9566635286034154,0.9582783060745107,0.9804547240143064,0.043336471396584586
2302,0,0,1,0.9974948,0.9581633418108251,0.9594491496499801,0.9861825975725661,0.041836658189174925
2303,2,2,1,0.9999285,0.9451258206938625,0.9466120293209236,0.9830598136555426,0.05487417930613747
2304,6,6,1,0.967788,0.9462770364906552,0.9478342102771212,0.9473111033573729,0.0537229635093448
2305,9,2,0,0.4131041,0.4104082676120714,0.40438534043091406,0.5647424626928709,0.5895917323879286
2306,3,3,1,0.9764698,0.9561812585664263,0.9576672650341946,0.9530659327805747,0.04381874143357367
2307,9,9,1,0.9869326,0.9551345270278336,0.956554946023376,0.981709393543814,0.044865472972166365
2308,1,1,1,0.9999653,0.958066807126924,0.9595138728982977,0.9860801174854446,0.04193319287307595
2309,6,3,0,0.6105321,0.7788404696290446,0.7804472174568047,0.7136503793308713,0.22115953037095537
2310,6,4,0,0.44105864,0.3501309848830537,0.3435947567804286,0.4182053904322056,0.6498690151169463
2311,7,7,1,0.8913649,0.6708714459882005,0.6666096114316368,0.6214818714262139,0.3291285540117995
2312,2,2,1,0.9846299,0.9555392163274243,0.9571782149355471,0.9704630809727597,0.044460783672575666
2313,6,6,1,0.9700171,0.9510249600571944,0.9526471643885107,0.9451215495547663,0.04897503994280561
2314,3,3,1,0.7925943,0.8343484857097787,0.8351683765730448,0.762250260714108,0.1656515142902213
2315,2,2,1,0.9992712,0.9521376839809583,0.9536680333281132,0.9894181076356773,0.04786231601904167
2316,5,5,1,0.35896075,0.3095922178310104,0.3033376776180553,0.34915610244053374,0.6904077821689896
2317,5,5,1,0.9465189,0.9396123128542561,0.941145285866312,0.9271553823568419,0.06038768714574394
2318,2,2,1,0.9994493,0.9606441380019877,0.9620871361396234,0.9854320400664911,0.03935586199801233
2319,7,7,1,0.82425743,0.8733371331621044,0.8748684250852199,0.8503563361891249,0.12666286683789563
2320,5,2,0,0.5556355,0.45894068663094867,0.45301329082666836,0.4927618211298946,0.5410593133690513
2321,2,3,0,0.7128304,0.694710587296498,0.6937289013133091,0.6662907986053149,0.30528941270350196
2322,0,0,1,0.9885437,0.9577552336675501,0.9590832787807136,0.9843771994803053,0.04224476633244989
2323,8,8,1,0.9553272,0.934062626414633,0.9357833309281972,0.9351308626122246,0.065937373585367
2324,0,0,1,0.8503645,0.8626847432120925,0.863885637749656,0.8146231111268749,0.13731525678790746
2325,7,0,0,0.42725867,0.39821382223351465,0.3916933332977813,0.5889738709124555,0.6017861777664854
2326,7,7,1,0.998575,0.9481429438066146,0.9496175236941536,0.9930838161172764,0.05185705619338543
2327,1,1,1,0.97441995,0.9329194239275111,0.9344024056813811,0.9297542772881654,0.06708057607248885
2328,7,7,1,0.94575065,0.9312778817937708,0.9326549084511582,0.9033049590429344,0.0687221182062292
2329,4,4,1,0.98566914,0.9581971036878345,0.9596414311264486,0.9772457643295388,0.041802896312165494
2330,0,0,1,0.9961211,0.9390727250738353,0.9405749324581989,0.9906201294528649,0.060927274926164676
2331,2,4,0,0.9635461,0.9435478362650723,0.9449484990463017,0.9428768187188088,0.056452163734927674
2332,2,2,1,0.9627484,0.9414108914301798,0.9428211311573846,0.9433218006278784,0.05858910856982025
2333,6,6,1,0.9975744,0.9604020224295331,0.961994289652947,0.9922614430848584,0.0395979775704669
2334,1,1,1,0.99350387,0.9580239584966208,0.9596256807219242,0.98581771648926,0.04197604150337919
2335,5,2,0,0.4545126,0.36119075437538994,0.3545701023841682,0.41461480561757436,0.6388092456246101
2336,9,9,1,0.99844664,0.9636841856610348,0.9650725646078943,0.9908352474701655,0.03631581433896525
2337,7,7,1,0.98536485,0.9560601484597002,0.9576138798557962,0.9760938666506767,0.04393985154029978
2338,6,6,1,0.9861437,0.9459124150067669,0.947533860297576,0.9795427673472008,0.05408758499323307
2339,2,2,1,0.5571398,0.6873970675430049,0.6871032225356142,0.6564776798822917,0.3126029324569951
2340,7,7,1,0.9974032,0.9531200866705245,0.9545882398123805,0.9870090874520074,0.0468799133294755
2341,0,0,1,0.9965553,0.9654320025862948,0.9670299322339232,0.9837898241866304,0.0345679974137052
2342,5,5,1,0.5165549,0.5668996795965278,0.5646387697051789,0.6131101329185006,0.43310032040347224
2343,6,6,1,0.78400475,0.8501338861057114,0.8511095280354893,0.8007624419068923,0.1498661138942886
2344,0,0,1,0.9994229,0.9593389832138401,0.960752914449527,0.9859168457103127,0.040661016786159854
2345,1,1,1,0.9999162,0.9635996579171395,0.9652572931593187,0.9914153944405173,0.03640034208286047
2346,1,1,1,0.9965803,0.9476399567454091,0.9490377460784185,0.9916072033365744,0.05236004325459087
2347,8,8,1,0.8363722,0.8775406702547544,0.8787567647177926,0.8657075691998729,0.12245932974524565
2348,4,4,1,0.96341616,0.9330631150204471,0.9344162331608199,0.918876506153095,0.06693688497955286
2349,5,5,1,0.9832651,0.95156172946889,0.9531215522079879,0.9726205352883031,0.04843827053111005
2350,3,0,0,0.66475415,0.45487032679433853,0.4485743130382669,0.5164120730785401,0.5451296732056614
2351,1,1,1,0.97211623,0.9556924918139,0.9571774001186548,0.9552437994497213,0.044307508186099964
2352,2,2,1,0.86120456,0.8593413110822882,0.8601622136399125,0.8236723776384538,0.14065868891771183
2353,4,4,1,0.99556893,0.9530268177862009,0.9546031469584575,0.9908453788577003,0.04697318221379909
2354,8,8,1,0.99863416,0.9597897964586599,0.961033048662673,0.9815649343479099,0.040210203541340084
2355,9,9,1,0.7236906,0.6865101173814521,0.6849235900192852,0.5915839495399327,0.31348988261854793
2356,8,8,1,0.9993493,0.9554308237512196,0.9568837290589981,0.9901957670030166,0.04456917624878043
2357,1,1,1,0.9999752,0.9560093374934503,0.9574620777753865,0.9863556685010948,0.043990662506549705
2358,7,5,0,0.4445027,0.2557825146203295,0.24803770405767087,0.3422798995241291,0.7442174853796705
2359,2,2,1,0.9993709,0.9638212296634044,0.9651985150196932,0.9878551942660634,0.036178770336595556
2360,7,7,1,0.8481627,0.6396677083406844,0.6367531848919549,0.6334912677954667,0.3603322916593156
2361,2,0,0,0.9621914,0.9294672482138104,0.930994270224487,0.9112048371230036,0.07053275178618956
2362,3,2,0,0.7901759,0.7904917479104776,0.7904946752374888,0.6798382967164558,0.2095082520895224
2363,2,2,1,0.8065802,0.7235270269991656,0.7220036996445124,0.6577152038758672,0.2764729730008344
2364,6,6,1,0.98719877,0.9539145502774652,0.9554692198281108,0.9810854250988561,0.04608544972253481
2365,7,7,1,0.58726,0.4426565726052004,0.43705029368613124,0.4912471756259668,0.5573434273947996
2366,9,9,1,0.9862634,0.9494332564690111,0.9508210920842807,0.9814325843534553,0.05056674353098889
2367,4,4,1,0.99599034,0.9615744363127037,0.963160447444864,0.9913708438449871,0.03842556368729633
2368,0,0,1,0.99607605,0.9669509280253703,0.9682092178284804,0.9866700407432601,0.033049071974629696
2369,1,1,1,0.9999882,0.9522252672459333,0.9535149849170068,0.9926970698276548,0.04777473275406674
2370,0,0,1,0.99994695,0.9532837197258519,0.9548803772946645,0.988655829040432,0.04671628027414809
2371,4,4,1,0.9990938,0.9580398804978254,0.9597786840040363,0.9916421282937319,0.0419601195021746
2372,5,5,1,0.53790206,0.679640563775467,0.6795247029879716,0.6061576448137955,0.320359436224533
2373,0,0,1,0.99946684,0.9429408816913986,0.9441690619430986,0.9840602015430724,0.05705911830860144
2374,8,8,1,0.99970573,0.9622225822713182,0.9635682939851475,0.991591550415651,0.03777741772868182
2375,0,0,1,0.9995764,0.9517453562663825,0.9532886555764727,0.9846727817985148,0.04825464373361754
2376,7,7,1,0.9856989,0.9583782371278889,0.95973004297897,0.9805755384986935,0.04162176287211106
2377,6,6,1,0.9668893,0.94216772540808,0.9439344088839852,0.9415255797228846,0.057832274591919974
2378,1,1,1,0.9976115,0.9676535170299427,0.9690231529863665,0.9928730477667574,0.032346482970057266
2379,0,8,0,0.8603527,0.8344521270413108,0.8353477174905092,0.7523256811149217,0.16554787295868922
2380,8,8,1,0.99731255,0.9585921831404706,0.9601056876308107,0.9910495017844422,0.041407816859529434
2381,5,5,1,0.70646393,0.7819654870728214,0.7822496896455257,0.6840295958416179,0.21803451292717857
2382,9,9,1,0.9995709,0.94541265695877,0.946962369767657,0.9927722053039826,0.05458734304123003
2383,2,4,0,0.7579321,0.6408516713830635,0.6381010827897302,0.5564663923766975,0.35914832861693646
2384,5,5,1,0.9532421,0.945188642219476,0.9467458250178723,0.9463643374119897,0.05481135778052404
2385,4,4,1,0.874976,0.8879315397634283,0.8892242899816659,0.8681106000651977,0.11206846023657169
2386,4,2,0,0.66064316,0.6830129562376492,0.6820318146995235,0.6023187845708339,0.31698704376235076
2387,9,9,1,0.97342867,0.9434361887721149,0.9449759329280845,0.9509626503215055,0.05656381122788512
2388,0,0,1,0.99967325,0.9648426409218395,0.9662626670321112,0.988893391804469,0.03515735907816053
2389,6,6,1,0.99894744,0.9429748884436856,0.944502997090144,0.9903404757463793,0.0570251115563144
2390,1,1,1,0.999811,0.9666663230655985,0.9682601485584922,0.9903216244129095,0.03333367693440148
2391,2,2,1,0.9510325,0.9306157728331904,0.9323553883041541,0.9221192181078266,0.06938422716680959
2392,5,5,1,0.71061313,0.7702372398181323,0.7704711261346149,0.6476474010573514,0.2297627601818677
2393,1,1,1,0.97584426,0.9538652273684519,0.9552344215122193,0.9613531923716178,0.04613477263154808
2394,6,6,1,0.3695281,0.35040391923035574,0.34471134131967274,0.40738207630728446,0.6495960807696443
2395,7,7,1,0.85678107,0.7693719277497553,0.7693138044409493,0.7425968357703561,0.23062807225024473
2396,1,1,1,0.9855586,0.9587284358064911,0.9600735664364582,0.9721410828825089,0.04127156419350886
2397,5,2,0,0.51221544,0.5256467369708039,0.521518775088293,0.5458901859828414,0.4743532630291961
2398,8,8,1,0.6523921,0.7875677320907389,0.7881986018426387,0.6659572665753994,0.21243226790926106
2399,8,8,1,0.9987503,0.9550132731420075,0.9566020071309671,0.990610142630088,0.04498672685799254
2400,0,0,1,0.9963397,0.9602793902094071,0.9616279922890315,0.9442720758043568,0.03972060979059289
2401,3,3,1,0.9199636,0.9094632863125242,0.911194758907563,0.903835172311888,0.09053671368747584
2402,9,9,1,0.9997615,0.943022003075022,0.9443611164576262,0.9926948271422866,0.05697799692497796
2403,4,4,1,0.87998956,0.7904305840341798,0.7904698817511262,0.7130376545200628,0.20956941596582024
2404,0,0,1,0.71284115,0.4803058536534806,0.47419040711384747,0.5021845690682478,0.5196941463465194
2405,3,6,0,0.99817395,0.9654555953069373,0.9669473297188191,0.9852026734660325,0.03454440469306275
2406,4,4,1,0.99263096,0.9606322489367185,0.9622548559644831,0.974588159317875,0.0393677510632815
2407,9,9,1,0.99964905,0.9509458647309739,0.9524918135583381,0.992558703357219,0.04905413526902613
2408,2,2,1,0.9984316,0.9599044893349207,0.9613642136130436,0.9893885462905202,0.040095510665079326
2409,4,4,1,0.81603366,0.7619665724410749,0.7616866714550208,0.6909765630248961,0.2380334275589251
2410,3,3,1,0.9754851,0.9386606974626275,0.9401539474913059,0.937072400886424,0.06133930253737252
2411,0,0,1,0.99932754,0.9490926543958216,0.950695462080539,0.9904393372928131,0.05090734560417842
2412,6,6,1,0.99885917,0.9603933773817814,0.9618821990088133,0.9916284709531245,0.03960662261821857
2413,4,4,1,0.6219524,0.3081483327072433,0.3004842011626689,0.3410535208587961,0.6918516672927567
2414,5,5,1,0.5149697,0.6451425748398386,0.6441073622719041,0.5847319801396028,0.3548574251601614
2415,6,6,1,0.8834995,0.9027071480473323,0.9041571515578318,0.8693291429470612,0.09729285195266768
2416,6,6,1,0.8044897,0.8302732307746098,0.8310387788497376,0.7897795587146493,0.1697267692253902
2417,7,7,1,0.8636601,0.8983273225810944,0.8997814442479726,0.8691259955041573,0.10167267741890562
2418,8,8,1,0.9998758,0.9481524011339021,0.9495746290811444,0.9918180147443685,0.05184759886609791
2419,4,4,1,0.72739375,0.7625254522491406,0.762916840742279,0.7041094611130192,0.2374745477508594
2420,8,8,1,0.55081594,0.834478487969814,0.8362287823818967,0.6820731749879068,0.16552151203018595
2421,8,8,1,0.9625244,0.9485304186082442,0.9500694377405168,0.9457438784211923,0.051469581391755836
2422,3,4,0,0.90580153,0.8994013879322249,0.9009150676859812,0.8730282909275939,0.1005986120677751
2423,2,2,1,0.64593154,0.4626539929596019,0.458023674459245,0.4674933146847037,0.5373460070403981
2424,8,8,1,0.94141454,0.9383995873630356,0.9400800084818218,0.9350169988194691,0.06160041263696436
2425,0,0,1,0.9735435,0.9486081439690045,0.9500256804873443,0.9567387907036847,0.0513918560309955
2426,2,0,0,0.7964338,0.8908529299853385,0.8929540649175385,0.7456084294182801,0.1091470700146615
2427,5,3,0,0.5744727,0.5813752822036817,0.5783109759742774,0.6214028364378689,0.41862471779631827
2428,6,6,1,0.9981415,0.9639817880881315,0.9655040255942877,0.991519855109824,0.03601821191186849
2429,8,8,1,0.98774606,0.9567842899440244,0.9583318622680127,0.9845711614588761,0.043215710055975576
2430,7,7,1,0.83901703,0.8916083052293649,0.8930842937991585,0.8648141575211307,0.10839169477063515
2431,8,8,1,0.99983037,0.9562321769931573,0.9577465558769477,0.9889634362950601,0.04376782300684268
2432,9,9,1,0.8564252,0.9065149056959774,0.908061202465749,0.8592751211678472,0.09348509430402263
2433,9,9,1,0.95074,0.9389461589088862,0.9403440809612905,0.9395633394585015,0.06105384109111378
2434,0,0,1,0.9995958,0.9572833431551757,0.9587824498849608,0.9864078727286053,0.042716656844824286
2435,6,6,1,0.41560823,0.3348171086722619,0.3280458653267023,0.4110246120237079,0.6651828913277381
2436,6,4,0,0.7060725,0.8048090164800235,0.8050759034267172,0.7133767066870271,0.19519098351997655
2437,8,8,1,0.99679935,0.954557970505131,0.9561043597996621,0.9907987944274923,0.045442029494868974
2438,1,0,0,0.74096495,0.6872235300104967,0.6851054638202932,0.562222712410279,0.31277646998950326
2439,1,1,1,0.99986064,0.9662153904837659,0.9675757744975428,0.986529475809604,0.033784609516234076
2440,7,7,1,0.9102322,0.910678688466445,0.9121452725891035,0.8990555834362555,0.08932131153355505
2441,4,4,1,0.58232653,0.7317585887180785,0.7331365454067181,0.6233430761401229,0.26824141128192147
2442,4,4,1,0.39560956,0.5953941863000318,0.5931471891356097,0.5725432112132378,0.4046058136999682
2443,2,2,1,0.9458135,0.9321849322720215,0.9336073020316922,0.926188846242486,0.06781506772797852
2444,3,3,1,0.72209656,0.7974540484310454,0.7980441281593843,0.7865004570314125,0.2025459515689546
2445,6,6,1,0.99997294,0.9454520801340855,0.9468154307140271,0.9935370934053428,0.05454791986591445
2446,9,9,1,0.8281602,0.8864780570038366,0.8879897029911921,0.8467040983958053,0.11352194299616336
2447,6,0,0,0.5874861,0.6870302336549013,0.6860500845685167,0.6055989345081664,0.31296976634509865
2448,2,2,1,0.9988287,0.9638126747565657,0.9652898127701687,0.9846084850129201,0.036187325243434265
2449,4,4,1,0.95252776,0.9283063303221673,0.9298005447318153,0.9359630265889433,0.07169366967783275
2450,1,1,1,0.999997,0.9527500832413345,0.9539375358889824,0.9928987855816745,0.04724991675866552
2451,8,8,1,0.9996977,0.9636561982401876,0.9650334582287917,0.99190070344901,0.036343801759812444
2452,2,2,1,0.9015341,0.893652053647471,0.8949988682937711,0.8464896887099573,0.10634794635252898
2453,3,4,0,0.92354864,0.9075990347564483,0.9091733299890896,0.8826273344803985,0.09240096524355168
2454,1,1,1,0.647582,0.6247776072530875,0.6217383470055532,0.5902591131615987,0.3752223927469125
2455,6,3,0,0.7828026,0.6937851634018972,0.691801085492914,0.5806159302359584,0.3062148365981028
2456,8,8,1,0.7606678,0.7261671752284246,0.7255824153386221,0.6003758355708788,0.27383282477157544
2457,6,6,1,0.9992149,0.9516044701900535,0.9532947416312247,0.9887155428184254,0.04839552980994655
2458,8,8,1,0.9993181,0.9478555522019004,0.9494379610743685,0.992639892627031,0.05214444779809957
2459,5,5,1,0.8673287,0.9120916526288513,0.9140134619194327,0.8534320706472824,0.08790834737114872
2460,9,9,1,0.9990264,0.9643473682156711,0.9658949446718095,0.991909648391205,0.03565263178432887
2461,0,0,1,0.9134208,0.8980360357798858,0.8995556011845249,0.8582233817013238,0.10196396422011422
2462,1,1,1,0.99991095,0.9667513359228079,0.9682162739144593,0.9852026734660325,0.03324866407719207
2463,0,0,1,0.53891706,0.6086381401585578,0.6079825227851547,0.636757545193577,0.39136185984144223
2464,2,2,1,0.53199387,0.5246518710364159,0.5212729335423254,0.48025642167488386,0.47534812896358414
2465,9,9,1,0.995295,0.9581751555132121,0.9594853783855722,0.9925106199222539,0.041824844486787915
2466,2,2,1,0.51050985,0.4598233022505741,0.4548565531342402,0.44192777482201484,0.5401766977494259
2467,9,9,1,0.9989378,0.9646391182479661,0.96600967229038,0.9923462978533065,0.03536088175203389
2468,0,0,1,0.9452939,0.9321355819176794,0.9337236554539187,0.9326588042713481,0.06786441808232058
2469,9,9,1,0.9988587,0.9586516638132657,0.9599951095420839,0.9917437196077696,0.04134833618673428
2470,7,7,1,0.6914471,0.7612570619976449,0.7612989067307477,0.756378264223979,0.23874293800235513
2471,8,8,1,0.99964035,0.9551031982500913,0.9564387360953406,0.9916360160329895,0.04489680174990873
2472,5,2,0,0.37293857,0.29200553740227403,0.28550325542258975,0.41884036305033556,0.7079944625977259
2473,0,8,0,0.84362066,0.9035184877183788,0.9050862271983705,0.8638409677793041,0.09648151228162116
2474,6,6,1,0.9723985,0.9494270085741128,0.9509539971496898,0.9400395605630184,0.050572991425887226
2475,6,6,1,0.99936193,0.9560668607903493,0.9576804211291016,0.9908924031642582,0.043933139209650696
2476,8,8,1,0.96384585,0.9414745088697034,0.9428139202839719,0.933588877907469,0.05852549113029659
2477,1,1,1,0.9957586,0.954767496918046,0.9565564614810584,0.9862720718956851,0.045232503081954034
2478,6,6,1,0.9960335,0.9596527798307088,0.9612144793726743,0.9913631039069065,0.040347220169291154
2479,5,5,1,0.8643521,0.900473010234986,0.9019104703669724,0.8707347878553002,0.09952698976501395
2480,8,8,1,0.9996593,0.9589510221805275,0.9604577824374063,0.9919880055848584,0.041048977819472476
2481,7,7,1,0.38099685,0.2323984986677865,0.22560059900365761,0.3376958629434562,0.7676015013322135
2482,9,1,0,0.6146766,0.7054089605951613,0.7042017063307742,0.6095802637059522,0.29459103940483866
2483,2,2,1,0.8175241,0.8503946441887171,0.851315733757303,0.8065459726678577,0.14960535581128287
2484,1,1,1,0.99989796,0.9562455060129953,0.9578969867121992,0.9894675618038113,0.043754493987004706
2485,6,6,1,0.9992914,0.9445551119612956,0.9461168437837395,0.9875016657893247,0.0554448880387044
2486,7,7,1,0.66978717,0.8027987123397577,0.8043171663505471,0.7490185523798119,0.19720128766024225
2487,5,5,1,0.7870035,0.8627504415126326,0.8639792230330875,0.8045535991849678,0.13724955848736742
2488,6,6,1,0.99816054,0.9525243050167089,0.9541055211314662,0.9913467673274222,0.04747569498329107
2489,3,3,1,0.6746403,0.6039954968119998,0.601373443727878,0.6231523068736731,0.3960045031880002
2490,0,0,1,0.9943645,0.9565186096883546,0.9579492546852165,0.9890667488255913,0.04348139031164544
2491,9,0,0,0.6663638,0.7961102979941762,0.7966464651434715,0.6883144448454298,0.2038897020058238
2492,8,8,1,0.9356781,0.9443434390299741,0.9457696854829346,0.9280165374085074,0.055656560970025915
2493,9,9,1,0.99377126,0.9478740608168857,0.9492231539519447,0.9730542767076601,0.052125939183114256
2494,5,4,0,0.9289268,0.9256845936402108,0.9272727755908352,0.8333628883246909,0.07431540635978917
2495,9,8,0,0.3419484,0.12427020457526443,0.11743416579217894,0.26542361293372835,0.8757297954247356
2496,9,9,1,0.97031873,0.94603158450431,0.9474203314186693,0.9467846206343447,0.05396841549568998
2497,9,0,0,0.5101634,0.6983461541131517,0.6978568316374005,0.6467344309153401,0.3016538458868483
2498,3,3,1,0.9653328,0.9368537563690922,0.9384682488222138,0.9430108475657129,0.06314624363090782
2499,6,2,0,0.54449844,0.34921891357783624,0.34182068516935366,0.3614727167416587,0.6507810864221637
2500,4,6,0,0.68001276,0.32618249850592973,0.3183336792079127,0.5247661791368649,0.6738175014940703
2501,4,4,1,0.7940833,0.8545677366757326,0.8563827488610039,0.7511029216468645,0.1454322633242674
2502,8,8,1,0.98954064,0.9533487668632183,0.9547124359222547,0.9845472473468496,0.046651233136781656
2503,8,8,1,0.97443855,0.9471294418620451,0.948531136219688,0.9602722702463352,0.05287055813795494
2504,1,1,1,0.94244015,0.9346539815638426,0.936041920234564,0.8740453789417103,0.0653460184361574
2505,7,7,1,0.5205408,0.47405568483486515,0.46941955111292905,0.4684995999707614,0.5259443151651348
2506,3,3,1,0.41388336,0.1420368248644464,0.13541161136823981,0.3215220990673939,0.8579631751355536
2507,0,0,1,0.9634956,0.8614863656800219,0.8626108093153548,0.8866194847552051,0.1385136343199781
2508,6,4,0,0.94469655,0.9336912202357901,0.9352752135585746,0.8991953659084366,0.0663087797642099
2509,2,0,0,0.83173877,0.8335219242363217,0.8343219906553458,0.7962621506640386,0.16647807576367835
2510,4,4,1,0.9922306,0.9520378173626363,0.953635900130831,0.9846310415716125,0.04796218263736374
2511,8,1,0,0.5568014,0.696710720806702,0.6956784868656424,0.5702785389138461,0.30328927919329796
2512,2,6,0,0.7592326,0.6116827630708995,0.6084371387826469,0.5702282831113679,0.3883172369291005
2513,2,2,1,0.99963796,0.9492759213758362,0.9508460077191764,0.984601922610002,0.05072407862416384
2514,9,9,1,0.5551532,0.5953362147832946,0.5929786705443255,0.5797205128178785,0.40466378521670543
2515,2,2,1,0.54342794,0.6770669053320977,0.6778144794614642,0.584364386770886,0.3229330946679023
2516,2,2,1,0.99033666,0.9502915100083487,0.9517996255273669,0.9851144215388135,0.04970848999165134
2517,9,9,1,0.9708182,0.952737735773665,0.9542390024054136,0.9604719233211841,0.04726226422633495
2518,7,7,1,0.64959675,0.7862580278341662,0.7868622600118724,0.7516341281102206,0.2137419721658338
2519,4,5,0,0.50455046,0.428657439756208,0.4239439317224928,0.5016333941238789,0.571342560243792
2520,1,1,1,0.8304127,0.892333773099638,0.893633388270114,0.8443223672117555,0.10766622690036198
2521,9,5,0,0.40925932,0.1077136315207136,0.10181990519811955,0.28543736142232795,0.8922863684792864
2522,1,1,1,0.99670875,0.9660832270353914,0.9676469161999338,0.9915836147494065,0.0339167729646086
2523,4,4,1,0.8143496,0.8408657875012032,0.8417158927337668,0.8266890566053453,0.15913421249879678
2524,3,4,0,0.33246195,0.289442800050147,0.28290847925994156,0.4153925117069469,0.710557199949853
2525,5,0,0,0.5360531,0.3896183632259492,0.38288013623336115,0.5124527029480466,0.6103816367740508
2526,3,4,0,0.3972955,0.18669456211023405,0.17970697856081505,0.3270389399662044,0.813305437889766
2527,8,8,1,0.9528825,0.9372128482197148,0.9386354990276886,0.9419612183625823,0.06278715178028516
2528,9,9,1,0.9867997,0.9538928606807868,0.9552440057988307,0.9814541637108788,0.046107139319213175
2529,3,3,1,0.85760117,0.8879435200885165,0.8894730490587056,0.7939306020461224,0.11205647991148349
2530,6,2,0,0.6523523,0.7414403075546825,0.7419917259581078,0.657102375388166,0.2585596924453175
2531,2,2,1,0.97564757,0.9528394144056787,0.9543342149907765,0.9484956470910585,0.04716058559432135
2532,0,1,0,0.9975188,0.9591420690357154,0.9605531371723574,0.9893491824447467,0.04085793096428458
2533,8,6,0,0.66581774,0.5354512842268793,0.5303301454821885,0.6389882773204208,0.46454871577312074
2534,9,9,1,0.99983513,0.9548423869497938,0.9562171109386407,0.9920894462805127,0.04515761305020616
2535,0,2,0,0.45324084,0.5275070944221716,0.524107771771785,0.5430307259787,0.4724929055778284
2536,5,5,1,0.9424719,0.9328670690851555,0.9347769989708737,0.9267871634477178,0.06713293091484451
2537,1,1,1,0.8968757,0.7663311280322431,0.7648064680734954,0.6794344819578774,0.23366887196775687
2538,5,5,1,0.59758115,0.7573802434944722,0.7579181765510623,0.7216474175478652,0.2426197565055278
2539,8,8,1,0.9745569,0.9413105506992732,0.9428784915188656,0.9466813254306696,0.05868944930072684
2540,2,2,1,0.61753494,0.5062120833399865,0.500731399714874,0.5867199611337885,0.49378791666001354
2541,1,1,1,0.99987936,0.9600175667403485,0.9615231529382049,0.9922668789132166,0.03998243325965145
2542,2,0,0,0.9807202,0.958650747593998,0.9602058651078654,0.9679861068983945,0.04134925240600196
2543,3,5,0,0.59741336,0.3784610645233167,0.3715060389196767,0.35206325808228406,0.6215389354766834
2544,2,2,1,0.9877951,0.950017527144763,0.9515947356075156,0.9682601076753334,0.04998247285523705
2545,4,4,1,0.5087502,0.7503768378786392,0.7511841321223572,0.604956157744103,0.24962316212136082
2546,8,8,1,0.999969,0.9509923690270066,0.9526030413809161,0.9913759480562117,0.04900763097299343
2547,4,4,1,0.9733729,0.939635389498996,0.9411478059672542,0.9486370196705594,0.060364610501003946
2548,0,0,1,0.941145,0.9161374438076433,0.9175472633233093,0.911844607503485,0.08386255619235672
2549,6,6,1,0.9710646,0.9499625797178591,0.9516380241062471,0.9513564080942077,0.050037420282140865
2550,4,4,1,0.6776156,0.7743913227361978,0.7743903601554939,0.7175942666665678,0.22560867726380218
2551,2,6,0,0.45859525,0.19332601407368347,0.18692473454252453,0.46596138689961203,0.8066739859263166
2552,9,9,1,0.9991198,0.9742310959671121,0.9753488518232782,0.9918973481997976,0.025768904032887896
2553,8,8,1,0.9999869,0.9505705559577076,0.9520041617000473,0.9918388750423064,0.049429444042292436
2554,4,4,1,0.8910293,0.8992803842554509,0.9006462125691725,0.8660656629714887,0.10071961574454913
2555,7,7,1,0.7681545,0.8818809214581457,0.8833300229685711,0.823705266101316,0.11811907854185433
2556,6,6,1,0.9909349,0.9555710460348786,0.9570680962379763,0.9852865649816174,0.044428953965121365
2557,2,2,1,0.99645776,0.9653422606838721,0.9667050677763525,0.9857788416618714,0.03465773931612792
2558,4,4,1,0.9782934,0.9377267918980156,0.9392411709200237,0.9679017972560916,0.062273208101984445
2559,7,7,1,0.64374703,0.6050204291307126,0.6012484826989978,0.6725951168230747,0.39497957086928737
2560,7,7,1,0.98674196,0.9499293239007024,0.9515402216411305,0.9746348357347203,0.050070676099297606
2561,6,6,1,0.99997914,0.9517550184218567,0.953312453253281,0.9929930799928584,0.048244981578143276
2562,4,4,1,0.9824082,0.941659719023525,0.9432650893102058,0.9675915647103333,0.058340280976475034
2563,2,2,1,0.8219927,0.7671168594550766,0.7668248375498719,0.6283872762874119,0.23288314054492343
2564,2,2,1,0.99301755,0.9575594403826928,0.9591598575809931,0.9800059292841392,0.042440559617307194
2565,3,3,1,0.8556116,0.8839386707804298,0.8851905704524813,0.8694379313564565,0.11606132921957024
2566,2,2,1,0.99434596,0.9747586652157075,0.9758878952637554,0.9533107733506729,0.02524133478429247
2567,4,2,0,0.6704469,0.7306665152102567,0.7303676596352613,0.7345916605938485,0.2693334847897433
2568,9,2,0,0.3234012,0.14162103441967938,0.13507079614847764,0.2534617226206713,0.8583789655803207
2569,0,0,1,0.99886924,0.9443801081752184,0.9458681227073703,0.9860143848172583,0.05561989182478155
2570,0,2,0,0.7909534,0.788771898908819,0.7883716935214292,0.7496501601542165,0.21122810109118095
2571,9,9,1,0.87661,0.739338846030552,0.7382194296984456,0.7243655221640757,0.260661153969448
2572,6,6,1,0.9058967,0.8993078113316733,0.9005607645031578,0.8776063733625997,0.10069218866832674
2573,5,3,0,0.56559503,0.8455995057294737,0.8475450627845056,0.6737632007407579,0.15440049427052627
2574,8,8,1,0.9999918,0.9508568720048725,0.9524319254616764,0.992639892627031,0.049143127995127545
2575,5,5,1,0.9770279,0.936331558807624,0.9379303672009461,0.962112437040679,0.06366844119237602
2576,2,2,1,0.995411,0.9650982448724938,0.9663857633177545,0.9920318036632652,0.03490175512750615
2577,4,4,1,0.9588371,0.9488138515018276,0.9505583126717694,0.9409747548948948,0.05118614849817238
2578,8,8,1,0.9768431,0.9534034684621584,0.9547698355868356,0.9723246776723675,0.0465965315378416
2579,8,8,1,0.98709816,0.95311312010718,0.9546819670653932,0.9790383618663764,0.04688687989282003
2580,6,3,0,0.6675454,0.6718786938789153,0.6698954340476485,0.6185667460423155,0.3281213061210847
2581,4,0,0,0.59943914,0.5899317978756023,0.586043805194278,0.6280687161036049,0.41006820212439765
2582,5,5,1,0.99492717,0.9566317240394279,0.95836496788217,0.991886154029026,0.043368275960572134
2583,7,7,1,0.66317564,0.8761830380782414,0.8780352396877075,0.7173306854675868,0.12381696192175862
2584,6,6,1,0.9990814,0.947955283754989,0.949638829855982,0.9907770945474352,0.05204471624501095
2585,3,5,0,0.52356577,0.5968742755152745,0.5954941936051633,0.4630314110887042,0.4031257244847255
2586,7,2,0,0.3894457,0.22643680560393875,0.2199843519461819,0.539849578652641,0.7735631943960612
2587,0,0,1,0.94691753,0.9277231717274066,0.9291235861239755,0.8665870117434349,0.07227682827259341
2588,4,4,1,0.92217904,0.9114107301782276,0.9128564110602835,0.9081091385068102,0.0885892698217724
2589,0,0,1,0.97829604,0.9445126304850886,0.9462285504155934,0.9618662477851526,0.0554873695149114
2590,5,3,0,0.40087187,0.27506693465633164,0.26734080732778576,0.44567135652734313,0.7249330653436683
2591,8,8,1,0.9997967,0.9554896579783057,0.9570529314278633,0.991613976626295,0.04451034202169435
2592,2,5,0,0.83901876,0.8559266178461259,0.8573431804663405,0.8404949611169396,0.1440733821538741
2593,8,8,1,0.9884469,0.9595191449893573,0.9609766739978116,0.9821424145412595,0.04048085501064269
2594,0,0,1,0.9993687,0.9525589049850431,0.9539039036099516,0.9922221598890191,0.04744109501495686
2595,4,4,1,0.9900693,0.9584562053343995,0.9600660482004633,0.9828572170153648,0.04154379466560054
2596,9,9,1,0.44180247,0.2857602713810845,0.27774124072878903,0.46657875014942063,0.7142397286189155
2597,2,2,1,0.52760434,0.4554335221889495,0.44997353617523234,0.5815575472779506,0.5445664778110505
2598,3,3,1,0.7827746,0.7779572114445685,0.7785896115496875,0.667018012479912,0.22204278855543147
2599,6,6,1,0.7293238,0.7834404605575923,0.7839415912376716,0.7420798711622101,0.2165595394424077
2600,8,8,1,0.9992167,0.9657947472562034,0.9672106639895761,0.9908742416721142,0.0342052527437966
2601,1,1,1,0.9999846,0.9622322880691362,0.9635881572332118,0.9922335421340494,0.03776771193086381
2602,6,6,1,0.9998827,0.9504740090392847,0.9519898564533714,0.9915367225636993,0.049525990960715305
2603,0,0,1,0.8201708,0.8962498367841173,0.8977287858692292,0.8602958318849996,0.10375016321588271
2604,8,8,1,0.9364702,0.9256642447311831,0.9270606524483048,0.9212288258865151,0.07433575526881686
2605,4,4,1,0.7599334,0.7868098469466661,0.7867615689408055,0.7237202570307122,0.2131901530533339
2606,3,3,1,0.6047621,0.4660810661178906,0.46106434207970826,0.4478933547961269,0.5339189338821094
2607,1,1,1,0.9981528,0.9553651802867685,0.9566840429164398,0.9921351600875536,0.044634819713231466
2608,4,4,1,0.9143083,0.9213225246460446,0.9230943786245123,0.8936419811641003,0.07867747535395542
2609,5,5,1,0.70179933,0.7388469694680915,0.7388272582985914,0.6616192580114919,0.2611530305319085
2610,2,2,1,0.998166,0.9554824078955422,0.9570189843704932,0.9891218662306558,0.044517592104457826
2611,4,4,1,0.739428,0.7322451618686184,0.7310700972673225,0.6816957196232875,0.26775483813138157
2612,3,3,1,0.5771594,0.6871522559815924,0.6874460863613944,0.6802402771425924,0.31284774401840765
2613,6,6,1,0.95336086,0.9308674433765116,0.9324656990913197,0.9466352353649009,0.06913255662348838
2614,0,0,1,0.9984268,0.9495513263928919,0.9510686360842542,0.990087017987192,0.05044867360710814
2615,7,7,1,0.8553509,0.8775564843025585,0.8786818465631219,0.8521843423870225,0.1224435156974415
2616,1,1,1,0.99942964,0.9592126467025247,0.9605823592110365,0.9919809264540198,0.04078735329747529
2617,3,3,1,0.95792276,0.9446524308815588,0.9461093064799685,0.8677364773969322,0.05534756911844119
2618,5,5,1,0.9667077,0.9511707134989414,0.9528264595262809,0.9349341257592388,0.048829286501058555
2619,7,3,0,0.5419097,0.5507455222609279,0.548204061427119,0.5003186549537126,0.4492544777390721
2620,1,1,1,0.9998344,0.9441415430430332,0.9456985143674701,0.9915538585333386,0.055858456956966784
2621,8,8,1,0.9998529,0.9505911507159219,0.952120588665174,0.9916518299477814,0.04940884928407807
2622,0,0,1,0.9135493,0.8830161721477449,0.884118425159464,0.8841570927175691,0.11698382785225514
2623,4,4,1,0.84973925,0.8252515080428274,0.8259119034447284,0.7958639142976826,0.17474849195717257
2624,8,8,1,0.39022696,0.41312834856778335,0.4066243567085044,0.5645671280833536,0.5868716514322166
2625,2,2,1,0.99902177,0.9542668394885215,0.9557655826982061,0.9902144278647614,0.045733160511478466
2626,7,7,1,0.64675915,0.719457805496426,0.7191718795557139,0.7369855017827928,0.280542194503574
2627,7,7,1,0.76098853,0.8286101366424246,0.8294053687478511,0.7516470863424084,0.17138986335757544
2628,0,0,1,0.99952495,0.9580783146836824,0.9594837381639729,0.9904767480277502,0.04192168531631757
2629,2,2,1,0.5190686,0.5283391274500255,0.5225379172443345,0.5388656814678668,0.47166087254997446
2630,2,6,0,0.4261208,0.2541747382155583,0.24693353004663282,0.3469968901621668,0.7458252617844416
2631,4,4,1,0.98288536,0.9462389086327578,0.9479048302610538,0.970592382301959,0.053761091367242164
2632,3,5,0,0.7085756,0.7398856319649635,0.7398026399023068,0.751622944841095,0.2601143680350365
2633,3,3,1,0.84135383,0.8955095704562958,0.8968939015539316,0.8601013769004424,0.10449042954370424
2634,1,1,1,0.496322,0.7606830649134463,0.7605942305337671,0.6416717877258145,0.23931693508655372
2635,6,4,0,0.48219126,0.3635016118910464,0.3563164527571689,0.3296285389032231,0.6364983881089536
2636,1,1,1,0.99993825,0.954179916078018,0.9557125658046619,0.9881191047328919,0.045820083921982
2637,6,6,1,0.46946546,0.26155710134054944,0.2545508115866462,0.3246247594218728,0.7384428986594506
2638,4,4,1,0.9024236,0.9036713204930782,0.905071939581426,0.8672687812719101,0.09632867950692181
2639,6,6,1,0.99771655,0.9587764116774616,0.960164116974495,0.9828509630460348,0.04122358832253836
2640,7,7,1,0.98870355,0.9469040787382175,0.9482397884426351,0.9857314908090086,0.05309592126178253
2641,4,4,1,0.92535883,0.9183562915847393,0.9199259513869295,0.9067194674009028,0.0816437084152607
2642,7,2,0,0.9017572,0.9081578624089408,0.9097631880721541,0.8543837287294066,0.09184213759105919
2643,3,3,1,0.5377226,0.40849847804622985,0.4017921879349911,0.4796078027981821,0.5915015219537701
2644,8,8,1,0.7927882,0.7534242277380612,0.7526557415623666,0.7382648605435239,0.24657577226193883
2645,1,1,1,0.9995009,0.9696085539373911,0.9708961424580754,0.9886308666539928,0.030391446062608907
2646,3,3,1,0.7159664,0.44512581408848195,0.4389636507998944,0.6104410992612658,0.554874185911518
2647,1,1,1,0.9998869,0.9662747990265734,0.9675569772425551,0.9894491423645566,0.03372520097342657
2648,4,4,1,0.38893944,0.5514141996943364,0.5498478804053551,0.5698873150898953,0.44858580030566364
2649,6,6,1,0.92080015,0.9203353792900527,0.9220150682088663,0.9133456546287904,0.07966462070994729
2650,5,5,1,0.46412,0.1498420098226012,0.14201888490435444,0.33750048652079895,0.8501579901773988
2651,5,2,0,0.84614575,0.8556339918584348,0.856811415689416,0.8506285517878112,0.1443660081415652
2652,7,7,1,0.9946629,0.9588163670807358,0.9601812376233836,0.9929198517885588,0.04118363291926419
2653,4,4,1,0.991058,0.9519457872952787,0.9534601641467703,0.9851016565321393,0.04805421270472132
2654,5,5,1,0.9948736,0.9556491813617416,0.9571602994461671,0.9917395789855727,0.044350818638258405
2655,4,4,1,0.9801537,0.9451582757677788,0.9467466427479706,0.9615062011687877,0.05484172423222122
2656,9,9,1,0.99731785,0.9657123700944101,0.966995843629868,0.9931366966550934,0.03428762990558987
2657,7,7,1,0.38332072,0.5333660073305878,0.5308175180840651,0.5700033789674737,0.4666339926694122
2658,7,7,1,0.97781664,0.9440038005423308,0.9453956767706702,0.9694756316747568,0.055996199457669205
2659,2,2,1,0.9812686,0.9499281739949055,0.9514044216639795,0.9679541902872282,0.05007182600509452
2660,3,5,0,0.5226412,0.3288013370979884,0.3227329873766255,0.4760446787018033,0.6711986629020116
2661,3,3,1,0.76805127,0.8747154842786763,0.8759863802525764,0.8039133831171935,0.1252845157213237
2662,6,6,1,0.9743664,0.93238887817203,0.933871282325951,0.9518221936524026,0.06761112182797002
2663,7,7,1,0.534331,0.6712905909524516,0.6696174587662903,0.6109717720056157,0.3287094090475484
2664,4,4,1,0.82455534,0.8590042454773281,0.8605404280803092,0.8310064545171764,0.14099575452267188
2665,1,1,1,0.99648947,0.9620350567295409,0.9634833880192412,0.9885414147142787,0.03796494327045907
2666,6,6,1,0.9922806,0.9583498567173967,0.959644103078551,0.9863238978003693,0.0416501432826033
2667,1,1,1,0.99992776,0.9636396265697063,0.9651429755761305,0.988671057456262,0.036360373430293746
2668,0,0,1,0.6367859,0.7842615614500046,0.784400616768352,0.6289255198592578,0.21573843854999541
2669,6,6,1,0.9981621,0.9636807640922495,0.9652334260252861,0.991519855109824,0.03631923590775055
2670,9,1,0,0.2901425,0.06744191825729946,0.06230785299033237,0.21521624037110954,0.9325580817427005
2671,6,6,1,0.985121,0.952869875758311,0.9543863379605471,0.9678848447227084,0.04713012424168905
2672,0,0,1,0.8398955,0.8494678493618771,0.8505095670102831,0.8466870402830392,0.15053215063812286
2673,2,2,1,0.8918014,0.8528506573900912,0.8534819059321406,0.826935146104407,0.14714934260990875
2674,0,0,1,0.92017096,0.9248552737104907,0.9263386929267462,0.910162188374305,0.0751447262895093
2675,2,6,0,0.33417475,0.32441616189451683,0.31761557298822396,0.44917069934640375,0.6755838381054832
2676,4,6,0,0.5441333,0.38678664777270333,0.3809941218444926,0.4853484215903624,0.6132133522272967
2677,7,7,1,0.9729159,0.9554755939857161,0.9568750107289627,0.9498452990435662,0.04452440601428387
2678,0,0,1,0.99725133,0.9578950298010079,0.9591613999879073,0.9921363806133578,0.042104970198992064
2679,0,0,1,0.9800167,0.9642859337830558,0.9656872725777421,0.9244249278421529,0.035714066216944174
2680,0,0,1,0.99901044,0.9657233773979534,0.9671737418213926,0.9829146375680131,0.03427662260204656
2681,0,0,1,0.94181114,0.9299968141643029,0.9315523010989506,0.9326224136610901,0.07000318583569709
2682,7,7,1,0.9075923,0.9045999271494548,0.9058036083684731,0.8483389823782386,0.09540007285054519
2683,5,5,1,0.9987375,0.9493884082218713,0.9509960280378831,0.992640506113591,0.050611591778128684
2684,3,3,1,0.74773467,0.8662605927574208,0.8673873092462161,0.7755996274369743,0.13373940724257916
2685,2,4,0,0.45441538,0.6126796578856648,0.6115750806813751,0.5712134806521805,0.3873203421143352
2686,7,7,1,0.92508125,0.9118465502722412,0.9132359870861945,0.8895656318320927,0.08815344972775885
2687,8,8,1,0.9999728,0.9431999893458116,0.944525787675281,0.9926333493018508,0.05680001065418838
2688,5,5,1,0.5463718,0.5152036035189236,0.5110943940999311,0.5031403049588213,0.4847963964810764
2689,5,5,1,0.5375891,0.48129552343719056,0.47746850268854935,0.4897538944172165,0.5187044765628095
2690,2,2,1,0.8331095,0.8332403564067553,0.8337678354014921,0.8148594478585391,0.1667596435932447
2691,2,2,1,0.99910337,0.9613322880828369,0.9627776064666301,0.9875750206187622,0.03866771191716312
2692,8,8,1,0.9959423,0.9650892145229143,0.9663752089241735,0.990849351426368,0.034910785477085704
2693,9,9,1,0.99980253,0.9655552268672475,0.9667574663810306,0.9923588796656894,0.034444773132752515
2694,1,1,1,0.99997556,0.9602217706777287,0.9616191436178979,0.9865415312664405,0.039778229322271264
2695,2,2,1,0.52187157,0.5710653540989385,0.5675962510613307,0.5468579432318796,0.42893464590106145
2696,2,2,1,0.9864283,0.9475001831459904,0.9490442194505756,0.9738278658501447,0.05249981685400962
2697,0,0,1,0.9510406,0.9315750727310383,0.9329731346776247,0.8889515419593024,0.06842492726896166
2698,3,3,1,0.8790028,0.9097455877622801,0.911310316919019,0.8493480273242969,0.0902544122377199
2699,4,4,1,0.9961604,0.9616434120093453,0.9632692911356358,0.991309373452018,0.03835658799065467
2700,9,1,0,0.61193955,0.695328081174012,0.6945385171973081,0.5799324052133376,0.304671918825988
2701,1,0,0,0.6938124,0.8185600022021052,0.8191715113276296,0.698027132458101,0.18143999779789477
2702,6,6,1,0.994076,0.9625830330019834,0.9640319571278734,0.987225858305502,0.037416966998016554
2703,9,0,0,0.70913535,0.764004142116747,0.7631077845575528,0.7006071139841252,0.23599585788325295
2704,0,0,1,0.5985119,0.3524576686798989,0.3446594006104037,0.4628921483719654,0.6475423313201011
2705,8,0,0,0.9960169,0.9532108413532553,0.9545912371671585,0.9910882327364479,0.04678915864674471
2706,3,3,1,0.84718585,0.9031647248968733,0.9046029454568669,0.8437005338074733,0.09683527510312673
2707,6,6,1,0.9999237,0.958916733661947,0.9605110047376247,0.9900779497183545,0.04108326633805304
2708,4,4,1,0.7820526,0.8161163390971324,0.8168887020848431,0.8058445940526618,0.18388366090286756
2709,6,6,1,0.8218297,0.8524482866952285,0.8536075817906317,0.8131378891003912,0.14755171330477146
2710,7,7,1,0.8600464,0.8794534350448375,0.8806975534247653,0.8390822761683825,0.12054656495516247
2711,5,5,1,0.99583733,0.9474691421632165,0.9489301981995779,0.9899519397050506,0.05253085783678346
2712,1,1,1,0.9295381,0.9171589774139972,0.9185823872534061,0.8600295261582004,0.08284102258600279
2713,8,8,1,0.9999305,0.959557900994007,0.9609921856751417,0.9904589949235926,0.04044209900599305
2714,9,9,1,0.7299394,0.6111531536469543,0.6080125694096389,0.6224611952962712,0.38884684635304567
2715,0,0,1,0.99991035,0.9604704582192491,0.9618483295663632,0.9822067559082049,0.039529541780750854
2716,5,5,1,0.45756835,0.6635144822827114,0.6629606973823707,0.6148801710560631,0.33648551771728863
2717,0,0,1,0.931138,0.8994116131387278,0.9006672080288304,0.9259411811230591,0.10058838686127225
2718,5,5,1,0.6913145,0.7701279789870397,0.7709770141755249,0.7357432729370893,0.22987202101296034
2719,4,2,0,0.63435537,0.3639567529438038,0.3571938932581985,0.46798193688820633,0.6360432470561962
2720,3,3,1,0.99319285,0.9457174577722555,0.9472468993264065,0.9857672104437892,0.054282542227744535
2721,8,0,0,0.49795544,0.5286761177755729,0.523844516431878,0.5695540505548772,0.4713238822244271
2722,5,5,1,0.5756143,0.6465644168082749,0.6446807750696252,0.6770140159315258,0.3534355831917251
2723,2,2,1,0.9028823,0.9252933960801298,0.9270550019571331,0.8561319337256151,0.07470660391987016
2724,0,0,1,0.9995734,0.9482056495455937,0.9497973903165052,0.9822490007739628,0.05179435045440628
2725,8,8,1,0.98533,0.9556016360671867,0.9570268135170893,0.9635721368458835,0.04439836393281327
2726,5,5,1,0.92782444,0.9264956653901354,0.9282012372543487,0.9082676722099751,0.07350433460986461
2727,9,0,0,0.6194522,0.36946880289315703,0.36188324334878863,0.35212088586826945,0.630531197106843
2728,2,2,1,0.9896543,0.9452946997230873,0.9467382768063191,0.9768534321696672,0.05470530027691267
2729,5,3,0,0.6275709,0.4031440721011551,0.3969826822463975,0.38830276660310725,0.5968559278988449
2730,6,6,1,0.98269916,0.9557043054621435,0.9572949357869835,0.9721785029186158,0.044295694537856534
2731,5,5,1,0.8929262,0.9021766598710524,0.9035819992812972,0.8574844189171671,0.09782334012894756
2732,7,7,1,0.961043,0.9506736980851546,0.9520849625056664,0.9452713410753689,0.04932630191484544
2733,3,3,1,0.99097484,0.9652274761390423,0.9664354265287356,0.9759186838135625,0.03477252386095775
2734,7,7,1,0.7976065,0.8979299897418024,0.8993282258069049,0.8178376500091449,0.10207001025819762
2735,2,2,1,0.9800085,0.9531802063696624,0.9547833198661777,0.9656798749456708,0.046819793630337614
2736,8,8,1,0.96043473,0.9431863373157844,0.9446781612222392,0.9386294641672793,0.056813662684215616
2737,8,0,0,0.7271376,0.643641298918968,0.6413444812017757,0.6335358497747589,0.35635870108103196
2738,4,4,1,0.9627528,0.9421657756995891,0.9436761040711792,0.9459016645577861,0.05783422430041085
2739,2,2,1,0.9999831,0.9351341258605619,0.9366134710608988,0.9868588479339171,0.06486587413943812
2740,1,1,1,0.9596601,0.9402345230342524,0.9420996730492062,0.9392895861262409,0.05976547696574763
2741,6,6,1,0.9946629,0.9651871548603363,0.9667040263189136,0.9918129255414573,0.03481284513966365
2742,2,2,1,0.9917536,0.9551836272060431,0.9565598671858763,0.9860349434352077,0.04481637279395689
2743,9,9,1,0.9970995,0.9577942240314646,0.9591927526878857,0.9930461110915927,0.042205775968535364
2744,9,9,1,0.9955166,0.9509735618088593,0.952300177415389,0.9931703190375412,0.04902643819114072
2745,8,8,1,0.9997124,0.9586415179439489,0.9601444003830992,0.992665961471966,0.04135848205605108
2746,2,2,1,0.9120729,0.9102655878818184,0.9118577749627284,0.8529827715345403,0.08973441211818156
2747,3,6,0,0.462509,0.5933021140630889,0.5900907096127507,0.5686695394901498,0.40669788593691114
2748,1,1,1,0.99998176,0.9730622260259578,0.9741700443068199,0.9924233046325128,0.02693777397404218
2749,0,0,1,0.9997013,0.9656857202813324,0.9670225702862348,0.9853512117947493,0.03431427971866763
2750,5,5,1,0.9018084,0.9138498953252,0.9153462567596179,0.8632467024478175,0.0861501046748
2751,2,2,1,0.99715674,0.9599368995309051,0.961455830738565,0.9855690620578444,0.04006310046909489
2752,3,3,1,0.8984288,0.9117557229799192,0.9131800606202835,0.8398212371406127,0.08824427702008075
2753,7,5,0,0.43547264,0.44155332617277987,0.43680673619101823,0.3905415123255287,0.5584466738272201
2754,9,0,0,0.4640588,0.18387768574073907,0.17626340291415019,0.3952305732572315,0.816122314259261
2755,5,4,0,0.8985924,0.8921819049154722,0.8931700022726753,0.8052640001013188,0.10781809508452778
2756,9,9,1,0.965506,0.9360216384710791,0.9379059697814478,0.9403787327460905,0.06397836152892089
2757,1,1,1,0.9949728,0.975536089289552,0.976651213571679,0.9615019131818398,0.024463910710447956
2758,1,1,1,0.9956714,0.9726524615727463,0.9738262228883536,0.9927849019614398,0.02734753842725368
2759,3,3,1,0.9254127,0.9319838339406731,0.93350262045107,0.8721621210865663,0.06801616605932692
2760,2,2,1,0.978822,0.9512844765521085,0.9530001271413816,0.9461868520274587,0.04871552344789154
2761,7,7,1,0.9731626,0.9522673398868784,0.9536123198302126,0.9521246702786432,0.047732660113121606
2762,4,2,0,0.9329769,0.9081491705163854,0.9097478817786256,0.907229594174502,0.09185082948361456
2763,4,4,1,0.98394024,0.9553378067043088,0.9569679433564591,0.9732703987152944,0.04466219329569121
2764,1,1,1,0.9999746,0.9502906100021237,0.9517637381408086,0.992511525947593,0.04970938999787633
2765,9,9,1,0.99540293,0.9637820141552085,0.9652781037072758,0.9917672023562899,0.03621798584479152
2766,4,4,1,0.9961216,0.9627629384674788,0.9642326521250019,0.9917672023562899,0.037237061532521154
2767,5,3,0,0.6422146,0.8072025628109403,0.8094358732226006,0.7321603687809717,0.19279743718905973
2768,5,2,0,0.75525594,0.8497985861787949,0.8512162139432642,0.7350596541051252,0.1502014138212051
2769,2,2,1,0.7269964,0.6679086684398606,0.6651930935507382,0.7158050869231775,0.33209133156013937
2770,7,2,0,0.61264634,0.5568030050507929,0.5538964532295994,0.6066964794084702,0.44319699494920706
2771,7,7,1,0.8625498,0.885843428012528,0.8870090696717516,0.848714819028122,0.11415657198747198
2772,6,6,1,0.9952537,0.9638221173783418,0.9654799370925665,0.9813899080350409,0.03617788262165822
2773,1,1,1,0.99361765,0.9617164336280244,0.9632679399727598,0.9862853727326556,0.03828356637197561
2774,2,2,1,0.9616348,0.9378694274754051,0.9393625774798939,0.9426371609781764,0.06213057252459486
2775,3,3,1,0.68246126,0.8524894087837522,0.8539520631307673,0.7709028695434226,0.14751059121624777
2776,7,7,1,0.9904435,0.9455964792937989,0.947136945647635,0.9780777934057325,0.054403520706201136
2777,5,5,1,0.9646499,0.9402054883812682,0.9418078447582786,0.9085646319366603,0.05979451161873184
2778,4,4,1,0.8063289,0.8642655936223507,0.8658865662632379,0.8115230365536376,0.13573440637764933
2779,3,0,0,0.7533094,0.6444852643197084,0.6406362513815973,0.6260504553533726,0.35551473568029157
2780,7,7,1,0.9864927,0.9626906271055573,0.9639589418822876,0.9702523183285412,0.037309372894442694
2781,7,7,1,0.64003235,0.696040431321727,0.6952096628628776,0.7377685909318019,0.303959568678273
2782,0,0,1,0.574178,0.5103664479368668,0.5057622833682233,0.5884679690001184,0.4896335520631332
2783,0,0,1,0.9571194,0.9239271735235709,0.9252979601344937,0.9363285681264091,0.0760728264764291
2784,1,1,1,0.99138826,0.9501346449307659,0.9518503899725608,0.9792150794697553,0.04986535506923406
2785,4,2,0,0.6349138,0.6234982919588843,0.6207113205373417,0.6498669831451047,0.3765017080411157
2786,4,4,1,0.9931497,0.9584674985752619,0.9599751039287178,0.9848540129910189,0.04153250142473808
2787,3,3,1,0.9456214,0.9319370342518539,0.9333994114976258,0.8810491611804366,0.06806296574814608
2788,7,3,0,0.543509,0.14996012798447214,0.14129638163913186,0.3676662093062373,0.8500398720155279
2789,9,9,1,0.996543,0.9631242768662872,0.9644260586465835,0.9919863097028654,0.03687572313371279
2790,8,8,1,0.9959066,0.9577161338349441,0.9592050749636013,0.9902125709530375,0.04228386616505586
2791,7,7,1,0.9975667,0.9586417992225584,0.9601589648422347,0.9922028337328271,0.04135820077744157
2792,0,0,1,0.99988365,0.9626940364116038,0.9639488227147031,0.9835243020425143,0.03730596358839622
2793,9,9,1,0.95120656,0.9546743675901617,0.9561977667149196,0.9107819375467961,0.045325632409838335
2794,0,0,1,0.98703825,0.9611472569037304,0.9624174313724263,0.9719281651021034,0.038852743096269626
2795,3,3,1,0.6853048,0.7161497756449455,0.713817600508539,0.7474477796792236,0.28385022435505447
2796,7,7,1,0.8830199,0.8724452435342627,0.8733252585700183,0.8520803480745921,0.12755475646573733
2797,6,6,1,0.9769934,0.953886760184447,0.9553823894612857,0.9642653565417076,0.04611323981555304
2798,3,5,0,0.63202024,0.6912706892660903,0.6905108093820209,0.6518353242937356,0.30872931073390975
2799,8,8,1,0.966512,0.9552876181675408,0.9565773543625388,0.9320673633313905,0.04471238183245918
2800,4,4,1,0.7670103,0.7830708067724143,0.7830157247411481,0.6988357056985514,0.21692919322758575
2801,5,5,1,0.8631978,0.8846792932316205,0.8858599654995518,0.8741191964998731,0.11532070676837947
2802,6,6,1,0.99989307,0.9434877165327651,0.9451072425550161,0.9852541294447312,0.056512283467234914
2803,5,5,1,0.98680127,0.9389979588866761,0.9406353361803037,0.9797377626933613,0.06100204111332386
2804,3,2,0,0.51997095,0.37770597256162197,0.37169604352407654,0.4265554312043081,0.622294027438378
2805,4,4,1,0.99751496,0.9572486384229786,0.9587777534487123,0.9913615588191746,0.04275136157702142
2806,2,2,1,0.9908173,0.9595980449962948,0.9609857254794762,0.9807720969879631,0.04040195500370525
2807,9,9,1,0.59099966,0.25836657433347304,0.24955423415052166,0.32521718924793186,0.7416334256665269
2808,2,2,1,0.9335915,0.9071982658540488,0.9087097427816487,0.8661547994393014,0.09280173414595116
2809,4,4,1,0.4847539,0.4061905568520022,0.4002838212151438,0.44212360862402716,0.5938094431479978
2810,9,9,1,0.47613597,0.4771095276230806,0.47304191654979705,0.41231357328135865,0.5228904723769194
2811,2,2,1,0.9838785,0.9564218933805757,0.957894195937489,0.9742858561163245,0.043578106619424295
2812,0,0,1,0.99888474,0.9442266306925383,0.9457901467207188,0.9775350243742156,0.055773369307461684
2813,1,1,1,0.99976856,0.9516390026500716,0.9529471304564416,0.9860225335660586,0.04836099734992838
2814,1,1,1,0.87731695,0.9115475800572744,0.912999385472067,0.8413717466084235,0.08845241994272557
2815,3,3,1,0.7209171,0.8816826412514759,0.8832140192609892,0.7792225547338362,0.11831735874852412
2816,7,7,1,0.8969195,0.894763951797964,0.896008452217972,0.8723299108139786,0.10523604820203603
2817,9,9,1,0.99995625,0.9484512555187367,0.9499379566925308,0.9928533945737945,0.05154874448126334
2818,5,5,1,0.8436984,0.8814564020273281,0.882723963824641,0.8455906814087504,0.11854359797267189
2819,1,1,1,0.999946,0.9550134102290478,0.9563735648503351,0.9930088091365511,0.04498658977095216
2820,6,6,1,0.9921042,0.9592701354659324,0.9608479068816064,0.984245237836815,0.04072986453406757
2821,0,0,1,0.91451156,0.9048183919705372,0.9062214756841108,0.8980388123254454,0.09518160802946285
2822,3,3,1,0.55781573,0.569831957103923,0.5647705282704342,0.6079353743706502,0.430168042896077
2823,3,3,1,0.7286528,0.747315465766445,0.7467957165646107,0.7505403603467853,0.25268453423355497
2824,7,7,1,0.9747301,0.9335234070099749,0.9349724743626447,0.9368518588827339,0.06647659299002506
2825,2,2,1,0.7856435,0.85730269219037,0.8587176161316067,0.7006766092249661,0.14269730780962997
2826,4,4,1,0.97483826,0.9435223199369865,0.9451307363134769,0.9542761781482835,0.05647768006301346
2827,5,5,1,0.9861878,0.9443847487688728,0.9460327776057873,0.9712327910927478,0.055615251231127205
2828,2,2,1,0.93941396,0.9245157608567192,0.9261878212571457,0.9226179360832402,0.07548423914328084
2829,3,3,1,0.421234,0.1995516340357873,0.1917453348750738,0.35104886237698224,0.8004483659642128
2830,6,6,1,0.9999136,0.9495713339725558,0.9510668126074621,0.99218310218725,0.050428666027444224
2831,3,3,1,0.5806437,0.6495660568438644,0.6478118919189277,0.6758202936464603,0.35043394315613563
2832,3,2,0,0.63798803,0.39658508578984925,0.38989563200021105,0.462336062102931,0.6034149142101508
2833,0,0,1,0.98647064,0.9447878973851314,0.9463412518974181,0.9805377992422122,0.05521210261486864
2834,4,4,1,0.8185696,0.8681318563083135,0.8697878498191788,0.8207776234708635,0.13186814369168653
2835,4,2,0,0.2733497,0.06479814859612563,0.060187950645529675,0.2178077061963041,0.9352018514038744
2836,3,3,1,0.53490585,0.7671820993053109,0.7696206372532616,0.6957880352443816,0.2328179006946891
2837,8,8,1,0.99936384,0.9561157824766671,0.9576520065790877,0.9894919181740588,0.043884217523332936
2838,1,1,1,0.99784863,0.9332754441591252,0.9348088643466198,0.982488564317438,0.06672455584087478
2839,2,2,1,0.9995116,0.9626453153485454,0.9641106411357212,0.991983432940302,0.03735468465145464
2840,3,3,1,0.87891656,0.8972339683714724,0.8988735271680545,0.8552329549989017,0.1027660316285276
2841,2,2,1,0.79246366,0.7138261774640439,0.7119270345138506,0.6301694387724438,0.28617382253595613
2842,7,7,1,0.830003,0.7212598585214935,0.7193019998383863,0.6406924661102263,0.27874014147850645
2843,1,3,0,0.33605158,0.25121920224324945,0.24391489259476662,0.44665869480421283,0.7487807977567505
2844,4,3,0,0.7329542,0.769224928687014,0.7696480785826412,0.7695203853514901,0.23077507131298602
2845,5,2,0,0.66416055,0.6647879093737992,0.6626648589201474,0.6853595221701574,0.33521209062620083
2846,6,6,1,0.9964335,0.9464244527945016,0.9479489001243635,0.9924872212562704,0.0535755472054984
2847,8,2,0,0.5051781,0.757444249824227,0.7590168778951835,0.6566632893633049,0.24255575017577302
2848,6,6,1,0.9985671,0.9568007999067749,0.9580547532771706,0.9918464163980067,0.04319920009322509
2849,6,6,1,0.9329776,0.9276785724039194,0.9294640780446973,0.9209073304682126,0.07232142759608062
2850,5,5,1,0.7507252,0.8770820531504915,0.8785688356507626,0.812461591839554,0.12291794684950852
2851,4,4,1,0.9942615,0.9516912742618384,0.9533201438561524,0.9875198641439458,0.048308725738161584
2852,2,2,1,0.9650362,0.9429688887855198,0.9445720034942372,0.9453307720109027,0.057031111214480235
2853,9,9,1,0.9996712,0.9567174553486353,0.9581168199711371,0.9909563682051227,0.04328254465136472
2854,9,0,0,0.46105814,0.17769962894054822,0.1699740178955757,0.24591640066357046,0.8223003710594518
2855,3,6,0,0.6529762,0.5255546573933618,0.5203969905694709,0.61567752408931,0.4744453426066382
2856,2,2,1,0.8828067,0.9215234431505814,0.9233018649473108,0.8491385584709231,0.07847655684941857
2857,0,0,1,0.9993693,0.9634136196586672,0.9648292929439264,0.9905994614767536,0.03658638034133277
2858,4,4,1,0.9711159,0.9352132962396921,0.9367978043969527,0.9482290766235767,0.06478670376030793
2859,1,1,1,0.95146894,0.9319938736354775,0.93353097287753,0.9213043946606086,0.06800612636452252
2860,5,5,1,0.98892605,0.9536177533874302,0.9551857918040161,0.9701641012419215,0.046382246612569844
2861,5,5,1,0.9788849,0.9503815691182291,0.952087085698095,0.9400097122459613,0.04961843088177087
2862,6,6,1,0.9460568,0.9272501032526442,0.9288362251492612,0.9290991380478608,0.07274989674735577
2863,6,6,1,0.9241802,0.91438816917074,0.9157633146229219,0.9090183983078153,0.08561183082926005
2864,5,5,1,0.9766551,0.9417319246785498,0.9436507576507404,0.942827349858879,0.058268075321450175
2865,6,6,1,0.98929834,0.9601677758238596,0.9616357598976574,0.9815486695822879,0.03983222417614041
2866,9,9,1,0.99843675,0.9637087541116645,0.9650398770191377,0.9930336940108184,0.036291245888335544
2867,7,4,0,0.47970814,0.6441705884821075,0.6428882094187917,0.5815565856556821,0.3558294115178925
2868,9,9,1,0.73217124,0.47000793460383095,0.4634366022411039,0.5725362789388249,0.529992065396169
2869,4,4,1,0.99035865,0.9491580700201865,0.9507753264127067,0.9829413285972229,0.050841929979813516
2870,8,8,1,0.9909741,0.9627396623049769,0.9642922946374148,0.982134953346704,0.03726033769502313
2871,3,3,1,0.9748345,0.9307871745299519,0.9320918935063695,0.92720508003645,0.06921282547004814
2872,1,1,1,0.99793184,0.9638301738433576,0.9651203464037941,0.9879562319640108,0.03616982615664244
2873,9,9,1,0.9823085,0.9641142059513047,0.9653729592224793,0.9720344007161091,0.035885794048695296
2874,8,8,1,0.81214434,0.8325589384808032,0.8338108562356863,0.7326217796836548,0.1674410615191968
2875,1,1,1,0.99576014,0.9592123374728967,0.9605712868202275,0.9918083952821856,0.04078766252710331
2876,9,9,1,0.9978181,0.9676298652707122,0.9689701163830858,0.9865077460669446,0.03237013472928785
2877,0,0,1,0.8333977,0.887128859211975,0.8886849814073033,0.831846048842274,0.11287114078802496
2878,3,3,1,0.7632229,0.7834377706859795,0.7838141447749457,0.7866808925757076,0.21656222931402047
2879,0,0,1,0.9958775,0.9606426886868615,0.9620196904944462,0.9869461013168269,0.039357311313138466
2880,4,4,1,0.999295,0.9583311691764494,0.9599035036006843,0.9907195097458821,0.04166883082355055
2881,7,7,1,0.876539,0.8152105292117694,0.8157753195485646,0.706065930466603,0.1847894707882306
2882,7,7,1,0.98310214,0.9458510160337259,0.9474088861073344,0.9733235344502045,0.0541489839662741
2883,2,2,1,0.999992,0.9251642783507779,0.9267494863251674,0.9831136291816276,0.07483572164922214
2884,6,6,1,0.9361563,0.9312456471296965,0.9328864060440518,0.92035646786762,0.06875435287030351
2885,5,5,1,0.90803856,0.9270965215005635,0.9286159218518844,0.8530515590633795,0.07290347849943646
2886,6,6,1,0.40944457,0.3221516136401524,0.3156105683104403,0.35255037614132717,0.6778483863598477
2887,9,9,1,0.9983676,0.9519627201087278,0.9532071340455388,0.9923521211257067,0.048037279891272155
2888,7,3,0,0.5339367,0.6053369179237458,0.6021696858693142,0.618815773011824,0.3946630820762542
2889,7,7,1,0.39089733,0.1926592102151721,0.18559590262983772,0.4386202652329707,0.8073407897848279
2890,5,5,1,0.7012591,0.8146302426877625,0.815546430226471,0.787246470037479,0.18536975731223748
2891,7,4,0,0.516163,0.40574268943963476,0.39902501976050647,0.5016983789156924,0.5942573105603652
2892,0,0,1,0.84067804,0.9054322599693119,0.9069870302014701,0.8381257719163986,0.09456774003068813
2893,8,8,1,0.9998584,0.9608243930365246,0.9623588475295557,0.990811276961078,0.03917560696347544
2894,6,6,1,0.99098444,0.9573733051044044,0.9587139027125343,0.985953919398305,0.04262669489559556
2895,7,5,0,0.6364312,0.8685071055549234,0.8706425512650857,0.7772088115903125,0.1314928944450766
2896,8,8,1,0.99949086,0.9632170812512946,0.9649670739488366,0.9911419569405173,0.03678291874870543
2897,3,3,1,0.6094144,0.6792264568114241,0.678624255458937,0.7161873823238727,0.32077354318857587
2898,8,8,1,0.7267982,0.789788483878732,0.7899122662745163,0.7339941321821531,0.21021151612126798
2899,9,9,1,0.92074585,0.9192882187992198,0.9207304315795607,0.9032142137471338,0.08071178120078015
2900,3,3,1,0.30800208,0.09634688372088744,0.09107039276383457,0.25582152952895876,0.9036531162791126
2901,2,2,1,0.7364532,0.7521580221112005,0.7518041123384356,0.6282369484039585,0.24784197788879947
2902,9,9,1,0.99637836,0.9566191940153308,0.9580392341058068,0.9910671436331187,0.0433808059846692
2903,2,2,1,0.91655916,0.9194694496875856,0.9209330097048984,0.8973288342142205,0.0805305503124144
2904,7,7,1,0.9829489,0.9509501864175265,0.9524490209000611,0.9624855375882706,0.04904981358247351
2905,4,4,1,0.92999554,0.9121479006524623,0.9137316685845109,0.9161570642527966,0.08785209934753768
2906,1,1,1,0.9996505,0.9639222435138646,0.9652272853601188,0.9864397848959194,0.036077756486135426
2907,9,9,1,0.99152875,0.9561378669316103,0.9575163975567007,0.9857463280055925,0.04386213306838971
2908,7,7,1,0.85933805,0.7717874956460173,0.7711177698706722,0.6506739771934952,0.22821250435398266
2909,0,0,1,0.98997855,0.9482208151927626,0.9498226383795089,0.9820638718387237,0.05177918480723742
2910,8,0,0,0.63746107,0.6599291563475689,0.6582406088570115,0.6029747845132267,0.3400708436524311
2911,1,1,1,0.9999962,0.9465884231800649,0.9478167993324385,0.9926970698276548,0.053411576819935136
2912,2,4,0,0.7323762,0.7408605131383764,0.739661336810551,0.7268342168131373,0.2591394868616236
2913,0,0,1,0.9982377,0.9570162513516648,0.958608627979944,0.9845559180654532,0.04298374864833521
2914,6,6,1,0.4213192,0.5097471520479141,0.5058012151717518,0.4656555515300553,0.4902528479520859
2915,5,5,1,0.910248,0.9223164069252782,0.9239171023525867,0.849948774884018,0.07768359307472184
2916,1,1,1,0.9738833,0.95411262739691,0.9554495869288251,0.9323375916817018,0.04588737260308995
2917,4,4,1,0.99925846,0.958191469215166,0.959798813749514,0.9912789687834664,0.04180853078483404
2918,2,2,1,0.9982907,0.9529840212630312,0.9546613151124788,0.9832858224555199,0.04701597873696883
2919,8,8,1,0.6940547,0.7906622560385973,0.7917249264854781,0.6640288669600299,0.2093377439614027
2920,2,2,1,0.9899893,0.9536118745472344,0.9550599543545387,0.9793558468223172,0.046388125452765605
2921,8,8,1,0.9990345,0.9577308640035962,0.9592258031576361,0.990738960181349,0.042269135996403806
2922,3,3,1,0.9865151,0.9457598371419534,0.9473727183187413,0.9760543757831269,0.05424016285804656
2923,3,3,1,0.7860419,0.8539652368990389,0.8551161694190652,0.8266316797851601,0.14603476310096108
2924,1,1,1,0.9999634,0.956420825676771,0.9581864512178936,0.9875270725571916,0.043579174323229
2925,4,4,1,0.8504323,0.8744360922845266,0.875611929884091,0.831366275269566,0.12556390771547343
2926,9,9,1,0.99993265,0.9424417409059764,0.9438258631320094,0.9924706696385904,0.05755825909402357
2927,8,8,1,0.97086495,0.9477715016930649,0.94950580714514,0.9605563272525423,0.0522284983069351
2928,1,1,1,0.99980754,0.9512648603373212,0.9527731899938938,0.9877552171692688,0.04873513966267884
2929,1,1,1,0.9999831,0.9618574856347646,0.9630509381700585,0.9930713091365511,0.038142514365235414
2930,7,3,0,0.28306487,0.13278674240088462,0.12603927380837388,0.2930391987952422,0.8672132575991154
2931,9,9,1,0.9916278,0.9696933266165877,0.9709803421511612,0.9857229379309554,0.030306673383412308
2932,9,9,1,0.99621236,0.9568279808887592,0.9582824442400936,0.9936474880248893,0.0431720191112408
2933,4,4,1,0.9336903,0.9323753963754193,0.9341111086142134,0.9251883250657872,0.06762460362458067
2934,6,6,1,0.9964142,0.9643371801354428,0.9655614697068342,0.9918541643652287,0.035662819864557216
2935,8,8,1,0.89301765,0.9194437007918641,0.9211071349544471,0.8754290234141132,0.0805562992081359
2936,5,5,1,0.9980824,0.9507242707730617,0.9522490642314577,0.9921913582240665,0.04927572922693835
2937,3,6,0,0.471152,0.5857877888641803,0.5843852643352768,0.5705525924064196,0.41421221113581974
2938,2,2,1,0.9549666,0.9223302517629393,0.923988708711519,0.9062833497631497,0.07766974823706074
2939,2,2,1,0.97016037,0.9526477765616568,0.9542287539055552,0.9384301201831192,0.04735222343834322
2940,3,0,0,0.99797875,0.9650577848360824,0.9668969460023333,0.9860353134123809,0.0349422151639176
2941,8,8,1,0.95491505,0.9207562999918579,0.9222409864867765,0.9285546922566786,0.07924370000814207
2942,5,5,1,0.90076166,0.9143414246219101,0.9158257129280752,0.8503344396670862,0.08565857537808985
2943,1,1,1,0.7814603,0.8753373520091738,0.8768341418662208,0.7938453118184516,0.12466264799082616
2944,9,9,1,0.99223715,0.9674098320335831,0.9687166588705942,0.9857229379309554,0.032590167966416894
2945,7,7,1,0.6154282,0.6433525557300446,0.6416468307692037,0.6967301600098779,0.3566474442699554
2946,9,9,1,0.99684286,0.9629197524795021,0.9643791573477031,0.9907030397195237,0.03708024752049788
2947,1,1,1,0.9999814,0.9526484353259701,0.9539366649412997,0.9883245116891126,0.0473515646740299
2948,5,5,1,0.3443951,0.10786453835300851,0.1017700222488324,0.33253835801588366,0.8921354616469915
2949,3,3,1,0.8326763,0.8752362613820412,0.8766522836454753,0.85736482880098,0.12476373861795875
2950,1,1,1,0.9979087,0.9610268681851142,0.9626148497714905,0.9876407209105581,0.03897313181488582
2951,0,0,1,0.99610233,0.9577828441421502,0.9591328570746709,0.9915560506924674,0.0422171558578498
2952,3,3,1,0.83139074,0.8609952525600064,0.8620792959798343,0.8221234754911191,0.13900474743999358
2953,8,8,1,0.99804544,0.9580150608927518,0.9594407946179879,0.990389399278527,0.04198493910724821
2954,9,9,1,0.6403016,0.8133065748467516,0.81494328750498,0.6399112576684821,0.18669342515324838
2955,2,2,1,0.5019119,0.514677904891909,0.5105396876585496,0.5124320619444697,0.485322095108091
2956,0,0,1,0.9993231,0.9418824466793125,0.9435253250831234,0.9814784557400925,0.058117553320687465
2957,8,8,1,0.5081467,0.36002627447146673,0.3536154021911307,0.3008678584650981,0.6399737255285333
2958,0,0,1,0.34384143,0.12864428873143474,0.12221553697291566,0.2475043556065709,0.8713557112685653
2959,7,7,1,0.48158622,0.48000061925433163,0.4755957339152345,0.49634941359592655,0.5199993807456684
2960,9,0,0,0.7375952,0.7785562120398862,0.7785498284146636,0.7418813415190769,0.22144378796011377
2961,4,4,1,0.98483735,0.92824261136719,0.9297264451781604,0.957073406905772,0.07175738863281
2962,8,0,0,0.81649554,0.653819571317827,0.6503003937159604,0.6123669009337248,0.346180428682173
2963,3,3,1,0.96112704,0.9343247444913155,0.9359567968952586,0.9348316157187848,0.06567525550868447
2964,0,0,1,0.9818973,0.9542651915945004,0.9558934019337553,0.9693904016866185,0.045734808405499594
2965,7,5,0,0.7394538,0.7870299783954744,0.7867631294670555,0.7466144377687491,0.2129700216045256
2966,0,0,1,0.98942393,0.9631346937522698,0.964494601340952,0.9800433992620015,0.03686530624773021
2967,7,2,0,0.4827569,0.4589646263072346,0.45406280765356644,0.4139588978401013,0.5410353736927653
2968,0,0,1,0.92057014,0.9030052647248805,0.9046133329334248,0.8848192889627441,0.09699473527511948
2969,5,5,1,0.9755181,0.9527937908981894,0.9544495288516353,0.9513594581479484,0.047206209101810614
2970,5,5,1,0.64786965,0.7671528234184628,0.7680753875581608,0.7471666834946862,0.2328471765815372
2971,4,4,1,0.9980562,0.963674066982399,0.9650220040718125,0.9929122403055008,0.03632593301760101
2972,3,3,1,0.9307554,0.9210601461126725,0.9227121802407187,0.8622403063563542,0.0789398538873275
2973,0,0,1,0.9956221,0.9409833514182671,0.9424910309798453,0.9895922690620571,0.059016648581732944
2974,9,9,1,0.9972025,0.9609752982743055,0.9622470521820943,0.9929072280606296,0.0390247017256945
2975,9,9,1,0.46006933,0.440050767944579,0.43478976645415107,0.5198588202593417,0.559949232055421
2976,0,0,1,0.3615007,0.34185185792482453,0.335027934912977,0.567039377567298,0.6581481420751755
2977,2,2,1,0.64460963,0.8138879633883856,0.814734686803703,0.6598128749076055,0.18611203661161435
2978,2,0,0,0.45330718,0.12224377306169973,0.11554951902302593,0.26608303554368934,0.8777562269383002
2979,0,0,1,0.99935216,0.9501040262078864,0.9518260452935,0.9881885393208059,0.049895973792113635
2980,8,8,1,0.99999845,0.9485581659040218,0.9502748633630187,0.9924968085557778,0.051441834095978245
2981,4,4,1,0.82756007,0.8920663606513898,0.8938779070638205,0.8388620837317268,0.10793363934861022
2982,4,4,1,0.99674124,0.9608729652929326,0.9623551765048688,0.9922188638394913,0.039127034707067354
2983,5,5,1,0.9290611,0.9394295322629912,0.9413183148668927,0.9001802390499002,0.060570467737008804
2984,2,2,1,0.9999198,0.9559545335757577,0.9574560314767736,0.9922157714603794,0.04404546642424234
2985,2,8,0,0.27149424,0.19951953640086814,0.1928242143163137,0.20666422657510708,0.8004804635991318
2986,1,1,1,0.9637964,0.8857035556799786,0.8869462162516221,0.7935648434661434,0.1142964443200214
2987,1,6,0,0.6764728,0.461995843711307,0.45504352174792595,0.5285370004388986,0.538004156288693
2988,5,3,0,0.5682958,0.8829409056741518,0.8849729322568576,0.7212779362177985,0.11705909432584816
2989,5,6,0,0.6684876,0.767316862294589,0.7673529040416848,0.7340438088219858,0.23268313770541105
2990,4,4,1,0.9616065,0.9395186716600042,0.9411515527907018,0.9485216020835125,0.060481328339995755
2991,3,3,1,0.8469747,0.9021646492998077,0.9036904444856596,0.8680699829820626,0.09783535070019234
2992,4,4,1,0.9317952,0.9015813196939682,0.9030224673191072,0.8576442931035738,0.09841868030603185
2993,0,0,1,0.99963033,0.9488545175615883,0.9502341125621667,0.9911993886666213,0.05114548243841166
2994,8,8,1,0.99720263,0.9550996718439494,0.9566258672737334,0.9916837046771714,0.044900328156050606
2995,4,4,1,0.9659174,0.9123183524436985,0.9137890432998975,0.9363361759239293,0.08768164755630148
2996,8,8,1,0.99560875,0.9580393487085684,0.9595135288961577,0.991378799549081,0.04196065129143156
2997,2,2,1,0.94291633,0.931958025578024,0.9336888941535642,0.9053695600175561,0.06804197442197601
2998,5,5,1,0.704115,0.7690198326824383,0.769248175452023,0.7411497363084452,0.23098016731756166
2999,6,6,1,0.7696238,0.6768862641614982,0.6747188263703037,0.602991896833422,0.3231137358385018
3000,5,5,1,0.9440437,0.936332535885285,0.9382953903742305,0.9197419322775195,0.06366746411471502
3001,1,1,1,0.99999416,0.9371751583525928,0.9382128483080158,0.993762757250985,0.0628248416474072
3002,7,7,1,0.45292678,0.4288592122298506,0.42367397444390514,0.50096910688065,0.5711407877701494
3003,2,0,0,0.8737612,0.8998824355736049,0.9011662702535567,0.8356877121849537,0.10011756442639508
3004,4,4,1,0.99729246,0.9639166282750509,0.9653102092805502,0.9904015744188467,0.03608337172494913
3005,0,0,1,0.98275685,0.9576980747151629,0.9591486063760326,0.9641673742100062,0.042301925284837116
3006,5,5,1,0.9776913,0.9540994326164804,0.9556203801733524,0.9634980955051405,0.04590056738351955
3007,6,6,1,0.985892,0.9503341927746071,0.9518784493618426,0.9816026083097193,0.04966580722539293
3008,8,8,1,0.8005445,0.8792934737623345,0.88056757670259,0.8108542670083912,0.12070652623766553
3009,7,7,1,0.9524469,0.929762006540147,0.9313127263232636,0.9451150117591689,0.07023799345985304
3010,6,6,1,0.9964624,0.960769318282645,0.9621992663187954,0.9909735053808322,0.039230681717355
3011,3,3,1,0.7091911,0.7709549382082808,0.7708996366400582,0.7294137349346337,0.22904506179171924
3012,1,1,1,0.9910715,0.961406367657791,0.9629134757680933,0.9844050552228554,0.03859363234220903
3013,3,3,1,0.33929625,0.16415308881194562,0.15762401914654733,0.32731864123106225,0.8358469111880544
3014,6,3,0,0.5476075,0.22419584366159606,0.21664513785363346,0.4481650983308773,0.7758041563384039
3015,6,6,1,0.9985128,0.9570373157161718,0.9584874068802741,0.9878693547035907,0.04296268428382821
3016,4,4,1,0.6705685,0.7284475555986105,0.7277524147350235,0.663050314415163,0.2715524444013895
3017,5,5,1,0.8959475,0.9259757987954712,0.9276671457675001,0.877811441077094,0.0740242012045288
3018,5,5,1,0.9921842,0.9579777393417181,0.9595049498733071,0.9779972057102998,0.04202226065828185
3019,5,3,0,0.71833694,0.8085835900927354,0.8089845575568443,0.7256843490874332,0.1914164099072646
3020,1,1,1,0.99062973,0.9552532614795914,0.9567532973208434,0.9826863911894569,0.04474673852040856
3021,8,8,1,0.99782157,0.9600292379133084,0.9614735201225447,0.9905254771058608,0.03997076208669159
3022,7,7,1,0.89179593,0.9230589112714597,0.9246752640659818,0.8637140463305453,0.07694108872854033
3023,3,3,1,0.72880846,0.6363431962976341,0.6338348832599153,0.5861043347746715,0.36365680370236586
3024,0,0,1,0.99083674,0.9406289878327458,0.9420943519113053,0.9849523809196202,0.059371012167254156
3025,2,2,1,0.41765133,0.23836180796030154,0.2310725769521988,0.34345278360198395,0.7616381920396984
3026,5,4,0,0.403861,0.6209671478860364,0.6189085794011181,0.6004543614168544,0.37903285211396365
3027,1,1,1,0.99986017,0.9562529879104021,0.9576923677216153,0.9925967046627582,0.04374701208959786
3028,1,1,1,0.99977666,0.9644125982126862,0.9658587132741238,0.9918713846645939,0.03558740178731379
3029,1,1,1,0.99382365,0.9624847686449819,0.963895726802645,0.9723957151315153,0.03751523135501811
3030,6,6,1,0.51585925,0.48365062730216596,0.47884191597641335,0.5351761804133706,0.5163493726978341
3031,7,7,1,0.4846649,0.45743043765072056,0.4520125269458436,0.5712494773422048,0.5425695623492794
3032,2,6,0,0.5330875,0.3061751579340346,0.2981834854911247,0.4553322450912496,0.6938248420659654
3033,1,1,1,0.99982446,0.9577691339344752,0.9590880201721583,0.9927451024104552,0.04223086606552484
3034,2,2,1,0.99977726,0.9364186503914926,0.938078520221137,0.9875689275220728,0.06358134960850736
3035,3,3,1,0.6143893,0.7284486860873585,0.7282230040505958,0.6079970443716238,0.27155131391264153
3036,9,0,0,0.5817805,0.4553909207291317,0.449234845954863,0.5286684454781262,0.5446090792708683
3037,8,8,1,0.7677723,0.8420414845601348,0.8433448064032949,0.7648649482706954,0.15795851543986517
3038,3,3,1,0.90871924,0.8873284759231576,0.888562803809836,0.888861025509278,0.11267152407684244
3039,1,1,1,0.998757,0.9610436306217338,0.9626282085654391,0.9824501652663684,0.03895636937826619
3040,7,7,1,0.9513984,0.9468219576468149,0.9482672247945065,0.9288213081366679,0.05317804235318513
3041,4,4,1,0.9264665,0.9162617502613838,0.9178816179524683,0.883591183851716,0.08373824973861621
3042,8,8,1,0.9982211,0.960787717431675,0.9621384415851861,0.992627714778214,0.039212282568324985
3043,4,4,1,0.99718505,0.9584566377439918,0.9599281466749602,0.9913452241880241,0.04154336225600819
3044,7,7,1,0.6218151,0.6572509879781803,0.6555850181348971,0.5880867737691162,0.34274901202181973
3045,5,5,1,0.9052422,0.9221082835075025,0.9235204454403342,0.8479372359167503,0.07789171649249749
3046,8,8,1,0.99942845,0.9521299343503582,0.9536083277564644,0.9903697054116215,0.0478700656496418
3047,6,6,1,0.66788644,0.8142469721260582,0.8151370999498784,0.6537049713830894,0.18575302787394177
3048,0,0,1,0.99169147,0.9535840939013388,0.9550440769089283,0.9781663886072064,0.0464159060986612
3049,3,3,1,0.64464486,0.7003060584642042,0.699199145398644,0.537898179578053,0.29969394153579576
3050,0,0,1,0.99011785,0.9401180032905577,0.9414418090608215,0.9772527115423365,0.059881996709442276
3051,8,2,0,0.642232,0.5087809675966924,0.5046280248668811,0.5777484426638422,0.49121903240330755
3052,3,2,0,0.94471616,0.91922101601707,0.9206764476100908,0.9152322501815339,0.08077898398293004
3053,4,4,1,0.99641454,0.9526587208565468,0.9541916180407358,0.9922138969560657,0.04734127914345321
3054,4,4,1,0.99589974,0.9339821866151187,0.9353888645099236,0.9911294702207563,0.06601781338488133
3055,9,9,1,0.96250606,0.94981364844606,0.9514063129047392,0.9474519606890993,0.05018635155394002
3056,4,4,1,0.61881226,0.5853912733181038,0.582285480280782,0.5881492586421985,0.4146087266818962
3057,6,6,1,0.99917066,0.9580971492790326,0.9596493980257068,0.9874080590210279,0.041902850720967444
3058,1,1,1,0.99983704,0.9646406516918665,0.9662063491172618,0.9826279432263125,0.035359348308133476
3059,5,4,0,0.5375365,0.5022466750151944,0.4947925967994674,0.553047648176443,0.4977533249848056
3060,7,7,1,0.875423,0.9018744301328017,0.903392862850687,0.8549220478396294,0.09812556986719834
3061,7,7,1,0.8568648,0.6613269762683025,0.6586601285328731,0.672076536254757,0.3386730237316975
3062,9,9,1,0.9987901,0.9623601391333795,0.9638657117020861,0.9923659975784693,0.03763986086662052
3063,0,0,1,0.9138009,0.925751431023864,0.9275039205845585,0.8802647568290637,0.07424856897613596
3064,1,1,1,0.99988437,0.9609698225189037,0.9623693560141793,0.9925536256992035,0.03903017748109627
3065,3,3,1,0.8715331,0.8919217854001621,0.8932860879134565,0.8667171624929847,0.10807821459983791
3066,1,1,1,0.9994438,0.9676492276761748,0.9691038202817006,0.948373965005057,0.032350772323825217
3067,3,3,1,0.7390417,0.7659354363228047,0.7650998826200486,0.721178862078816,0.2340645636771953
3068,2,0,0,0.85988605,0.8919121650236205,0.8936454304863405,0.8409912589269267,0.10808783497637953
3069,4,3,0,0.39720044,0.18229058225450787,0.17553880436447222,0.35359792134249846,0.8177094177454921
3070,0,0,1,0.9929732,0.9435094308652439,0.9449316267549722,0.9838627416165231,0.05649056913475614
3071,7,4,0,0.41365784,0.16402125843127563,0.15672048448833562,0.3315524523160835,0.8359787415687243
3072,8,8,1,0.47998822,0.5976115491321781,0.5944819496863253,0.542694609223278,0.40238845086782193
3073,3,3,1,0.77424705,0.8939975775347968,0.8957654845974725,0.8287129500826146,0.1060024224652032
3074,1,1,1,0.9998418,0.9722934268653189,0.9734323137356052,0.9927117352432934,0.027706573134681056
3075,6,3,0,0.8774587,0.8910930355527709,0.8926238288961532,0.8684471348860494,0.10890696444722914
3076,2,2,1,0.7688332,0.8303313957002911,0.8314295086012805,0.7230663431689426,0.16966860429970887
3077,1,1,1,0.99997413,0.9577388992345857,0.9591057777133551,0.992518112363608,0.04226110076541434
3078,8,8,1,0.990364,0.9522328365712079,0.9537738876310686,0.9835984079771858,0.04776716342879206
3079,8,1,0,0.36067232,0.21946964744907788,0.21199769443910027,0.26072848206080135,0.7805303525509222
3080,1,1,1,0.6470449,0.7043381860955784,0.702755792283277,0.5740604777180697,0.2956618139044216
3081,9,9,1,0.9998865,0.9591900756256095,0.960633265094342,0.9909192805117318,0.04080992437439046
3082,7,3,0,0.89315754,0.892869251782928,0.8941679303741493,0.8659615948899467,0.10713074821707202
3083,5,0,0,0.82153445,0.8501062089415592,0.8512530811032566,0.7988567540165975,0.1498937910584408
3084,3,3,1,0.6129547,0.5681683198012963,0.5660659234029788,0.5429487359799495,0.43183168019870366
3085,2,4,0,0.40277636,0.16606089975979982,0.15876579507985294,0.3267668639152327,0.8339391002402001
3086,9,9,1,0.99969816,0.9594289511193754,0.9607834904966769,0.9926826024104553,0.04057104888062457
3087,0,0,1,0.99965155,0.9678278945189422,0.9690245153528707,0.9838990964236894,0.032172105481057756
3088,6,6,1,0.95872635,0.9315221738714344,0.9330133138837484,0.9390118906312321,0.06847782612856557
3089,8,8,1,0.9995608,0.9550106956461782,0.956591656525647,0.9925116901428254,0.04498930435382176
3090,4,4,1,0.99707234,0.9614854156557147,0.9630012017802321,0.9906268756456303,0.03851458434428534
3091,1,1,1,0.98196214,0.9509848573296104,0.9524662991839238,0.9657990219830239,0.049015142670389644
3092,5,5,1,0.42336532,0.18862593579547807,0.1821393137379298,0.39072302612996523,0.811374064204522
3093,7,7,1,0.9144998,0.8758439155008493,0.8770180582309877,0.7530695556017812,0.12415608449915072
3094,2,0,0,0.6708265,0.7869257113130927,0.788337260110865,0.5403481049668586,0.21307428868690725
3095,4,4,1,0.8417762,0.7367237496917309,0.7354265602585082,0.6761690963325603,0.26327625030826907
3096,7,7,1,0.9990312,0.9676460945999998,0.9689246571171265,0.9931366966550934,0.03235390540000016
3097,0,2,0,0.48677272,0.7473086365563344,0.7475846450229126,0.6407661178632756,0.2526913634436656
3098,4,4,1,0.9933073,0.9489119726369324,0.9503992229651794,0.9852166706069937,0.05108802736306761
3099,9,9,1,0.9998673,0.9513721236543248,0.9526907635711125,0.993663353044925,0.048627876345675225
3100,0,0,1,0.8281692,0.8500578114450787,0.8511898737149681,0.7563616928199685,0.14994218855492125
3101,7,7,1,0.9947718,0.962344767303212,0.9636904840460413,0.9927271189842739,0.037655232696788055
3102,0,0,1,0.9959849,0.9639088363453444,0.9652577531943527,0.9826192156067711,0.03609116365465559
3103,6,0,0,0.41732606,0.5053073038905855,0.5016004595457787,0.5338261076310842,0.49469269610941446
3104,7,7,1,0.9723832,0.948461856200638,0.9499114838705895,0.9214433346022939,0.051538143799361946
3105,1,1,1,0.99250174,0.9440919969990287,0.9454426917203655,0.9862774656787756,0.05590800300097132
3106,8,0,0,0.5126599,0.5019489324090575,0.49822087410590626,0.33547602974253526,0.49805106759094253
3107,5,2,0,0.6131144,0.5683733822148476,0.5642176058469638,0.6106724369993922,0.43162661778515243
3108,8,8,1,0.76361275,0.5645940318618272,0.5574231679893792,0.6015733257363532,0.4354059681381728
3109,8,8,1,0.9993117,0.9637777824620031,0.9651192021375156,0.9910481989522658,0.036222217537996926
3110,7,2,0,0.66079193,0.49600268326071406,0.49097159470034174,0.6094172321426905,0.5039973167392859
3111,0,0,1,0.9993363,0.9567353374853633,0.9582413561764059,0.9904546649242968,0.043264662514636676
3112,0,0,1,0.9994209,0.9587540647652929,0.9600249359581937,0.9922620372524856,0.0412459352347071
3113,3,3,1,0.6939593,0.6017651039729688,0.5989033679792184,0.6860995839247545,0.3982348960270312
3114,2,2,1,0.8345885,0.7560491962521139,0.7553170947967254,0.6223501477479494,0.24395080374788614
3115,5,2,0,0.8050485,0.8066988187156479,0.8067177242376429,0.7471908707225152,0.19330118128435214
3116,7,7,1,0.87247,0.8456770064720095,0.8466195696778195,0.7661239051644828,0.1543229935279905
3117,0,0,1,0.9865281,0.9584346952970366,0.959756380662116,0.9777273643096549,0.04156530470296338
3118,6,6,1,0.9991573,0.9527876233513097,0.9543706701419317,0.9913529285493814,0.04721237664869027
3119,4,4,1,0.8832679,0.905106341876596,0.9069628176099269,0.8416368149504304,0.094893658123404
3120,4,2,0,0.9106412,0.9160394219176924,0.9178251146166408,0.8369948958269228,0.08396057808230761
3121,9,9,1,0.9902896,0.9506874837944697,0.9521621307114205,0.9856870629112079,0.04931251620553034
3122,1,1,1,0.9955024,0.9524809661411748,0.9542679487107965,0.9886795004054794,0.047519033858825166
3123,8,8,1,0.9994068,0.9543554275569998,0.955789868578733,0.9897846702082592,0.04564457244300024
3124,6,6,1,0.53210837,0.7633867312982676,0.7633835349203671,0.674492710941244,0.23661326870173238
3125,3,3,1,0.94632053,0.9399307854807898,0.9416157806488542,0.9370281970791255,0.06006921451921021
3126,9,9,1,0.9998394,0.9569273975323757,0.9582078101595058,0.9931148355342257,0.043072602467624344
3127,4,4,1,0.79222697,0.6651927688287063,0.6614027392500101,0.5746508175813185,0.33480723117129374
3128,9,9,1,0.90588695,0.9405858182151847,0.9422428956021446,0.8657523857952337,0.05941418178481528
3129,3,3,1,0.9000374,0.9103052673882026,0.9115956571313689,0.8469302041464233,0.08969473261179739
3130,3,3,1,0.74573445,0.8878204930803678,0.8893554248051134,0.7957492158940908,0.11217950691963219
3131,7,7,1,0.512968,0.37416756755980113,0.3678103196798187,0.43356170747356726,0.6258324324401989
3132,5,5,1,0.9923539,0.9451192085593074,0.9466680104592675,0.9793765335782797,0.05488079144069258
3133,9,9,1,0.9992859,0.9595780385436129,0.9610963059266981,0.9925307731661238,0.0404219614563871
3134,7,7,1,0.97880644,0.9547951434280371,0.956304597015532,0.9597835752196192,0.04520485657196294
3135,7,7,1,0.6080462,0.6547298919466129,0.6528935662186047,0.6171629187362757,0.3452701080533871
3136,4,4,1,0.9937588,0.9573860393384322,0.9590509816255859,0.9814088285027455,0.04261396066156775
3137,5,5,1,0.80180115,0.856749470475709,0.8581082247193309,0.8115882822602722,0.14325052952429096
3138,8,8,1,0.99932563,0.9654778139217068,0.966935268379498,0.9910104785462805,0.03452218607829316
3139,2,2,1,0.49509445,0.42590622130226174,0.4193082180344281,0.5498975615641253,0.5740937786977383
3140,8,8,1,0.90839726,0.8996393608047619,0.9008779534223543,0.8842045531192823,0.10036063919523808
3141,9,9,1,0.99991524,0.9519871058275129,0.9533759342715333,0.9930264997864513,0.04801289417248711
3142,5,5,1,0.9272059,0.9343601274405315,0.9358355605436204,0.9147051691860384,0.06563987255946846
3143,3,3,1,0.836531,0.8646067528077628,0.8657136140295715,0.8182313451337234,0.13539324719223722
3144,1,1,1,0.9999448,0.9572358179915152,0.9585129367012405,0.9933316804007604,0.04276418200848475
3145,9,9,1,0.99760276,0.9623113867285946,0.9636947145561762,0.9915491189224176,0.03768861327140538
3146,2,6,0,0.50761294,0.5070276418464993,0.5033052539362864,0.5441382937080722,0.4929723581535007
3147,2,2,1,0.99824846,0.9626411791276238,0.9641997296733078,0.9803037027921749,0.037358820872376186
3148,0,0,1,0.9980095,0.9611689005476534,0.9626784638219245,0.9829402380546683,0.03883109945234664
3149,1,1,1,0.9999292,0.9592997506269196,0.9604996688430266,0.9926158805578428,0.040700249373080366
3150,1,1,1,0.989232,0.9610976214157396,0.9624648280346462,0.9821871117235443,0.03890237858426038
3151,8,0,0,0.9646206,0.9288300022866058,0.9300725477877746,0.908817410410856,0.07116999771339416
3152,1,1,1,0.99993265,0.9545589523235009,0.9562005462922477,0.9888432821253348,0.04544104767649915
3153,1,1,1,0.99997616,0.9628998974123952,0.9640705352455794,0.9928987855816745,0.037100102587604766
3154,9,0,0,0.76889867,0.80442677924153,0.8046118519064013,0.7368558371431397,0.19557322075846995
3155,8,8,1,0.96689314,0.9434644121959856,0.9450828532908073,0.9470046343380742,0.05653558780401435
3156,9,9,1,0.9986474,0.964815514288978,0.9661123316235162,0.9925520742615558,0.03518448571102195
3157,9,9,1,0.9999523,0.9574880156622457,0.9586952422722476,0.9928590131474928,0.04251198433775427
3158,0,0,1,0.5529376,0.6678361660028518,0.6658680138635183,0.6609824240772704,0.3321638339971482
3159,2,2,1,0.99810743,0.9590681843634943,0.9605169972654101,0.990632061988222,0.04093181563650572
3160,6,2,0,0.5627326,0.6809961712981722,0.6794993893525039,0.601053979116191,0.31900382870182775
3161,9,9,1,0.9996275,0.9595370737984202,0.9608624719413429,0.9917239706747221,0.04046292620157976
3162,1,1,1,0.9999664,0.9560365190822602,0.9575074010314788,0.9926088670648623,0.04396348091773983
3163,9,9,1,0.97579056,0.9484111566929906,0.9498995434860228,0.9514997329530139,0.05158884330700941
3164,0,0,1,0.75674564,0.8395365118941243,0.840628924927189,0.7675389278899322,0.16046348810587574
3165,1,1,1,0.8500416,0.8118241907717085,0.8122313192398741,0.7238131318790296,0.18817580922829147
3166,9,9,1,0.9358987,0.9313964534781283,0.9329700142613899,0.9379811045583694,0.06860354652187173
3167,2,2,1,0.95144033,0.928116644064629,0.9295733911106314,0.9177453616784054,0.07188335593537099
3168,9,0,0,0.5170478,0.29898465055205076,0.291250920794271,0.4689951366420029,0.7010153494479492
3169,9,9,1,0.29550293,0.10893458716805067,0.10276205305124365,0.21548941982242764,0.8910654128319493
3170,9,9,1,0.8899887,0.9300657886757747,0.9317643016364138,0.8768593820550765,0.06993421132422528
3171,0,0,1,0.7805076,0.7946580278457629,0.7941072319169226,0.7117990179549767,0.2053419721542371
3172,9,9,1,0.9952142,0.9562419379189289,0.9577035222932053,0.9910788047848854,0.043758062081071136
3173,9,9,1,0.65441865,0.6200432276150611,0.6174159742107848,0.41314673291442794,0.37995677238493886
3174,2,2,1,0.99703443,0.9635053163713305,0.9648735782336529,0.9758485323850546,0.03649468362866948
3175,1,1,1,0.9994586,0.9632072559984106,0.964526096381074,0.9924452485406593,0.036792744001589384
3176,7,7,1,0.9929154,0.9603744245195915,0.9616432201611886,0.9869389181235881,0.03962557548040846
3177,0,0,1,0.94400483,0.9342449482069496,0.9357571724840469,0.8961659448898684,0.06575505179305041
3178,5,5,1,0.923914,0.9268899268996156,0.928502489755292,0.8929565613381495,0.07311007310038442
3179,6,6,1,0.96440935,0.9407284615537265,0.9420959026565326,0.9412534808980585,0.05927153844627353
3180,3,6,0,0.864181,0.8425917640703195,0.8429279932016869,0.8211145359438177,0.15740823592968045
3181,9,1,0,0.7254787,0.7034691712770991,0.7010737730001572,0.700939032299968,0.29653082872290093
3182,8,8,1,0.9998722,0.9498306630765916,0.9513854342466765,0.9918796580289485,0.050169336923408414
3183,3,3,1,0.58153975,0.6368264138100932,0.6351129750182708,0.5965400373360147,0.3631735861899068
3184,0,0,1,0.9963642,0.9056737523735847,0.9071289348719133,0.9309021649604879,0.09432624762641528
3185,2,2,1,0.65213895,0.6901524039030764,0.6887061297558627,0.622267978444031,0.3098475960969236
3186,7,0,0,0.8881445,0.9040862419393607,0.9055476991840852,0.854691095167754,0.09591375806063929
3187,7,7,1,0.8011833,0.8569365493694197,0.8579799631342658,0.7762550238499513,0.14306345063058035
3188,4,4,1,0.8580768,0.8812909556520451,0.8823859517592157,0.8516234888143543,0.11870904434795493
3189,8,8,1,0.99795234,0.9592802656437158,0.9607010169879268,0.9898837998771519,0.040719734356284176
3190,3,3,1,0.51337665,0.5441546647537898,0.542412609811197,0.53778469015436,0.4558453352462102
3191,0,0,1,0.99772483,0.9623719651253344,0.9638572505386321,0.9841286895743537,0.037628034874665595
3192,5,2,0,0.7584742,0.8310003304300622,0.8319987714058275,0.73396137472699,0.16899966956993784
3193,2,2,1,0.9249813,0.9272425182149963,0.9288601544339066,0.8945091942997206,0.07275748178500374
3194,3,5,0,0.71200734,0.7568578306077282,0.7575157455866189,0.6614203255992466,0.24314216939227185
3195,5,5,1,0.8221314,0.8376723787801869,0.8386627317924115,0.8271529339445297,0.16232762121981315
3196,7,7,1,0.9018876,0.9026957215595077,0.90410255033458,0.8586166815926773,0.09730427844049228
3197,6,6,1,0.9999057,0.950983400495363,0.9525100203440557,0.9928184490710583,0.04901659950463699
3198,6,6,1,0.98885834,0.9738989778654672,0.9757862320088196,0.9709107584927472,0.026101022134532803
3199,6,6,1,0.9957237,0.9495121664116821,0.9511156341663408,0.991184187739295,0.050487833588317876
3200,5,5,1,0.8037253,0.8497419475669388,0.8509249256210343,0.7533913180225795,0.15025805243306123
3201,6,6,1,0.52432406,0.7903626648764709,0.7916008245095565,0.6622223179332438,0.2096373351235291
3202,5,3,0,0.88362,0.894772326182881,0.8961373790839413,0.8407412930354131,0.10522767381711895
3203,4,4,1,0.9994547,0.9472051381083046,0.9487175156671871,0.9927196424928583,0.052794861891695355
3204,5,3,0,0.8859356,0.9127709332843257,0.9142050441532595,0.8745509334770021,0.08722906671567432
3205,8,8,1,0.9996706,0.9543992771486808,0.9559742392348126,0.9922354258006121,0.04560072285131922
3206,8,8,1,0.7896947,0.7337420621621175,0.732013164324433,0.6083989317758757,0.26625793783788254
3207,0,0,1,0.99027985,0.9519649800345,0.9532394472594743,0.9794737981985768,0.04803501996549997
3208,9,9,1,0.7062145,0.7982966255775275,0.7987526088261881,0.7336501841872017,0.20170337442247255
3209,7,7,1,0.29923823,0.2751775208955686,0.268628042230898,0.385278239525028,0.7248224791044314
3210,9,9,1,0.97854346,0.9634508633570578,0.9647555156299897,0.9740270013327135,0.03654913664294224
3211,0,1,0,0.39069343,0.6777146370707141,0.6764870476393993,0.6207052333074075,0.3222853629292859
3212,6,6,1,0.7247541,0.7792372735969018,0.7794960009291629,0.6118305815252693,0.22076272640309824
3213,9,9,1,0.9993923,0.9674636260724634,0.9687068683788387,0.992584402224346,0.03253637392753661
3214,6,6,1,0.86039776,0.8875556584893071,0.8886921366895391,0.8331124530037548,0.11244434151069294
3215,1,1,1,0.9998429,0.9706744532225514,0.9718306368688573,0.9926775414880783,0.029325546777448586
3216,4,4,1,0.5651927,0.3369209994168242,0.3294018734640585,0.4352664201474798,0.6630790005831758
3217,7,7,1,0.9955395,0.9578559346106532,0.9592036412743722,0.9870339765671561,0.042144065389346785
3218,9,8,0,0.31202638,0.18999630884142782,0.18181177524043357,0.4146573542124427,0.8100036911585722
3219,0,0,1,0.94592613,0.9298410350707013,0.9312558214852096,0.8971958455651162,0.07015896492929874
3220,3,3,1,0.54312885,0.38419902990003363,0.3773313463727072,0.4856036823648296,0.6158009700999664
3221,5,5,1,0.99169695,0.9512305485799459,0.9529489099633042,0.980266758355943,0.048769451420054066
3222,4,7,0,0.5423462,0.7332392922704443,0.7334843572064014,0.6019710891949256,0.26676070772955573
3223,7,7,1,0.9606057,0.9505182152140128,0.9519256954631318,0.9358522773394793,0.04948178478598719
3224,6,6,1,0.999592,0.9481730986950089,0.9497218518980199,0.9846353349881523,0.051826901304991124
3225,9,9,1,0.9997408,0.9545070284275011,0.9557680957642173,0.9932322761947004,0.045492971572498875
3226,8,0,0,0.8501247,0.7723808667598975,0.7722252530200752,0.7016176491012367,0.22761913324010252
3227,2,4,0,0.54219115,0.7525643146085276,0.7531564429644577,0.6636781576958489,0.24743568539147243
3228,3,3,1,0.7349838,0.845103740441437,0.8462174995763097,0.7561309588616099,0.154896259558563
3229,9,9,1,0.8350178,0.8658739647026964,0.8670014383955877,0.851221192284637,0.1341260352973036
3230,3,3,1,0.6319507,0.8662001535866738,0.868376670353193,0.7167301163709889,0.1337998464133262
3231,3,3,1,0.4097856,0.5541291753337582,0.5520744163672442,0.5534376972747088,0.44587082466624184
3232,7,0,0,0.852594,0.9208235609443121,0.9224678695169032,0.8706439449396608,0.07917643905568794
3233,8,8,1,0.99990094,0.9564986258819286,0.95803508688561,0.9906133858491818,0.04350137411807142
3234,3,3,1,0.98563945,0.9529100433557935,0.9544961179520166,0.9764152489632306,0.047089956644206454
3235,5,5,1,0.74986225,0.8804514358243523,0.8823193357026674,0.8031734286506302,0.11954856417564774
3236,5,5,1,0.56663173,0.4675873575972691,0.46197396835007254,0.46642701433489014,0.5324126424027309
3237,9,1,0,0.649909,0.7167777946115224,0.7154908754605118,0.6230480887512032,0.28322220538847764
3238,6,6,1,0.92196923,0.9290387704211834,0.9304837695124669,0.875276689997287,0.07096122957881656
3239,1,1,1,0.99974865,0.9623868034188238,0.9638297991478344,0.9865415312664405,0.037613196581176234
3240,4,0,0,0.67314345,0.4669328150682445,0.4595245788576541,0.5541022802055117,0.5330671849317554
3241,7,7,1,0.91900665,0.9232971122403489,0.9247137206265479,0.913922599792588,0.07670288775965106
3242,4,5,0,0.25647396,0.09907663630559904,0.09395043525413918,0.2706578594426807,0.900923363694401
3243,8,8,1,0.99907076,0.9571007208328879,0.958582092502213,0.9848374807476914,0.042899279167112114
3244,7,7,1,0.8626168,0.8149010873981279,0.815308273485366,0.7553677526317579,0.18509891260187206
3245,7,7,1,0.9822597,0.944488673320787,0.9459880633058797,0.9684889530375203,0.05551132667921299
3246,1,1,1,0.7936781,0.5894267260744235,0.5842315656642609,0.5792372917784496,0.4105732739255765
3247,3,5,0,0.80863154,0.7840012235344813,0.7842325205711637,0.7184989408838511,0.21599877646551868
3248,0,0,1,0.9828515,0.9336496275102121,0.935194749770366,0.9731776691753927,0.06635037248978792
3249,3,3,1,0.9723403,0.9400289690080246,0.9416096844201178,0.9229561621521557,0.05997103099197543
3250,2,2,1,0.49457085,0.4468424283817985,0.4420347174797713,0.4697690233611599,0.5531575716182016
3251,5,5,1,0.515764,0.8161743439645773,0.8180472229203034,0.733398479676573,0.18382565603542267
3252,4,4,1,0.99370146,0.9578289528027651,0.9594170477426195,0.9846430582810463,0.04217104719723486
3253,9,1,0,0.60259545,0.3711455849001156,0.363452533428989,0.516844985621775,0.6288544150998844
3254,3,3,1,0.41241384,0.618613095561145,0.6171547537692424,0.546174896214664,0.38138690443885503
3255,5,5,1,0.90917355,0.8881066297426375,0.889308242580301,0.8711283596614754,0.11189337025736246
3256,4,4,1,0.9314349,0.9349190131478794,0.936577999104689,0.915138521793847,0.0650809868521206
3257,7,7,1,0.8861759,0.9181737348727008,0.9199356164431365,0.870402092297607,0.08182626512729918
3258,0,0,1,0.9096104,0.8292443543297228,0.8297329767132782,0.6494860948628033,0.17075564567027723
3259,3,3,1,0.9613183,0.9351743968425958,0.9365845316851001,0.9001310002345525,0.06482560315740415
3260,7,7,1,0.9943821,0.9567333516148804,0.9580827129477402,0.9797404504837327,0.04326664838511962
3261,0,0,1,0.98354167,0.9647858984971972,0.9661418881486397,0.9735455373932891,0.0352141015028028
3262,2,2,1,0.7623821,0.806933293773984,0.8072650962091956,0.7800974263191128,0.19306670622601596
3263,1,1,1,0.8887353,0.8481752193837027,0.8488752114719756,0.8030594269662281,0.15182478061629734
3264,5,0,0,0.22413567,0.061150742423896974,0.05619688172303628,0.22454024278069082,0.938849257576103
3265,8,8,1,0.94747335,0.8766553159134169,0.8780703063268889,0.7989731311344689,0.12334468408658306
3266,7,7,1,0.98516196,0.9597805489234522,0.961268815929622,0.9750329199513623,0.040219451076547785
3267,3,3,1,0.90030926,0.9224471476640279,0.92406950489217,0.8424175065492452,0.07755285233597209
3268,5,5,1,0.9759631,0.9418279310956228,0.9434773092603763,0.9623393812683017,0.058172068904377205
3269,7,7,1,0.99619234,0.9490674826015748,0.9503831841355017,0.9929719049304911,0.05093251739842519
3270,8,8,1,0.99178314,0.9473344368644485,0.9488048052905961,0.9849406583651218,0.052665563135551485
3271,5,5,1,0.9922134,0.9525817059005914,0.9542085668563426,0.9836724537936774,0.047418294099408564
3272,7,7,1,0.99877113,0.9528388762676885,0.9543106967647449,0.9922601191690015,0.047161123732311516
3273,8,8,1,0.9996846,0.9517361759065102,0.9532934224604277,0.9926767252951375,0.04826382409348984
3274,1,1,1,0.9847318,0.9565031559862295,0.9578595385193772,0.9734719243680386,0.04349684401377052
3275,5,7,0,0.47696778,0.26975134156933933,0.26222135245295586,0.32840049765017193,0.7302486584306607
3276,4,4,1,0.9262,0.9048840124144022,0.9062461550964613,0.895607125373364,0.0951159875855978
3277,7,7,1,0.99271494,0.9530291573444363,0.9543028975442293,0.9868889541881936,0.04697084265556373
3278,0,0,1,0.8061212,0.8074826473966304,0.8076548614811151,0.7145118419772103,0.19251735260336955
3279,8,8,1,0.731363,0.8814013785506027,0.8831392792356708,0.7983603897916433,0.11859862144939726
3280,3,3,1,0.9364519,0.9181092393422743,0.9197869924826335,0.9245573811335823,0.08189076065772571
3281,2,2,1,0.98192674,0.9358578979169547,0.937457601339416,0.9674333709189521,0.06414210208304527
3282,9,9,1,0.89015955,0.9050043291183328,0.9065368727347505,0.8565957826885814,0.09499567088166716
3283,7,2,0,0.49606887,0.513047086942937,0.5082265167133163,0.5620712504624682,0.486952913057063
3284,4,4,1,0.9534533,0.935474172581795,0.9370734030337127,0.9402083602358079,0.064525827418205
3285,1,1,1,0.9938193,0.9726772108412461,0.973902331063339,0.986768848781707,0.027322789158753857
3286,6,6,1,0.99950135,0.9503905656836403,0.9518951934704799,0.9922650760899516,0.04960943431635967
3287,5,5,1,0.9620718,0.9570104207094037,0.9583685645957808,0.929019715840262,0.042989579290596325
3288,9,9,1,0.99891436,0.9516602349003304,0.9530199688111874,0.9918972651510827,0.04833976509966964
3289,8,8,1,0.9999957,0.948264916191605,0.9498052799392477,0.9928533945737945,0.05173508380839498
3290,5,5,1,0.84456533,0.8763316429619966,0.877783364437587,0.8192496569215898,0.12366835703800338
3291,5,5,1,0.8266915,0.9019633610521816,0.9036896889611236,0.8693966713384325,0.09803663894781844
3292,4,4,1,0.99011165,0.9482118434148781,0.9498924717876535,0.978652271186231,0.051788156585121925
3293,1,1,1,0.9999981,0.9511586691357359,0.9523595944047816,0.9926970698276548,0.04884133086426412
3294,0,0,1,0.99824595,0.960760101657159,0.962071488483182,0.9878840560915646,0.03923989834284103
3295,9,9,1,0.9994935,0.9592286594793824,0.9606200228530983,0.993139568036688,0.040771340520617594
3296,4,4,1,0.9974159,0.9595646247136521,0.9611653765579034,0.9923252027244408,0.040435375286347885
3297,4,3,0,0.35091817,0.3307928999457359,0.3244853834783492,0.40376658145340416,0.6692071000542641
3298,3,3,1,0.80751383,0.7706991759672268,0.7704711931288224,0.751794557217913,0.2293008240327732
3299,0,6,0,0.3748331,0.06502685726955512,0.06048883545086417,0.2708700917409295,0.9349731427304449
3300,4,4,1,0.9629145,0.940337004752549,0.9419282829292968,0.9325061555912221,0.059662995247451
3301,8,0,0,0.7730693,0.7596970941951897,0.7585939495289366,0.7225637177110248,0.24030290580481029
3302,0,0,1,0.9809544,0.957124226502752,0.9584296462962556,0.971241700997114,0.042875773497248026
3303,8,0,0,0.8376022,0.8715973819620748,0.8729543550952301,0.833226325345501,0.1284026180379252
3304,2,2,1,0.9983145,0.9614434235283127,0.9629333534593784,0.9879225343378851,0.03855657647168731
3305,9,9,1,0.9999567,0.9584760344618042,0.959843564016666,0.9928681025702825,0.04152396553819582
3306,5,7,0,0.42434603,0.14974081380525964,0.14275149595895406,0.3508388011938056,0.8502591861947404
3307,9,9,1,0.99718755,0.9657712896721691,0.9670379253685428,0.9922105137275343,0.034228710327830925
3308,7,7,1,0.52205,0.4469226421695643,0.4409594328434586,0.5610247884244313,0.5530773578304358
3309,4,4,1,0.9872387,0.9575407018000931,0.9589982931049869,0.9764126338043978,0.0424592981999069
3310,6,6,1,0.9948966,0.9608847980904036,0.9624699632527316,0.9906628802680241,0.03911520190959639
3311,7,5,0,0.68433356,0.7111672289892135,0.7101799261282172,0.6412160908325564,0.2888327710107865
3312,9,9,1,0.36457926,0.07103492121451335,0.06573793143624009,0.440194632663663,0.9289650787854866
3313,2,2,1,0.9997075,0.949344636208733,0.9509064429526831,0.9908493441831139,0.050655363791267005
3314,9,9,1,0.83269596,0.9101038570532605,0.911780628374184,0.8140162432285954,0.08989614294673953
3315,3,3,1,0.7809395,0.8541964997226698,0.8554578177805442,0.8080491267330077,0.14580350027733024
3316,7,7,1,0.91619676,0.920181229965565,0.92158919756915,0.8908871619590931,0.07981877003443505
3317,7,7,1,0.9978728,0.9437188339299531,0.9451075813286006,0.9922678431940507,0.05628116607004685
3318,8,8,1,0.91308177,0.908780782463223,0.9101938261270645,0.8943290350127221,0.09121921753677698
3319,2,0,0,0.843884,0.8591773597370878,0.8600508585718709,0.7922783974578066,0.14082264026291225
3320,2,2,1,0.36057672,0.32845066210617146,0.3221028258774799,0.25020998609889256,0.6715493378938285
3321,0,0,1,0.91034883,0.8839523951430246,0.8850974899807548,0.8470398764337013,0.1160476048569754
3322,2,2,1,0.99508345,0.9596809323017453,0.9615547027573272,0.9749173588261606,0.04031906769825466
3323,5,5,1,0.9630594,0.9379076255403186,0.9395705903498373,0.9386037983803448,0.06209237445968141
3324,3,6,0,0.5879056,0.7149751112180112,0.7142747283608747,0.6942590311124909,0.28502488878198884
3325,6,2,0,0.6564037,0.5530221843889285,0.5479578127220784,0.61442668423787,0.4469778156110715
3326,4,4,1,0.99958426,0.9574147571366776,0.9590025100195699,0.9923284401056517,0.04258524286332244
3327,7,5,0,0.52919894,0.39281414788864877,0.3862788195040788,0.45898114620423636,0.6071858521113512
3328,2,2,1,0.9331631,0.9186802844518717,0.9201524930967311,0.9152953112206483,0.08131971554812834
3329,3,2,0,0.43999916,0.4883598840867139,0.48451970777182707,0.4820315613509987,0.5116401159132862
3330,7,5,0,0.93926996,0.9303113995919439,0.9316474237199219,0.9092476969764006,0.06968860040805613
3331,8,8,1,0.99907184,0.9621991954403597,0.9637040643752464,0.9903013184398902,0.0378008045596403
3332,7,7,1,0.64860624,0.7867285895941927,0.7872180346604245,0.7764131629062817,0.21327141040580733
3333,2,2,1,0.99984026,0.9521992297615579,0.9538611776186475,0.9896493034276383,0.04780077023844209
3334,5,2,0,0.50483817,0.7848646574282847,0.7861816802274735,0.6543371949543867,0.2151353425717153
3335,0,0,1,0.88759583,0.8784858898567538,0.8797007912851447,0.8378684091189935,0.1215141101432462
3336,0,0,1,0.8113838,0.8278553730670326,0.828447530130711,0.7841990562751974,0.1721446269329674
3337,7,7,1,0.556805,0.4570212158926834,0.4510226861591738,0.5120239447558091,0.5429787841073166
3338,0,0,1,0.76339334,0.8628903465580227,0.8642125058701883,0.7660710535243845,0.13710965344197734
3339,9,3,0,0.3784984,0.3527180158016177,0.34558049475898966,0.5877157019921504,0.6472819841983823
3340,6,6,1,0.9916726,0.9525436152939706,0.9541767105807606,0.9818012935561105,0.04745638470602942
3341,1,1,1,0.9999769,0.9625500444742358,0.9640328047484129,0.9919142099073727,0.037449955525764245
3342,0,0,1,0.7769254,0.7730005760727522,0.7726509155050719,0.7456108872319139,0.2269994239272478
3343,3,5,0,0.3387916,0.2251612030356946,0.21688542239064093,0.31119939070334957,0.7748387969643054
3344,9,0,0,0.48163953,0.7461675514661772,0.7467425579905933,0.6325856187568946,0.2538324485338228
3345,7,7,1,0.9898874,0.9515566059466096,0.9529240099792876,0.9762678295988692,0.048443394053390376
3346,4,2,0,0.7580231,0.6888969143613467,0.6873441715696968,0.677286906035452,0.3111030856386533
3347,9,9,1,0.97534096,0.9497097446619168,0.9510796507566645,0.9608466235048091,0.05029025533808318
3348,1,1,1,0.9999913,0.9576195127391035,0.9588233474726283,0.9925246446805831,0.04238048726089649
3349,6,0,0,0.7889364,0.8554835035454424,0.8568310417358267,0.7783755330730994,0.14451649645455755
3350,8,0,0,0.926601,0.9277450939065272,0.9293553564291063,0.8566506222739332,0.07225490609347285
3351,1,1,1,0.9999409,0.9500177302118583,0.9514225156011331,0.9929630483212343,0.04998226978814169
3352,2,3,0,0.3422548,0.12811979675133814,0.12212834447921496,0.3173701185802983,0.8718802032486619
3353,3,3,1,0.87982917,0.8911864414845695,0.8926486197474017,0.8335958524330865,0.10881355851543051
3354,3,5,0,0.50170594,0.27541480212897235,0.2651090270370261,0.48590830717119565,0.7245851978710276
3355,5,5,1,0.9295758,0.9107163201606425,0.9122409423687828,0.8917663078184404,0.08928367983935748
3356,4,4,1,0.886831,0.9007012712130728,0.9024304792566826,0.8300050241449817,0.09929872878692725
3357,8,2,0,0.49748588,0.4420295915984882,0.43764120484542857,0.4340926092238535,0.5579704084015118
3358,9,1,0,0.5615127,0.5906360147202117,0.5887335706573088,0.30399568634825064,0.40936398527978834
3359,7,5,0,0.57502586,0.18888249711316477,0.18158271670059858,0.44022272084157843,0.8111175028868353
3360,4,4,1,0.9898346,0.953494573244108,0.9551292606072596,0.9756784936121872,0.046505426755891976
3361,4,4,1,0.8767858,0.8890366340079975,0.8904092918052494,0.8680871649782544,0.11096336599200252
3362,1,1,1,0.9980562,0.9651743330525896,0.9667853095528749,0.9867195393670366,0.034825666947410405
3363,2,2,1,0.98886555,0.948991429952474,0.9505584151948018,0.9777039916374397,0.051008570047526014
3364,4,4,1,0.9468709,0.9266571773402283,0.9280520164011704,0.8889870899342696,0.07334282265977166
3365,9,9,1,0.9979366,0.9585200846688563,0.9600253202992952,0.9923226566208584,0.0414799153311437
3366,8,8,1,0.82748324,0.6863310156003678,0.684861605230867,0.686984760154945,0.3136689843996322
3367,7,7,1,0.9637676,0.954845912207794,0.9563574272596899,0.9474924988061387,0.04515408779220598
3368,9,9,1,0.99988234,0.9545769237152845,0.9560193150759686,0.9921789084621602,0.045423076284715536
3369,5,3,0,0.960518,0.9408809041585723,0.9425186926589159,0.9139130214697373,0.059119095841427716
3370,1,1,1,0.9999695,0.9636043679559156,0.9650364605090052,0.9929380564842739,0.03639563204408436
3371,2,2,1,0.9892959,0.9542123142365142,0.9556274045666393,0.9769390802469564,0.0457876857634858
3372,1,1,1,0.9999479,0.9623150191385825,0.9638934434391737,0.9896154410217531,0.03768498086141747
3373,6,6,1,0.6492606,0.5706462350046353,0.567559940485887,0.6075206445479444,0.4293537649953647
3374,6,6,1,0.9547112,0.9228430136697732,0.924042734203292,0.8870286018860624,0.07715698633022683
3375,4,4,1,0.9405947,0.9153259074310925,0.9169790925845991,0.9155338376467443,0.08467409256890746
3376,5,5,1,0.9534852,0.9327320996264902,0.9344467691481501,0.9120360413454947,0.06726790037350983
3377,7,7,1,0.9897613,0.9568662918096447,0.9584398817297837,0.9616805604378711,0.043133708190355335
3378,4,4,1,0.95323056,0.9165196664400957,0.9179404797928274,0.9069777917338193,0.08348033355990425
3379,5,3,0,0.52055544,0.7370692395223317,0.7380552165089238,0.6163183194415396,0.2629307604776683
3380,8,8,1,0.9964623,0.9600527580091022,0.9615294336291106,0.9917159607570322,0.03994724199089783
3381,5,5,1,0.6492987,0.7789267999752122,0.7802780887832207,0.6535822836421525,0.2210732000247878
3382,2,2,1,0.9780673,0.9465324671669464,0.9481383730530097,0.9650045270905483,0.05346753283305361
3383,8,8,1,0.9999951,0.9377454152952248,0.9390212356082804,0.9926676580629489,0.062254584704775184
3384,7,7,1,0.8004339,0.650832806157846,0.6472231432231862,0.615125140683052,0.349167193842154
3385,8,8,1,0.999772,0.9610797144914984,0.9626081394230345,0.9910520091782707,0.03892028550850157
3386,2,2,1,0.8250613,0.8279523409150469,0.8289887431235529,0.7336008129922099,0.17204765908495312
3387,3,6,0,0.8017461,0.8367668275990645,0.8379088597443758,0.7712624385834708,0.1632331724009355
3388,6,6,1,0.99817,0.9631189893813931,0.9646105375322572,0.992131515090268,0.036881010618606935
3389,1,1,1,0.9999982,0.9391200326440821,0.9406414748529077,0.992639892627031,0.06087996735591794
3390,3,5,0,0.6456427,0.8735164409593528,0.8754167522448609,0.7746135997361239,0.12648355904064723
3391,3,0,0,0.39850223,0.13177646172411395,0.12525361892578735,0.32038317788407933,0.868223538275886
3392,1,1,1,0.93842536,0.9246101416303292,0.9258785546669648,0.8433602822619061,0.07538985836967083
3393,5,5,1,0.92524767,0.9072273492166699,0.9088011819815976,0.8988744900493617,0.09277265078333008
3394,1,1,1,0.9999113,0.9540134848827335,0.9557737482252341,0.9894446590586312,0.04598651511726648
3395,9,9,1,0.9997955,0.9547732035073123,0.9563088943349499,0.9928533945737945,0.04522679649268768
3396,0,0,1,0.8786008,0.9148191409008544,0.9162791895293052,0.846857904806461,0.08518085909914563
3397,9,9,1,0.9989483,0.9596867676360411,0.9611458570523961,0.9924079422812911,0.040313232363958895
3398,2,0,0,0.8178706,0.8801703826746807,0.8820773412705387,0.79057365549106,0.11982961732531927
3399,0,0,1,0.9672295,0.9074387420903312,0.9085934078361333,0.9359512738061403,0.09256125790966885
3400,6,0,0,0.6142201,0.5257927813964594,0.5208239536856416,0.5699212205199773,0.47420721860354065
3401,2,2,1,0.9235157,0.9222160626906671,0.9235880212518446,0.8766340791888985,0.07778393730933286
3402,4,4,1,0.9180769,0.9052081770716338,0.9064857886094558,0.9040593486608945,0.09479182292836619
3403,8,8,1,0.98983496,0.9456111633413101,0.9470128386734107,0.9842989774839063,0.054388836658689876
3404,5,5,1,0.9984658,0.946784176102789,0.9483688369512834,0.9925070579045899,0.05321582389721102
3405,7,7,1,0.810274,0.8949697052754153,0.8966326615516341,0.8575119891958177,0.1050302947245847
3406,6,6,1,0.99993634,0.9476890811542404,0.9492033933356542,0.9912046075977077,0.05231091884575956
3407,1,1,1,0.9999734,0.9631305051008769,0.9644564197860531,0.9931366966550934,0.036869494899123056
3408,2,2,1,0.85301256,0.8561935521081183,0.8570882699225041,0.8292057934921843,0.14380644789188168
3409,9,9,1,0.99984443,0.9478026051905821,0.9491966032149398,0.9930198345539726,0.052197394809417874
3410,4,4,1,0.9960069,0.9502198535451212,0.9516716761619425,0.9930778696487189,0.049780146454878826
3411,5,5,1,0.61717385,0.7921981078415328,0.7933525685345937,0.7123736227560545,0.20780189215846723
3412,0,0,1,0.81469506,0.7822802969450278,0.7821871265586617,0.7488505550639033,0.21771970305497224
3413,3,3,1,0.70466363,0.7785896811396736,0.7784497668341164,0.7549348648856032,0.22141031886032636
3414,3,3,1,0.5176971,0.5657570901855576,0.5626456149105366,0.5716550572181399,0.43424290981444236
3415,7,2,0,0.749709,0.5995434024946853,0.5960193413594723,0.6522135922101142,0.4004565975053147
3416,7,2,0,0.46741524,0.49524475662134504,0.49160875585592645,0.5643357890751135,0.504755243378655
3417,7,2,0,0.4070311,0.43850525423613335,0.43326299096243337,0.43528153896083277,0.5614947457638666
3418,1,1,1,0.99990654,0.9637968327534642,0.965302107643091,0.9918822541128918,0.03620316724653583
3419,4,4,1,0.7036218,0.6142249133231046,0.6116929552955567,0.5774596488266733,0.3857750866768954
3420,5,5,1,0.9764866,0.9553701136665861,0.957005279058504,0.9442473027704905,0.044629886333413915
3421,0,0,1,0.9993063,0.9565416800471969,0.9580517853592324,0.9913369862066597,0.04345831995280314
3422,2,5,0,0.46611243,0.27723694339958554,0.27013499733149615,0.34657792494083656,0.7227630566004144
3423,8,8,1,0.9997236,0.9497961498328541,0.9513686080086323,0.9886935549429196,0.0502038501671459
3424,5,5,1,0.9978538,0.9520490384580456,0.9535537946394914,0.992665961471966,0.04795096154195444
3425,0,0,1,0.9134284,0.8587664935906147,0.8598803446533119,0.7002445716609897,0.14123350640938526
3426,0,0,1,0.9910076,0.9507183398686824,0.9521049016709824,0.9852993446382277,0.04928166013131763
3427,6,6,1,0.9618657,0.945686012064168,0.9473411975388953,0.9463903251438217,0.054313987935831975
3428,2,2,1,0.76499844,0.7851852028044974,0.7849415371112147,0.7684808469313948,0.21481479719550256
3429,0,0,1,0.79054,0.7930330933174713,0.7929432499835359,0.7209214712995319,0.2069669066825287
3430,8,8,1,0.6651147,0.7936790321191743,0.7944681050391026,0.6400075278348257,0.20632096788082566
3431,4,4,1,0.9752858,0.953610471155212,0.9552593461196123,0.9591072024647551,0.046389528844787975
3432,5,5,1,0.9985555,0.9505052129559299,0.9519103142551729,0.9916942880303378,0.049494787044070065
3433,4,5,0,0.7421966,0.7157696054939897,0.7141400370917742,0.7447192003483524,0.2842303945060103
3434,5,5,1,0.9137977,0.9228762545343997,0.9243871761757744,0.8749430759287189,0.0771237454656003
3435,6,6,1,0.9563499,0.93631282438178,0.9376580667985542,0.9376064381029368,0.06368717561822002
3436,4,4,1,0.8368537,0.8440718387679217,0.8451612481986017,0.8056396735758596,0.1559281612320783
3437,7,7,1,0.9985061,0.9457043508855915,0.9471715551142496,0.9841870245087917,0.05429564911440854
3438,9,9,1,0.9963558,0.952078747680168,0.953384943460439,0.9938978355331264,0.04792125231983202
3439,4,7,0,0.25617525,0.12445424401343505,0.1184339413096052,0.4393054994769484,0.8755457559865649
3440,2,2,1,0.941369,0.9352645576630063,0.9369367111486845,0.8925241913886711,0.06473544233699369
3441,0,0,1,0.9971214,0.9665201174666697,0.967778735848289,0.9835201863410239,0.03347988253333034
3442,6,6,1,0.49179837,0.4263358860824892,0.4199863104003833,0.4477269401598656,0.5736641139175108
3443,4,2,0,0.9792849,0.9401930909044024,0.9418173601825545,0.9668698220987025,0.059806909095597605
3444,0,2,0,0.9231987,0.5885244230221661,0.576066785269745,0.7635047534019449,0.4114755769778339
3445,0,0,1,0.9995944,0.9546734901491754,0.9563460689137417,0.989091471692804,0.04532650985082465
3446,6,5,0,0.58802843,0.6146793609765361,0.6108460949682548,0.6342325440267725,0.3853206390234639
3447,4,4,1,0.98478633,0.9598111720709015,0.9613823193690244,0.963622398558996,0.0401888279290985
3448,6,6,1,0.887014,0.8442497991500761,0.8454193681603793,0.7758863900250315,0.15575020084992386
3449,1,1,1,0.9998167,0.9556170616182944,0.957161065929827,0.9882022839870287,0.044382938381705594
3450,9,1,0,0.9964259,0.9590462609380058,0.9606027050947687,0.9920405683959826,0.04095373906199418
3451,5,2,0,0.87411356,0.8763044363646305,0.8777209716726082,0.8516687023186229,0.12369556363536949
3452,5,3,0,0.44312567,0.5397713797426451,0.5382888099843031,0.5822978704914278,0.4602286202573549
3453,2,2,1,0.99121314,0.9581617458935554,0.959613266677918,0.986097022712307,0.041838254106444595
3454,2,2,1,0.6868537,0.8312304333990358,0.8322048995145336,0.7081401195057053,0.1687695666009642
3455,6,6,1,0.96613055,0.9424071269409529,0.9437116952715052,0.9361276224427566,0.057592873059047145
3456,3,3,1,0.91348076,0.8951975856932851,0.8963849959260808,0.8574717309864824,0.10480241430671489
3457,4,4,1,0.9957188,0.9499485559379233,0.9515838675313053,0.9860269054012819,0.05005144406207673
3458,5,3,0,0.60156333,0.4370496586688815,0.4311722222327981,0.49286717673166486,0.5629503413311185
3459,9,0,0,0.70426714,0.5498103892734596,0.5452410256999353,0.5853396069766267,0.4501896107265404
3460,1,1,1,0.99995446,0.9531720688455234,0.9545441429288415,0.9936708454862792,0.04682793115447659
3461,7,3,0,0.5229036,0.5386719754496999,0.5351725791994538,0.5706583920690325,0.4613280245503001
3462,2,2,1,0.8565141,0.82921788861686,0.8297699194841439,0.7660045924439196,0.17078211138314003
3463,3,5,0,0.5516333,0.4189810279423443,0.41336578526795165,0.45010275766998686,0.5810189720576557
3464,9,1,0,0.8633998,0.8759802417755335,0.8776159056668728,0.7305043769316822,0.12401975822446654
3465,6,6,1,0.845875,0.8751467151844569,0.8765475814187538,0.8468879857080972,0.12485328481554314
3466,5,5,1,0.9873024,0.9490127643622402,0.9505606049847244,0.9790515141081617,0.050987235637759754
3467,0,0,1,0.96867585,0.9528628734333067,0.9542316400894445,0.9278921300615024,0.04713712656669333
3468,2,2,1,0.99939644,0.950262827227544,0.9518205160381918,0.9913978616938133,0.04973717277245604
3469,9,9,1,0.9960453,0.9535270061124578,0.9548932227224178,0.991955219427079,0.046472993887542224
3470,7,7,1,0.98554695,0.9484349951733642,0.9500389555100558,0.9680096033137666,0.05156500482663584
3471,1,1,1,0.9998983,0.9697853120468414,0.9709440412717603,0.8947301031874533,0.030214687953158625
3472,7,3,0,0.5159545,0.18142879245332194,0.17397165688181815,0.35146168421629775,0.818571207546678
3473,2,2,1,0.9998871,0.956203947573057,0.9577386153732943,0.992053376966453,0.043796052426942955
3474,2,2,1,0.46561947,0.4606735024405958,0.4551335256900963,0.5829446399361077,0.5393264975594042
3475,0,0,1,0.97130305,0.925784571358529,0.9273489682873515,0.9378258144815855,0.07421542864147102
3476,8,8,1,0.9951906,0.9606105145897568,0.962141419644843,0.9914401052439967,0.03938948541024323
3477,6,6,1,0.9987864,0.9565320597379466,0.9580735539942241,0.9914492010386405,0.04346794026205336
3478,4,4,1,0.9920183,0.9496518742982012,0.9511045300472517,0.9856044182831087,0.05034812570179881
3479,3,3,1,0.8578525,0.9063916327631661,0.9081985158568302,0.8644879926822702,0.09360836723683386
3480,2,2,1,0.999408,0.9555302034511717,0.9569637473128246,0.9910791990899551,0.04446979654882832
3481,7,4,0,0.6519237,0.5640468256921183,0.5604447908935163,0.5461973256841256,0.4359531743078817
3482,7,7,1,0.83899665,0.8790659630161517,0.8802345032162678,0.844307155048547,0.1209340369838483
3483,0,0,1,0.9950422,0.9521636607138506,0.9535450984634672,0.9910311512142053,0.04783633928614939
3484,4,4,1,0.9856323,0.9563709776769518,0.958006952847173,0.9788311709244881,0.04362902232304822
3485,1,1,1,0.99375653,0.9767791192760102,0.9779153038190393,0.9850255294635507,0.023220880723989756
3486,6,6,1,0.99945813,0.960692546640183,0.9623262579898031,0.9906122644119258,0.039307453359817
3487,5,5,1,0.9986376,0.9537913568419929,0.9556658318417154,0.992426816114424,0.0462086431580071
3488,1,1,1,0.9985246,0.9628854246083345,0.9641861645242608,0.9925803268228007,0.037114575391665516
3489,3,3,1,0.5974069,0.6273560480841865,0.6249561782481675,0.6247041837359313,0.37264395191581345
3490,0,0,1,0.8997784,0.9005235466522962,0.9018311470450173,0.8314462770568238,0.09947645334770383
3491,3,3,1,0.5566011,0.7477776470625795,0.749111028940344,0.6061592195369577,0.25222235293742046
3492,9,9,1,0.9575453,0.953831834744858,0.9552751822586475,0.9458850132830239,0.046168165255142
3493,0,0,1,0.9722497,0.9391837651281433,0.9407631373332912,0.9441930186595887,0.06081623487185672
3494,0,0,1,0.81345594,0.8098982840830986,0.8100390041610972,0.7684863074437228,0.1901017159169014
3495,2,2,1,0.64299875,0.6770186435407636,0.6755678062714034,0.7479587874095495,0.3229813564592364
3496,5,0,0,0.57770336,0.7692022590564562,0.7696428506939511,0.6757714247927689,0.23079774094354377
3497,0,1,0,0.93184817,0.9025205699892824,0.9037220827047913,0.8961477596553667,0.09747943001071757
3498,4,4,1,0.6853663,0.5382933163244378,0.531931644155118,0.5883732430913721,0.4617066836755622
3499,0,0,1,0.9983966,0.9504992106984265,0.9520899694891218,0.9864997131232985,0.04950078930157353
3500,1,1,1,0.97204024,0.942446278884737,0.9438517680791418,0.962905610858418,0.057553721115263023
3501,9,1,0,0.9507555,0.9310700445834004,0.932514878485039,0.930706353175915,0.06892995541659963
3502,8,8,1,0.34023213,0.16917297006586357,0.16251599918468182,0.2939022820631422,0.8308270299341365
3503,4,4,1,0.7617572,0.7999467266571318,0.8004491132604714,0.7279185005688115,0.20005327334286815
3504,9,9,1,0.9993074,0.9632456651014613,0.9646335803131078,0.9923458522193086,0.03675433489853874
3505,4,4,1,0.86290336,0.8645496340420195,0.8653945530753803,0.8187802212771546,0.13545036595798055
3506,2,2,1,0.8476595,0.6850167379142766,0.6813245694483409,0.5590947753458644,0.31498326208572336
3507,4,4,1,0.97545266,0.9498601966971927,0.9514257635320663,0.9639011831501496,0.05013980330280732
3508,3,3,1,0.769424,0.8734274895498058,0.8748700080046469,0.8249493457169568,0.12657251045019424
3509,3,3,1,0.76404065,0.8847441773453049,0.8866070075784048,0.8306727851755532,0.11525582265469514
3510,4,4,1,0.9740306,0.9490813511480134,0.9507672420604941,0.9531252531633855,0.0509186488519866
3511,0,8,0,0.5059868,0.33094812071498214,0.3240108991232781,0.3185407261350358,0.6690518792850179
3512,4,4,1,0.88398755,0.8958229689013815,0.8973541123078632,0.8488335694652708,0.10417703109861853
3513,3,6,0,0.5678157,0.34601804793119256,0.33892718067065014,0.4566625305861469,0.6539819520688075
3514,2,5,0,0.7105906,0.7789529657090389,0.77931510294882,0.7880844954586687,0.22104703429096106
3515,8,8,1,0.99886703,0.9631069994343369,0.9644764461132788,0.9901153066778479,0.03689300056566314
3516,9,9,1,0.99997103,0.9318948296577458,0.9329876254036511,0.9933316804007604,0.06810517034225416
3517,1,1,1,0.779585,0.8483656780542782,0.850394647180668,0.7376169235611034,0.1516343219457218
3518,5,5,1,0.58972406,0.866864453303057,0.868685477247545,0.7191529858066125,0.13313554669694305
3519,8,8,1,0.9963952,0.9499297810075118,0.9514657610561214,0.9900466368062859,0.0500702189924882
3520,1,1,1,0.9999827,0.9599163129443703,0.9611334986928471,0.9928590131474928,0.0400836870556297
3521,8,8,1,0.91813785,0.9104808550343781,0.9120369707206059,0.9168860952812055,0.08951914496562186
3522,2,2,1,0.9846127,0.9562317584164708,0.9578865940020148,0.9578008257360557,0.04376824158352921
3523,4,6,0,0.58268297,0.6522220078875621,0.6512752150920942,0.5793762825562727,0.3477779921124379
3524,5,4,0,0.9984193,0.9518621237091198,0.9533037345213312,0.9745630941479184,0.04813787629088018
3525,2,2,1,0.9797221,0.9446933937852611,0.946138631957391,0.9592019671138001,0.05530660621473893
3526,4,4,1,0.99479395,0.9574944683810062,0.9590257958713544,0.9921203182618099,0.04250553161899384
3527,1,1,1,0.99947685,0.9626812714553534,0.9640721971622399,0.9859083560800467,0.03731872854464657
3528,1,1,1,0.999471,0.95291280749375,0.9543225361658425,0.9923356211898561,0.04708719250625004
3529,6,6,1,0.99576265,0.8980996655107761,0.8993489109333085,0.778421600953694,0.10190033448922386
3530,6,6,1,0.9996363,0.9481606508636222,0.9494201463951194,0.9933276656444066,0.05183934913637778
3531,8,8,1,0.5932305,0.5339559144775489,0.5296310161669568,0.4294284525855259,0.46604408552245113
3532,5,5,1,0.9793362,0.9469194538950347,0.9488161571887351,0.9685214243081904,0.053080546104965265
3533,2,2,1,0.99733657,0.9634771466260513,0.9650284487057581,0.988444067321427,0.03652285337394867
3534,2,2,1,0.62380207,0.730281828234042,0.7304312006902927,0.6176179011869134,0.269718171765958
3535,5,5,1,0.99440235,0.9471128382416051,0.9487867614260116,0.9865238108686544,0.05288716175839492
3536,0,0,1,0.99713266,0.9506971802924973,0.9520898304526839,0.9796129365255055,0.04930281970750272
3537,8,8,1,0.97648287,0.9230454276255473,0.9244948931399425,0.9569025589425146,0.07695457237445269
3538,2,2,1,0.89502513,0.9096317952023709,0.9112752210915737,0.8591440933061404,0.09036820479762908
3539,3,3,1,0.74548435,0.743198951739568,0.7430133452523687,0.7683338340866306,0.25680104826043204
3540,6,6,1,0.99898034,0.9565892820726131,0.9580484905630485,0.9917756838684112,0.04341071792738693
3541,2,2,1,0.9988753,0.9565483238753565,0.9579225866094695,0.9924430517531668,0.04345167612464351
3542,9,9,1,0.9999256,0.9554290607289857,0.9567400803417777,0.9936815679811728,0.0445709392710143
3543,6,6,1,0.996503,0.9623909766834485,0.9638736349869416,0.9918791246026742,0.03760902331655147
3544,1,1,1,0.9995096,0.9608066959765239,0.962242005062923,0.9927753944122699,0.039193304023476094
3545,4,4,1,0.99315464,0.961591334340872,0.9632318755964889,0.9836747544687181,0.03840866565912804
3546,5,5,1,0.6785063,0.8669896956443921,0.86866641658839,0.7467683279523097,0.1330103043556079
3547,9,9,1,0.99983907,0.9575388409092487,0.9587621147137186,0.9921352762591721,0.04246115909075132
3548,0,0,1,0.9994431,0.961029849544371,0.9623702553448141,0.984502088170569,0.038970150455629016
3549,1,1,1,0.9987791,0.9652287485204173,0.9669234950817511,0.9798240316617605,0.03477125147958271
3550,0,4,0,0.8836341,0.861147704034544,0.8620919224302892,0.8394392296395504,0.138852295965456
3551,0,0,1,0.93714446,0.8837172145182437,0.8845688906040403,0.8393862472048775,0.1162827854817563
3552,8,8,1,0.9992812,0.9574310795388824,0.9589582477759707,0.9911243716181685,0.0425689204611176
3553,1,1,1,0.9818517,0.9634719532788647,0.964750466740351,0.9691904742701809,0.0365280467211353
3554,1,1,1,0.99887973,0.9642621414365212,0.9657150370431806,0.9915724179209482,0.035737858563478775
3555,6,6,1,0.96134454,0.9393448129319457,0.9409924825482978,0.945168250589709,0.060655187068054284
3556,6,6,1,0.98295045,0.9459665532157299,0.9475311545703275,0.9707286275256962,0.054033446784270134
3557,9,2,0,0.38842,0.47102469869467034,0.4666432370669621,0.4505013422865723,0.5289753013053297
3558,5,5,1,0.9978307,0.9574696528809372,0.958974795100481,0.9922962906779225,0.042530347119062784
3559,4,2,0,0.6963009,0.7929099172134995,0.7931722229994648,0.675066369410466,0.20709008278650054
3560,1,9,0,0.84185505,0.8503858942739597,0.8514804962174103,0.7604858016541685,0.14961410572604028
3561,7,5,0,0.53344655,0.5810468870189804,0.5774838947577827,0.6173298060330868,0.41895311298101956
3562,8,8,1,0.93449736,0.940407720863568,0.9420882097729703,0.9383257914815948,0.05959227913643195
3563,6,6,1,0.99978083,0.9311762508618517,0.9325705431538635,0.991349145481744,0.06882374913814826
3564,9,9,1,0.59256595,0.6438945171933955,0.6421114416913257,0.48676299287667035,0.3561054828066045
3565,1,1,1,0.9999101,0.9554793299869985,0.9567399101967682,0.9924251420667186,0.04452067001300153
3566,7,7,1,0.8508701,0.8381086153850916,0.8386974120370342,0.8490311047747671,0.16189138461490837
3567,6,6,1,0.99986124,0.953371864025556,0.9548123867707382,0.9857406801077556,0.04662813597444404
3568,0,0,1,0.9994406,0.9532435829067513,0.9546667643575448,0.986876737011972,0.04675641709324874
3569,9,9,1,0.8560899,0.8514889891383379,0.8520521461118132,0.8267765650128511,0.14851101086166207
3570,3,3,1,0.7649957,0.8725169300610915,0.8745913658800848,0.7858925197808836,0.12748306993890846
3571,5,5,1,0.44560364,0.4450953598268274,0.4410851568245891,0.4445533309894877,0.5549046401731725
3572,3,3,1,0.78338104,0.7980130895462134,0.798174223232393,0.715097487578708,0.20198691045378658
3573,2,2,1,0.9751872,0.9487879575016368,0.9505006661540014,0.9177488140371081,0.0512120424983632
3574,5,3,0,0.63317645,0.6868757756319532,0.6859379969687228,0.5737945564371255,0.31312422436804677
3575,3,3,1,0.75409585,0.7994419121191008,0.799839279477597,0.7889979961501976,0.20055808788089924
3576,4,2,0,0.5935802,0.40747375554609694,0.40064377516926,0.320571489253399,0.592526244453903
3577,9,1,0,0.6613732,0.8160689139439505,0.8193632314243038,0.6900236765075278,0.18393108605604946
3578,7,7,1,0.47318166,0.4101720204555937,0.40415514892284965,0.42757789633171567,0.5898279795444064
3579,1,1,1,0.99993277,0.9635108777847092,0.9648577859991737,0.9869980587869425,0.03648912221529077
3580,4,4,1,0.846382,0.8717549407337317,0.8731871349451918,0.8460620240491608,0.12824505926626828
3581,4,4,1,0.89047277,0.904430386072886,0.9061593364246509,0.8509202779751631,0.09556961392711405
3582,6,6,1,0.99047524,0.9535372505659521,0.9555275221806852,0.9790660061270914,0.046462749434047934
3583,1,1,1,0.9999747,0.9602374279106523,0.9618852373759211,0.9897471731906031,0.03976257208934775
3584,3,3,1,0.5152883,0.8743238531341897,0.8767493908954633,0.7169333318688536,0.1256761468658103
3585,8,8,1,0.99977905,0.9529857720253917,0.9544049217539767,0.9900514841831111,0.0470142279746083
3586,8,8,1,0.987463,0.9609257774297643,0.9622534371889284,0.9853786069570948,0.03907422257023574
3587,0,0,1,0.99667454,0.9636766783330112,0.9650066928200182,0.9864902216460023,0.03632332166698882
3588,6,6,1,0.9999695,0.9393803112508046,0.9409167820078924,0.9869216422824256,0.06061968874919543
3589,7,7,1,0.7909782,0.8600940401940644,0.8614392233738731,0.7997568711886018,0.13990595980593556
3590,7,7,1,0.9850588,0.9450972871601035,0.9462946337539393,0.9562274462032098,0.05490271283989645
3591,6,6,1,0.90574664,0.9166863231224577,0.918196024290732,0.8684362930058315,0.08331367687754232
3592,7,7,1,0.99850404,0.9419955186473947,0.9435646480122654,0.989491314846226,0.058004481352605275
3593,2,2,1,0.5256442,0.5679546835307322,0.5657803547864066,0.5632976631825559,0.4320453164692678
3594,3,5,0,0.64189124,0.8303255856980168,0.8313191574492843,0.7118980956889814,0.16967441430198316
3595,2,2,1,0.99791235,0.9529178540660247,0.9543447201234662,0.9907058556102573,0.047082145933975306
3596,2,4,0,0.8574261,0.8697023230915744,0.8711673475056785,0.8273312206734816,0.13029767690842564
3597,6,6,1,0.9976774,0.954441398200357,0.9560640720418596,0.9909573868668425,0.045558601799642995
3598,2,2,1,0.9977064,0.9586740384087531,0.9599681199290173,0.9913612315092698,0.04132596159124691
3599,7,7,1,0.9907032,0.9519088878646697,0.9534433203874245,0.9849502728029513,0.04809111213533035
3600,4,2,0,0.9741744,0.9447276234169335,0.9462422445468707,0.945974588085461,0.055272376583066496
3601,0,0,1,0.810192,0.6613880106820667,0.6576824235633897,0.6834308600300344,0.33861198931793335
3602,3,3,1,0.645933,0.7512522626703948,0.751196876352386,0.7419795510203706,0.2487477373296052
3603,6,6,1,0.6137877,0.43222524255889017,0.4264135583669188,0.4671969994276364,0.5677747574411098
3604,2,2,1,0.9585835,0.944324817273438,0.9459135402501501,0.9261796823743699,0.05567518272656202
3605,6,6,1,0.8766093,0.8653608488287332,0.8664316369658033,0.8194788568931639,0.1346391511712668
3606,3,3,1,0.82564527,0.8898850161790026,0.8911882259904553,0.7978624381137842,0.11011498382099738
3607,3,2,0,0.9359225,0.9354859253724171,0.9370514976510324,0.9027609510288778,0.06451407462758285
3608,0,0,1,0.95026976,0.933673562615945,0.9352894459552066,0.9154462797054372,0.06632643738405497
3609,9,9,1,0.9810877,0.942195380171713,0.9434877046574279,0.971827680390062,0.057804619828286996
3610,5,5,1,0.8463862,0.8938172151470034,0.8955781625079486,0.8548256744780951,0.10618278485299659
3611,1,1,1,0.97918504,0.9551545278369709,0.9567088965774518,0.9685202696045948,0.04484547216302914
3612,1,1,1,0.9810885,0.947007038403655,0.9485914780726465,0.9474683459322222,0.052992961596345034
3613,5,5,1,0.8262469,0.8321627215920862,0.8326297603275935,0.8083739786229626,0.16783727840791385
3614,3,3,1,0.5098326,0.4008730607308927,0.3947059057989982,0.45411232915760225,0.5991269392691073
3615,6,0,0,0.65114397,0.41232093482755705,0.40590736123495236,0.43742631049952707,0.587679065172443
3616,4,4,1,0.9614015,0.9456015494215876,0.9472604786188362,0.9348119020534844,0.054398450578412416
3617,3,3,1,0.53299785,0.8444808022567342,0.84664445807398,0.6521258208417477,0.15551919774326584
3618,4,2,0,0.6108883,0.8345240282454798,0.8362904628062067,0.6959391005114695,0.16547597175452022
3619,1,1,1,0.69981605,0.7217792507917065,0.7207134745247133,0.5997240290810165,0.27822074920829354
3620,0,0,1,0.9933193,0.9543793623542957,0.9557579001648101,0.9818909763145514,0.04562063764570434
3621,4,4,1,0.97131777,0.9310165758796154,0.9323127515099873,0.8718355048351895,0.0689834241203846
3622,5,5,1,0.5091278,0.7243851376002134,0.7245059351357958,0.6022068953761324,0.2756148623997866
3623,5,5,1,0.65596324,0.8215382173777236,0.8227887246453618,0.7306327712859024,0.1784617826222764
3624,2,4,0,0.51644826,0.5763450219304606,0.5740881953825236,0.5611949087630602,0.42365497806953945
3625,8,0,0,0.5106412,0.5160107065179045,0.5121364017643729,0.4178440806907544,0.4839892934820955
3626,9,9,1,0.98674345,0.9624095127818582,0.9637819456379967,0.981721245131838,0.037590487218141844
3627,4,0,0,0.5547123,0.19207679121165158,0.1839115146938717,0.30616345382271487,0.8079232087883484
3628,3,3,1,0.92593634,0.9233929983237281,0.9250700190039942,0.8722916937621694,0.07660700167627188
3629,1,1,1,0.880488,0.9212167138449757,0.9227067457812899,0.8295628115009208,0.07878328615502428
3630,8,8,1,0.99996793,0.9534442286177184,0.9549225062780363,0.9909160352443129,0.04655577138228162
3631,0,0,1,0.9406008,0.9163987191853942,0.9177603597336511,0.853920893934431,0.08360128081460583
3632,1,1,1,0.97330654,0.9349436533663196,0.9365399002440166,0.9400705632589862,0.06505634663368043
3633,3,3,1,0.9795232,0.9458421916570325,0.9479877520291392,0.9369294316865024,0.05415780834296746
3634,3,3,1,0.7179023,0.7418797656552324,0.7425959412527958,0.6939950785127919,0.2581202343447676
3635,4,4,1,0.9672684,0.9361728346536691,0.9376569282035514,0.9047008271351339,0.06382716534633093
3636,4,2,0,0.4164393,0.1981099714607998,0.19129011119982836,0.35411459672975576,0.8018900285392002
3637,2,2,1,0.9144985,0.9037338572508485,0.9052429308512487,0.8873724070915756,0.09626614274915146
3638,9,9,1,0.8833565,0.9150914117426954,0.9167427629100121,0.8430664217916682,0.08490858825730463
3639,7,7,1,0.9776807,0.9494875784665441,0.9509413338008003,0.9704283050055862,0.05051242153345592
3640,6,6,1,0.78055966,0.8595350642874958,0.8610088528446004,0.7908585736671898,0.14046493571250418
3641,8,8,1,0.98096853,0.9527774416646528,0.9543843940941494,0.9671333509039193,0.047222558335347165
3642,1,1,1,0.9986608,0.9655823189464631,0.9670007964834229,0.9917192060244511,0.03441768105353693
3643,8,8,1,0.9986959,0.9638797124082921,0.9652196204505806,0.991882639628802,0.036120287591707934
3644,9,9,1,0.96428883,0.9592876492085705,0.9607074896511403,0.9483646128866973,0.04071235079142954
3645,1,0,0,0.37457523,0.5533841720824457,0.5509331565018755,0.518423903671032,0.4466158279175543
3646,3,3,1,0.91228366,0.9185833774079966,0.9200764838668918,0.9048666902405421,0.08141662259200344
3647,1,1,1,0.9913135,0.9731972517511507,0.9743815590602648,0.9789461917025052,0.026802748248849317
3648,7,7,1,0.9031163,0.8839642874957692,0.8849459174135458,0.8428129443597414,0.11603571250423084
3649,3,3,1,0.9700182,0.9355803086387755,0.9372008639618613,0.9449861602717435,0.0644196913612245
3650,0,0,1,0.90747005,0.8861269276661549,0.887437178977111,0.8108736431964582,0.11387307233384514
3651,0,0,1,0.9872931,0.944776680046472,0.9462098696604085,0.9806542101988627,0.05522331995352803
3652,2,2,1,0.9453597,0.9378978828062292,0.939509578896941,0.8928617661976063,0.06210211719377079
3653,8,0,0,0.499291,0.43911222807034733,0.4326373438245024,0.4880420186568179,0.5608877719296527
3654,3,5,0,0.41000944,0.3429515259691455,0.3362564632963345,0.3780636967640129,0.6570484740308544
3655,9,9,1,0.9028696,0.9205185895416672,0.9219676093487542,0.8548309916291731,0.07948141045833279
3656,2,2,1,0.98780024,0.9525400374956646,0.9540682555760912,0.9751730070416926,0.04745996250433537
3657,7,7,1,0.55342287,0.6343475248699842,0.632296613440479,0.6575956576969346,0.36565247513001575
3658,2,4,0,0.76839626,0.8858783778547797,0.8876148263398942,0.8210342114027657,0.11412162214522026
3659,6,6,1,0.9988495,0.9521460323550013,0.953663919127354,0.9849838968062647,0.04785396764499872
3660,0,0,1,0.99979705,0.93937062698277,0.9408543033031722,0.9909749061728479,0.06062937301723004
3661,1,1,1,0.9989115,0.9602711301702728,0.9617251810330241,0.9917060933621074,0.03972886982972723
3662,6,6,1,0.9983229,0.9624017989831289,0.9638997218567413,0.9915368066851451,0.03759820101687106
3663,1,1,1,0.9999634,0.9722210990167713,0.9733767096665519,0.9770936595017311,0.02777890098322866
3664,6,6,1,0.9997104,0.9586643910129539,0.960008987947062,0.9865789018308625,0.041335608987046135
3665,7,7,1,0.80323136,0.8471110403172002,0.8484348906667363,0.7830820120543902,0.1528889596827998
3666,5,5,1,0.74820834,0.8459181024132147,0.8467452807576867,0.7550913426315689,0.15408189758678525
3667,5,5,1,0.9869034,0.9566378681113079,0.9581808797766078,0.9788132694396664,0.04336213188869209
3668,2,2,1,0.9848765,0.9519514410490911,0.953422266550981,0.9775109004453532,0.04804855895090887
3669,5,4,0,0.81317747,0.7482014249998791,0.7470274433862828,0.732143366743512,0.2517985750001209
3670,9,9,1,0.9950794,0.9616472563384528,0.9630168571536198,0.9918197665041216,0.03835274366154717
3671,4,4,1,0.995434,0.9407011701581487,0.9422985096879676,0.9899420132833845,0.05929882984185131
3672,0,0,1,0.99771,0.9606884112674076,0.9621680956055141,0.9900812453556108,0.03931158873259244
3673,2,2,1,0.9817417,0.9361149952420513,0.9376987239386798,0.955157197595857,0.06388500475794867
3674,3,3,1,0.8504896,0.8861700977227635,0.8874890661893456,0.8529899584164039,0.11382990227723655
3675,4,4,1,0.9931457,0.9605939206949362,0.9618659124153346,0.986361706608103,0.03940607930506379
3676,9,0,0,0.37163612,0.5153423873303079,0.511799172518093,0.49847607991347204,0.4846576126696921
3677,4,4,1,0.9526411,0.935347961394726,0.9369805107689785,0.9131347795188354,0.06465203860527402
3678,1,1,1,0.99916744,0.9716039457676404,0.9727741474527678,0.9858916200002578,0.02839605423235958
3679,0,0,1,0.9994331,0.9582741838099744,0.9597542837141169,0.9866238467027114,0.04172581619002558
3680,0,0,1,0.99817705,0.9547574269690277,0.956358639839966,0.9858727052253667,0.045242573030972344
3681,2,2,1,0.96242034,0.9421764250276722,0.9437810707163427,0.9248361224951576,0.05782357497232782
3682,3,3,1,0.46112764,0.3866723647644698,0.3807197658584959,0.46982011500791215,0.6133276352355301
3683,8,6,0,0.35161558,0.21808972232247664,0.21012598461517487,0.426140790000237,0.7819102776775233
3684,9,9,1,0.9989072,0.9575468898276107,0.9587628103213205,0.9925245462727784,0.042453110172389286
3685,2,2,1,0.99270415,0.9370785174833832,0.9386315496369763,0.9829991725427344,0.06292148251661678
3686,8,8,1,0.9985905,0.9556488593992276,0.957043906511987,0.9893988127008077,0.04435114060077239
3687,9,9,1,0.93074155,0.9376350217356556,0.9390535134546756,0.9202972540907886,0.062364978264344395
3688,5,5,1,0.94024855,0.9527200632234119,0.9540368838985982,0.7757392399989653,0.04727993677658815
3689,7,4,0,0.4938314,0.5011716187500361,0.49624826519956633,0.543817993377297,0.49882838124996387
3690,9,9,1,0.9608475,0.9507469052041584,0.952288701824966,0.9484577740208161,0.04925309479584161
3691,1,1,1,0.9999652,0.9515862623200674,0.952919877134743,0.9930088091365511,0.04841373767993262
3692,4,4,1,0.99865544,0.9472869038426746,0.9487040564165008,0.990617258746518,0.052713096157325445
3693,6,6,1,0.70439446,0.7593828456461786,0.7597381374786557,0.7172777318700999,0.24061715435382136
3694,2,2,1,0.99400854,0.950897023505943,0.9524050348172491,0.9848168545342249,0.04910297649405704
3695,8,8,1,0.99758434,0.9600830613120565,0.9615402737475103,0.990661473752928,0.03991693868794355
3696,4,2,0,0.31176168,0.23317957250521934,0.22651112509731955,0.38364533674591783,0.7668204274947806
3697,4,4,1,0.53766793,0.5608640920107588,0.5580815322906472,0.5909804806800042,0.4391359079892412
3698,8,8,1,0.99680305,0.9617186072755004,0.9631522572053597,0.9905501107683224,0.0382813927244996
3699,9,9,1,0.9993723,0.9580673218315436,0.9593507182358051,0.9932063874186925,0.04193267816845636
3700,3,3,1,0.7774224,0.852601854044177,0.8538469062623197,0.8049270098446266,0.147398145955823
3701,1,1,1,0.9993832,0.9658563300548894,0.967279849153971,0.9864716465003476,0.034143669945110644
3702,1,1,1,0.912072,0.9304548871020139,0.931888471113731,0.8621888365111334,0.06954511289798615
3703,6,6,1,0.99552405,0.957734112679756,0.9592534860409813,0.9826711840770003,0.042265887320244055
3704,5,2,0,0.70084715,0.6388589271944298,0.6370721538046391,0.6699153567391812,0.3611410728055702
3705,8,8,1,0.93789357,0.9259399635000495,0.9273808894467499,0.9199633621037099,0.07406003649995052
3706,4,4,1,0.94515085,0.9403370229339322,0.9419872524577179,0.9412645907429176,0.059662977066067824
3707,6,6,1,0.67223483,0.8054196341229762,0.8067396834832197,0.6029030464112842,0.19458036587702376
3708,4,2,0,0.5877754,0.5877951962208956,0.5850729501186215,0.586029510184084,0.4122048037791044
3709,5,5,1,0.8608243,0.9056796152914997,0.9073798514649358,0.8761279898553225,0.09432038470850035
3710,2,2,1,0.9996731,0.9433272054766494,0.944853389247147,0.9908369743193992,0.05667279452335061
3711,6,6,1,0.97008663,0.9099283413349134,0.9119743726097491,0.8392109463851091,0.0900716586650866
3712,4,4,1,0.96501297,0.945310096910803,0.9469540331884134,0.947152519919029,0.05468990308919697
3713,2,2,1,0.926648,0.9137777940651317,0.9157697676543719,0.8587384222779127,0.08622220593486829
3714,3,3,1,0.8963209,0.9292019950724008,0.9311348949975954,0.8767135565480472,0.07079800492759925
3715,1,6,0,0.3763066,0.12969460347126138,0.12302098437092203,0.24058391536889304,0.8703053965287386
3716,3,6,0,0.6470218,0.7773245737833572,0.7775374647697174,0.7224006226789905,0.22267542621664282
3717,6,6,1,0.99987125,0.950767879059405,0.9523352559921365,0.992398514314756,0.04923212094059504
3718,8,8,1,0.99981993,0.9568206067372461,0.9584219658973355,0.9907158506372262,0.043179393262753885
3719,5,5,1,0.9727393,0.9456001061827388,0.9471407272136376,0.9594590858607848,0.05439989381726118
3720,2,2,1,0.99467695,0.9470389102824205,0.9484890520733333,0.9832356223988233,0.05296108971757951
3721,2,2,1,0.7331033,0.7707624636770152,0.7713335493035294,0.6871641042447902,0.22923753632298483
3722,7,7,1,0.9996551,0.9580277526995861,0.9592503122564499,0.9928590131474928,0.041972247300413934
3723,1,1,1,0.99997604,0.9674366126552133,0.9685969204756045,0.986052779882026,0.0325633873447867
3724,6,6,1,0.82979363,0.8751329550470315,0.8768561943613999,0.8210480660814725,0.12486704495296852
3725,2,2,1,0.95712924,0.9510326917785512,0.9524976935588818,0.9344110798797619,0.04896730822144879
3726,5,3,0,0.3466007,0.17944442488007073,0.17376665597318758,0.45935302391617305,0.8205555751199293
3727,9,9,1,0.9999505,0.9426100616225119,0.9441118032629816,0.9928828063385005,0.05738993837748807
3728,2,3,0,0.6076491,0.513963925253879,0.509117869731478,0.6094132600578105,0.486036074746121
3729,8,8,1,0.9999956,0.9500927376467334,0.9516088739249033,0.9928828063385005,0.04990726235326659
3730,1,1,1,0.9998135,0.9690741847197613,0.9704107721079331,0.9930706260488988,0.030925815280238744
3731,6,6,1,0.99324197,0.9645730078471075,0.9658963373683928,0.9863321053167937,0.03542699215289247
3732,9,9,1,0.78575766,0.7334910315519242,0.7323850306463391,0.6016458837619251,0.2665089684480758
3733,2,3,0,0.4559385,0.4937915729773918,0.4903339082072056,0.470490687702379,0.5062084270226082
3734,7,7,1,0.4514702,0.5604820031230192,0.55797271395775,0.5674779789362784,0.4395179968769808
3735,5,2,0,0.62378436,0.7496815834567615,0.7499517767222407,0.6456728162696352,0.2503184165432385
3736,3,3,1,0.7795543,0.8407159917706085,0.8418468569868955,0.8041250345671642,0.15928400822939148
3737,2,2,1,0.9963659,0.9461573043654393,0.9477886513143495,0.985310545677182,0.05384269563456068
3738,9,9,1,0.88260186,0.9242809557005174,0.9257999506345111,0.8856278182532469,0.07571904429948262
3739,7,7,1,0.9817222,0.9563258435807416,0.957693195355667,0.9482776841540321,0.043674156419258425
3740,0,0,1,0.9993481,0.9508353410157924,0.9521268824003326,0.9924337182547772,0.04916465898420763
3741,2,2,1,0.9593741,0.9353861378995927,0.9368498610828327,0.9431298784492441,0.06461386210040732
3742,9,9,1,0.5776553,0.859897784383973,0.8627885829336228,0.699675137390774,0.14010221561602698
3743,3,3,1,0.75485045,0.8393385704337005,0.8402399330121029,0.8081826771474826,0.16066142956629947
3744,4,4,1,0.9729057,0.9470671439397798,0.9484678015551685,0.9456039568064036,0.052932856060220246
3745,1,1,1,0.9999813,0.9634850925841102,0.9646549740756477,0.9928987855816745,0.03651490741588981
3746,7,3,0,0.45014268,0.31805950168550395,0.3111463274231865,0.4738986709854527,0.6819404983144961
3747,9,9,1,0.99826235,0.9567454602787567,0.958073891996712,0.9924969558780771,0.04325453972124327
3748,5,5,1,0.925469,0.9243995338328432,0.9260687901985261,0.9134539070811699,0.07560046616715677
3749,8,8,1,0.9991698,0.9583401757891252,0.9598650464587273,0.9914656115391474,0.041659824210874774
3750,9,9,1,0.91956866,0.9250415225305663,0.9266324160599019,0.8898551560696895,0.07495847746943374
3751,7,7,1,0.99930584,0.9519290145442371,0.9534874181589503,0.992558703357219,0.04807098545576294
3752,3,5,0,0.39512664,0.09804245768701865,0.09252111608192025,0.31590970297390997,0.9019575423129813
3753,4,6,0,0.898909,0.9056324978806481,0.9070414295640874,0.8581702203193156,0.09436750211935185
3754,0,0,1,0.9892075,0.9580812279815788,0.9596912456914065,0.9828369642288305,0.0419187720184212
3755,9,1,0,0.66367704,0.6190652934149639,0.6159437957074493,0.5742756807307606,0.38093470658503614
3756,7,7,1,0.951381,0.9469526161184094,0.9483504065686531,0.9032437011935959,0.05304738388159058
3757,4,4,1,0.9135493,0.8976010242006389,0.8988041305705657,0.8831578800488948,0.10239897579936108
3758,2,2,1,0.7580909,0.8025589357663068,0.8033894983474568,0.7368830956706095,0.19744106423369323
3759,4,4,1,0.98828363,0.9480479380073887,0.9497016473956168,0.9754275844242976,0.051952061992611265
3760,7,7,1,0.9789878,0.9499273817470085,0.9514016886388341,0.9450663037188383,0.050072618252991474
3761,0,0,1,0.96135527,0.9349081221197089,0.9364896213780638,0.9423035942922222,0.06509187788029114
3762,1,1,1,0.6473486,0.763854077713594,0.7632404315497596,0.6793146394488622,0.23614592228640596
3763,8,8,1,0.9995733,0.9633352770846514,0.9646853694058292,0.9930741966550934,0.03666472291534861
3764,1,1,1,0.99995935,0.953530774140253,0.9547868022224009,0.9647643408482791,0.046469225859747
3765,0,0,1,0.89166427,0.8876150179997708,0.8888475465991033,0.835159654212027,0.11238498200022917
3766,4,4,1,0.99769515,0.9651650123372871,0.9664774861887713,0.9884435850024995,0.03483498766271287
3767,6,6,1,0.89437157,0.9133378621075654,0.9151870463748054,0.840149544393927,0.0866621378924346
3768,1,1,1,0.87948686,0.8312325787911299,0.8312558608076173,0.7918826654531529,0.16876742120887012
3769,9,9,1,0.99808925,0.9574359015812194,0.9589478541627049,0.99086735410315,0.042564098418780616
3770,9,9,1,0.94228053,0.9559778072857403,0.9573759673616636,0.9290983908443746,0.04402219271425967
3771,2,0,0,0.93778867,0.9306315352876695,0.9322800915463575,0.9142568276706361,0.06936846471233049
3772,1,1,1,0.9975337,0.9608998136554652,0.9623997095970842,0.9899040255658533,0.039100186344534826
3773,2,2,1,0.99393576,0.9497603262293367,0.9513973620708663,0.9826427150232065,0.050239673770663296
3774,5,5,1,0.38411003,0.3293677990866317,0.3228798141886133,0.36705981307938546,0.6706322009133683
3775,6,6,1,0.9887849,0.958529608657529,0.9601116440087927,0.9803838582656941,0.04147039134247099
3776,9,9,1,0.95596117,0.94348527595973,0.9451912113237618,0.945841010471981,0.056514724040270026
3777,7,7,1,0.9933297,0.9613218231490741,0.9626730482805692,0.9804525419901726,0.038678176850925894
3778,7,4,0,0.59892064,0.6443619573156485,0.6424152050649418,0.5514169612051522,0.3556380426843515
3779,3,0,0,0.46296427,0.2587808423307491,0.2508689049709157,0.41898437652341836,0.7412191576692508
3780,4,4,1,0.98842597,0.9451531757799108,0.9466751299507266,0.9796158914010225,0.05484682422008924
3781,2,2,1,0.9714902,0.9447870033965102,0.9463238745337642,0.9475729300660594,0.05521299660348977
3782,0,0,1,0.9493973,0.9371636161553758,0.9386437875409755,0.9188674241875642,0.0628363838446242
3783,2,2,1,0.8456544,0.7430539186782681,0.7423657084387759,0.678644934932374,0.2569460813217319
3784,5,5,1,0.98947984,0.9573452680366625,0.9588359606774938,0.9837486786021266,0.04265473196333747
3785,6,2,0,0.6489646,0.6258963403132389,0.6234217455450376,0.6717505162975134,0.37410365968676107
3786,7,7,1,0.98770523,0.9543812666176015,0.9557662077520266,0.9826001344614681,0.045618733382398524
3787,3,4,0,0.78861755,0.8208794466649305,0.8214477969187539,0.7285658377839276,0.1791205533350695
3788,7,7,1,0.6418319,0.5612590979366451,0.5572748954799654,0.6149592384111261,0.4387409020633549
3789,9,0,0,0.41850284,0.41210473865616937,0.4059117023184593,0.467089694350126,0.5878952613438306
3790,4,4,1,0.98608494,0.9508764645769295,0.9525013436263993,0.9775264473485155,0.049123535423070464
3791,2,2,1,0.97253305,0.9460031618982164,0.9474875559641598,0.9476048907858464,0.05399683810178357
3792,0,0,1,0.96322995,0.9362441714486174,0.9375794329951276,0.9285646617918981,0.06375582855138262
3793,6,6,1,0.5564453,0.49737924859712324,0.4928017190651138,0.542644093715282,0.5026207514028768
3794,1,1,1,0.9998965,0.9610150357182254,0.9622583677714306,0.98238974219906,0.03898496428177456
3795,7,7,1,0.8629213,0.8723533047485669,0.873443886653719,0.8445545839800614,0.12764669525143313
3796,5,5,1,0.59241414,0.7794817370055832,0.7803827162068631,0.6842335329771376,0.2205182629944168
3797,6,6,1,0.92572325,0.9229575539786735,0.9245371136064561,0.9153109135303993,0.07704244602132648
3798,5,5,1,0.88930106,0.9123864884776015,0.9141382207975342,0.8452843767538737,0.08761351152239849
3799,3,2,0,0.54769206,0.5546144737270631,0.5503187434112579,0.5877907581573268,0.4453855262729369
3800,9,9,1,0.99668175,0.9634869306809598,0.9648007295926642,0.9915960086741556,0.03651306931904019
3801,2,0,0,0.9316924,0.9403910460142562,0.9420817280232008,0.890066617793043,0.05960895398574384
3802,7,7,1,0.7779752,0.837414521557925,0.8389367444682215,0.7618301202603593,0.16258547844207505
3803,8,8,1,0.9102248,0.9279000667514193,0.9296364170832822,0.9033175021966601,0.07209993324858066
3804,5,5,1,0.9381394,0.9251771265406351,0.9265938157146688,0.893562482843973,0.07482287345936489
3805,9,9,1,0.9993044,0.9643337579327055,0.9656775661986589,0.9930372924490335,0.03566624206729452
3806,5,2,0,0.6903898,0.7137042495753578,0.7134288617023543,0.6942768642045882,0.28629575042464217
3807,8,8,1,0.9999788,0.9532787689846565,0.9545281313833958,0.9928590131474928,0.046721231015343534
3808,5,5,1,0.49145725,0.516727466004461,0.5137887854034975,0.5487790428920136,0.48327253399553904
3809,4,4,1,0.97085255,0.9335715788706669,0.9353482895886185,0.9063787302772784,0.06642842112933312
3810,3,3,1,0.8679832,0.8975200109521484,0.899079358471833,0.8380770033400574,0.1024799890478516
3811,7,7,1,0.87711495,0.8993059532469273,0.900726657394283,0.8567657123184108,0.1006940467530727
3812,9,9,1,0.9740569,0.9551356787385897,0.9566269485625873,0.9624358715236211,0.04486432126141027
3813,8,8,1,0.9813828,0.9548297917031192,0.956282354264739,0.9616880727265543,0.04517020829688079
3814,1,1,1,0.9999547,0.9547144091632636,0.9560825574123571,0.9932397686360546,0.045285590836736445
3815,2,2,1,0.59680855,0.8207754985696555,0.822101772624063,0.6754219094069679,0.17922450143034452
3816,2,4,0,0.5103696,0.7214704591877311,0.7218627893211067,0.6622906228540671,0.2785295408122689
3817,8,8,1,0.97197354,0.9481809469749954,0.9497189021279243,0.961357394616017,0.05181905302500456
3818,9,9,1,0.99831843,0.9416843281073378,0.9428477060810566,0.9926596245549199,0.05831567189266218
3819,3,5,0,0.61865413,0.7809972544642345,0.7821986505000771,0.6459488961026711,0.2190027455357655
3820,0,0,1,0.98555005,0.9428728367186434,0.9444950715126523,0.9642117269874645,0.057127163281356586
3821,8,6,0,0.63805735,0.4388403741273589,0.43351565295285654,0.45838275727443517,0.5611596258726411
3822,4,4,1,0.7992759,0.8692894090882486,0.8703618179673418,0.7891144528921944,0.1307105909117514
3823,0,0,1,0.9990381,0.9475706813527317,0.9489818703892581,0.9728449471506089,0.0524293186472683
3824,2,2,1,0.96341264,0.9396528481672327,0.9414913027090368,0.8805347270069762,0.06034715183276729
3825,0,0,1,0.9655632,0.9400906853040564,0.9417990062156898,0.9330593881434506,0.05990931469594363
3826,1,1,1,0.998028,0.9581986284044861,0.9596251146152911,0.9914813027888552,0.04180137159551389
3827,4,4,1,0.8822716,0.8815152907550974,0.8827938159395335,0.8287819329583569,0.11848470924490262
3828,1,0,0,0.92194945,0.9415880253108169,0.9433790008173946,0.862313725976567,0.05841197468918313
3829,8,8,1,0.98338705,0.947381256911682,0.9490167238034205,0.9704939446246437,0.05261874308831804
3830,5,5,1,0.79887295,0.8794603065133482,0.8810122193263319,0.8046490883215357,0.12053969348665183
3831,5,5,1,0.66870683,0.7895587587375654,0.790268914931554,0.6961810189947515,0.21044124126243458
3832,7,7,1,0.9837853,0.9472746866571253,0.9489007238743716,0.9707590576149514,0.05272531334287467
3833,9,9,1,0.84219766,0.873688872145405,0.8746928296811851,0.8273352983982991,0.12631112785459497
3834,8,8,1,0.9935988,0.9536967766158473,0.9552964275192827,0.9864708842210577,0.046303223384152714
3835,3,3,1,0.7528184,0.83055103051458,0.8311381865005542,0.7446065463233524,0.16944896948542
3836,7,7,1,0.9984119,0.9615270478701348,0.9630584334382788,0.9920140744297933,0.038472952129865234
3837,9,9,1,0.9999274,0.9528083517366162,0.9541193913576264,0.9936815679811728,0.047191648263383845
3838,1,1,1,0.99822015,0.9684967919197345,0.9699823452722984,0.9815466009219818,0.03150320808026552
3839,5,5,1,0.9845955,0.9491984927371713,0.9508907692241205,0.9690561119532329,0.05080150726282873
3840,6,3,0,0.45220208,0.3703651176770575,0.36333899946084336,0.342149320257459,0.6296348823229425
3841,9,9,1,0.99299777,0.9610137722438958,0.962303200299785,0.9865264550346575,0.038986227756104164
3842,8,8,1,0.88922304,0.9119583452436926,0.9135846152851596,0.8749209592627412,0.08804165475630743
3843,7,7,1,0.9764198,0.956345545448985,0.9576526891217193,0.9659479303305113,0.04365445455101502
3844,2,2,1,0.8521625,0.8758638500045779,0.8772301254027144,0.8625569808176068,0.12413614999542211
3845,0,0,1,0.9981468,0.9637559839693827,0.9653252661236749,0.9902172387149213,0.03624401603061733
3846,9,9,1,0.9947102,0.964717950395816,0.96600410968098,0.992322046997583,0.03528204960418402
3847,0,0,1,0.99765307,0.9572734756690464,0.9587480315048527,0.990951256170407,0.042726524330953586
3848,8,8,1,0.9420724,0.9184407977346266,0.920120915282137,0.8962399545143921,0.08155920226537339
3849,5,5,1,0.40707183,0.2725309431297281,0.26602871060324623,0.342841386935862,0.727469056870272
3850,9,9,1,0.99021786,0.9667875294932369,0.968099892952354,0.9862405805025745,0.033212470506763125
3851,4,2,0,0.66190827,0.5502706081423746,0.5462073209990796,0.571122059256712,0.4497293918576254
3852,2,0,0,0.50258636,0.5633474208030742,0.5623134310590615,0.4676629720417975,0.4366525791969258
3853,9,9,1,0.8747393,0.9088737974418892,0.9104755702957936,0.8627095038724459,0.09112620255811077
3854,8,2,0,0.49815303,0.3656133260455191,0.3594230895817844,0.32998553253374274,0.6343866739544809
3855,1,1,1,0.99943393,0.9547568074295324,0.9562360507816953,0.9923920221983278,0.045243192570467605
3856,9,9,1,0.90886265,0.936582370166921,0.9380966581700652,0.8931516727098243,0.06341762983307897
3857,1,1,1,0.9982487,0.9579554405887135,0.9595865261766495,0.9923785433120179,0.042044559411286486
3858,8,8,1,0.98509717,0.9569999071419772,0.9585568339650377,0.9757217708119857,0.043000092858022754
3859,3,3,1,0.7809048,0.8412981832759374,0.8424798714298921,0.7696584393587023,0.15870181672406258
3860,7,7,1,0.9982887,0.9621223293891681,0.9635939086768438,0.9822719260011447,0.037877670610831915
3861,6,6,1,0.91724056,0.9211979730528264,0.9227755021499827,0.9086884679425627,0.07880202694717364
3862,4,4,1,0.9738835,0.9463523979360356,0.947954903433087,0.9499087729653164,0.05364760206396435
3863,2,2,1,0.86725944,0.8983912830279271,0.9001099862958508,0.8580227150616928,0.10160871697207285
3864,3,3,1,0.6532265,0.5686139524923346,0.5645960884043368,0.6433486712218783,0.4313860475076654
3865,7,7,1,0.9639306,0.918635069649976,0.9199153967134713,0.9099525119168491,0.08136493035002401
3866,0,0,1,0.95677835,0.9392109042612773,0.9407726177159681,0.9116432928436004,0.06078909573872271
3867,3,5,0,0.820394,0.8571497939159981,0.8579996565104696,0.7897375741937668,0.1428502060840019
3868,5,5,1,0.39617008,0.11774102057998874,0.11197570904810303,0.33401879345712054,0.8822589794200113
3869,8,8,1,0.97212845,0.9531481492818956,0.954854947372618,0.9612612762906878,0.04685185071810438
3870,8,0,0,0.5119198,0.28252467190659647,0.2754554070874474,0.3450880586983752,0.7174753280934035
3871,8,8,1,0.9942789,0.9563742368124813,0.9578295495050759,0.9908150192962409,0.04362576318751865
3872,7,5,0,0.38143387,0.42719664230671583,0.42225954079452477,0.4097904376466312,0.5728033576932842
3873,9,9,1,0.9916353,0.9734002668949634,0.9745554505453824,0.9861963054452713,0.026599733105036605
3874,6,6,1,0.99951863,0.9480438678211351,0.9495127367050841,0.9907392704089739,0.051956132178864856
3875,2,2,1,0.9163316,0.9119970419666725,0.9136196511787303,0.8550100291011868,0.08800295803332747
3876,7,7,1,0.96012133,0.9469175463309509,0.9483169009496507,0.94278402720184,0.05308245366904907
3877,4,4,1,0.97417396,0.9537839228683238,0.9550830599282781,0.961866868825963,0.04621607713167619
3878,5,5,1,0.48207647,0.3578048534040535,0.350367344252753,0.44043515738755007,0.6421951465959466
3879,7,7,1,0.5218473,0.5524294262489615,0.5487191707348811,0.5364388776283421,0.4475705737510385
3880,6,6,1,0.9951441,0.9600240376457945,0.9615003908358181,0.9889322404698517,0.03997596235420553
3881,7,7,1,0.9309719,0.9306067552040629,0.9322400428150379,0.9169157086020906,0.06939324479593711
3882,1,1,1,0.9984573,0.9670750463531753,0.9685515400172477,0.9644411420328141,0.032924953646824684
3883,7,2,0,0.8065862,0.8464781945975464,0.8472721732929919,0.7974064570284084,0.15352180540245364
3884,3,3,1,0.36478698,0.2145693167615879,0.2084077483568847,0.3905241510492586,0.7854306832384121
3885,6,6,1,0.98360264,0.9475042854491755,0.9491999875193919,0.9618528993235624,0.05249571455082447
3886,8,8,1,0.9989667,0.9602382483192977,0.9617507425877816,0.9893515316304786,0.039761751680702284
3887,2,4,0,0.68044704,0.8219181792364664,0.823144021826514,0.7437148125422809,0.17808182076353363
3888,6,6,1,0.99674857,0.9466999152208999,0.9481180105579129,0.9917275753255883,0.05330008477910009
3889,6,6,1,0.9995117,0.9545371636851305,0.9560392464358262,0.9920794200207603,0.04546283631486947
3890,7,5,0,0.55574745,0.223012958988512,0.21539204425801667,0.43812104737972263,0.776987041011488
3891,1,1,1,0.99463034,0.9763400784907116,0.9775103188078674,0.9899555027792011,0.023659921509288417
3892,5,3,0,0.59507614,0.7204760770754153,0.7204015798721222,0.6453911273613295,0.2795239229245847
3893,9,9,1,0.95919365,0.9433834182496341,0.944771770819864,0.9382879974950203,0.05661658175036588
3894,7,7,1,0.88348806,0.8856351407906183,0.8867832640369189,0.8494142345440793,0.11436485920938166
3895,1,1,1,0.7715313,0.5514866052078742,0.5458810519819686,0.6098958917520517,0.4485133947921258
3896,7,2,0,0.9267849,0.8434113447142526,0.8439704074812966,0.6706961104849231,0.1565886552857474
3897,0,0,1,0.9930508,0.9539222386415762,0.9554121003853173,0.9843445752073455,0.046077761358423786
3898,1,1,1,0.9799084,0.9400867331648941,0.9415838481997791,0.953427713712883,0.059913266835105894
3899,6,2,0,0.8138863,0.80406601010673,0.8042141339545138,0.801856367884604,0.19593398989327004
3900,3,6,0,0.6398656,0.6904259703300465,0.6897237373909555,0.5660011489171893,0.3095740296699535
3901,3,0,0,0.5962995,0.4966212524415717,0.49082213225801385,0.5771940144835375,0.5033787475584284
3902,9,9,1,0.60678864,0.6168757312250046,0.6142095986699388,0.6147146019380009,0.3831242687749954
3903,0,0,1,0.97906953,0.9525350393355033,0.9539335840708346,0.9706673477386403,0.04746496066449668
3904,1,1,1,0.9988174,0.9704938661368582,0.971634462700776,0.9931652722843086,0.029506133863141826
3905,2,2,1,0.7696342,0.661635752339214,0.6601090026564242,0.5119809228259079,0.338364247660786
3906,3,5,0,0.66560894,0.7549100929860177,0.754896916932582,0.7347893731062608,0.24508990701398226
3907,2,2,1,0.99875486,0.9598940334776799,0.9612679861465101,0.9888968492943091,0.040105966522320124
3908,2,2,1,0.99671197,0.9658068702483915,0.9670523309705774,0.9808654004472882,0.034193129751608486
3909,5,5,1,0.50540113,0.5329620694581516,0.5298060705508335,0.5842604983880534,0.4670379305418484
3910,4,4,1,0.7004314,0.774032713212714,0.7746212016843035,0.7554677402043641,0.22596728678728595
3911,9,9,1,0.9996604,0.9496147199512335,0.9509843426622552,0.992880644405521,0.05038528004876652
3912,8,8,1,0.8124402,0.8660667785632603,0.8674419035977304,0.8173064159903618,0.1339332214367397
3913,7,4,0,0.79182637,0.6769533353513315,0.6741957694341942,0.6185171487600918,0.3230466646486685
3914,4,4,1,0.95676744,0.9372291638763663,0.9388713676274484,0.9379466120349024,0.06277083612363366
3915,4,4,1,0.9951066,0.9606985690864779,0.9623460160126145,0.9878513112266463,0.03930143091352212
3916,9,9,1,0.9997205,0.9612398858189863,0.9625095868235902,0.9932322761947004,0.03876011418101366
3917,7,7,1,0.93621194,0.9260506309925642,0.9277520124100541,0.874240281767389,0.07394936900743576
3918,6,6,1,0.9990945,0.9672975597542232,0.9684721188983964,0.9925245462727784,0.03270244024577684
3919,7,7,1,0.935498,0.9267003703026078,0.9281753136224856,0.8934835144511757,0.07329962969739223
3920,7,7,1,0.41778454,0.16525920091853602,0.1578202087321169,0.33158747010639544,0.8347407990814639
3921,1,1,1,0.9969896,0.9635548462651586,0.9648805259786454,0.9887270000734161,0.03644515373484136
3922,2,2,1,0.3201874,0.41274246542564813,0.40760457524005456,0.5605282217498975,0.5872575345743518
3923,3,2,0,0.50852644,0.4446770897039375,0.439630577375438,0.5026625168099614,0.5553229102960625
3924,5,5,1,0.7192977,0.5951501980856894,0.5920487074649868,0.6202431089221341,0.40484980191431064
3925,1,1,1,0.99907076,0.968095269825443,0.9694230763167477,0.9850969428245654,0.03190473017455697
3926,9,9,1,0.99999785,0.9304435441070498,0.9317450040423488,0.9924396740314393,0.06955645589295023
3927,0,0,1,0.98028594,0.9576443518463676,0.9589819664686825,0.973204013262395,0.04235564815363235
3928,3,2,0,0.77823055,0.7798469244246868,0.7799180465912117,0.7578036492215037,0.22015307557531316
3929,3,3,1,0.65287906,0.7898218261468044,0.7899674070623764,0.6727637124342367,0.2101781738531956
3930,1,1,1,0.99949765,0.9652696394352033,0.9667200004398853,0.991771980458534,0.034730360564796725
3931,5,5,1,0.993624,0.9494900952133761,0.9509741149325065,0.9841719839697243,0.05050990478662387
3932,6,6,1,0.98327327,0.9476398069410145,0.9492788434932241,0.9710964811082653,0.05236019305898554
3933,6,6,1,0.98073876,0.954781603026154,0.9564120787935539,0.9533034968483233,0.045218396973846
3934,2,2,1,0.97593635,0.9469691629389805,0.9483844224867856,0.954598450381275,0.05303083706101952
3935,4,4,1,0.94859666,0.9214970850198563,0.9227028678316538,0.9279412664266021,0.07850291498014372
3936,6,6,1,0.9984692,0.9623712747687808,0.9639494870892747,0.9888525393072033,0.037628725231219184
3937,8,8,1,0.9974337,0.9492766049416353,0.9509408717176444,0.9922527828204837,0.05072339505836465
3938,8,8,1,0.99999726,0.9344907979636335,0.9359141532966174,0.9922885656426337,0.06550920203636645
3939,9,9,1,0.9763718,0.9586588352986704,0.959991915818466,0.9684514784022228,0.04134116470132965
3940,6,6,1,0.93777424,0.9346194980144643,0.9362244364315516,0.9233459175017122,0.06538050198553569
3941,6,6,1,0.9899278,0.9635566205084614,0.9651492234096605,0.9711771315713891,0.03644337949153864
3942,1,1,1,0.9842316,0.9498936206061439,0.9513953414828548,0.9702924999497362,0.05010637939385609
3943,0,0,1,0.91533375,0.9099598306945532,0.9115079696271293,0.8567382137928928,0.09004016930544678
3944,7,7,1,0.96460754,0.9379547580671703,0.9392826772489365,0.9068688241321615,0.062045241932829676
3945,5,5,1,0.957549,0.9497122703100264,0.9512870258138957,0.9340306028034321,0.05028772968997364
3946,8,8,1,0.9999366,0.9511109737954138,0.9526903885260191,0.9927218672028612,0.04888902620458624
3947,2,2,1,0.9756647,0.9454625314901,0.9468565053615694,0.949967304550761,0.054537468509900044
3948,1,1,1,0.90332514,0.8751947501865605,0.8759836303933578,0.811751285455093,0.12480524981343954
3949,5,5,1,0.6797698,0.7642173603363427,0.7649300668208985,0.7239997192249631,0.2357826396636573
3950,8,8,1,0.9984364,0.9624164072403815,0.9639222979411537,0.989888990104844,0.037583592759618534
3951,1,1,1,0.9995968,0.9535765248538339,0.9551201613812479,0.9877833479691657,0.04642347514616607
3952,4,4,1,0.9195898,0.9205712538050088,0.9223553745881203,0.8632938650339708,0.07942874619499118
3953,7,2,0,0.44254944,0.24622583044244198,0.23861092929839062,0.25408477380503053,0.753774169557558
3954,5,5,1,0.9758145,0.9456685794877189,0.9471893219157206,0.9412088140127597,0.054331420512281126
3955,0,0,1,0.99963,0.9607190618908856,0.9620852605963673,0.9906151076295038,0.03928093810911437
3956,3,4,0,0.4270907,0.3759085645820118,0.37087315596925446,0.48243743680700346,0.6240914354179883
3957,9,0,0,0.9993266,0.9606711088939347,0.9623570515723345,0.9924015472675207,0.0393288911060653
3958,9,9,1,0.99709487,0.9618534104400019,0.963215020806632,0.9915533291778105,0.038146589559998056
3959,5,5,1,0.85996777,0.9083526614226007,0.910004519279471,0.825063718873874,0.09164733857739926
3960,2,2,1,0.96155083,0.943900031639297,0.9456412581218421,0.927422692588067,0.05609996836070297
3961,8,8,1,0.99986565,0.9593046466321458,0.9606637155487441,0.993202068036688,0.04069535336785424
3962,4,4,1,0.67123586,0.4724016939538915,0.4668490515914396,0.4476203908256538,0.5275983060461085
3963,1,1,1,0.9795798,0.9467269908153298,0.9484957084101963,0.966426238000909,0.05327300918467015
3964,9,9,1,0.9981565,0.9650060570968678,0.9664959480690987,0.991771980458534,0.03499394290313218
3965,0,0,1,0.9865124,0.9396785762163923,0.9411637777976661,0.9794073623703118,0.06032142378360772
3966,4,2,0,0.49818653,0.5488121314284065,0.5462625454792563,0.42809173768280184,0.45118786857159354
3967,4,4,1,0.3680742,0.493616406281045,0.48955717568462687,0.46597966010111336,0.506383593718955
3968,8,8,1,0.99361306,0.9492538789437998,0.9508159815491419,0.983822055522219,0.050746121056200244
3969,2,2,1,0.97647935,0.9501972755171704,0.9517795751033308,0.9637052789783628,0.04980272448282963
3970,9,9,1,0.98321724,0.9529439682818923,0.9545371464061483,0.9717093003506581,0.04705603171810768
3971,0,0,1,0.99963534,0.9540920385766437,0.9556663523197969,0.9750062372393251,0.04590796142335629
3972,7,7,1,0.8053367,0.866614679307874,0.8676400789360578,0.7760029339115126,0.13338532069212605
3973,9,9,1,0.97596526,0.946439346453786,0.9480083733883771,0.9656441234345204,0.05356065354621398
3974,8,8,1,0.99980277,0.9501089741796307,0.9515768540963138,0.9921843427499971,0.049891025820369306
3975,7,7,1,0.99934417,0.9542161793408669,0.9555911530225196,0.9928663806361694,0.04578382065913311
3976,1,1,1,0.9805015,0.955972761132337,0.9574886808807542,0.9234763003432604,0.04402723886766302
3977,3,6,0,0.75684595,0.799262019197644,0.8000790137051808,0.7273471132239081,0.20073798080235605
3978,2,2,1,0.8744752,0.8661772174164343,0.8672773747688273,0.8573115948257619,0.13382278258356572
3979,9,9,1,0.9215741,0.8802633062847832,0.8816966038479724,0.8136226652433717,0.11973669371521678
3980,9,0,0,0.5328739,0.752781297330549,0.7531292837772232,0.6780895839575458,0.247218702669451
3981,5,2,0,0.28877962,0.0971660811583687,0.09160746608448139,0.3192362149993893,0.9028339188416313
3982,9,9,1,0.99997795,0.935208420654986,0.9363717215966225,0.993762757250985,0.064791579345014
3983,7,7,1,0.9830776,0.9418081870073142,0.9434590925905302,0.9693151681890787,0.05819181299268583
3984,6,6,1,0.94939893,0.9374992079789196,0.9392304397646518,0.9373447894900465,0.06250079202108039
3985,7,5,0,0.6133085,0.4406016504632543,0.43454856444297807,0.4629972398357719,0.5593983495367457
3986,7,3,0,0.41622147,0.14841113252727367,0.14133421679657582,0.3129998850176101,0.8515888674727263
3987,1,1,1,0.99994624,0.9597822904701159,0.9611413528940973,0.9930308556974825,0.04021770952988413
3988,1,1,1,0.9523704,0.9314528722408146,0.9330639195669279,0.9369088697422855,0.06854712775918537
3989,2,2,1,0.9909067,0.9499665313879347,0.9516255364003622,0.9833211851288064,0.05003346861206526
3990,4,4,1,0.9223882,0.9248341784093924,0.926566565637203,0.9032197497373301,0.07516582159060758
3991,2,2,1,0.9987847,0.960732164680494,0.962242498780567,0.9859829903753061,0.03926783531950595
3992,0,0,1,0.9974413,0.9617054042349729,0.9630324219412013,0.9912801202002486,0.03829459576502714
3993,6,6,1,0.99930906,0.932633148098656,0.9340672812010206,0.9909167241852268,0.06736685190134395
3994,8,8,1,0.9999621,0.9587480337821035,0.9602217534981877,0.9908850117375948,0.04125196621789651
3995,7,5,0,0.634706,0.505447675339736,0.500161397333319,0.586232387688861,0.494552324660264
3996,6,6,1,0.5467764,0.4518648282802936,0.44609045913539924,0.4941499488380404,0.5481351717197064
3997,2,2,1,0.71521354,0.8465073759261383,0.8478434251375965,0.7696340951849239,0.15349262407386166
3998,2,2,1,0.65471226,0.43030144041653556,0.423706638796374,0.5051153368713008,0.5696985595834645
3999,9,9,1,0.85634935,0.9076007499047971,0.9090278352452759,0.8735213371965647,0.09239925009520289
4000,8,4,0,0.4241594,0.23989141587980858,0.23225534850834675,0.4073070906507539,0.7601085841201914
4001,2,2,1,0.6816631,0.6189139062156259,0.6160998166944713,0.5718399674990535,0.3810860937843741
4002,4,4,1,0.77500093,0.8077803525642377,0.8083049310642132,0.7523820460783432,0.19221964743576225
4003,2,0,0,0.97693765,0.9498549571928411,0.9513530313169568,0.9711931773835499,0.050145042807158924
4004,0,0,1,0.95451784,0.943077598857989,0.9444637132949597,0.9357951734910891,0.05692240114201097
4005,5,5,1,0.96058726,0.9428716469489533,0.9442521606991221,0.9335665613205648,0.05712835305104669
4006,8,8,1,0.999765,0.9469390466754181,0.9484845615130864,0.9918993123691809,0.05306095332458194
4007,6,6,1,0.9997222,0.9709173318350988,0.972056912357595,0.9930295444818116,0.029082668164901238
4008,8,8,1,0.9990834,0.9604406911870088,0.9619683309696291,0.9907569889275734,0.03955930881299119
4009,2,2,1,0.99683064,0.9594700015696223,0.9611419233438532,0.9805244121534578,0.040529998430377745
4010,7,7,1,0.9405797,0.9321347324753708,0.9337204194385418,0.8881057019202518,0.06786526752462918
4011,7,8,0,0.6823649,0.3906186475180122,0.38273848469118105,0.49831176901407837,0.6093813524819878
4012,3,5,0,0.6647327,0.8391157686081266,0.8405136312389239,0.7621969388334934,0.16088423139187336
4013,1,1,1,0.9916677,0.9519136076128841,0.9536723251626676,0.9847287355385153,0.04808639238711587
4014,8,8,1,0.9999931,0.9504206709250742,0.9519719961247612,0.9922088157768064,0.04957932907492579
4015,1,1,1,0.99994755,0.9530178452051967,0.9545357137930337,0.9907566845933343,0.04698215479480328
4016,6,6,1,0.89961225,0.8357390012698265,0.8365915302714649,0.7410350917788707,0.16426099873017352
4017,5,5,1,0.9100531,0.9073992347005563,0.9089941511244297,0.8656681855332735,0.09260076529944372
4018,9,9,1,0.9985885,0.9651639726626314,0.9666378090499975,0.9916617779625017,0.03483602733736857
4019,7,7,1,0.8491931,0.8886349226917177,0.8899114374440085,0.8368014762730723,0.11136507730828227
4020,8,0,0,0.89332855,0.9126138318661232,0.913961488838762,0.8650655176256106,0.08738616813387678
4021,9,9,1,0.9998436,0.9669426477407663,0.9682176836409372,0.9929198517885588,0.033057352259233674
4022,6,6,1,0.9773794,0.9517379437397343,0.9531814763945357,0.970739445533453,0.048262056260265696
4023,4,5,0,0.5863872,0.6478052361253718,0.646049652465624,0.673109213347452,0.3521947638746282
4024,8,8,1,0.9999043,0.9484337324396501,0.9498911071855913,0.9895985672450225,0.05156626756034988
4025,1,1,1,0.99595636,0.9655147522921279,0.967034828689842,0.9438410504606467,0.03448524770787209
4026,9,9,1,0.9776883,0.9406394365746321,0.942151607366149,0.9630251634882654,0.059360563425367885
4027,4,4,1,0.9984701,0.9566667025720612,0.9582763748582935,0.9902394596840809,0.04333329742793879
4028,0,0,1,0.99753237,0.9519518585094463,0.9533848857461577,0.9843658239723028,0.0480481414905537
4029,4,4,1,0.76012003,0.6542965272556858,0.6517300352995785,0.5830850236752988,0.34570347274431423
4030,1,1,1,0.99674785,0.9597004111351406,0.9611095365346601,0.9928199872661382,0.040299588864859404
4031,4,4,1,0.96942127,0.9408918448388526,0.9424826168308866,0.948211533539596,0.059108155161147424
4032,3,5,0,0.5074989,0.6240419073533867,0.6219475527597287,0.6105252402434634,0.3759580926466133
4033,6,6,1,0.9933937,0.9563305931989117,0.9578838915092477,0.9866436632052139,0.04366940680108833
4034,2,2,1,0.9093137,0.8719858672103685,0.8727141819927899,0.8701887977817604,0.12801413278963147
4035,2,2,1,0.9920533,0.9615399631264591,0.9632246418628515,0.9823553618562729,0.03846003687354094
4036,7,0,0,0.9267027,0.9109907450869535,0.9124740637252927,0.850596372720723,0.08900925491304645
4037,0,0,1,0.9949639,0.9554775118657457,0.9570075573865676,0.990577016861511,0.0445224881342543
4038,0,0,1,0.87555194,0.8947838933198993,0.8959912621280512,0.8582270661657373,0.10521610668010073
4039,7,7,1,0.92027605,0.9227193746707251,0.9241138265468914,0.9013149442163346,0.07728062532927493
4040,0,0,1,0.9996848,0.9636590369037676,0.9651869910652967,0.9845235787238501,0.03634096309623236
4041,7,7,1,0.7610035,0.7401940609609629,0.739869402964448,0.6976482141479343,0.25980593903903715
4042,4,0,0,0.9450402,0.8655771328609065,0.8667339793710154,0.6725190442130373,0.13442286713909346
4043,3,3,1,0.9867464,0.95029871566827,0.9519104934052468,0.9731974295609764,0.049701284331730045
4044,6,2,0,0.58122003,0.5712360094153853,0.568080586880961,0.5876402694534097,0.4287639905846147
4045,7,7,1,0.8649866,0.8643337575143013,0.8654520447068317,0.8341018657522913,0.1356662424856987
4046,7,7,1,0.7599476,0.6717198021786961,0.6694826336765236,0.6386225637564399,0.3282801978213039
4047,4,4,1,0.968659,0.9324751768571634,0.9341264215490216,0.9313173509951741,0.06752482314283659
4048,5,5,1,0.66217625,0.7912628354026283,0.7914835639362532,0.7150166975374251,0.20873716459737168
4049,4,4,1,0.9541197,0.9335351346510221,0.9351998092250539,0.9387873457430542,0.06646486534897789
4050,3,3,1,0.8846537,0.8634098755304469,0.864208253039141,0.8135748150190512,0.1365901244695531
4051,5,0,0,0.43812734,0.29546276427540064,0.28790756752245283,0.4562460522223352,0.7045372357245994
4052,5,5,1,0.9943692,0.9540662480470272,0.9556347671301891,0.984864113039782,0.04593375195297278
4053,4,4,1,0.9359692,0.9207261932128423,0.9223801559759696,0.9114858824347768,0.07927380678715767
4054,7,0,0,0.8076173,0.8739609767554855,0.8752704584022706,0.8298103732171256,0.12603902324451455
4055,1,0,0,0.9661884,0.9528656320780782,0.9545428296343569,0.9296450875712183,0.04713436792192183
4056,0,0,1,0.99878854,0.9603931562339044,0.9618518983028422,0.9922163712556165,0.03960684376609558
4057,7,7,1,0.9805017,0.9541628994781647,0.9556097412598445,0.9726962824609493,0.04583710052183532
4058,7,5,0,0.5352059,0.5828203278397233,0.5803807188447773,0.5927614298627997,0.41717967216027674
4059,1,1,1,0.99681854,0.958881015944268,0.9605028818838083,0.9930568396324406,0.041118984055732
4060,6,6,1,0.9932928,0.9488487126332302,0.9504923937800496,0.9864853499065401,0.05115128736676977
4061,5,5,1,0.8858001,0.9173081090605031,0.9190710948558951,0.8802159974798996,0.08269189093949691
4062,0,0,1,0.95050794,0.9339995105722736,0.9355547883756641,0.9083836006961584,0.0660004894277264
4063,7,7,1,0.9909162,0.9410580952603418,0.9423843705027994,0.9851067578702374,0.05894190473965821
4064,7,7,1,0.98385054,0.933086723120439,0.9343171533680248,0.9735846828695169,0.06691327687956095
4065,4,4,1,0.9743645,0.9362753963358296,0.9378439261768284,0.9533885259248414,0.06372460366417043
4066,6,2,0,0.92165184,0.9213288788520545,0.9229545568890479,0.8861209449036984,0.0786711211479455
4067,1,1,1,0.9999819,0.9473770674257871,0.9487940911165078,0.9927599754536679,0.05262293257421291
4068,8,8,1,0.99981254,0.9625873442422298,0.9641434600035355,0.9917641627218258,0.0374126557577702
4069,5,5,1,0.8890233,0.9156983106555993,0.9171121612588122,0.8518949384993288,0.08430168934440074
4070,9,9,1,0.99962366,0.9655729343449391,0.9667751078994994,0.9921052021310486,0.03442706565506093
4071,3,2,0,0.9251753,0.9392227746605608,0.9408062094522599,0.8940335747084278,0.06077722533943919
4072,5,5,1,0.99170727,0.9545001673694811,0.9563464584201065,0.9056090490866175,0.04549983263051893
4073,6,6,1,0.89399725,0.8950971657931248,0.8964731003845694,0.844909588490641,0.10490283420687518
4074,2,2,1,0.958724,0.9308328400249108,0.9323412547023197,0.9049129930707474,0.06916715997508915
4075,2,2,1,0.9902271,0.9398750378092938,0.9414376511732004,0.9826222410171597,0.06012496219070618
4076,7,7,1,0.96896577,0.9464216382551882,0.9481186197985195,0.9477278973848203,0.05357836174481179
4077,3,3,1,0.7701992,0.8473619458162791,0.8485406318046342,0.750529876695965,0.1526380541837209
4078,5,5,1,0.71675056,0.8425839543848385,0.8437771662915005,0.8185036765203347,0.15741604561516154
4079,8,8,1,0.95135385,0.9375340131108214,0.9391614243366976,0.9445274878672398,0.06246598688917859
4080,1,1,1,0.9999211,0.9531349136570941,0.9545794500307957,0.9925094628588025,0.04686508634290587
4081,0,0,1,0.9958604,0.9610931455629192,0.9624278847234811,0.9894274579111224,0.03890685443708075
4082,6,6,1,0.96750724,0.9374404053047206,0.9389002892041304,0.9327570748989578,0.06255959469527939
4083,8,8,1,0.9753513,0.9409728222722471,0.9424692687560599,0.9610886578854145,0.0590271777277529
4084,7,7,1,0.99963534,0.9262527357734701,0.9278102696886481,0.9449489263190702,0.07374726422652989
4085,8,8,1,0.9557944,0.9281755692479337,0.929460866777106,0.931608063140133,0.07182443075206635
4086,8,8,1,0.99972886,0.9522853801485752,0.9537550760839143,0.9920919540180065,0.04771461985142478
4087,5,5,1,0.9070628,0.9284379419650808,0.9302086749894719,0.8873623940059872,0.07156205803491922
4088,7,7,1,0.99731976,0.9666231934341123,0.9679621170214032,0.992210548702966,0.03337680656588771
4089,5,2,0,0.8240333,0.8479195853260194,0.8487038357746639,0.8293944342036932,0.1520804146739806
4090,4,2,0,0.5170112,0.4036431757324267,0.3988282461242775,0.44993686893142704,0.5963568242675733
4091,9,9,1,0.9964594,0.9546063297492895,0.9560104350962705,0.9906117150544104,0.045393670250710505
4092,7,7,1,0.92341065,0.9218165722104263,0.923316053181176,0.8802616919972295,0.07818342778957366
4093,3,3,1,0.8762449,0.8987523840012079,0.9002416966027682,0.8284442007212698,0.10124761599879206
4094,3,5,0,0.45732972,0.5140501133494236,0.5101210658882744,0.5434870731279077,0.48594988665057637
4095,8,8,1,0.9086644,0.8588683894545526,0.8597921867722171,0.7746020666613983,0.14113161054544743
4096,8,0,0,0.9874801,0.9000648046116643,0.9018706394106315,0.7769736127486273,0.09993519538833573
4097,3,6,0,0.83988976,0.7573813072131081,0.7565156542049635,0.687600442968792,0.24261869278689185
4098,9,0,0,0.6065436,0.37498170564206235,0.3676796999336145,0.3421857279247926,0.6250182943579377
4099,4,4,1,0.7762531,0.8023097700859892,0.8026317835624209,0.726151733181728,0.19769022991401075
4100,7,7,1,0.9987802,0.9606797076282116,0.9620081005260487,0.9673905942142149,0.03932029237178836
4101,2,2,1,0.6863908,0.6877683942950845,0.686756008343562,0.6915337731753789,0.3122316057049155
4102,0,0,1,0.9769298,0.9336344080513967,0.9352732806416737,0.9593619382334162,0.06636559194860325
4103,8,8,1,0.9986395,0.9553635373237436,0.9566620832218085,0.9923086846026716,0.04463646267625643
4104,0,0,1,0.83493054,0.8568425798238003,0.8578675182781397,0.8612882960014808,0.1431574201761997
4105,7,7,1,0.9997186,0.957740587515034,0.9591674635422688,0.9868743739071482,0.04225941248496601
4106,3,0,0,0.95168,0.9163491799221045,0.9177561389047797,0.9355474238813075,0.08365082007789548
4107,3,3,1,0.80747956,0.893221698781794,0.8948376658562788,0.839690284017817,0.10677830121820597
4108,2,2,1,0.99497485,0.9581832783365118,0.9597908769938549,0.9902993728313172,0.041816721663488154
4109,5,5,1,0.86822826,0.9023929095971555,0.9039107951025099,0.853283731901386,0.09760709040284454
4110,2,2,1,0.9993994,0.9531292673019435,0.9546281924965923,0.989928266682933,0.04687073269805653
4111,4,4,1,0.40668204,0.42856574253799984,0.42284818142779484,0.5614607422150273,0.5714342574620002
4112,4,5,0,0.8560322,0.907665641886422,0.9092841723870513,0.8667528109023683,0.09233435811357804
4113,0,0,1,0.9961702,0.9578916820864798,0.9594446998206474,0.9899677130320856,0.04210831791352021
4114,4,4,1,0.7010685,0.7714361982029395,0.7710256010073451,0.705861826369941,0.22856380179706048
4115,8,8,1,0.95206183,0.9286730479541839,0.930349831448816,0.9315664545296761,0.07132695204581607
4116,2,2,1,0.8222485,0.8814801222901723,0.8828546823185355,0.8033446172732915,0.11851987770982775
4117,4,4,1,0.87365186,0.88567091353023,0.8867613694088081,0.8343059531135935,0.11432908646977002
4118,0,0,1,0.8927262,0.9091137571988941,0.9104203250653817,0.8320081546739513,0.09088624280110591
4119,6,6,1,0.85242057,0.892553684837089,0.8941155312574566,0.8296597562821035,0.10744631516291103
4120,4,4,1,0.67087847,0.8465755218876069,0.8486815347376472,0.6959929594717776,0.15342447811239313
4121,5,5,1,0.46065432,0.6232927566618246,0.6210566932147471,0.5948757948800281,0.3767072433381754
4122,6,6,1,0.9984212,0.9574644107924459,0.9589721171444605,0.9921217556103441,0.04253558920755407
4123,0,0,1,0.960496,0.9345693056545524,0.9360846403158242,0.8552935174141817,0.06543069434544757
4124,8,1,0,0.78172195,0.38334326984919265,0.3757801055938397,0.46421960938248696,0.6166567301508074
4125,8,2,0,0.6013775,0.7013226284161632,0.7009653048633598,0.602373783122637,0.2986773715838368
4126,0,0,1,0.9613409,0.9515101390898282,0.952882373346976,0.9442098660191448,0.04848986091017182
4127,6,6,1,0.68457085,0.7536604654575724,0.7532524524114931,0.7017024694805681,0.24633953454242763
4128,1,1,1,0.99982846,0.9645990003087924,0.9658289273320683,0.9832589221455537,0.03540099969120758
4129,1,1,1,0.9952793,0.9608172886358688,0.9623747889146571,0.9923876439211213,0.039182711364131206
4130,6,6,1,0.9898762,0.9702619391580724,0.9714567368713118,0.984817844158881,0.02973806084192765
4131,1,1,1,0.9998791,0.9605422525040822,0.9621303711411628,0.9892201415880577,0.039457747495917794
4132,4,4,1,0.9991154,0.9641542739990838,0.9655613419432804,0.9923572234412448,0.03584572600091618
4133,2,2,1,0.58873063,0.7048168544334537,0.7044068276101543,0.6908743473177955,0.29518314556654635
4134,1,1,1,0.9967836,0.956036066891846,0.957574615617323,0.9880636815661952,0.04396393310815405
4135,1,0,0,0.8783924,0.8109682043745025,0.8114452834731171,0.6911676322682304,0.18903179562549755
4136,2,2,1,0.99711525,0.9496558358894408,0.9512942531784683,0.9820475004546639,0.0503441641105592
4137,4,6,0,0.45980102,0.14755186511279167,0.14115832609560605,0.34808924428361143,0.8524481348872084
4138,4,4,1,0.8294462,0.8665848942615879,0.8676569900295863,0.842812736437667,0.1334151057384121
4139,5,4,0,0.7514621,0.7472949943436878,0.7459403934107117,0.7223511743314042,0.25270500565631215
4140,5,3,0,0.31443375,0.1546794784643888,0.14788854752337507,0.30600887281509065,0.8453205215356112
4141,8,8,1,0.99667525,0.9514189934303529,0.9528447933587372,0.9912194668651391,0.048581006569647145
4142,8,8,1,0.9978951,0.9629317499036961,0.9644979084559829,0.9910322562181232,0.03706825009630388
4143,5,5,1,0.9832554,0.9579192739333365,0.959520860434401,0.9714682440519817,0.042080726066663465
4144,1,1,1,0.99947804,0.9630537106648502,0.9645789529468937,0.9891860525116374,0.03694628933514976
4145,8,8,1,0.99267197,0.9606055110507514,0.9620819281269564,0.9839266012448346,0.039394488949248574
4146,2,2,1,0.9990722,0.945834812543984,0.9473572166351605,0.9922900307299685,0.05416518745601595
4147,3,2,0,0.8876907,0.8762155926944002,0.877516887461278,0.8486698977136935,0.12378440730559981
4148,3,3,1,0.9763812,0.949642265642713,0.9509734202322746,0.9509430852558454,0.050357734357286965
4149,9,9,1,0.9809616,0.9612936605777908,0.9626235140421673,0.9740971569270367,0.038706339422209246
4150,6,6,1,0.9947745,0.9629311544963135,0.9645369321047388,0.978827065071614,0.0370688455036865
4151,6,6,1,0.71697897,0.764876814668821,0.7648713809777702,0.7031132573038715,0.23512318533117904
4152,5,6,0,0.63627154,0.5685854316857741,0.5640249097829588,0.5859509012624433,0.43141456831422587
4153,0,0,1,0.9989047,0.9676670632704752,0.9690363146070805,0.9909385886598717,0.03233293672952475
4154,7,7,1,0.99692035,0.9553962183238507,0.9566818254790592,0.9882366639797796,0.04460378167614931
4155,3,3,1,0.9490727,0.939353300927025,0.9407971675823491,0.9053839646592031,0.06064669907297504
4156,3,3,1,0.9442442,0.9438734724193871,0.9454435670344117,0.8959235948317864,0.05612652758061287
4157,2,2,1,0.9013281,0.9006438281018252,0.9019139301305241,0.8368210289224818,0.0993561718981748
4158,7,7,1,0.36990994,0.28277472831512745,0.2771183227690812,0.4890460734365481,0.7172252716848726
4159,4,4,1,0.99106336,0.9544942036934547,0.9560955939582351,0.9843282757914686,0.045505796306545276
4160,5,5,1,0.9609173,0.9427871183648712,0.9441157247759207,0.9334038456573596,0.05721288163512883
4161,6,6,1,0.99968946,0.9541819446685889,0.9558243503154017,0.9907699176499561,0.045818055331411145
4162,0,0,1,0.96834373,0.9426953241846201,0.944393962954635,0.9286325757885359,0.0573046758153799
4163,2,2,1,0.57332677,0.5193398281000225,0.5151675791293155,0.4449145593877916,0.48066017189997745
4164,1,1,1,0.997375,0.9655960466064618,0.9671836680417417,0.9906955872675369,0.03440395339353819
4165,8,8,1,0.9706669,0.9394756253138172,0.9411003301354189,0.9441733940825675,0.06052437468618277
4166,1,0,0,0.5776347,0.4522449747512809,0.4458153330224594,0.5516499986007956,0.5477550252487191
4167,0,0,1,0.9983038,0.9492347952441895,0.9506642262972899,0.9867135731663299,0.05076520475581048
4168,9,9,1,0.99998045,0.952319514944256,0.9537159302697453,0.9929977392614812,0.04768048505574396
4169,3,5,0,0.6032613,0.45285642147306876,0.4468419923663052,0.5775508849653282,0.5471435785269312
4170,1,1,1,0.84535754,0.8255673639721556,0.8259807677224715,0.7865800465847466,0.17443263602784442
4171,0,0,1,0.97830886,0.9378000945559997,0.9393508992502597,0.9675753743684833,0.062199905444000336
4172,5,5,1,0.88798213,0.9155852903785977,0.9171077932470217,0.8645913564897607,0.0844147096214023
4173,4,4,1,0.9533619,0.9227749916657062,0.9240790715636953,0.9201074466600813,0.0772250083342938
4174,2,2,1,0.73151386,0.6199025298501243,0.6162918652131059,0.6654549015280316,0.3800974701498757
4175,3,5,0,0.596715,0.705397866954268,0.7046384887240438,0.6783934788290263,0.294602133045732
4176,3,3,1,0.9695134,0.9393193644197352,0.9409721047666408,0.956663053033815,0.06068063558026482
4177,6,6,1,0.9994093,0.965119096308787,0.96640135169811,0.9924234351661965,0.034880903691212994
4178,7,7,1,0.9558053,0.9060110402732882,0.907480706636364,0.7507431299218956,0.09398895972671184
4179,6,2,0,0.6497009,0.6022579776970026,0.5992440810998705,0.5741585086025228,0.3977420223029974
4180,0,0,1,0.9910239,0.9451488988632818,0.9466729423364753,0.972137750318212,0.054851101136718206
4181,0,0,1,0.97110444,0.9618825953025893,0.9632342943199774,0.9464826261339718,0.03811740469741065
4182,5,5,1,0.9032149,0.917221447920204,0.918748526740699,0.8891067917217437,0.08277855207979601
4183,7,7,1,0.9981591,0.9462315089905751,0.9474308943020794,0.9925245462727784,0.053768491009424935
4184,4,4,1,0.9924765,0.9528041033363627,0.9544632470360674,0.9805528473107246,0.04719589666363733
4185,7,4,0,0.7255505,0.8400224931489552,0.8409292415275104,0.7633094844100355,0.15997750685104484
4186,7,7,1,0.9995034,0.9626075115225448,0.9639672563510419,0.9865013450097072,0.037392488477455244
4187,0,0,1,0.99592054,0.9623114772331511,0.9638027176704094,0.9830401636439476,0.037688522766848864
4188,6,6,1,0.9953141,0.9600942366691807,0.9616396053240202,0.9906268756456303,0.0399057633308193
4189,1,1,1,0.99979967,0.9544649993104196,0.9559123743315545,0.9927208860800879,0.045535000689580385
4190,3,7,0,0.606819,0.4871076005557158,0.4821567172787177,0.5030585685921058,0.5128923994442842
4191,9,9,1,0.99830675,0.9640580681522645,0.9653612946823344,0.9917714910761256,0.03594193184773553
4192,0,0,1,0.99906796,0.9527138663352638,0.9542319734885213,0.9863764410518132,0.04728613366473622
4193,9,9,1,0.8378865,0.8490239917416131,0.8507088129253437,0.6883719671262425,0.15097600825838686
4194,0,0,1,0.9962179,0.9463400434678544,0.9478089425134164,0.9852167245720266,0.053659956532145614
4195,3,3,1,0.4093267,0.4740090322438807,0.46951172949853776,0.4725554861144796,0.5259909677561193
4196,8,8,1,0.9426384,0.9371232008093248,0.9386731343683189,0.9253706138160922,0.06287679919067524
4197,4,4,1,0.9934748,0.9580648889251954,0.9594519360358341,0.9804007148965749,0.04193511107480463
4198,8,0,0,0.91295904,0.9191763069941725,0.9208703829597913,0.8834882623379942,0.08082369300582748
4199,8,8,1,0.9876172,0.9592792626199254,0.9608513889115227,0.9801101366503769,0.040720737380074645
4200,4,4,1,0.9920568,0.9512714858052217,0.9528738619709124,0.9828791599808305,0.048728514194778305
4201,1,1,1,0.9999541,0.9542814961359893,0.9558212275415435,0.9928828063385005,0.04571850386401066
4202,0,0,1,0.9394265,0.8952119292996151,0.896253919301256,0.8990814649034921,0.10478807070038487
4203,2,2,1,0.7624941,0.8090420860284832,0.8095123101623223,0.749119357612968,0.19095791397151685
4204,2,6,0,0.41499373,0.3045822092253572,0.29789112008372876,0.3621596632181509,0.6954177907746428
4205,4,4,1,0.9994455,0.9598478575720885,0.9613620351293143,0.9847226658153044,0.04015214242791154
4206,1,1,1,0.9999691,0.957224846057985,0.9588199970731508,0.988997677397751,0.04277515394201503
4207,1,1,1,0.99982494,0.9640640391546663,0.9654042174924633,0.9932717749372348,0.03593596084533368
4208,2,2,1,0.95928824,0.9329418063201281,0.9345029870423639,0.943295203954115,0.06705819367987187
4209,4,2,0,0.6342724,0.3735839912806108,0.3662400568012368,0.4918596132311342,0.6264160087193892
4210,3,3,1,0.57998407,0.788672891499867,0.7894422113096655,0.7134076136516366,0.21132710850013303
4211,4,4,1,0.9783472,0.9545829667133756,0.9560065481493646,0.9720711455085335,0.045417033286624386
4212,1,1,1,0.9758472,0.9483336563148598,0.950195268014076,0.9388148776339514,0.051666343685140226
4213,4,4,1,0.9987262,0.9488164767069417,0.95031691710923,0.9926202382867985,0.05118352329305831
4214,7,5,0,0.60211337,0.3652734479195435,0.35807330570328494,0.46443430994966606,0.6347265520804565
4215,1,1,1,0.9300734,0.8718030428841843,0.8725426889034121,0.6159647798846203,0.1281969571158157
4216,0,0,1,0.9970957,0.9409644257658755,0.9425625680289981,0.9809936826950267,0.05903557423412453
4217,0,0,1,0.9598502,0.920326568652345,0.9217049573683405,0.9369209062457903,0.07967343134765503
4218,9,9,1,0.99993706,0.9412679837838628,0.9426565316346892,0.9921971233984079,0.05873201621613722
4219,0,0,1,0.9860042,0.9518498119207852,0.9532067144688416,0.9814803684940937,0.048150188079214784
4220,4,4,1,0.640989,0.5045361896790872,0.4993021304741279,0.5971573482604763,0.4954638103209128
4221,2,2,1,0.71555495,0.8122416814110256,0.8138377377679913,0.6616161972995136,0.1877583185889744
4222,8,8,1,0.9972843,0.9611947070735308,0.9626113065870379,0.9900696470451733,0.03880529292646917
4223,8,0,0,0.689039,0.5484695530800086,0.5442057215397812,0.402340777568492,0.45153044691999145
4224,5,5,1,0.8610177,0.9112829712685816,0.9130288321518581,0.8477034828567815,0.0887170287314184
4225,5,5,1,0.9771353,0.948475252458783,0.9501018955488653,0.9671866292820919,0.05152474754121705
4226,0,0,1,0.99915016,0.953733468840342,0.955284853619918,0.9894294788576135,0.04626653115965795
4227,4,4,1,0.8950666,0.9058467102434236,0.9073679736811734,0.8676362508811682,0.09415328975657644
4228,0,0,1,0.99633706,0.9595061486834385,0.9607962417844857,0.9923977281392556,0.04049385131656147
4229,8,0,0,0.5292248,0.5592903921261632,0.5561153827974804,0.3410006211859308,0.44070960787383684
4230,6,6,1,0.7107245,0.7038063593231365,0.7029114289824898,0.6041540369980254,0.2961936406768635
4231,2,2,1,0.9999188,0.9486331858208432,0.9501021557207062,0.9927834021324407,0.05136681417915678
4232,5,5,1,0.9991886,0.9452475912628033,0.9468234700976232,0.9908371772307113,0.05475240873719667
4233,9,9,1,0.9539899,0.9386992596496739,0.9399835151285159,0.9387976868526898,0.061300740350326066
4234,2,2,1,0.99997854,0.9385058481908077,0.9401077506330141,0.9862397145009577,0.061494151809192266
4235,9,9,1,0.9948036,0.9675059255514873,0.9688332495180709,0.9917975981892233,0.03249407444851271
4236,1,1,1,0.99999547,0.9521282713293179,0.9533351109140673,0.9926970698276548,0.04787172867068212
4237,1,1,1,0.99534553,0.9614480662481155,0.9628028493708551,0.9864830953708563,0.03855193375188448
4238,5,5,1,0.40436083,0.42312449797364443,0.4190649726983383,0.49396858281757106,0.5768755020263556
4239,4,4,1,0.7550851,0.8846453931903253,0.8864358260686334,0.8298290462511858,0.11535460680967469
4240,7,7,1,0.9973489,0.9479041369160066,0.9492510593340154,0.9876802206125282,0.05209586308399339
4241,5,5,1,0.6248118,0.6535723971689379,0.6517331297446073,0.6801752298982735,0.3464276028310621
4242,8,8,1,0.6393044,0.6198423862440718,0.617446555364171,0.5590058223843061,0.38015761375592816
4243,6,6,1,0.99524885,0.9433990353416579,0.9448570750923353,0.9929884728559359,0.05660096465834208
4244,2,2,1,0.77808243,0.6426113825685886,0.639765812222802,0.6078645907918997,0.35738861743141137
4245,1,1,1,0.9941736,0.9645256023599311,0.9658486091612408,0.9837650877949246,0.03547439764006888
4246,5,5,1,0.9657091,0.9406931566488316,0.9423884004810273,0.9282373610565737,0.059306843351168426
4247,5,5,1,0.7365587,0.7816620702048119,0.7818599793392761,0.7341880930916096,0.21833792979518807
4248,3,3,1,0.9406121,0.9276608906741501,0.9297141255354348,0.8775950811666998,0.07233910932584986
4249,4,4,1,0.9307718,0.9171872469514268,0.9188090184656168,0.9111174261951254,0.08281275304857316
4250,1,1,1,0.9933055,0.9553445167439033,0.9568769868465905,0.9857587894116115,0.044655483256096695
4251,8,0,0,0.9500591,0.933443492592717,0.9349190031936677,0.9293426539013154,0.06655650740728303
4252,9,9,1,0.9827864,0.9467093930891171,0.948062692159729,0.9738442496556335,0.05329060691088294
4253,9,9,1,0.99876225,0.9556875011828699,0.9570122992300918,0.9935546407057195,0.044312498817130064
4254,8,8,1,0.9998543,0.9628815244838353,0.9643402977528233,0.9919334702849342,0.03711847551616465
4255,9,9,1,0.7315977,0.7338375092224302,0.7325683043374723,0.7207391073119064,0.2661624907775698
4256,8,8,1,0.999985,0.9521242630553257,0.9537080190655814,0.9916700112305884,0.047875736944674285
4257,6,6,1,0.99966836,0.9601522430081234,0.9617296083403442,0.9922614430848584,0.03984775699187659
4258,8,8,1,0.9209222,0.8724243262365892,0.8736100933017753,0.7612955959110426,0.12757567376341084
4259,5,5,1,0.9051365,0.9211460769824134,0.9226071863552793,0.896748068684429,0.07885392301758665
4260,8,8,1,0.9996147,0.9682670313543887,0.9695795471900323,0.9764307488213592,0.03173296864561126
4261,9,9,1,0.99864405,0.9610596418326477,0.9625838044307733,0.9919976238871877,0.03894035816735231
4262,4,4,1,0.7097245,0.7436645100491164,0.743374545646632,0.7261227389988726,0.2563354899508836
4263,6,6,1,0.95181906,0.9318197141945019,0.9331230162954167,0.8925720211495013,0.06818028580549806
4264,2,2,1,0.9511154,0.9379083137864471,0.9397120173575803,0.9339975045408003,0.06209168621355288
4265,6,6,1,0.91825396,0.8977862773372042,0.8990472581204605,0.8728753357365187,0.10221372266279583
4266,3,3,1,0.5785532,0.7946280293133446,0.7959220792868701,0.7371606288446785,0.20537197068665536
4267,7,7,1,0.89846593,0.9208101068042168,0.9221900165207769,0.8682806481383559,0.07918989319578318
4268,4,4,1,0.985844,0.9508568201250582,0.9521927154923421,0.9811819316345637,0.04914317987494177
4269,0,0,1,0.98388666,0.9543942514896244,0.9560377793187091,0.9728419651520103,0.04560574851037558
4270,0,0,1,0.9915207,0.9424692516233011,0.943886614528209,0.9790543677896529,0.057530748376698915
4271,1,1,1,0.9989027,0.9644476372783759,0.9657456580938788,0.9868627503938094,0.0355523627216241
4272,7,7,1,0.9743036,0.9459483023306052,0.9474521483993557,0.9610116876811935,0.05405169766939477
4273,5,5,1,0.76677823,0.5654465917213718,0.5560899459801892,0.699696230658651,0.4345534082786282
4274,1,1,1,0.9875051,0.9513253692008894,0.9529687538537254,0.9791857694264984,0.04867463079911061
4275,5,2,0,0.44649172,0.314648736276689,0.30818885207011903,0.34090907381456326,0.685351263723311
4276,9,1,0,0.95383525,0.9300169954034615,0.931369940370891,0.916971146598448,0.0699830045965385
4277,3,3,1,0.3598969,0.5837737012591926,0.5818497208721017,0.5830661779268584,0.4162262987408074
4278,1,1,1,0.99999547,0.9503149598531093,0.9516737691123358,0.993700257250985,0.04968504014689068
4279,6,6,1,0.97266024,0.9325325896146068,0.9338822406565169,0.8923485274687283,0.06746741038539317
4280,8,8,1,0.51777077,0.46549341081942125,0.4613267205740436,0.5145305289269411,0.5345065891805787
4281,7,2,0,0.5272535,0.2887378808466072,0.28082845573615595,0.4578916730092319,0.7112621191533928
4282,3,3,1,0.6243855,0.7090982819068036,0.7085345251996682,0.7320604350521799,0.2909017180931964
4283,6,6,1,0.95630455,0.9441338136368136,0.9456455188384726,0.9455889152307327,0.05586618636318641
4284,9,9,1,0.99927145,0.9421228892120193,0.9432903657907563,0.993762757250985,0.057877110787980746
4285,1,1,1,0.7321377,0.7917137133242844,0.7911871598581439,0.7304134051750816,0.20828628667571558
4286,2,0,0,0.730665,0.8508878553846859,0.8525388152008313,0.7180356163341912,0.14911214461531408
4287,0,0,1,0.88608,0.8701592724388428,0.8707458004717813,0.7972870230832427,0.12984072756115717
4288,1,1,1,0.999961,0.9417954178578516,0.9431044472696685,0.993700257250985,0.05820458214214841
4289,7,7,1,0.9920729,0.9560561549139501,0.9575428694008778,0.9849472064920607,0.04394384508604987
4290,2,2,1,0.83549815,0.8829613351935001,0.8846734597550855,0.8613098355445545,0.11703866480649994
4291,6,0,0,0.68968713,0.726426391362142,0.7277916589889115,0.6997763063341761,0.27357360863785796
4292,1,1,1,0.9999838,0.957037953530896,0.9583223321001056,0.9930713091365511,0.042962046469103954
4293,9,9,1,0.9869484,0.9523660768189994,0.9539219582488275,0.9715616474189115,0.04763392318100057
4294,0,0,1,0.9909827,0.9308599936323081,0.9324974568998895,0.9647572615557352,0.06914000636769191
4295,0,0,1,0.992199,0.9504871432887843,0.9520385454847268,0.9801518136763157,0.04951285671121575
4296,8,8,1,0.8400731,0.8932891080185026,0.8948322514442595,0.843702654274109,0.10671089198149741
4297,9,9,1,0.9880305,0.9574877591289459,0.9589984947250718,0.983844668880666,0.0425122408710541
4298,9,9,1,0.67262757,0.8900479086518105,0.8919534463280121,0.7774253329630492,0.1099520913481895
4299,2,0,0,0.8122446,0.7783381422993264,0.7779052242445047,0.6944809537473168,0.2216618577006736
4300,8,8,1,0.84509265,0.881627424193532,0.8831319423025117,0.8628874932902509,0.11837257580646798
4301,6,6,1,0.48876408,0.3634678611776542,0.35781032959598036,0.36998287959659415,0.6365321388223458
4302,2,5,0,0.77631044,0.838323402396731,0.8390881441490893,0.7554118504502594,0.16167659760326902
4303,5,3,0,0.5054801,0.6661857195875358,0.665580191377633,0.614723778505454,0.3338142804124642
4304,6,1,0,0.2792244,0.04844442609944717,0.04444642167637754,0.20800543236078778,0.9515555739005528
4305,0,0,1,0.9998018,0.9679725341489268,0.9691682417945833,0.9828326191012038,0.03202746585107319
4306,3,5,0,0.84881973,0.8997067091128086,0.9013357317639994,0.8375777638916725,0.10029329088719141
4307,3,2,0,0.85626125,0.9010848495470482,0.9023974929919069,0.8528663787217766,0.09891515045295185
4308,0,0,1,0.9515238,0.9265653639237771,0.9279433770653074,0.9415794029999744,0.07343463607622291
4309,7,4,0,0.39596376,0.5544727396298439,0.5523804102420639,0.5360247276278397,0.4455272603701561
4310,4,4,1,0.939349,0.9236019289661922,0.9252365084322678,0.9208262577963694,0.0763980710338078
4311,7,7,1,0.9948488,0.9561206079340353,0.9573775106480622,0.9830903355442543,0.043879392065964695
4312,5,2,0,0.60217446,0.7279785822636022,0.7282682350536457,0.6469259168985101,0.27202141773639776
4313,0,0,1,0.4272508,0.15526817457477185,0.14849466506919037,0.24273478982544913,0.8447318254252282
4314,1,1,1,0.99999595,0.9392611197203795,0.9408258267912334,0.9929133301270311,0.06073888027962049
4315,6,2,0,0.75762004,0.7490928297409827,0.7486367399504338,0.7493934472926366,0.2509071702590173
4316,8,8,1,0.9999567,0.9541152771469635,0.955563709321468,0.990704959781059,0.045884722853036464
4317,8,8,1,0.9957015,0.9593287653232201,0.9608419354800326,0.990661473752928,0.04067123467677991
4318,1,1,1,0.99966383,0.9623489173528705,0.9638295109657393,0.9923815259114953,0.037651082647129464
4319,2,2,1,0.99044245,0.9490922707029288,0.9506781289275085,0.984434200445678,0.050907729297071214
4320,1,1,1,0.49448577,0.701465871260537,0.7011684138766898,0.5764124142305832,0.29853412873946295
4321,5,5,1,0.77635705,0.7998575513360033,0.8008650864317037,0.7000010113437392,0.20014244866399666
4322,4,4,1,0.9456057,0.9082809398548768,0.9093974532881973,0.925980084337893,0.09171906014512321
4323,5,5,1,0.9997619,0.9477609466707937,0.9492440178148824,0.9921913582240665,0.05223905332920631
4324,9,9,1,0.9999002,0.9511979601760088,0.9524652044970223,0.9923975516720173,0.04880203982399123
4325,6,6,1,0.92175204,0.9261392004821085,0.9276114101078533,0.9156698624708914,0.07386079951789148
4326,7,7,1,0.7973297,0.8636452190317387,0.8649548823985477,0.8271199285435391,0.13635478096826126
4327,1,1,1,0.999979,0.9596390179925972,0.961096630678211,0.9873134645403491,0.04036098200740279
4328,0,0,1,0.9998368,0.9561900903879398,0.9576623155237715,0.9906206464696566,0.043809909612060216
4329,6,6,1,0.48549214,0.6804703013219955,0.6802718250745656,0.6533578666116631,0.3195296986780045
4330,9,9,1,0.9988826,0.9626248559697043,0.9641113549936662,0.9922309192963279,0.03737514403029574
4331,2,2,1,0.7276578,0.5923790757030061,0.5884986250225539,0.6036033151810929,0.4076209242969939
4332,7,4,0,0.54458183,0.49683313393737444,0.49288115500483687,0.5215447178730961,0.5031668660626256
4333,7,2,0,0.54169023,0.6361468629662383,0.6339335982197635,0.6344227185210517,0.36385313703376165
4334,3,7,0,0.38380724,0.24813202477374405,0.24162772490222095,0.36621481053605615,0.7518679752262559
4335,9,9,1,0.80632764,0.7453656710852204,0.744060475492794,0.7491750491698284,0.25463432891477955
4336,9,9,1,0.9948067,0.9672722158744451,0.9684254680817601,0.9296150096182089,0.03272778412555488
4337,1,1,1,0.99767786,0.9633577505538137,0.9649125034356838,0.9915358038258476,0.036642249446186326
4338,9,9,1,0.9988997,0.9540577037622938,0.9553319065236171,0.9915649343479099,0.04594229623770618
4339,7,7,1,0.9994968,0.9439087437661489,0.9453601652197587,0.9925752855871752,0.05609125623385114
4340,0,0,1,0.9998354,0.9570890564636138,0.9585850087484473,0.9916381436877958,0.04291094353638625
4341,1,1,1,0.9970778,0.9625773711578262,0.9640187575734033,0.9921252959876677,0.037422628842173844
4342,3,3,1,0.99479866,0.9581189917759882,0.9597300838668287,0.9634747637711898,0.04188100822401175
4343,5,3,0,0.48958534,0.5944263673073147,0.5913192305378552,0.5848569235942729,0.4055736326926853
4344,4,4,1,0.6639803,0.671669977513765,0.6701869006113659,0.5630644772642301,0.328330022486235
4345,6,6,1,0.96836877,0.9436396586891579,0.9452061480511386,0.9429053261599588,0.05636034131084211
4346,3,3,1,0.943617,0.9389581381227581,0.9405334152666697,0.9282662925076458,0.06104186187724192
4347,8,8,1,0.89584297,0.9176910116388362,0.9191519489223055,0.8786733709125314,0.08230898836116385
4348,8,8,1,0.9389213,0.9325500119798062,0.9342452660974676,0.9266774443655632,0.06744998802019375
4349,0,0,1,0.9961941,0.9613328735201009,0.9629189809515861,0.9903668212428962,0.03866712647989912
4350,4,4,1,0.9996797,0.9562297267410962,0.9577946268663693,0.9923691778815482,0.043770273258903813
4351,8,8,1,0.99994576,0.9539028404990482,0.9554398220154408,0.9894181076356773,0.046097159500951834
4352,3,5,0,0.5736581,0.5101990741773446,0.5055783801830953,0.48675271813223736,0.48980092582265544
4353,6,6,1,0.41640615,0.506979832701187,0.5039558410420425,0.43771597163389797,0.49302016729881304
4354,7,7,1,0.9297721,0.868443194576162,0.8692682576024096,0.6471407667801108,0.13155680542383796
4355,0,3,0,0.48191077,0.559801108056291,0.5571869235334018,0.48904252405446696,0.440198891943709
4356,0,0,1,0.99976224,0.9567634657702946,0.9583114874235413,0.9918549885543304,0.043236534229705414
4357,4,4,1,0.5292781,0.27744832957613114,0.2693632819527512,0.4560599182439564,0.7225516704238688
4358,5,5,1,0.86441535,0.9102743028153822,0.9118786284339769,0.8674391775432453,0.08972569718461776
4359,2,2,1,0.9998691,0.9443397338078479,0.9457593806471843,0.9917006310595099,0.05566026619215214
4360,6,6,1,0.9991974,0.9671451294455642,0.9682948190306863,0.9935902336961085,0.03285487055443581
4361,8,8,1,0.9971072,0.9604754024428427,0.9617765328710761,0.9928703953925232,0.039524597557157315
4362,4,4,1,0.9914145,0.9529571578386695,0.9544478285163258,0.9839655028809744,0.04704284216133048
4363,9,9,1,0.9998679,0.9487013037626573,0.9500418375885555,0.9925032004994445,0.051298696237342734
4364,9,9,1,0.87580645,0.9218633462553569,0.9235561040062943,0.8441034827769636,0.07813665374464307
4365,9,9,1,0.97298247,0.9406615132729058,0.9420938307558864,0.9595463592595089,0.059338486727094186
4366,2,2,1,0.45421973,0.15332327267661125,0.14679939181368118,0.3210877478996669,0.8466767273233887
4367,0,0,1,0.84819597,0.8292723787104386,0.8299355812008147,0.8141882092664975,0.17072762128956143
4368,4,6,0,0.5260012,0.3460727778518626,0.3396188673003341,0.44220636269617714,0.6539272221481374
4369,2,2,1,0.9988758,0.9647468350377727,0.9660988991015044,0.9866627452008787,0.0352531649622273
4370,8,8,1,0.9980969,0.9519306786909887,0.9531560026382457,0.9928987855816745,0.048069321309011315
4371,1,1,1,0.99964404,0.9615844148303611,0.9629173427085697,0.9928353571294513,0.038415585169638944
4372,1,1,1,0.99999416,0.9549060929657116,0.9560730392018341,0.9925245462727784,0.045093907034288394
4373,0,0,1,0.9826303,0.9430428169647811,0.9445432087066251,0.9445432488433698,0.056957183035218906
4374,0,0,1,0.9973717,0.9623941959548276,0.9636994299996025,0.9845568482324883,0.03760580404517244
4375,3,3,1,0.5239122,0.4880175774126352,0.48410890663727635,0.5562555501365052,0.5119824225873648
4376,7,7,1,0.48066533,0.29299097325475876,0.28554057394986493,0.42374332857724467,0.7070090267452412
4377,4,4,1,0.9988445,0.9550510392686103,0.9564719557645802,0.9903813037725443,0.04494896073138965
4378,1,1,1,0.9922429,0.9618422914156286,0.9631955899258592,0.9761283061270326,0.0381577085843714
4379,1,1,1,0.99998355,0.9530948237161567,0.9545721347252416,0.9927426191457985,0.046905176283843275
4380,9,9,1,0.9372315,0.9511759189912382,0.9526964710563245,0.93701605848079,0.04882408100876179
4381,7,7,1,0.5310241,0.7459265678743225,0.746326337137887,0.6677266568972975,0.25407343212567746
4382,7,7,1,0.9865745,0.9543724898846971,0.9558162484334988,0.9767535934248823,0.04562751011530286
4383,4,2,0,0.494736,0.5461211987291382,0.542285135167671,0.5552876504433683,0.4538788012708618
4384,6,6,1,0.617213,0.4419079970874912,0.4354956843779381,0.5149322341268369,0.5580920029125088
4385,8,8,1,0.6520701,0.7876846208478694,0.7883341826626695,0.6124366373346966,0.2123153791521306
4386,6,6,1,0.7548639,0.8325736171442774,0.8336413043898251,0.7569822133028568,0.16742638285572264
4387,0,0,1,0.9243823,0.9113132481467906,0.9125681413674755,0.9081185904326289,0.0886867518532094
4388,2,2,1,0.99876416,0.9578562347711023,0.9590911571353491,0.9859046946173823,0.042143765228897734
4389,8,8,1,0.99514526,0.9615523312694331,0.9630507696270415,0.9905047087773717,0.03844766873056693
4390,5,5,1,0.9941947,0.9577332346833487,0.9596075304713549,0.9792493785724814,0.0422667653166513
4391,3,0,0,0.53296316,0.25863494338550447,0.2509223712966275,0.3216012033962015,0.7413650566144956
4392,5,5,1,0.6782653,0.814159960164436,0.81525920688514,0.7895595483564626,0.18584003983556396
4393,3,3,1,0.702349,0.7181760992429053,0.7174956278235072,0.7813257190093036,0.28182390075709474
4394,5,5,1,0.96790564,0.9373223744387496,0.939231472391937,0.9382766270731331,0.06267762556125045
4395,7,7,1,0.99741995,0.9590718796156716,0.960445619808771,0.9924817584416494,0.04092812038432836
4396,9,9,1,0.9962035,0.9677104394155871,0.9688935091578516,0.9924452485406593,0.0322895605844129
4397,8,8,1,0.8295823,0.8627488138481361,0.8639868373866847,0.8472885498384,0.13725118615186394
4398,4,2,0,0.455273,0.3428135225271597,0.33600893995335224,0.42740390800306277,0.6571864774728403
4399,4,4,1,0.94107586,0.9322003927842749,0.9335561898944876,0.9232022129667371,0.06779960721572509
4400,3,3,1,0.74786055,0.8496163247043628,0.8513014108215907,0.7803569030822617,0.15038367529563723
4401,1,1,1,0.9931138,0.9605618500468187,0.9621910050284213,0.9782225141460037,0.03943814995318129
4402,4,4,1,0.98390573,0.9511324936153942,0.9527294160591512,0.9708767079603017,0.0488675063846058
4403,8,8,1,0.9581243,0.9247315289215947,0.9264170542706838,0.9028741192449925,0.07526847107840529
4404,3,4,0,0.8585756,0.8701628482931701,0.8710737193016178,0.8393645545871208,0.12983715170682986
4405,6,6,1,0.8701538,0.8813239282404682,0.8823250148470707,0.8449316362614084,0.11867607175953176
4406,5,5,1,0.9354013,0.9360285067413493,0.9374688548018917,0.9314484795256469,0.0639714932586507
4407,3,3,1,0.995631,0.9509520229633367,0.9527455358483755,0.9926042855040109,0.049047977036663304
4408,0,0,1,0.8331517,0.8695036859692505,0.8707731050990163,0.8504319369568324,0.13049631403074946
4409,8,1,0,0.47645646,0.2776910258644204,0.26939369317371326,0.4472247660370367,0.7223089741355796
4410,9,9,1,0.7503152,0.70814328329426,0.7063598744104505,0.6967504577405771,0.29185671670574
4411,5,5,1,0.5022338,0.829958095836394,0.8317276729343707,0.6975664023484941,0.17004190416360598
4412,7,7,1,0.97929907,0.9441991766166575,0.9455764570453953,0.9329007580329467,0.05580082338334247
4413,6,6,1,0.9997743,0.9575279371681169,0.9591517785266319,0.9898381840987548,0.042472062831883095
4414,2,2,1,0.5268239,0.6335837895852552,0.6322429203851786,0.6279769813818067,0.3664162104147448
4415,0,0,1,0.99843043,0.9605353187135085,0.9617976220904157,0.9911887079543934,0.0394646812864915
4416,4,2,0,0.7023103,0.46739044122062506,0.4609704301384606,0.3657345780211432,0.5326095587793749
4417,9,9,1,0.9997116,0.9647700798691382,0.966036051838975,0.9927473282336824,0.03522992013086179
4418,9,9,1,0.9983558,0.949258798275955,0.9506049938520443,0.9932752958391851,0.05074120172404495
4419,0,0,1,0.81327295,0.8405136864657818,0.8413090502414321,0.8135826578103733,0.15948631353421816
4420,5,5,1,0.81981564,0.8609857946794449,0.8621732391841539,0.8381826578194501,0.13901420532055508
4421,2,3,0,0.6964972,0.45552529736966874,0.4489485906911337,0.45819556072371037,0.5444747026303313
4422,3,3,1,0.7748356,0.8132274887801849,0.8135347358897063,0.7954676270039586,0.18677251121981508
4423,6,2,0,0.5480039,0.6904983234896871,0.6898744739255238,0.6112815926408418,0.3095016765103129
4424,1,1,1,0.9999875,0.9589953569630462,0.9602246232129135,0.9923521211257067,0.041004643036953836
4425,1,1,1,0.999645,0.9745072664235496,0.9756206330116876,0.9859081223899733,0.025492733576450433
4426,0,0,1,0.9999261,0.9249872939994542,0.9264918030796074,0.9524628615493346,0.07501270600054577
4427,2,2,1,0.9948965,0.964289699190469,0.9659020048397652,0.9800347763789509,0.03571030080953097
4428,8,8,1,0.8008478,0.8747144379351617,0.8762700903123448,0.8049587488760739,0.12528556206483832
4429,2,2,1,0.9997644,0.9623645863497702,0.9638866599029895,0.9916284709531245,0.03763541365022982
4430,1,1,1,0.99394906,0.9552604597371497,0.9565941710254147,0.9799542892314551,0.04473954026285032
4431,1,1,1,0.8931614,0.9163927468397043,0.9177655027824786,0.8509512037502753,0.08360725316029571
4432,7,5,0,0.41873622,0.6192965439422734,0.618229820863965,0.5918323341577486,0.3807034560577266
4433,5,5,1,0.99012345,0.9479487065737734,0.9494973563193854,0.9850288451377264,0.05205129342622661
4434,2,2,1,0.9816071,0.9463618746820567,0.9477445595603821,0.9503001109516874,0.05363812531794332
4435,3,3,1,0.887067,0.9003003664433578,0.9018717472979351,0.8439673039037412,0.09969963355664224
4436,4,4,1,0.8675256,0.8746786681061879,0.8758210551297775,0.8584852139742949,0.12532133189381212
4437,1,1,1,0.99652404,0.9523975840367431,0.9539210790170757,0.9871492746447095,0.04760241596325687
4438,2,2,1,0.8218342,0.8255140530409685,0.826095398859802,0.7955422718902052,0.17448594695903152
4439,9,9,1,0.88428885,0.8889360857063139,0.8899594744696258,0.8303877529879641,0.11106391429368612
4440,2,2,1,0.9499603,0.936234285990715,0.9379269253944816,0.9218153733526223,0.06376571400928499
4441,1,1,1,0.9749289,0.946229650626125,0.9476836980976282,0.939666224428924,0.05377034937387504
4442,3,0,0,0.77667904,0.7737443195237192,0.7732318315923842,0.7474123515037566,0.22625568047628075
4443,4,4,1,0.9979456,0.9566650420968165,0.9582174154619636,0.9906024248796649,0.043334957903183535
4444,8,8,1,0.9999914,0.9459801937382182,0.9473846968789525,0.9927599754536679,0.05401980626178182
4445,9,9,1,0.9910014,0.9488193825842792,0.9501342725330076,0.987199201782298,0.051180617415720775
4446,0,0,1,0.86736494,0.8415931818127518,0.8423521235548707,0.7839511979939452,0.15840681818724822
4447,0,0,1,0.9434556,0.9355351769588525,0.9369111415943984,0.8861736367716685,0.06446482304114753
4448,4,4,1,0.43329713,0.20434054691559939,0.19745609987363688,0.34472318320369477,0.7956594530844006
4449,9,9,1,0.85049593,0.828350449065692,0.8288820096508802,0.6803979541565838,0.171649550934308
4450,0,0,1,0.98761535,0.9235903636281387,0.9250811560485158,0.9503899493145116,0.07640963637186127
4451,2,2,1,0.83314407,0.8931794098545567,0.8945589108503622,0.8206315488735828,0.10682059014544332
4452,2,2,1,0.5154094,0.6158717567069409,0.6131490125486139,0.5669306173651715,0.38412824329305906
4453,0,0,1,0.91625583,0.900237206960956,0.9019671905259724,0.8480746744103527,0.099762793039044
4454,6,6,1,0.98458016,0.9416948564062146,0.9433295915977162,0.971722738367893,0.05830514359378536
4455,8,8,1,0.9998149,0.9526683020727909,0.9543506480047205,0.9923878611026251,0.04733169792720915
4456,7,7,1,0.9879088,0.9601180861266346,0.9615210317284878,0.981987662748663,0.03988191387336537
4457,3,3,1,0.47074205,0.4359289665011339,0.4301289267189839,0.442538352746535,0.5640710334988661
4458,3,3,1,0.78252584,0.8412756456993213,0.8423501889719401,0.7944954656778502,0.15872435430067866
4459,8,8,1,0.99376935,0.9522190673956539,0.9538494778258743,0.9841127396477286,0.04778093260434613
4460,9,9,1,0.9991763,0.9590952721116477,0.9605511917799382,0.9919707334721823,0.04090472788835231
4461,0,0,1,0.99957937,0.9506962835548342,0.9521822289145568,0.990054159281041,0.049303716445165846
4462,2,2,1,0.9890449,0.9443284430985127,0.9459347552259053,0.9797530616424673,0.055671556901487285
4463,5,2,0,0.42574617,0.34654829177009483,0.33924175030090975,0.42867446531940046,0.6534517082299052
4464,3,3,1,0.9986713,0.9469273181644823,0.9481943840579573,0.9933951553243137,0.05307268183551772
4465,6,6,1,0.9143326,0.9173108022036727,0.9188709537813323,0.9058338768372122,0.08268919779632733
4466,1,1,1,0.99961746,0.9529771576734067,0.9542522142361456,0.9935459123844503,0.04702284232659326
4467,3,3,1,0.895544,0.9220282297731786,0.9234962843080647,0.8440760557701488,0.07797177022682145
4468,9,9,1,0.62276626,0.7401780265228028,0.7398742185400238,0.6723144674782366,0.25982197347719715
4469,5,5,1,0.99215513,0.9437949944477106,0.9454662489558432,0.984609111889362,0.056205005552289355
4470,0,0,1,0.98697156,0.9436743014477275,0.9452318818236156,0.9683816069951351,0.05632569855227254
4471,5,5,1,0.7182592,0.8400219240242176,0.8413673664091257,0.7446381939022316,0.1599780759757824
4472,4,4,1,0.9306998,0.942841612891651,0.9446736706880319,0.8913261636324169,0.057158387108348974
4473,4,4,1,0.99694675,0.9545393304928054,0.9561241977267474,0.990902521714843,0.04546066950719463
4474,0,0,1,0.9892758,0.9588809931039188,0.9603640148763783,0.9839235367790515,0.04111900689608117
4475,1,1,1,0.9867678,0.9479920751334834,0.949367300611099,0.9517521641023449,0.05200792486651662
4476,1,6,0,0.6544567,0.35729138910503644,0.34866149776174676,0.3499179816669289,0.6427086108949636
4477,6,2,0,0.78852063,0.6828439519602731,0.6808317649288839,0.6598348978631825,0.31715604803972686
4478,1,1,1,0.995261,0.9558559920904488,0.9575815955630541,0.9889316467675927,0.0441440079095512
4479,7,7,1,0.46883056,0.6693081286316154,0.6690695215536365,0.5755348513478316,0.3306918713683846
4480,9,9,1,0.99890625,0.9604390077890134,0.9619521127440219,0.9922600036808737,0.039560992210986634
4481,9,9,1,0.5083155,0.7169357119180878,0.7166983361260554,0.6833066829695885,0.2830642880819122
4482,6,6,1,0.98491436,0.9592126662633176,0.9607317833576605,0.970705049472333,0.04078733373668242
4483,2,6,0,0.4956553,0.6454640556882086,0.6464034126664125,0.5290287868907109,0.35453594431179136
4484,4,4,1,0.9928716,0.9605446489049407,0.9620247988599924,0.9797005096823749,0.039455351095059266
4485,3,7,0,0.9703254,0.9438814245616204,0.9453949222472062,0.9451144746880814,0.056118575438379614
4486,8,8,1,0.68933094,0.8443911391192754,0.8454671297204003,0.7072498022243947,0.15560886088072456
4487,3,3,1,0.79476756,0.8739484097138392,0.8752206976303177,0.7780912093018383,0.12605159028616075
4488,4,4,1,0.99892575,0.9501191536610409,0.951821110025158,0.9912727756325945,0.04988084633895906
4489,7,7,1,0.99027574,0.9537443062544474,0.955127440204434,0.9862968566813493,0.046255693745552606
4490,0,0,1,0.35330307,0.197266644281218,0.18967014361834192,0.4284973306835667,0.802733355718782
4491,2,2,1,0.985797,0.9353313844135155,0.936993203234779,0.9609173598228514,0.06466861558648451
4492,8,8,1,0.9416144,0.9437793719316294,0.9452316567123645,0.9353773019811723,0.05622062806837058
4493,4,2,0,0.5897735,0.5608621529741035,0.557940165078225,0.523549631780147,0.43913784702589653
4494,8,0,0,0.4920487,0.20058917767650505,0.19251122737596826,0.26334317102622795,0.7994108223234949
4495,3,3,1,0.5655038,0.5479328718210279,0.5441103196788929,0.46272948102250683,0.4520671281789721
4496,8,8,1,0.9490123,0.9453478600222802,0.9468982330035989,0.9418933135512192,0.05465213997771978
4497,8,8,1,0.98551303,0.9590895024169159,0.9606684507908958,0.9697165489057012,0.04091049758308407
4498,8,8,1,0.9943487,0.9614968104219679,0.9629364099602478,0.9867905192464639,0.038503189578032115
4499,3,3,1,0.73455304,0.6853095635654887,0.6842766903259941,0.6746473448104776,0.31469043643451133
4500,3,3,1,0.91172487,0.9176486625114567,0.9191163909463125,0.902094894055779,0.08235133748854329
4501,5,5,1,0.9509604,0.951301881802376,0.9529023682931378,0.9188622556223652,0.04869811819762404
4502,7,7,1,0.97399616,0.9466941059818715,0.9480729314954324,0.9613608887518751,0.053305894018128464
4503,7,4,0,0.44380963,0.520283998062596,0.5167159947942714,0.5585831487175626,0.47971600193740405
4504,0,0,1,0.89337206,0.8520079242426135,0.8526504225634494,0.8258827977020827,0.1479920757573865
4505,4,4,1,0.9872491,0.9553413903732311,0.9569821064535049,0.9792524030680828,0.04465860962676893
4506,1,1,1,0.99991524,0.9558177737623282,0.957453475512928,0.9893555054110061,0.04418222623767176
4507,5,5,1,0.96750945,0.9517341217243154,0.953315496199556,0.9364142793002169,0.048265878275684626
4508,9,9,1,0.97436476,0.9493986183762981,0.9508270153474621,0.9483454589810739,0.05060138162370187
4509,7,2,0,0.6086921,0.45242902305351623,0.44577787439837346,0.5613523427198585,0.5475709769464838
4510,0,0,1,0.9962042,0.9598712326498923,0.9612337671826199,0.9840012411183103,0.04012876735010773
4511,6,6,1,0.9999403,0.9547480566687572,0.9562623826600706,0.986057785254375,0.04525194333124283
4512,8,8,1,0.5884016,0.8077966114040389,0.8085714312019219,0.6145520634108667,0.1922033885959611
4513,4,3,0,0.714226,0.4957633009809196,0.49017550741280136,0.5827249163282197,0.5042366990190804
4514,9,9,1,0.9920952,0.9623792463480694,0.9637302614756657,0.9861189646957876,0.03762075365193063
4515,0,0,1,0.99878365,0.9574932052110616,0.9588069105535846,0.9920710092317633,0.042506794788938373
4516,1,1,1,0.99230874,0.9597698389177125,0.9611002222409988,0.9808988896319113,0.0402301610822875
4517,8,8,1,0.9989813,0.9605421629135289,0.9618108263925945,0.9918541643652287,0.039457837086471104
4518,9,9,1,0.9999702,0.9482328994394862,0.949493324070721,0.9931703190375412,0.05176710056051381
4519,6,6,1,0.89426625,0.9199687239010828,0.9215713412208257,0.8410140676784724,0.08003127609891725
4520,3,5,0,0.50414705,0.5929598114027655,0.5907549463730515,0.448859555229044,0.40704018859723445
4521,9,9,1,0.4466897,0.6916207644981425,0.6908802516085434,0.6448952304443425,0.30837923550185753
4522,2,2,1,0.996356,0.9507496606651603,0.9523549260088539,0.9909139550862816,0.04925033933483969
4523,4,4,1,0.8553178,0.9049322641794347,0.9065000275398856,0.8516475259954991,0.09506773582056527
4524,4,4,1,0.9258939,0.9223043434763166,0.9239704676579539,0.9221065719293948,0.07769565652368338
4525,0,0,1,0.98847616,0.9467752340817002,0.948148321436697,0.981511978208886,0.05322476591829983
4526,3,3,1,0.51583475,0.6427432377946328,0.6412363609918079,0.5775380559147092,0.3572567622053672
4527,3,5,0,0.41748866,0.5027098333176258,0.49873928248288973,0.4889045263912681,0.49729016668237425
4528,5,5,1,0.5678802,0.4335586159594147,0.4279836512240304,0.44837518725075726,0.5664413840405853
4529,4,2,0,0.40187323,0.5039768014909041,0.5003378183880147,0.5102820477185627,0.49602319850909593
4530,5,5,1,0.88918203,0.8423271039504321,0.8424874296056517,0.8500107292285318,0.1576728960495679
4531,1,1,1,0.99994624,0.9491266568077013,0.950797810699577,0.9889283078471618,0.05087334319229875
4532,1,1,1,0.9983473,0.9549064852033778,0.9562146342616737,0.9882366639797796,0.04509351479662216
4533,8,0,0,0.891842,0.8988366341801728,0.9001067735955366,0.8246637846446085,0.10116336581982721
4534,2,2,1,0.993107,0.9550921219425357,0.9566931321945804,0.98143475656935,0.04490787805746432
4535,2,2,1,0.98340905,0.9469571461922571,0.9485867682229501,0.9738804472976542,0.053042853807742874
4536,9,9,1,0.5839063,0.48516961156835886,0.47928456855430535,0.5231288887810008,0.5148303884316412
4537,3,3,1,0.5725833,0.6040559474526354,0.6014378870396989,0.5867031389391743,0.39594405254736464
4538,7,7,1,0.7855099,0.8082103824102125,0.8084514680722217,0.756011727208421,0.19178961758978752
4539,8,8,1,0.980548,0.9481440637277423,0.9496401634104744,0.9685248848790573,0.05185593627225771
4540,9,9,1,0.9698332,0.9550642026496583,0.9566528276501445,0.9442373000891837,0.0449357973503417
4541,2,2,1,0.9637626,0.94308213588863,0.9447854715376951,0.9311952070955003,0.05691786411137001
4542,3,4,0,0.6977623,0.7142593196024251,0.7132735674971166,0.7392334523418558,0.28574068039757494
4543,1,1,1,0.96251523,0.9450681966502751,0.9465695148308062,0.9340294268156529,0.05493180334972492
4544,7,7,1,0.9065089,0.903502590247838,0.9048603250527374,0.8413221859436117,0.09649740975216203
4545,3,4,0,0.74622756,0.8106162250441379,0.8109359723340855,0.7155336847935352,0.18938377495586212
4546,2,0,0,0.84409076,0.7768109925352782,0.775154314719266,0.811637803576614,0.2231890074647218
4547,3,2,0,0.33794263,0.4256601469548381,0.42132179801993497,0.44094762567625906,0.5743398530451619
4548,0,0,1,0.36274973,0.4013391842489365,0.39572659266845217,0.5562653670793469,0.5986608157510636
4549,1,1,1,0.9999833,0.9558918147159987,0.9571353146744017,0.9935902336961085,0.04410818528400129
4550,9,0,0,0.6004111,0.5680212216089691,0.5656978577696333,0.510085826917785,0.43197877839103094
4551,5,5,1,0.7651612,0.8420377294867013,0.8432673590758181,0.7787128852559619,0.1579622705132987
4552,5,5,1,0.8112723,0.901822470179806,0.903242338160906,0.8474458610020724,0.09817752982019401
4553,3,3,1,0.8079019,0.7552190650224627,0.7548406787161139,0.6867806767533788,0.24478093497753728
4554,4,4,1,0.9830893,0.9460718163930302,0.9474896701082871,0.9751227167398911,0.053928183606969826
4555,5,5,1,0.78078395,0.5723147572201487,0.5671976406367203,0.5696670980471773,0.4276852427798513
4556,2,0,0,0.5773225,0.5481083716405569,0.5445942062952022,0.5945515880952564,0.4518916283594431
4557,0,0,1,0.9997991,0.9521650431386531,0.9535122602212971,0.9882366639797796,0.04783495686134687
4558,0,0,1,0.9996692,0.9403745065921211,0.9417493089789372,0.989732487385278,0.05962549340787893
4559,3,3,1,0.69576985,0.537810511699556,0.5328921617097501,0.6164304779246392,0.46218948830044404
4560,1,1,1,0.9999496,0.94043761843051,0.941928995887797,0.9921150091016373,0.05956238156949001
4561,3,3,1,0.84254616,0.8992916269668866,0.9010257279096752,0.8511817203059262,0.10070837303311342
4562,4,4,1,0.74537015,0.8103953610903144,0.810830145643364,0.7780546994251428,0.1896046389096856
4563,7,2,0,0.6133119,0.579014434878859,0.5755928759820168,0.641308786017445,0.42098556512114105
4564,4,4,1,0.9973127,0.963735242145302,0.9652133335898995,0.9911922348152936,0.03626475785469796
4565,2,2,1,0.61334705,0.6229228226217847,0.6207427015400536,0.6326356620898808,0.37707717737821533
4566,8,8,1,0.96821713,0.9419446594390575,0.9434007724117651,0.8980174244832305,0.058055340560942525
4567,4,4,1,0.992926,0.9569985333034978,0.9586179849685766,0.9838218206364385,0.04300146669650218
4568,8,8,1,0.99674326,0.9604523892734307,0.96206566949978,0.9912545080984971,0.039547610726569316
4569,9,9,1,0.9970246,0.9567238939860886,0.9582779793257459,0.9919880055848584,0.04327610601391141
4570,9,9,1,0.99974924,0.9467468760633085,0.9482214547361254,0.9931832203233362,0.05325312393669146
4571,4,4,1,0.5644093,0.8316122134644823,0.8336118168663195,0.6301183901487672,0.16838778653551767
4572,2,2,1,0.99783283,0.9509182566899599,0.9522924330828076,0.9926051580629489,0.049081743310040116
4573,4,4,1,0.9011535,0.9175464188679359,0.9190727206157475,0.8507125452315182,0.08245358113206414
4574,3,4,0,0.40115052,0.38803233006035587,0.3821350188353991,0.41188895531102104,0.6119676699396441
4575,6,6,1,0.99755293,0.9480360207090124,0.9495531035718465,0.9875678770184804,0.051963979290987616
4576,4,4,1,0.9929091,0.9592616866829557,0.9608793147799546,0.9833802798205507,0.04073831331704425
4577,6,6,1,0.8620253,0.8962295965899424,0.8977983958748011,0.8630448885267554,0.10377040341005761
4578,4,4,1,0.989512,0.9603564618084018,0.9619589782493881,0.9813633190709031,0.03964353819159816
4579,6,6,1,0.99221873,0.9575532390792347,0.9592761664036227,0.9843225325478332,0.04244676092076527
4580,6,6,1,0.9848011,0.9557345415916737,0.9573469494451441,0.958392835397162,0.0442654584083263
4581,3,3,1,0.4018894,0.28356660300640996,0.275648333878076,0.40992334962094346,0.7164333969935901
4582,8,8,1,0.7531008,0.8448105123281525,0.8458154250624478,0.7514911146698933,0.15518948767184748
4583,7,7,1,0.9760182,0.952238483564779,0.9537974404990681,0.9406880217031807,0.047761516435220974
4584,4,4,1,0.6574592,0.7971328962667396,0.7982217538040534,0.6473897424351525,0.20286710373326045
4585,8,8,1,0.97852844,0.9286978585474811,0.9303014557637743,0.9561603697683035,0.0713021414525189
4586,0,0,1,0.5675659,0.7389606815450136,0.7395464849235006,0.6109562822239837,0.2610393184549864
4587,5,5,1,0.94189763,0.9238651687954933,0.9253222544915822,0.9004680440102141,0.0761348312045067
4588,9,9,1,0.9975599,0.973471370428299,0.9745976882199889,0.9914472867771735,0.02652862957170099
4589,3,3,1,0.76952744,0.8485005377179551,0.8498508703755189,0.8136849136905389,0.15149946228204492
4590,9,2,0,0.57120377,0.7393488076471401,0.7391038236485687,0.6490238298340985,0.26065119235285994
4591,0,0,1,0.9956703,0.9562782674354204,0.9575574993073976,0.9922252045843792,0.04372173256457956
4592,7,7,1,0.96272224,0.9443516532611547,0.9460083289611869,0.9276455894500388,0.05564834673884533
4593,5,5,1,0.9469543,0.9348893156329611,0.9362476512124187,0.8687199113571422,0.06511068436703893
4594,1,1,1,0.9990951,0.9677025690790149,0.9690289695755829,0.988168021809111,0.03229743092098514
4595,9,9,1,0.9498546,0.9294438457951621,0.9309697766734565,0.9266444912722919,0.07055615420483785
4596,7,7,1,0.47066137,0.440904589787639,0.4355821129409004,0.4035091346516122,0.559095410212361
4597,9,9,1,0.9884058,0.9598174379582158,0.9612262566448531,0.9826298142100601,0.040182562041784164
4598,1,1,1,0.98069394,0.9399766823169863,0.9414616901001965,0.9497090595591102,0.06002331768301372
4599,8,0,0,0.7859431,0.5276483432325814,0.5220628395314794,0.43026988086970697,0.47235165676741864
4600,4,4,1,0.9930815,0.9648934336371731,0.9664729337797918,0.9856107984328583,0.03510656636282694
4601,2,2,1,0.9659186,0.9472342887077054,0.9489078288225591,0.9490401887899358,0.05276571129229457
4602,1,1,1,0.9999975,0.9591507500237715,0.9603705873152019,0.9930571131956263,0.04084924997622852
4603,6,6,1,0.93952847,0.9157208932677264,0.9172115344116472,0.9178151841733826,0.08427910673227357
4604,4,4,1,0.96647114,0.9426663083110907,0.9443949474582103,0.9474303345319338,0.05733369168890934
4605,3,6,0,0.47616702,0.6870486738321258,0.6869641629002985,0.5843342629454233,0.31295132616787424
4606,0,2,0,0.6323233,0.6541442543193661,0.6524669274270163,0.6911702760528441,0.34585574568063393
4607,1,1,1,0.99297184,0.9556247997523201,0.9570099199862563,0.9713062979908973,0.044375200247679936
4608,4,4,1,0.5736092,0.7307933629914809,0.7319948919191509,0.6828537553609002,0.2692066370085191
4609,8,8,1,0.34949383,0.5143312282287058,0.5101046257577768,0.5706994179785927,0.4856687717712942
4610,6,6,1,0.8457609,0.8691520390908023,0.8703920863312686,0.8566094247413372,0.1308479609091977
4611,1,1,1,0.9999994,0.9406823472161403,0.9419712065685448,0.9935995934053428,0.0593176527838597
4612,7,7,1,0.6726696,0.6324795706968398,0.6298129004772217,0.5984063702934492,0.3675204293031602
4613,1,1,1,0.96762943,0.9482046925097221,0.9495385725457081,0.9393907201689748,0.05179530749027794
4614,3,5,0,0.3907974,0.2823825425719649,0.27585630589305266,0.3559434573104299,0.7176174574280352
4615,5,2,0,0.5153547,0.4810352401206928,0.47636473837625304,0.5423777745663041,0.5189647598793072
4616,4,4,1,0.58425087,0.6707978324039774,0.6700149173301077,0.6983978930033298,0.3292021675960226
4617,3,5,0,0.5741542,0.745600559875168,0.7460414216322697,0.68185318909906,0.25439944012483195
4618,3,6,0,0.8476949,0.8611392356484506,0.8622308542556627,0.845640573174032,0.13886076435154937
4619,9,9,1,0.9987796,0.9516537954181089,0.9531356438503074,0.9928828063385005,0.048346204581891095
4620,7,4,0,0.6327399,0.35510384790837696,0.3472854173816045,0.3390401635139728,0.644896152091623
4621,8,8,1,0.74907875,0.7872750618439831,0.7878180953869565,0.6639548008198101,0.2127249381560169
4622,2,2,1,0.9934947,0.9557786906079239,0.9574064149345242,0.9825147463243015,0.044221309392076136
4623,5,5,1,0.91808724,0.9370143330039411,0.9387003857679609,0.839631894875037,0.0629856669960589
4624,5,3,0,0.6600479,0.7897970377623034,0.7906024005103766,0.7097017869979897,0.21020296223769663
4625,4,4,1,0.956962,0.9302321763968926,0.9318787307906847,0.9429333060655631,0.0697678236031074
4626,5,5,1,0.7292577,0.8201635546010863,0.8212726029484397,0.8021985729824133,0.17983644539891375
4627,4,4,1,0.9084007,0.8772277638879047,0.8782942879202875,0.8652990043238763,0.12277223611209531
4628,5,2,0,0.86914366,0.7910563193525533,0.7910132019055595,0.7013424382607305,0.20894368064744673
4629,7,7,1,0.6555677,0.6817457644341267,0.6803563658105184,0.7613342251050862,0.3182542355658733
4630,2,6,0,0.48469082,0.38807999603062404,0.38220927558418166,0.435946243060439,0.611920003969376
4631,5,5,1,0.99237835,0.9555375218948565,0.9572046793039986,0.9838392029092711,0.04446247810514348
4632,5,4,0,0.48498556,0.25470883079497264,0.24644695614370835,0.45077806670239207,0.7452911692050274
4633,1,1,1,0.9999981,0.9498800711710104,0.9511420255219496,0.993762757250985,0.050119928828989635
4634,7,5,0,0.5471581,0.7718672085090579,0.7727170461523457,0.6336319175174475,0.22813279149094212
4635,7,7,1,0.98348975,0.9407909197244375,0.9421690879786758,0.9727170719171354,0.05920908027556249
4636,8,8,1,0.93314505,0.9268215132459025,0.9282227168497489,0.921127585587721,0.07317848675409755
4637,3,5,0,0.6360677,0.7774548751643744,0.7784088178996588,0.6578297787630379,0.2225451248356256
4638,6,6,1,0.9957749,0.9622004799406116,0.9636455415602935,0.9917485537797613,0.03779952005938836
4639,0,0,1,0.9457128,0.8993937054065017,0.9006564776178088,0.8634549796145125,0.10060629459349835
4640,2,2,1,0.9998882,0.9483688820494789,0.9498700955399713,0.9849207509748049,0.05163111795052111
4641,5,5,1,0.9852154,0.9593507880232199,0.9608951922824869,0.9681217911590501,0.040649211976780064
4642,2,2,1,0.84614253,0.8759402806237645,0.8770719582994834,0.8287322026406612,0.1240597193762355
4643,3,3,1,0.6618436,0.7222044524393922,0.7216780580536755,0.7464211048254005,0.27779554756060776
4644,7,7,1,0.93254024,0.9190695863226612,0.920761394666244,0.8383421894324661,0.08093041367733878
4645,4,4,1,0.987028,0.9521234891948849,0.9537477712069069,0.97846356065125,0.047876510805115124
4646,2,2,1,0.5757848,0.6564527517899515,0.6547973549240887,0.6313749134248002,0.34354724821004845
4647,1,1,1,0.99938214,0.9639383702108836,0.9653082167500495,0.9863532726821085,0.03606162978911642
4648,6,6,1,0.9977767,0.9576463626753842,0.9591437058200694,0.987862802017909,0.042353637324615834
4649,8,8,1,0.92822766,0.8748088935754182,0.876544502782315,0.7901287292454393,0.12519110642458176
4650,6,6,1,0.7659623,0.8297187617284625,0.8306148722464965,0.793525634537132,0.17028123827153752
4651,8,8,1,0.9991097,0.9649373092400648,0.9662570342328741,0.9908451038535524,0.03506269075993518
4652,3,3,1,0.50417423,0.6028045135206075,0.5994971715540287,0.60599519733095,0.3971954864793925
4653,2,2,1,0.9982576,0.9595628037186202,0.9611246298174718,0.9906595677368076,0.04043719628137976
4654,7,2,0,0.71118784,0.6096296252263335,0.6065948662767425,0.6350392732383545,0.39037037477366654
4655,7,5,0,0.48224166,0.4359280925252504,0.43088687831709493,0.5234411340076126,0.5640719074747496
4656,9,9,1,0.9992986,0.9443219453660495,0.945706345044549,0.9919691231331741,0.05567805463395048
4657,7,7,1,0.9962202,0.9610866134543674,0.9625301659257646,0.9881844989837721,0.03891338654563259
4658,1,1,1,0.9994393,0.9751597389626706,0.9762872806680324,0.9913989908837357,0.024840261037329392
4659,4,4,1,0.8950536,0.8690888965648058,0.8701110416173713,0.850215607668199,0.1309111034351942
4660,7,2,0,0.85535514,0.8680764971494259,0.8690591653007853,0.8439962219996676,0.13192350285057408
4661,4,7,0,0.4971705,0.3212558121016804,0.3146592223096432,0.34123610482391065,0.6787441878983196
4662,6,6,1,0.9971969,0.9583909822699272,0.9597851540280223,0.9916583622404274,0.04160901773007275
4663,1,1,1,0.99997306,0.9443608454632717,0.9458898559161845,0.992639892627031,0.0556391545367283
4664,7,7,1,0.6827103,0.756239761125826,0.7564830088138886,0.7468345229651823,0.24376023887417397
4665,3,3,1,0.94621325,0.9423732675950729,0.9442250568809981,0.9166557894437863,0.057626732404927106
4666,0,0,1,0.9995468,0.953171365750652,0.9546538047696231,0.9851691267811852,0.04682863424934802
4667,0,0,1,0.9993438,0.9524303288256769,0.9538235890837692,0.9863111290254193,0.04756967117432309
4668,6,6,1,0.7479517,0.8225076669319149,0.8233330252734274,0.7990445233010927,0.1774923330680851
4669,6,2,0,0.98475814,0.9509346661269351,0.9523730540596074,0.9671999800642179,0.04906533387306489
4670,8,8,1,0.9820487,0.9595396283103031,0.9612110635178065,0.9626195685197267,0.04046037168969685
4671,6,6,1,0.99927825,0.9427742155035188,0.944212397576069,0.9877796747572087,0.05722578449648119
4672,6,6,1,0.9602252,0.9489430592039776,0.950703004436007,0.8536833476028147,0.05105694079602241
4673,0,0,1,0.9721835,0.9331162352264476,0.9346535269766482,0.9597932866275272,0.0668837647735524
4674,3,3,1,0.8329405,0.8794982888857306,0.8807711829101836,0.868184518235688,0.12050171111426944
4675,4,4,1,0.5819403,0.5646508576178583,0.5614916208868287,0.47172592008592057,0.43534914238214173
4676,7,7,1,0.8725505,0.893124832627632,0.8945058595878047,0.8418061187916769,0.10687516737236802
4677,4,4,1,0.985038,0.9480076641659381,0.9495448120006662,0.9646615628901629,0.05199233583406193
4678,9,9,1,0.8029252,0.8314562058930581,0.832207338760144,0.7558017278290342,0.16854379410694187
4679,4,4,1,0.70456123,0.7110337840747007,0.7099406222516129,0.6933996117779216,0.28896621592529925
4680,9,9,1,0.9994067,0.9592770557330992,0.9604319269102929,0.9927226463209119,0.04072294426690082
4681,9,1,0,0.66748345,0.5442640844833183,0.539485617127228,0.37477274574712355,0.4557359155166817
4682,3,3,1,0.61681354,0.6611053997375106,0.6603184880580535,0.7079926501784627,0.3388946002624894
4683,4,4,1,0.98137146,0.943328828591758,0.9450003868114227,0.943497701695573,0.05667117140824196
4684,1,1,1,0.9674248,0.9301221420568664,0.9317501810022932,0.9166855126148533,0.06987785794313361
4685,4,4,1,0.99145234,0.9524961197917363,0.9540288005086383,0.9853285610350957,0.04750388020826368
4686,0,0,1,0.99966466,0.9572451177621067,0.9589154394493564,0.987485433787135,0.042754882237893255
4687,3,3,1,0.91458696,0.9064144876931486,0.907777128644293,0.908445942156826,0.09358551230685141
4688,7,7,1,0.998346,0.9545910226090246,0.955920444171419,0.9932688860522518,0.04540897739097538
4689,1,1,1,0.9969971,0.9628659820807028,0.9643213835747376,0.987166004050049,0.03713401791929716
4690,2,2,1,0.990245,0.9493175313135527,0.950965000857064,0.982654228903798,0.050682468686447324
4691,2,2,1,0.78959745,0.8153981729767601,0.8157696203749306,0.7295077689966815,0.1846018270232399
4692,8,0,0,0.8194648,0.8748749676783371,0.8765911384274808,0.8408950289051649,0.12512503232166294
4693,4,4,1,0.9952218,0.9387718374020573,0.9402319589151126,0.9918634849999216,0.061228162597942726
4694,7,7,1,0.7810117,0.8311608744320143,0.8335655696876241,0.7334550954451565,0.16883912556798575
4695,8,8,1,0.9750778,0.9551720885609374,0.9567610262410575,0.9631341874361752,0.04482791143906262
4696,5,5,1,0.64830685,0.6272222886951528,0.6240269355329521,0.5932947552535456,0.37277771130484716
4697,5,5,1,0.6588297,0.8092884567578749,0.8105864418856565,0.758762836491632,0.19071154324212514
4698,6,6,1,0.9373203,0.9288464025387704,0.9304246304746993,0.9258887267910169,0.07115359746122962
4699,5,2,0,0.9286123,0.9133267729517313,0.9149150457165149,0.8959752518771176,0.08667322704826874
4700,6,6,1,0.84692705,0.8619412500731668,0.8627407148114338,0.8255967670232393,0.1380587499268332
4701,0,0,1,0.99835336,0.965294217158613,0.9665906101575503,0.958709221209886,0.034705782841387034
4702,6,6,1,0.8434407,0.8978267627168446,0.8994844028727431,0.851886699268563,0.10217323728315542
4703,4,4,1,0.7125044,0.8656637882048477,0.8671217181840538,0.7409290529303945,0.13433621179515232
4704,9,9,1,0.9997706,0.9508148618765334,0.9520904186095098,0.9935546407057195,0.04918513812346659
4705,3,2,0,0.30494544,0.0896813842165082,0.08449722436537375,0.27926563933046433,0.9103186157834918
4706,2,2,1,0.9997888,0.9556968314450704,0.9571779776726979,0.981128415117444,0.04430316855492955
4707,7,4,0,0.42304072,0.13888142917469004,0.13163196113927744,0.2341935473408906,0.86111857082531
4708,3,3,1,0.94875157,0.9497635207106997,0.9511479150542351,0.9375979800561458,0.050236479289300306
4709,8,0,0,0.8430899,0.8740601383855198,0.8753925008343727,0.8131405577618063,0.12593986161448023
4710,3,3,1,0.6075779,0.6229752229869205,0.6201584733010611,0.5961865393267778,0.37702477701307946
4711,9,9,1,0.9996327,0.9707050099154877,0.9718538741180567,0.9930295444818116,0.029294990084512307
4712,4,4,1,0.46770474,0.7218404147397608,0.7222232459484874,0.6630075572384203,0.2781595852602392
4713,1,1,1,0.9999988,0.9393088892960402,0.9408186985338588,0.9928828063385005,0.06069111070395983
4714,6,6,1,0.99707866,0.9472961664508139,0.9486855973788876,0.9937785173513083,0.05270383354918606
4715,9,9,1,0.99700695,0.9647773355188228,0.9660280145120189,0.9931289486878714,0.03522266448117717
4716,9,9,1,0.9974716,0.9634751366321865,0.9647288276029824,0.9916740293272942,0.036524863367813465
4717,4,4,1,0.92831755,0.9254667488513851,0.9269572316147766,0.8698542793420598,0.07453325114861487
4718,3,5,0,0.6586453,0.7975061428214256,0.7989453477648182,0.6423516040037458,0.20249385717857438
4719,9,9,1,0.9995409,0.9603661859448763,0.9617613075536859,0.9927996972664154,0.03963381405512367
4720,8,0,0,0.94376934,0.9313365426574233,0.9328576271513834,0.8848189672267801,0.06866345734257673
4721,1,1,1,0.89199936,0.9174725047885671,0.9189311932936958,0.8823100847273462,0.08252749521143288
4722,6,6,1,0.87209207,0.8952971661374838,0.8968189212374246,0.8722034241996225,0.10470283386251622
4723,9,9,1,0.9998567,0.9576249071191494,0.9590613394881415,0.9923890089181951,0.04237509288085062
4724,5,5,1,0.6113294,0.723120070144946,0.7222568953209115,0.6189977569010913,0.27687992985505405
4725,9,1,0,0.89514387,0.9229229048943521,0.924239544832803,0.8578799867475831,0.07707709510564786
4726,0,0,1,0.9861275,0.9603661411553415,0.961800205061465,0.9728308866883728,0.03963385884465853
4727,9,9,1,0.95080906,0.9479766333473517,0.9495042803556494,0.9410452476645168,0.052023366652648284
4728,7,7,1,0.99863154,0.9554942775507396,0.9569960992547513,0.992665961471966,0.04450572244926043
4729,2,2,1,0.477815,0.5340195360709099,0.5308431287942593,0.5732715954197468,0.4659804639290901
4730,2,2,1,0.664304,0.7093933540931792,0.7087830157893498,0.666677822526472,0.29060664590682084
4731,4,4,1,0.9953159,0.9453662023412855,0.9468976314451668,0.9836306658661969,0.054633797658714456
4732,2,4,0,0.8066423,0.8240973694442075,0.8246290138046835,0.8097784376455472,0.17590263055579247
4733,6,6,1,0.98844445,0.956863234868309,0.9583834278106483,0.9824698851024202,0.04313676513169096
4734,4,4,1,0.937787,0.9222709018770964,0.9236457052667094,0.9104408901698003,0.07772909812290363
4735,8,6,0,0.31714046,0.07954471415006505,0.07456391279494386,0.29625438868099185,0.920455285849935
4736,1,1,1,0.99990773,0.9523599623875144,0.9536813641162649,0.9929424931657853,0.047640037612485586
4737,9,9,1,0.9997037,0.9621576448839619,0.9635294987001262,0.9906737576519238,0.03784235511603806
4738,5,5,1,0.62945116,0.7465296106625294,0.7469255348173404,0.636997010291321,0.25347038933747057
4739,6,6,1,0.6713531,0.6872089043765944,0.6857910052746748,0.6786844662206803,0.31279109562340557
4740,5,3,0,0.534583,0.615062568908763,0.6133553813045503,0.5874439120779289,0.384937431091237
4741,1,1,1,0.9993986,0.968175761121698,0.969518864438482,0.9859363950419423,0.03182423887830199
4742,8,8,1,0.99928516,0.9632498667404702,0.9647747069902662,0.9902113182905802,0.036750133259529805
4743,6,6,1,0.99828905,0.9595537106382466,0.9609466112052409,0.9926797916740522,0.04044628936175343
4744,6,0,0,0.96837205,0.9336998846899706,0.9352419484058391,0.9456182131427231,0.06630011531002944
4745,7,7,1,0.98909783,0.9565174376273046,0.9579106486917293,0.9821613417004853,0.04348256237269543
4746,6,6,1,0.9990483,0.9598368682500112,0.961427072226987,0.989617313697946,0.040163131749988756
4747,5,7,0,0.24404782,0.10237233842625308,0.09610371061112083,0.25635844986298945,0.897627661573747
4748,0,1,0,0.7220528,0.7024257785088275,0.7004747532702053,0.7220523382982086,0.2975742214911725
4749,2,3,0,0.7987908,0.8566011393709431,0.8577095889028615,0.8136529375500632,0.14339886062905693
4750,7,4,0,0.9015723,0.8073702243571447,0.8071587810711747,0.716827454480931,0.19262977564285533
4751,6,6,1,0.9982455,0.9517909844662464,0.9532305597273943,0.9914864432194601,0.04820901553375356
4752,1,1,1,0.9960641,0.9605970554977897,0.9619962927544483,0.9910016331419638,0.03940294450221027
4753,2,0,0,0.69736266,0.7995913510865785,0.8004856281022072,0.6287112908538287,0.20040864891342147
4754,3,8,0,0.94043094,0.9255523824078479,0.9270375612112878,0.9103172444498501,0.07444761759215213
4755,1,1,1,0.9998759,0.9630455688291283,0.9644713120194759,0.9914980411848958,0.036954431170871715
4756,6,6,1,0.97988087,0.9466735979332809,0.9483077552520884,0.9643720147752773,0.053326402066719125
4757,4,2,0,0.5481335,0.370895416278025,0.3644049151306975,0.322851400046583,0.629104583721975
4758,9,9,1,0.8680743,0.8583401931716264,0.859442280883152,0.8344753806507741,0.14165980682837365
4759,0,0,1,0.999225,0.964463628548916,0.9657628781967234,0.9914419196210895,0.035536371451084015
4760,3,0,0,0.3978845,0.2594525783429295,0.25174222259785467,0.43937148234764395,0.7405474216570704
4761,9,9,1,0.9967686,0.9628118965426726,0.9641507161950947,0.9931366966550934,0.03718810345732737
4762,1,1,1,0.98633295,0.9567840646787614,0.958489197214585,0.9766859968144118,0.043215935321238574
4763,0,0,1,0.999432,0.9681379880478154,0.9694022137877724,0.9909862086791981,0.03186201195218463
4764,5,5,1,0.495135,0.7447981897826602,0.7464702455553089,0.6061206221625736,0.2552018102173398
4765,3,3,1,0.8478203,0.8709397599479851,0.8723619596140018,0.7829344500668896,0.12906024005201489
4766,1,1,1,0.9999591,0.9688262455303956,0.9699984345870074,0.9858880042943716,0.031173754469604353
4767,6,6,1,0.96035284,0.9362309249471334,0.9376366080891091,0.9304980047246153,0.06376907505286655
4768,9,9,1,0.99727255,0.9694549707451208,0.9706011660327939,0.9929974814237482,0.03054502925487923
4769,8,8,1,0.9886367,0.9537342997340928,0.955221148118714,0.9799420472043212,0.04626570026590715
4770,9,9,1,0.9927469,0.9556207689364067,0.9571199592805303,0.9849496459511591,0.044379231063593316
4771,0,0,1,0.9932307,0.9627500784134393,0.964056112143018,0.9706651897567629,0.03724992158656071
4772,6,6,1,0.99093926,0.9563159627623925,0.9579530237571842,0.9743254673040416,0.0436840372376075
4773,1,1,1,0.9999682,0.9509305513797461,0.9524912755065037,0.992639892627031,0.049069448620253864
4774,6,6,1,0.9837586,0.9611091594943038,0.9623867887720186,0.9700720004536779,0.038890840505696245
4775,2,2,1,0.7167973,0.7778725539473499,0.7784204281759447,0.7207712779526575,0.2221274460526501
4776,3,3,1,0.71576446,0.6753576187812692,0.6739026246108875,0.6855996467249378,0.3246423812187308
4777,5,5,1,0.9778697,0.9463693761592541,0.9477564696458778,0.9375098485397939,0.053630623840745906
4778,6,6,1,0.9565124,0.9436005746505934,0.9452680272216845,0.947089262472882,0.05639942534940656
4779,9,1,0,0.90260947,0.9343592523319865,0.9359623705503758,0.8503710602778279,0.06564074766801353
4780,0,0,1,0.9499153,0.9380696623789408,0.9397218447531777,0.9470471589694719,0.06193033762105915
4781,7,7,1,0.9000746,0.9208744112692244,0.9222402135912681,0.857739704855241,0.07912558873077558
4782,2,2,1,0.99612135,0.9615429497407681,0.9630818535746463,0.9906186269862413,0.03845705025923185
4783,4,4,1,0.45529675,0.710814984177343,0.7114759986357486,0.6534252422783396,0.289185015822657
4784,0,8,0,0.8917945,0.9167462935478146,0.918299328524989,0.8612604575343173,0.08325370645218544
4785,3,3,1,0.9993104,0.9613968704958005,0.9626424452953234,0.9876621299131709,0.03860312950419953
4786,6,5,0,0.38697758,0.14336829049741584,0.13633294728947876,0.3607077114113496,0.8566317095025842
4787,8,8,1,0.9999932,0.955999125961049,0.9574827104389957,0.9922325310383401,0.04400087403895103
4788,6,6,1,0.9959282,0.9661033410955759,0.9676870399642902,0.9827284775042956,0.03389665890442406
4789,9,9,1,0.938446,0.9394783112735562,0.9408939846235306,0.9343419342914578,0.06052168872644381
4790,1,1,1,0.99626285,0.9687569558869628,0.9701053769721157,0.9858775616330309,0.031243044113037244
4791,9,9,1,0.9167533,0.8865653438026488,0.8874973216659714,0.8708725157388695,0.11343465619735116
4792,0,0,1,0.9375736,0.9397241778341172,0.9412207185363445,0.9243135273110147,0.060275822165882786
4793,6,6,1,0.571749,0.6690075666314071,0.6673964236369413,0.6780358378771547,0.33099243336859285
4794,4,2,0,0.83374393,0.8655043491482332,0.8668189818638743,0.837106394710246,0.13449565085176685
4795,5,3,0,0.9689255,0.9451014944946511,0.9467095789987453,0.9477165766556689,0.054898505505348916
4796,9,9,1,0.9756771,0.956730030318784,0.958070490910546,0.9548165713953207,0.04326996968121599
4797,5,5,1,0.98422366,0.941383193808267,0.9428981146561914,0.9737430072418788,0.05861680619173304
4798,4,4,1,0.7296135,0.7501162775332604,0.7498543687063635,0.7069216211086252,0.24988372246673962
4799,1,1,1,0.9872384,0.9539985297041544,0.9553730647702908,0.9774044132626714,0.04600147029584556
4800,9,9,1,0.9993574,0.9538114969919992,0.9551832727288465,0.9930910628752417,0.046188503008000814
4801,2,2,1,0.9739566,0.945965126487032,0.9475972870697328,0.9328513319606978,0.054034873512967985
4802,0,0,1,0.99938536,0.9642094687974655,0.9655663110642995,0.9904688970264256,0.035790531202534503
4803,7,7,1,0.9648487,0.9437904832358296,0.9453204682543798,0.9445997459340348,0.05620951676417041
4804,3,3,1,0.94229776,0.9247740512295346,0.9263429669188196,0.9134580794602511,0.0752259487704654
4805,5,5,1,0.96552706,0.9509069881364113,0.9523021080957654,0.9442583212845147,0.04909301186358872
4806,1,1,1,0.99920505,0.9640085627711856,0.9654348245565296,0.9882039754550154,0.03599143722881437
4807,8,8,1,0.9778656,0.9582183592842327,0.9597140539537615,0.968199360745313,0.04178164071576729
4808,3,3,1,0.69736075,0.8491133591180393,0.8509986802372893,0.792753927598366,0.1508866408819607
4809,0,0,1,0.9746748,0.9422678975402418,0.9436513244671317,0.9618441739955689,0.05773210245975824
4810,5,5,1,0.97794455,0.9458609710712661,0.9474824989610201,0.968010223511617,0.0541390289287339
4811,2,0,0,0.98048043,0.9540714918534015,0.9554409804326235,0.9579368457606132,0.045928508146598546
4812,8,0,0,0.7782832,0.7759314219506763,0.7752770553732335,0.7202727811579043,0.22406857804932367
4813,8,8,1,0.99951184,0.9549912776115805,0.9565800498417607,0.9892642765610574,0.045008722388419464
4814,3,3,1,0.5190621,0.504085254114662,0.5007622998603491,0.5145655168848952,0.495914745885338
4815,9,1,0,0.56114966,0.46409081653050366,0.4585809574000387,0.3272817926205259,0.5359091834694963
4816,6,6,1,0.86527115,0.8777980911716945,0.8789901403261672,0.8218130786181684,0.1222019088283055
4817,0,0,1,0.99974376,0.9593558195669685,0.9609423030719535,0.9918598031006528,0.04064418043303153
4818,3,3,1,0.85256994,0.869867170107079,0.8708020815195624,0.8234124524126851,0.13013282989292096
4819,5,5,1,0.9310372,0.9355991856569865,0.9372430197589919,0.9253507185868212,0.06440081434301348
4820,3,3,1,0.5191606,0.5290677427024778,0.5251291544077282,0.5889696988899523,0.4709322572975222
4821,4,4,1,0.7405475,0.7648352104102344,0.7648894882825281,0.7709564484503149,0.2351647895897656
4822,1,1,1,0.9993926,0.9661732261553813,0.9675260895636917,0.9860857227370754,0.03382677384461874
4823,5,3,0,0.8804657,0.8829509017105659,0.8842192637451233,0.8723358025289297,0.1170490982894341
4824,0,0,1,0.9875975,0.952586354709226,0.9539473112160672,0.9816330336290235,0.047413645290773965
4825,7,2,0,0.9040592,0.9006878975696926,0.9021586196119308,0.8252473250569917,0.09931210243030741
4826,3,2,0,0.39708012,0.2785533911360055,0.27256422578556966,0.44427931110625707,0.7214466088639945
4827,9,9,1,0.9999778,0.9513426175869533,0.9528656624708861,0.9925324764362611,0.048657382413046735
4828,4,4,1,0.9350733,0.9249568764234736,0.9265387158797538,0.9262398436504101,0.07504312357652643
4829,5,5,1,0.8012416,0.8756462457009399,0.8770835512845758,0.8087354847479162,0.12435375429906015
4830,3,3,1,0.9098093,0.9178505467858212,0.9195656479652285,0.8571918853771802,0.08214945321417877
4831,1,1,1,0.9994935,0.9739374215753186,0.9750955829447591,0.9721486855831911,0.026062578424681404
4832,4,4,1,0.89462346,0.9114970657106406,0.9131987308506782,0.8709894343202506,0.0885029342893594
4833,2,2,1,0.52428293,0.578611215129297,0.5772606125201573,0.5542706356068352,0.42138878487070297
4834,4,4,1,0.7036024,0.6443081469005945,0.6415176323388988,0.5225651374547241,0.35569185309940554
4835,9,9,1,0.9984748,0.9604189121635507,0.9618616390172792,0.9923024501573336,0.039581087836449313
4836,9,9,1,0.9281819,0.9253316332552644,0.926768161097972,0.9098731542855782,0.07466836674473565
4837,7,7,1,0.9704598,0.9090462415676113,0.910193607903158,0.9521041048214346,0.09095375843238873
4838,1,1,1,0.9990343,0.9731211420069388,0.9743867269912563,0.9923088585794508,0.026878857993061223
4839,7,7,1,0.8226464,0.8766806883239114,0.8779230321540112,0.8672565833619029,0.12331931167608856
4840,0,0,1,0.9999449,0.9635951498380697,0.9648689115815581,0.9916643385539697,0.03640485016193029
4841,1,1,1,0.99999964,0.9440309335665644,0.9451957730465131,0.9926970698276548,0.05596906643343558
4842,2,0,0,0.94743913,0.9393976867156795,0.9407910721748494,0.8974049874692086,0.06060231328432053
4843,1,1,1,0.89723194,0.9226165510228442,0.9239925171973482,0.863735385332076,0.07738344897715577
4844,5,5,1,0.97492075,0.9513779028889754,0.9528694200148711,0.9520684320724733,0.04862209711102461
4845,3,3,1,0.95608896,0.9439666697284785,0.945614900097703,0.947089262472882,0.056033330271521464
4846,8,8,1,0.9932013,0.9547585144815767,0.9561398829261328,0.9861241520250126,0.04524148551842333
4847,4,5,0,0.4137053,0.360773397385928,0.35494677181194395,0.36867324615372205,0.639226602614072
4848,1,1,1,0.9999995,0.9174963627724919,0.9184559902508529,0.9925233257469743,0.08250363722750809
4849,5,5,1,0.6532083,0.6037553836048509,0.6000775811356539,0.643642398719477,0.3962446163951491
4850,1,1,1,0.9985525,0.9565132983992759,0.9578855016040848,0.9908824318178181,0.0434867016007241
4851,9,9,1,0.99152535,0.9668983139623455,0.9682827980205955,0.9822855633800002,0.03310168603765451
4852,9,9,1,0.6456188,0.834803125300283,0.8362670866361723,0.7096161444066479,0.165196874699717
4853,7,7,1,0.9997681,0.9495187004020732,0.9507990786687124,0.9883245116891126,0.0504812995979268
4854,0,0,1,0.99921906,0.9593822295115431,0.9608722029190763,0.9816782371387256,0.04061777048845694
4855,1,1,1,0.99809426,0.9491235975658598,0.9508030441866516,0.989008057712989,0.050876402434140156
4856,7,7,1,0.99256825,0.9581959903936831,0.9595311788253486,0.9859078990436799,0.041804009606316916
4857,6,6,1,0.9999349,0.953222323748523,0.954744528471383,0.9930750545686884,0.046777676251476996
4858,2,2,1,0.9476357,0.9427136578042308,0.9441653462730593,0.9288625687052953,0.057286342195769224
4859,6,6,1,0.9522115,0.9324459655982883,0.9340706436657662,0.9372219548609608,0.0675540344017117
4860,5,5,1,0.6260228,0.844509054139127,0.8463753640273439,0.6839800658982889,0.15549094586087298
4861,0,0,1,0.6172667,0.7777564319411849,0.7781816890978083,0.6346561828760882,0.22224356805881507
4862,3,0,0,0.46383208,0.31417298734506216,0.30655566245690646,0.4875971889092664,0.6858270126549378
4863,1,1,1,0.99972516,0.9666561404644526,0.9679103941342236,0.992452670055496,0.033343859535547415
4864,3,3,1,0.53938395,0.5010161151415736,0.4970026189371474,0.5115493229847528,0.4989838848584264
4865,8,9,0,0.46162638,0.6531096248741419,0.6519394100677565,0.6014588789617112,0.3468903751258581
4866,9,9,1,0.9966539,0.9752553037521163,0.9763789500403073,0.9918547312309124,0.02474469624788367
4867,9,9,1,0.5725202,0.6081616132711043,0.6060493820877995,0.46587723393783376,0.3918383867288957
4868,0,0,1,0.8796524,0.866876276151179,0.8676455867528645,0.8562650967646455,0.13312372384882099
4869,8,8,1,0.993508,0.9603620278190264,0.9619062295984588,0.9778230722549078,0.039637972180973646
4870,8,8,1,0.99290377,0.9498905219878571,0.9515365904084669,0.9826988181164021,0.05010947801214294
4871,7,5,0,0.6824847,0.784087317931866,0.7847513943618557,0.7083438707574023,0.21591268206813397
4872,9,9,1,0.97131526,0.9546949470647489,0.9561715349371123,0.9643474099429532,0.04530505293525111
4873,2,2,1,0.8903361,0.8931565335270835,0.8944463676891571,0.8530954652878289,0.10684346647291654
4874,9,9,1,0.9703255,0.9388878692571094,0.9402988826638639,0.9444903276055251,0.06111213074289057
4875,1,1,1,0.99964,0.9564293873840347,0.9577763857718095,0.9923474560766118,0.04357061261596529
4876,3,3,1,0.5054727,0.8354414096204034,0.8381241256360585,0.6936814481487263,0.16455859037959664
4877,6,6,1,0.99035525,0.9520857351677325,0.9536306930197118,0.9852974787411627,0.04791426483226746
4878,7,7,1,0.80947626,0.883297442863163,0.884751596210477,0.8429045566249311,0.11670255713683697
4879,6,6,1,0.9991954,0.960671558279962,0.9622365125926573,0.9757351692775572,0.03932844172003802
4880,0,0,1,0.9089578,0.8996940004650247,0.9009862121653827,0.85035976145011,0.10030599953497532
4881,8,8,1,0.98558354,0.9577301688647601,0.9591607078437658,0.9706365820959756,0.042269831135239855
4882,6,6,1,0.9989931,0.9591475759983348,0.9605463095223239,0.9845448786341662,0.04085242400166522
4883,2,2,1,0.99967706,0.9498691528746559,0.9515691804004132,0.988493931638374,0.0501308471253441
4884,4,4,1,0.903697,0.8940052699320713,0.8951005451199971,0.815693488921246,0.1059947300679287
4885,2,2,1,0.84469503,0.8671603327024908,0.8684167428382027,0.8595201754241522,0.13283966729750918
4886,3,3,1,0.998725,0.9467525366549652,0.948565871010026,0.9894748374344116,0.05324746334503483
4887,5,3,0,0.6186846,0.683365167403865,0.6821104855240671,0.6037168560735273,0.316634832596135
4888,5,5,1,0.9068891,0.9066441307269656,0.9082332363960438,0.8763807675951969,0.09335586927303441
4889,4,4,1,0.9489354,0.93197602375539,0.9334726973654396,0.9309732534401253,0.06802397624460998
4890,1,1,1,0.9999975,0.9384423827931252,0.9398288595809258,0.9934446023664997,0.061557617206874804
4891,6,6,1,0.9998154,0.9607368616675626,0.9621347971820936,0.9927996972664154,0.03926313833243744
4892,7,4,0,0.79518825,0.8418659861482303,0.843001602051086,0.7834237860104396,0.15813401385176973
4893,1,1,1,0.99329704,0.9581249902673408,0.9595297931171084,0.9870980481243119,0.04187500973265923
4894,6,6,1,0.60644203,0.7022048751388243,0.7037801414533246,0.6380957214719045,0.29779512486117565
4895,1,1,1,0.99957734,0.9667712385478786,0.9680962653699076,0.992782289527312,0.03322876145212139
4896,7,0,0,0.8638896,0.9037256143041377,0.905071715085366,0.855777124533793,0.09627438569586233
4897,1,1,1,0.99114543,0.963544943616931,0.9649346513063859,0.9859881226444895,0.03645505638306901
4898,6,6,1,0.97899777,0.9486753452397725,0.9503340590810022,0.9623875712751978,0.05132465476022752
4899,2,2,1,0.5965057,0.7523312985974402,0.7529712985810303,0.5986056124022834,0.2476687014025598
4900,3,3,1,0.92095613,0.9352250291147233,0.9366540760752395,0.9093939984399474,0.06477497088527673
4901,0,0,1,0.97421116,0.9561688592402579,0.9575999838166921,0.96351571721341,0.04383114075974215
4902,4,4,1,0.75422204,0.8341013668870051,0.835026508840203,0.768963856064736,0.1658986331129949
4903,2,2,1,0.56357795,0.5348149085678138,0.5300531746586743,0.5341743791188006,0.4651850914321862
4904,9,9,1,0.7049584,0.6691143393864614,0.666503091312311,0.6997084845888796,0.33088566061353863
4905,7,7,1,0.99821305,0.9606273668776553,0.9621315863222897,0.9890241078241983,0.039372633122344736
4906,5,3,0,0.9315628,0.9274106067046451,0.9290349592183411,0.9079299505868971,0.07258939329535485
4907,5,5,1,0.47832716,0.6386201241216367,0.6376804324641892,0.5694128473412259,0.3613798758783633
4908,6,6,1,0.96098804,0.9337101149016828,0.9355117762546588,0.9161762756481423,0.06628988509831724
4909,0,0,1,0.9777594,0.9359620376340585,0.9375731090176892,0.9607818455499714,0.0640379623659415
4910,8,9,0,0.4488745,0.3403331393016566,0.33386760809021293,0.30703571802990426,0.6596668606983433
4911,8,8,1,0.9979522,0.9588816980773218,0.9602978868810874,0.990739410278993,0.04111830192267818
4912,1,1,1,0.9999968,0.9217682157919853,0.9229932269866296,0.9926141754210717,0.07823178420801469
4913,1,1,1,0.9994673,0.9580919966312305,0.9596422112880011,0.9868786733965069,0.04190800336876954
4914,3,3,1,0.96985066,0.9350081827108763,0.9365786811991615,0.9234817628151264,0.06499181728912373
4915,5,5,1,0.8452326,0.9035579408581098,0.9052746623661916,0.8289575050164351,0.09644205914189019
4916,6,6,1,0.93898106,0.9302661806173507,0.9320268908548079,0.9155383750017397,0.06973381938264933
4917,5,5,1,0.6140913,0.6631521504166635,0.6618192170654555,0.6811305112193438,0.33684784958333647
4918,3,3,1,0.9861579,0.9468654220558939,0.9483269993745663,0.9810529990164291,0.05313457794410614
4919,8,8,1,0.9970149,0.9573480633297917,0.95884821505962,0.9899454757882816,0.04265193667020828
4920,7,7,1,0.97753906,0.955990511128863,0.9573769544045152,0.9657899504837232,0.04400948887113698
4921,5,5,1,0.47938398,0.37621009708053926,0.3702151554916291,0.4470047855586756,0.6237899029194607
4922,0,0,1,0.89080536,0.8947948072327527,0.8959874188921233,0.8423394794051855,0.10520519276724727
4923,7,7,1,0.91137725,0.9249684884772525,0.9264428985388365,0.9072718222648452,0.07503151152274745
4924,7,5,0,0.23761667,0.23810852063324903,0.23112084376443004,0.3929221853815415,0.761891479366751
4925,5,5,1,0.97865343,0.9509994872486149,0.9523035042812754,0.9644576391834625,0.04900051275138506
4926,7,7,1,0.6882332,0.667199255331035,0.6656104463017258,0.6970532864376423,0.33280074466896503
4927,1,1,1,0.9999809,0.9531762684110975,0.9545881477004474,0.9931711648664997,0.04682373158890252
4928,9,9,1,0.9320471,0.9464850537660056,0.9478893719852293,0.9047032677351088,0.05351494623399444
4929,9,1,0,0.59663963,0.26836433970595097,0.2607211010496467,0.3395556518222766,0.731635660294049
4930,1,1,1,0.9894231,0.9693510024557517,0.9705804212868948,0.9855955105776566,0.030648997544248324
4931,9,1,0,0.91910744,0.9298364549778221,0.9314677477070419,0.7572285976604374,0.07016354502217792
4932,9,9,1,0.7798675,0.9026615039292357,0.9043874064422082,0.832650526632628,0.09733849607076428
4933,3,3,1,0.7352493,0.7315106906071437,0.7297754260846675,0.7379088109230139,0.2684893093928563
4934,5,5,1,0.96876335,0.937789839551213,0.9392324039857636,0.9435366666211329,0.06221016044878702
4935,5,5,1,0.51773626,0.7064975535409499,0.7066016323882467,0.6806521272698624,0.2935024464590501
4936,3,3,1,0.87196875,0.8813870106616605,0.8829293671659991,0.8362076180712671,0.11861298933833953
4937,0,0,1,0.99946433,0.9338126983032543,0.9352026754995314,0.9863477783246806,0.06618730169674569
4938,3,3,1,0.43763286,0.519740260784081,0.5161309459297678,0.47525187608064484,0.480259739215919
4939,0,0,1,0.9854423,0.9501379770789438,0.9516106523466281,0.975622988842962,0.04986202292105624
4940,6,6,1,0.99797386,0.9423475030839328,0.9437813407442562,0.9919018662931681,0.05765249691606722
4941,6,6,1,0.9895593,0.9620739421598774,0.9637320836902382,0.9750043419774422,0.037926057840122596
4942,5,0,0,0.5051628,0.2649869200464471,0.25717299482225353,0.2921536348498084,0.7350130799535529
4943,6,6,1,0.70743746,0.7166000135583692,0.71599760001885,0.6891040238367477,0.2833999864416308
4944,8,8,1,0.99925,0.9585324314304822,0.9600108911945507,0.9892997668489834,0.04146756856951783
4945,9,1,0,0.8204146,0.8779177624834658,0.8791467262943075,0.82453328752349,0.12208223751653424
4946,4,6,0,0.66258407,0.4273627374753107,0.42072339150076243,0.5129289899599815,0.5726372625246893
4947,5,5,1,0.7113231,0.7870489579039825,0.7874638299701963,0.7844991736556417,0.21295104209601745
4948,1,1,1,0.9998456,0.967867046545793,0.969156585618599,0.984911419615937,0.03213295345420697
4949,1,1,1,0.9994822,0.9615456228554798,0.9630153408439734,0.9909082611926556,0.03845437714452016
4950,2,2,1,0.99154186,0.963213117826224,0.9646168766748281,0.9813112699499663,0.036786882173776014
4951,7,2,0,0.899557,0.8752508064517682,0.8760984615708273,0.8504801540112936,0.12474919354823177
4952,9,9,1,0.84451973,0.7888992638780191,0.7884027940160164,0.6783816484087153,0.21110073612198088
4953,0,0,1,0.99975425,0.9596919063563256,0.9612056775568004,0.9919136411205293,0.04030809364367438
4954,1,1,1,0.999271,0.9563945741690899,0.9580229611294049,0.988187165354506,0.043605425830910094
4955,2,0,0,0.64803034,0.7415695323263269,0.7421729968037578,0.5933688130073005,0.25843046767367306
4956,5,5,1,0.91628623,0.9139169879243554,0.9153056596279472,0.8461022363861679,0.08608301207564462
4957,4,4,1,0.9769768,0.949718973479726,0.9514410222022016,0.9666361192235938,0.050281026520274
4958,4,4,1,0.90300065,0.8901915972265375,0.8916089087442328,0.8572880450773931,0.10980840277346249
4959,7,7,1,0.705936,0.7593178855362263,0.7592777908438401,0.7372097376389806,0.24068211446377374
4960,4,4,1,0.9996356,0.9548581990009499,0.9564892534171013,0.9914162263110129,0.045141800999050075
4961,8,8,1,0.992454,0.9623118553805107,0.9638637586996437,0.9842933090863881,0.03768814461948933
4962,3,3,1,0.7643671,0.7529552762527991,0.7523705283752634,0.7368247659262945,0.24704472374720088
4963,3,3,1,0.71925235,0.7741401014716587,0.7745176594843742,0.780357373823137,0.22585989852834132
4964,5,4,0,0.9036419,0.9107401246697566,0.9124843141061688,0.8697590261222746,0.08925987533024338
4965,3,4,0,0.9231325,0.9277500339441132,0.9294790474115847,0.9132343229029988,0.07224996605588685
4966,5,5,1,0.8616909,0.9131864328905352,0.9145779733122873,0.8589355063953016,0.08681356710946475
4967,7,2,0,0.5569752,0.4376118384257085,0.43172570381136166,0.47843503104600194,0.5623881615742915
4968,0,0,1,0.99995077,0.9457384553629286,0.9470298788665632,0.8944311789306998,0.054261544637071446
4969,1,1,1,0.9769111,0.9468603011935297,0.9485007120916636,0.9668027195707719,0.05313969880647029
4970,2,6,0,0.38316163,0.33980099876366293,0.334005440778185,0.416408835240476,0.660199001236337
4971,9,9,1,0.9987185,0.9625734592005879,0.963768401209808,0.9931328737648062,0.0374265407994121
4972,8,0,0,0.7029565,0.5002610261746422,0.49414256075681406,0.5849094183471801,0.4997389738253578
4973,1,1,1,0.75494695,0.8655830943918609,0.8668012348961647,0.7663999749721908,0.13441690560813913
4974,7,7,1,0.8562242,0.884015535687358,0.8854751526857202,0.8494504368164421,0.11598446431264198
4975,3,3,1,0.89999443,0.9203732437542735,0.9219759546697475,0.8569808245059081,0.07962675624572646
4976,5,5,1,0.98474866,0.9528658800547266,0.9544266208063762,0.9711648445914792,0.04713411994527339
4977,9,9,1,0.9977996,0.9726292926624576,0.9737991516025268,0.9925680570949054,0.027370707337542433
4978,1,1,1,0.99992883,0.9591010206759805,0.9605928007950498,0.9885142678814303,0.040898979324019535
4979,9,9,1,0.9925783,0.9632697819652568,0.9645273639073197,0.9863077483907009,0.03673021803474319
4980,1,1,1,0.98500293,0.9524856994179762,0.9541844162205482,0.95846322337194,0.04751430058202377
4981,1,1,1,0.92899853,0.9155535168160199,0.917057135852964,0.8940382750904504,0.08444648318398007
4982,3,5,0,0.5843146,0.5793994394464117,0.5761958356714928,0.5957261418194416,0.4206005605535883
4983,6,5,0,0.3828787,0.3478415983636733,0.3413695321487336,0.3513660962135758,0.6521584016363267
4984,7,7,1,0.8901091,0.909330122983485,0.9108194906054807,0.867598024190846,0.09066987701651497
4985,4,2,0,0.5717278,0.45648183288327154,0.4519580080837888,0.4581643006553168,0.5435181671167284
4986,8,8,1,0.57754284,0.5661483426982976,0.5629304779363764,0.6379321175102417,0.4338516573017024
4987,3,3,1,0.9280931,0.9075142697459544,0.9087669709495302,0.8628512113693897,0.0924857302540456
4988,5,5,1,0.632355,0.6594254534285482,0.6574920579278999,0.7139728868541328,0.3405745465714518
4989,6,6,1,0.9969825,0.9630196208191588,0.9646565998836064,0.9899628316999569,0.03698037918084118
4990,7,7,1,0.47474244,0.6499367098954056,0.6488550951326906,0.5747339467302129,0.35006329010459436
4991,0,0,1,0.9996395,0.9534157647516862,0.9549704145116267,0.9892574288253054,0.04658423524831379
4992,1,1,1,0.9999888,0.9261161801839671,0.9270645202313258,0.9921202100858053,0.07388381981603287
4993,7,7,1,0.58424515,0.19464340262614915,0.18728922892995553,0.47576584046998055,0.8053565973738508
4994,7,7,1,0.99924517,0.9534834783963613,0.9548521196437791,0.9933035948372596,0.04651652160363873
4995,2,3,0,0.48597196,0.7131224028387748,0.7125555241955468,0.6334602918679356,0.2868775971612252
4996,3,5,0,0.6442566,0.722826472710069,0.722528695679024,0.585326070632585,0.27717352728993105
4997,3,3,1,0.7591534,0.8473781160081929,0.8484430292170255,0.7766491056885845,0.1526218839918071
4998,5,2,0,0.5036444,0.5817552241505032,0.5783960600367413,0.5819759310400687,0.4182447758494968
4999,1,1,1,0.9673071,0.937845439093682,0.9395390181222408,0.9261837883565741,0.06215456090631799
5000,7,7,1,0.9843672,0.9605290106021765,0.9618163323033095,0.9731539421930705,0.03947098939782345
5001,6,6,1,0.9988649,0.9486401587682763,0.9501551967870407,0.9924638129641176,0.05135984123172366
5002,8,8,1,0.6772889,0.7088224125538128,0.7078647525792903,0.603966867497072,0.29117758744618716
5003,4,4,1,0.691107,0.754409102465643,0.753968825802929,0.743509049283962,0.24559089753435703
5004,4,4,1,0.72979254,0.8572996899588323,0.8588248026283292,0.7120575602497806,0.14270031004116768
5005,5,5,1,0.7731023,0.8706043849050016,0.8722638369208767,0.8153259740983954,0.12939561509499842
5006,7,2,0,0.78754705,0.6938197443052727,0.6921704673803559,0.6758554406633565,0.3061802556947273
5007,3,3,1,0.89958495,0.9156521340940318,0.9174583227166011,0.8488891750635256,0.08434786590596821
5008,4,4,1,0.9842248,0.959748843717658,0.9614767431426099,0.9614101083935508,0.04025115628234199
5009,7,2,0,0.9974222,0.9581353063067967,0.9596516280853236,0.9919661922103955,0.041864693693203336
5010,7,7,1,0.95875186,0.9422616733129573,0.9438422238391321,0.9486764703744355,0.05773832668704271
5011,3,6,0,0.48793417,0.43938314677220164,0.4339465802601877,0.4559812300527404,0.5606168532277984
5012,6,6,1,0.97637546,0.9347895591996579,0.936407036627474,0.9446765646321618,0.0652104408003421
5013,0,0,1,0.57486004,0.3851672370465671,0.37850123477583514,0.5068609002538793,0.6148327629534329
5014,7,7,1,0.6803643,0.8592559798697691,0.8609281770658213,0.7616898265260562,0.1407440201302309
5015,2,2,1,0.9994043,0.9490121357613461,0.9505231326768387,0.9900722107599784,0.05098786423865387
5016,6,6,1,0.9927859,0.9538504324954747,0.9552873757574293,0.9860345998404866,0.04614956750452526
5017,7,0,0,0.5852332,0.6531680448753732,0.6508521627895572,0.6616958013713474,0.34683195512462683
5018,4,4,1,0.89859825,0.9004614800614226,0.9017377625895571,0.8062189313992252,0.09953851993857743
5019,1,1,1,0.99995637,0.9495218050413297,0.9511384192002182,0.9876294147006578,0.05047819495867034
5020,8,8,1,0.99928814,0.944057871914411,0.9452826630376074,0.9928321481097963,0.05594212808558896
5021,0,0,1,0.9992766,0.9576469407064977,0.9591898327614329,0.9895463003498471,0.042353059293502304
5022,2,2,1,0.98112905,0.9470799299968211,0.948663495198887,0.9621611997127616,0.05292007000317889
5023,2,2,1,0.9903805,0.9618380612237166,0.9632680838738172,0.9853820284338147,0.03816193877628338
5024,1,1,1,0.9839151,0.9472094348413123,0.9487107082857382,0.9726421088077,0.05279056515868774
5025,5,5,1,0.9177331,0.9265030651748513,0.9280586834180485,0.9077822196680657,0.07349693482514874
5026,4,4,1,0.97626966,0.9502760156991981,0.9519142033132989,0.9621826611190538,0.04972398430080194
5027,0,0,1,0.99345064,0.9649125825305205,0.9661422812064033,0.9865286227810536,0.03508741746947952
5028,9,9,1,0.88778156,0.9007146468056557,0.9020240544887799,0.8331846641774999,0.09928535319434428
5029,3,6,0,0.9335202,0.9315667880058486,0.9333234364932252,0.9250097224086322,0.06843321199415142
5030,4,0,0,0.93568003,0.9167821502257105,0.9182785934865912,0.8790747306179183,0.08321784977428948
5031,4,4,1,0.58673644,0.8215861606787188,0.8232908106207707,0.6829003550997408,0.1784138393212812
5032,2,2,1,0.8892908,0.9064453695712281,0.9078068669412245,0.8479464453523718,0.09355463042877188
5033,3,3,1,0.9525815,0.9441852853017844,0.9458749742914453,0.9356385154736284,0.05581471469821564
5034,8,0,0,0.6518403,0.8255689690496986,0.8265209376991053,0.6829606020436592,0.17443103095030144
5035,5,5,1,0.68527234,0.8645553818771823,0.8664157615349123,0.727652680372189,0.13544461812281772
5036,0,0,1,0.99784863,0.9564779175191909,0.957883004425036,0.9904690080896699,0.04352208248080913
5037,0,0,1,0.9942977,0.9355625995215131,0.9368289385222693,0.9927339024957612,0.0644374004784869
5038,4,4,1,0.93943673,0.9273020010904448,0.9287873410827407,0.8908794509082187,0.0726979989095552
5039,6,6,1,0.99839044,0.9578938412259724,0.9593453647574405,0.9924563113011347,0.04210615877402757
5040,3,3,1,0.6540409,0.7395522735793996,0.738734266618292,0.7615905952355314,0.26044772642060043
5041,9,9,1,0.9272055,0.9381069866377819,0.9397845326487873,0.925876488240304,0.061893013362218086
5042,2,2,1,0.9995906,0.9651800378009533,0.96640568817353,0.9861462518028502,0.034819962199046706
5043,0,0,1,0.98884946,0.963764416303394,0.9650781383921949,0.9690216459458231,0.036235583696605955
5044,5,5,1,0.882944,0.9124322589352142,0.9138561707645404,0.8298488185479322,0.08756774106478582
5045,7,7,1,0.9417134,0.9237613357908774,0.9252116294296086,0.8651201815728582,0.07623866420912262
5046,5,3,0,0.45846483,0.5054195090831606,0.5028246415932974,0.434577315615169,0.4945804909168394
5047,5,5,1,0.95553744,0.9418184441769741,0.943659431714442,0.9133859048670929,0.058181555823025866
5048,1,1,1,0.9962166,0.9670712644155529,0.9683927628365586,0.9927037126916278,0.03292873558444709
5049,7,7,1,0.9927148,0.950481739228182,0.9519817410765805,0.9789152380694417,0.04951826077181798
5050,3,3,1,0.7004449,0.789685470406601,0.7904967503941538,0.7634866758203418,0.21031452959339902
5051,1,1,1,0.99453557,0.9561944052396794,0.957665071754897,0.9887114305151747,0.04380559476032064
5052,6,6,1,0.9276591,0.9072420508740479,0.9087369570949464,0.8892895648130231,0.09275794912595214
5053,7,3,0,0.32699838,0.27622460674917726,0.26985411309073304,0.31532510229579663,0.7237753932508227
5054,9,9,1,0.9999864,0.9581694306424697,0.959319239456682,0.993762757250985,0.04183056935753027
5055,0,0,1,0.99947935,0.9567006000807405,0.9579636633683596,0.9871454148589676,0.04329939991925946
5056,1,2,0,0.32107198,0.17671265011947282,0.16969678174949665,0.23228078229098134,0.8232873498805272
5057,2,2,1,0.9890149,0.9449772260506906,0.9464676570877973,0.9836418540276323,0.055022773949309434
5058,1,1,1,0.99943405,0.9633302877313323,0.9647308590752787,0.9872962505259086,0.036669712268667665
5059,4,4,1,0.74166787,0.8151158344977368,0.8160303510233159,0.7288363970892263,0.18488416550226316
5060,6,6,1,0.6777399,0.6104378397775964,0.607813371248978,0.5729177916503572,0.38956216022240364
5061,1,1,1,0.95109504,0.9157605830784613,0.9171264598863214,0.886123768964002,0.08423941692153869
5062,5,5,1,0.9818856,0.9543490437385115,0.9559464481913735,0.9690666749828822,0.04565095626148852
5063,9,9,1,0.9969361,0.9666509810943069,0.9679104344588773,0.9850510285790193,0.033349018905693084
5064,5,5,1,0.9942251,0.9449238904976797,0.9468811082557391,0.9736944027214348,0.055076109502320336
5065,0,0,1,0.9994555,0.9570475657249545,0.9585155144558549,0.9907512596566584,0.04295243427504547
5066,4,4,1,0.99362516,0.9570300714140269,0.9584943865840259,0.9863565276660086,0.04296992858597315
5067,9,9,1,0.5657085,0.7787792453350846,0.7796979685538968,0.6090260712715662,0.22122075466491542
5068,4,4,1,0.8882562,0.8856030635029338,0.8869453553960777,0.8601596373555536,0.11439693649706617
5069,9,9,1,0.98103917,0.9554093927732163,0.9568720437837769,0.9708093902002575,0.04459060722678365
5070,7,5,0,0.7907196,0.8770592185034062,0.8787995611455135,0.8090690020216255,0.12294078149659382
5071,1,0,0,0.3189671,0.06663906973214861,0.06190090090999849,0.21787828374344526,0.9333609302678514
5072,6,2,0,0.8969634,0.8784027654841788,0.8793218151658979,0.8522375233217347,0.12159723451582116
5073,8,8,1,0.9993839,0.95287357399831,0.9544348018355627,0.98877758203293,0.047126426001690036
5074,0,0,1,0.28115138,0.15152003577056944,0.1435040828082267,0.38211059048047036,0.8484799642294305
5075,6,6,1,0.9377888,0.9315301599066765,0.9332217353260036,0.8863327410189551,0.06846984009332346
5076,5,5,1,0.9649656,0.9383596045207737,0.9399276655662673,0.9480164530424945,0.061640395479226284
5077,0,2,0,0.7038901,0.7239549015446368,0.7245572465504829,0.5955420185785616,0.2760450984553632
5078,8,8,1,0.9999958,0.9356945119502281,0.9371003349054001,0.9913908177466542,0.06430548804977188
5079,1,1,1,0.9840497,0.9478469591778346,0.9494475304081565,0.9654050825606447,0.05215304082216543
5080,7,7,1,0.88330024,0.8982985614240949,0.8997763009452651,0.8516719727515784,0.10170143857590508
5081,5,5,1,0.91425663,0.9107342225721148,0.9121076027837947,0.8853140467344501,0.08926577742788522
5082,6,6,1,0.97522855,0.9517985723623044,0.953150369224028,0.9534128997483772,0.04820142763769564
5083,9,9,1,0.9799116,0.9496798767085608,0.9509273260954425,0.9610030171153512,0.0503201232914392
5084,3,3,1,0.5217487,0.47490340852856283,0.46781406924544816,0.5658338620581407,0.5250965914714372
5085,2,2,1,0.9704891,0.9285570733619201,0.9300431190585311,0.9326130822172085,0.07144292663807994
5086,3,3,1,0.8415579,0.8652943184507642,0.8664810792872979,0.8515628258947481,0.1347056815492358
5087,9,9,1,0.98167086,0.9613166690784627,0.9626318214208744,0.9686343278679164,0.03868333092153731
5088,8,2,0,0.5889997,0.3718602629653618,0.364084939540868,0.5439171226059245,0.6281397370346382
5089,6,6,1,0.9991399,0.9549272667756327,0.9564988841100361,0.9924230477604965,0.045072733224367334
5090,1,1,1,0.9975673,0.9699905312946653,0.971270125918887,0.9897471662392167,0.03000946870533472
5091,0,0,1,0.98932225,0.9603269900573956,0.9615684891693312,0.9797469579025712,0.039673009942604365
5092,9,9,1,0.9885261,0.9599208381546118,0.9613948875711436,0.9802506127806803,0.04007916184538818
5093,0,0,1,0.9039983,0.877155178811398,0.8782184610621978,0.8196137293628588,0.12284482118860196
5094,9,9,1,0.98432505,0.9481799544688998,0.9496919107117213,0.9730810627057432,0.0518200455311002
5095,8,8,1,0.99999297,0.9367579144741504,0.9382732670946873,0.9914972658998731,0.06324208552584965
5096,7,0,0,0.7939194,0.6227027257386969,0.6190238165912529,0.613066873726921,0.3772972742613031
5097,7,3,0,0.48455262,0.46386143296169813,0.45982678461063564,0.453670006481654,0.5361385670383019
5098,5,2,0,0.9376818,0.9268554161380453,0.9284216653142846,0.9201257851338674,0.07314458386195466
5099,2,2,1,0.99916434,0.9497805662414205,0.9512596707234929,0.9862181452224137,0.05021943375857951
5100,3,3,1,0.9697328,0.945076592759557,0.946686877605958,0.9443155383298156,0.05492340724044298
5101,5,5,1,0.3097943,0.19626119946224838,0.18964729492486354,0.32960523683831155,0.8037388005377516
5102,5,2,0,0.6115233,0.6564540478385512,0.6549524744659451,0.5834470724958577,0.3435459521614488
5103,7,4,0,0.33665857,0.3830860891406337,0.37706283475781316,0.4476524579306657,0.6169139108593663
5104,8,8,1,0.830622,0.8854187673575437,0.8867309127647732,0.8584814439425081,0.11458123264245634
5105,7,7,1,0.99891245,0.949639148073502,0.951007471060286,0.992944655191899,0.050360851926497974
5106,6,6,1,0.2987768,0.15266856489873856,0.14623707103029748,0.26934236078103657,0.8473314351012614
5107,9,9,1,0.9959341,0.9545796740559481,0.956062754438495,0.9923462469717553,0.045420325944051876
5108,1,1,1,0.9997929,0.9587999448589288,0.9603646410162966,0.9886007745284887,0.04120005514107117
5109,9,9,1,0.9955564,0.9555778197333277,0.9569132331968313,0.9918691723199855,0.04442218026667233
5110,8,8,1,0.9994653,0.9507437281898721,0.9522664639697332,0.9898368514773,0.04925627181012793
5111,6,6,1,0.9964857,0.9629820679455922,0.9645343322993671,0.9913653406406532,0.03701793205440784
5112,5,5,1,0.40727523,0.27827016224705586,0.271169138217513,0.3405683098086788,0.7217298377529442
5113,6,6,1,0.77875394,0.8628690701425532,0.864647287832148,0.6656998948855339,0.1371309298574468
5114,7,7,1,0.99134105,0.9545951517063319,0.9559772548432741,0.9869460333193261,0.04540484829366809
5115,5,5,1,0.6195569,0.7550608853441497,0.7550354516750191,0.7707597162319277,0.24493911465585028
5116,6,6,1,0.4060838,0.6814266036604139,0.6812667145897744,0.6255162959617867,0.31857339633958615
5117,7,4,0,0.43881738,0.4198494313131912,0.4146650826351648,0.43029219444569317,0.5801505686868088
5118,2,2,1,0.9476494,0.9177208130335448,0.9193621080027099,0.9108015889536354,0.0822791869664552
5119,5,5,1,0.31776935,0.2929548610540418,0.2863133615949602,0.4123524099235479,0.7070451389459582
5120,9,9,1,0.99527186,0.96421771340814,0.9655392199188437,0.9912955070849533,0.03578228659186
5121,6,6,1,0.9975752,0.9487692152243777,0.9503763837465992,0.9909562852574879,0.05123078477562226
5122,6,3,0,0.29752365,0.3641913574027211,0.3586690226824811,0.38555544218577714,0.6358086425972789
5123,7,6,0,0.30886286,0.09674940568471062,0.09143018367711929,0.2608248521744246,0.9032505943152894
5124,0,0,1,0.9998851,0.9523857532832037,0.9537479818132409,0.9928231749839671,0.04761424671679626
5125,1,1,1,0.9995926,0.9551274666142611,0.956676857778104,0.9891712215586312,0.04487253338573893
5126,0,0,1,0.89328784,0.9026221109326077,0.9039400093598268,0.8318213536120126,0.09737788906739231
5127,1,1,1,0.99598503,0.9579937596469673,0.9594572502501559,0.9920702449303682,0.04200624035303269
5128,3,3,1,0.6697538,0.6980020323711528,0.6965955368123847,0.7149977760155621,0.30199796762884723
5129,2,2,1,0.57065314,0.24515797145475177,0.2378422957285916,0.47081866886257584,0.7548420285452482
5130,5,2,0,0.9830468,0.9543145967752558,0.9558313066238179,0.9608274374774171,0.04568540322474424
5131,6,6,1,0.9861227,0.9461104900874089,0.947716405251694,0.9760959977209726,0.053889509912591116
5132,1,1,1,0.9987154,0.9652337336048596,0.9664857332873228,0.9888960549503237,0.034766266395140355
5133,2,2,1,0.99992025,0.9505510549207783,0.9522095437188353,0.9867748599936647,0.04944894507922171
5134,5,6,0,0.4488646,0.6718555045601443,0.6719007409807655,0.5962258421437209,0.3281444954398557
5135,1,1,1,0.9999974,0.9431439854842892,0.9447278332764169,0.992639892627031,0.05685601451571076
5136,9,9,1,0.99322826,0.9613298116971029,0.9629088039978603,0.9836942937943705,0.038670188302897146
5137,9,9,1,0.9994413,0.9537501848450074,0.9549826915726142,0.992597665621595,0.0462498151549926
5138,8,8,1,0.96113735,0.9516467074926563,0.9532884003252492,0.949106113689868,0.04835329250734366
5139,6,6,1,0.9864674,0.9584331315477816,0.9601579962584289,0.9715961732882551,0.04156686845221835
5140,8,8,1,0.9997489,0.9567571813769152,0.9582181577750565,0.9899422590002882,0.04324281862308477
5141,6,6,1,0.49289387,0.5958666957408484,0.5942584755278227,0.43352255155734326,0.4041333042591516
5142,8,8,1,0.99976796,0.9625111759134113,0.9639265912923651,0.9909311056566645,0.03748882408658871
5143,9,9,1,0.99997735,0.9569319385116316,0.9581807402390432,0.9935297804488938,0.04306806148836839
5144,0,2,0,0.56865484,0.4101651648290905,0.4042344890265527,0.4177369068013451,0.5898348351709095
5145,4,4,1,0.94529307,0.9353041101626612,0.9370298187616545,0.9046968796479804,0.06469588983733876
5146,0,0,1,0.9998933,0.9469279026952513,0.9484959581041714,0.9738238839916736,0.05307209730474871
5147,3,3,1,0.97662055,0.9457530788062407,0.9473545938180424,0.9636889841886221,0.05424692119375929
5148,3,3,1,0.7274848,0.7778642703582005,0.7778837546227877,0.6345403926680997,0.2221357296417995
5149,6,6,1,0.99960774,0.9547708123910054,0.956267972331932,0.9923314541454953,0.045229187608994637
5150,4,4,1,0.87675184,0.8961256539318361,0.8976081508693055,0.8629322726101782,0.10387434606816393
5151,9,3,0,0.5522709,0.5780410265980773,0.575624983491918,0.612694771620759,0.4219589734019227
5152,9,9,1,0.8618921,0.5746194005600842,0.5700975741304726,0.5644912493779457,0.4253805994399158
5153,7,7,1,0.75396854,0.6262651845047621,0.6227279748940736,0.666242687404478,0.3737348154952379
5154,2,0,0,0.92813075,0.9009440677931326,0.9020514961843585,0.8457234414337017,0.09905593220686737
5155,3,3,1,0.5014624,0.4812616730318197,0.4767345037794239,0.3188114780482897,0.5187383269681802
5156,5,5,1,0.8859458,0.8851948191118326,0.8863463922060768,0.820399501748451,0.11480518088816738
5157,6,6,1,0.99901044,0.9438078038690637,0.9454712754979494,0.9879519148293144,0.05619219613093629
5158,4,4,1,0.63926005,0.6387984370411244,0.6364708399159322,0.6738694423226468,0.3612015629588756
5159,6,6,1,0.888771,0.8840266345664665,0.8852815554511804,0.8541057797414316,0.11597336543353354
5160,0,0,1,0.9998766,0.9493397482244117,0.9507010871218168,0.9921227556829593,0.050660251775588305
5161,3,3,1,0.9612061,0.9442130932579561,0.9457939944910357,0.9434887378365331,0.055786906742043896
5162,7,0,0,0.532063,0.5440658004973855,0.5407781992907587,0.586401336574967,0.4559341995026145
5163,5,5,1,0.8363062,0.8952678704003828,0.8967072525738742,0.8704402421192623,0.1047321295996172
5164,0,0,1,0.99867356,0.9562834064211705,0.9578931353187787,0.9842247528873372,0.04371659357882951
5165,2,2,1,0.71244496,0.7541479634571626,0.7542403641666761,0.6607615541624158,0.24585203654283738
5166,9,9,1,0.7225646,0.5939089764668496,0.5899101318878811,0.646025797024556,0.4060910235331504
5167,2,2,1,0.99831057,0.948861745030045,0.9504058621154995,0.9888482618406832,0.051138254969955055
5168,7,7,1,0.93600386,0.9108255905716438,0.9120425799992125,0.9059529273796272,0.0891744094283562
5169,2,2,1,0.9696796,0.9468202158516421,0.9484475090916008,0.9504558094372821,0.05317978414835789
5170,9,9,1,0.9847861,0.9682127110719799,0.969449636597222,0.9649064916366105,0.031787288928020074
5171,2,2,1,0.9987797,0.9571656055580435,0.9585575317403413,0.9932366794205072,0.04283439444195647
5172,4,3,0,0.4820249,0.5459110093400963,0.543602399352389,0.5138772696463261,0.4540889906599037
5173,0,0,1,0.95247424,0.9354134133848188,0.9369181377784219,0.936637802957769,0.06458658661518124
5174,6,6,1,0.9958133,0.9536772058553806,0.955222860574671,0.991051475873863,0.04632279414461937
5175,6,6,1,0.9838457,0.9615316673377926,0.9629421842152103,0.966538963650784,0.038468332662207394
5176,3,3,1,0.7525984,0.7573971716583003,0.7570566385403549,0.74077594620813,0.24260282834169966
5177,4,4,1,0.38619065,0.43180864346543996,0.4273858340132965,0.40713602197248233,0.56819135653456
5178,5,5,1,0.7674828,0.8654609292368469,0.866522085376746,0.7741401845229222,0.13453907076315308
5179,5,3,0,0.676618,0.7522560760713772,0.7526705237421155,0.6611878101316371,0.24774392392862277
5180,9,9,1,0.613569,0.502846590715962,0.4975203616855711,0.6129323246114429,0.49715340928403795
5181,1,1,1,0.9997547,0.9712915233587498,0.9724925887509018,0.9924839903174211,0.028708476641250202
5182,1,1,1,0.95609117,0.9455262708880262,0.947090588570396,0.9449327038095615,0.05447372911197379
5183,4,4,1,0.3880396,0.1729003244521444,0.16648754375735858,0.331723985625375,0.8270996755478556
5184,4,4,1,0.47481468,0.3132909342587017,0.3064813984556348,0.3457895088893388,0.6867090657412983
5185,3,3,1,0.4942587,0.6243404679725925,0.622491826870315,0.5887301880544652,0.37565953202740754
5186,5,5,1,0.95159113,0.9395249944441426,0.9413458648603719,0.9231774111625106,0.060475005555857386
5187,4,6,0,0.3352885,0.1036268570195789,0.09837847012774657,0.34593928325777673,0.8963731429804211
5188,8,8,1,0.99999154,0.9517501838995714,0.9532628563829392,0.9927196424928583,0.048249816100428555
5189,0,0,1,0.90020096,0.8685356839124175,0.8694335407663915,0.7905138050434755,0.13146431608758247
5190,0,0,1,0.9996799,0.9264819537669272,0.928049316538757,0.9848055342744266,0.07351804623307279
5191,3,3,1,0.7249213,0.8047306421517145,0.8052563944844061,0.7873538649195748,0.19526935784828547
5192,9,9,1,0.797606,0.8786517234167542,0.8798310395816611,0.8006086738008752,0.12134827658324576
5193,4,4,1,0.5917137,0.491291535252177,0.4873603162674687,0.5010904049193003,0.508708464747823
5194,7,2,0,0.3532968,0.181046198391244,0.17433280573925086,0.3191339020655709,0.818953801608756
5195,4,4,1,0.88982874,0.8907051254088572,0.892003444236248,0.8447679741023063,0.10929487459114284
5196,2,2,1,0.9481351,0.9123198465931285,0.9137627725567012,0.923320529593702,0.08768015340687152
5197,8,5,0,0.42259118,0.3268812453699882,0.31984018160018857,0.41819207313335605,0.6731187546300118
5198,3,4,0,0.3252249,0.17684998867032856,0.1688282527932784,0.44998425828893684,0.8231500113296715
5199,6,6,1,0.79825705,0.7410493469960553,0.7405006589687249,0.5763224325214926,0.2589506530039447
5200,3,5,0,0.48685625,0.3890485861150176,0.38085983610434015,0.4544727886433558,0.6109514138849824
5201,1,1,1,0.99977785,0.9558746301439429,0.9571896446693123,0.9815780763758042,0.044125369856057084
5202,9,9,1,0.9955141,0.9634425239693988,0.9647997272366017,0.9913494564443917,0.03655747603060122
5203,6,3,0,0.45023102,0.5789524584983774,0.5772681336999345,0.5132944320801142,0.4210475415016226
5204,3,3,1,0.7370637,0.8933569010717,0.8951377681866303,0.7966248490692365,0.10664309892830004
5205,8,8,1,0.9028496,0.8640974077592173,0.8654673913633144,0.7724858320007912,0.13590259224078272
5206,3,3,1,0.39092854,0.5807686942343968,0.5791504548597158,0.6035677373093576,0.4192313057656032
5207,8,8,1,0.4897804,0.2965381748660301,0.28876864451689543,0.30617104094907716,0.7034618251339699
5208,4,4,1,0.79594064,0.877299521787957,0.8791744928987738,0.8082489107079995,0.122700478212043
5209,7,7,1,0.92360485,0.9294803850562369,0.9309075182597021,0.8632252378726146,0.07051961494376313
5210,5,5,1,0.42987308,0.3063248827480588,0.3001546207278909,0.36659488693242887,0.6936751172519412
5211,7,4,0,0.6247707,0.6339184366029997,0.6310502519284228,0.6573601503006199,0.36608156339700026
5212,5,5,1,0.81007165,0.8527238345361429,0.8537634384940584,0.8321303901710307,0.14727616546385713
5213,3,2,0,0.31802663,0.2775449449882337,0.27082825808519295,0.38133924920604784,0.7224550550117663
5214,1,1,1,0.99968493,0.9604743519862009,0.9617851223555101,0.9823249330121899,0.0395256480137991
5215,2,2,1,0.9496086,0.941249679026353,0.9428880922971218,0.9382785936604046,0.05875032097364696
5216,6,6,1,0.9658553,0.9565288808812473,0.9578893139162744,0.9092371359218875,0.04347111911875268
5217,1,1,1,0.9999249,0.9557120092749889,0.957275806783727,0.9930568396324406,0.044287990725011106
5218,3,5,0,0.7493492,0.8289236733031506,0.8300672429840058,0.7737942764317647,0.17107632669684936
5219,2,2,1,0.9370571,0.9210210230525483,0.9226251938125978,0.8929244750787695,0.0789789769474517
5220,0,0,1,0.99937695,0.9383154497701645,0.9398742930085421,0.9799953146911526,0.061684550229835544
5221,7,7,1,0.9958014,0.9563126182693479,0.9578406382745762,0.9925059685383402,0.04368738173065212
5222,5,5,1,0.8703939,0.9008666813335845,0.9023105787327618,0.8705114958406557,0.0991333186664155
5223,0,0,1,0.9985661,0.9536416063596864,0.9550681515544481,0.9938353355331264,0.04635839364031358
5224,0,0,1,0.4776392,0.6229694731066682,0.6224528563460221,0.5220236746356164,0.37703052689333183
5225,0,0,1,0.99989414,0.9505009325150123,0.95198371051257,0.9903915503955413,0.04949906748498767
5226,1,1,1,0.9999877,0.9584880995181665,0.9599599422028583,0.9921217556103441,0.04151190048183351
5227,4,4,1,0.43257323,0.3083401520617898,0.30161776856520367,0.36449032582605784,0.6916598479382102
5228,3,3,1,0.88673216,0.907986919804182,0.9094918218282764,0.8486632093001804,0.092013080195818
5229,5,3,0,0.6375763,0.8512884061871275,0.8529666871304921,0.7481201949753715,0.14871159381287247
5230,8,8,1,0.82409126,0.8801027232685513,0.8814030093054634,0.854916895679815,0.11989727673144868
5231,4,4,1,0.9826462,0.9508046882510204,0.95225040352109,0.9723416800710234,0.04919531174897962
5232,3,2,0,0.3334237,0.10916323631124085,0.10343189443450232,0.30483233039583274,0.8908367636887592
5233,1,1,1,0.94662803,0.9383151111734918,0.9396710795667009,0.9047992200520403,0.061684888826508244
5234,7,7,1,0.6864097,0.7861015670319674,0.7863766919100271,0.693145324251121,0.21389843296803257
5235,1,6,0,0.7670563,0.8381039004004792,0.8390780218527734,0.7247648070902687,0.16189609959952078
5236,0,0,1,0.99997807,0.9403299586038886,0.941667945436167,0.9922674207630076,0.05967004139611143
5237,4,2,0,0.91639125,0.9222006569849206,0.9238548014743144,0.9062396226521487,0.0777993430150794
5238,2,0,0,0.9925483,0.9631920130481604,0.964586846585767,0.9684036653028437,0.03680798695183962
5239,4,4,1,0.9617677,0.9383510990745643,0.9399754710465268,0.9393066678593631,0.061648900925435735
5240,1,1,1,0.8780854,0.8717192634298415,0.8725090394839492,0.8298951674314969,0.12828073657015848
5241,4,6,0,0.6191951,0.47619210828811787,0.4712675325685415,0.4903537200299332,0.5238078917118821
5242,0,0,1,0.9995276,0.9575844955526376,0.9591873225496325,0.9821855009084459,0.04241550444736242
5243,1,1,1,0.99998426,0.9541076431294258,0.9553342172731712,0.9862174543590474,0.04589235687057425
5244,2,2,1,0.96238637,0.9317228436458386,0.93336292063011,0.9434599490102955,0.06827715635416143
5245,1,1,1,0.999997,0.9542178029935604,0.9554629663411319,0.9916643385539697,0.045782197006439596
5246,7,7,1,0.30326557,0.237436796867802,0.2308955668427715,0.2796244456549898,0.762563203132198
5247,7,7,1,0.9855079,0.9642685691509355,0.965555808374898,0.9713523691182904,0.035731430849064494
5248,9,9,1,0.99667346,0.968392739894885,0.9697249507584486,0.9919732912768825,0.031607260105115054
5249,8,8,1,0.968347,0.9494295084571673,0.9509410816579762,0.9470040237174376,0.05057049154283266
5250,7,7,1,0.7301967,0.8454517114648328,0.8467793686755739,0.7786375688913947,0.15454828853516722
5251,5,5,1,0.9200683,0.9353629070063688,0.936915266279905,0.9058845919161257,0.06463709299363118
5252,4,4,1,0.94890213,0.9232702177686767,0.9249085686977928,0.935586835530192,0.07672978223132332
5253,0,0,1,0.9993067,0.960372758474543,0.9616867098667106,0.9919680065874883,0.039627241525457046
5254,9,9,1,0.96649563,0.9498051181738397,0.9514768792511095,0.9342945062150665,0.050194881826160276
5255,0,0,1,0.99624014,0.9564426221239298,0.9580077320590469,0.9905212356098528,0.04355737787607017
5256,0,0,1,0.999696,0.9577018062472362,0.9592958589564711,0.9883189056434474,0.04229819375276378
5257,8,8,1,0.8454406,0.8170602894127248,0.8171738774337495,0.811259151699865,0.1829397105872752
5258,2,2,1,0.36254048,0.20864936885334878,0.20151853629154712,0.3070929250246131,0.7913506311466512
5259,0,0,1,0.99857175,0.958213760583069,0.960148659171151,0.9888233151092227,0.04178623941693105
5260,0,0,1,0.99557096,0.9544234968779473,0.9560029933771544,0.985043227268783,0.04557650312205275
5261,2,2,1,0.9493621,0.9332701841831235,0.9347029147895713,0.9382004145696492,0.06672981581687654
5262,4,4,1,0.776512,0.8409996844238499,0.8414701563641,0.7764722842098862,0.15900031557615013
5263,8,8,1,0.99563307,0.965565677702157,0.9669185672451687,0.8888326895854659,0.034434322297843045
5264,6,6,1,0.9925419,0.9653774696701658,0.9668406950525334,0.9794657648746437,0.0346225303298342
5265,2,2,1,0.91161746,0.8931173413639455,0.8943053891599101,0.8776305624582141,0.1068826586360545
5266,4,4,1,0.95107454,0.9424826415354671,0.9441635164144099,0.9233329868731752,0.057517358464532875
5267,6,6,1,0.9789691,0.9513679875540868,0.9529727058288523,0.9701977478356877,0.0486320124459132
5268,3,3,1,0.90472865,0.9146102986632181,0.9161679799547991,0.8747161584492447,0.08538970133678192
5269,5,5,1,0.77391964,0.8524684021512492,0.8536248402809575,0.8266590283518284,0.1475315978487508
5270,1,1,1,0.99921894,0.9669582279056878,0.9683914728495142,0.9754586088747612,0.03304177209431225
5271,5,5,1,0.8314488,0.907541247687805,0.9090259206082908,0.8705801776119755,0.09245875231219502
5272,3,3,1,0.762163,0.6976089779299947,0.6954467166348726,0.7062523312037292,0.30239102207000534
5273,7,5,0,0.7433199,0.87192089487901,0.8733648602197767,0.7963780809091755,0.12807910512098997
5274,2,6,0,0.44672835,0.10323337180503316,0.09742594055197781,0.33678993313897143,0.8967666281949669
5275,2,2,1,0.990095,0.9512738136262391,0.9528373763547459,0.9827386498950454,0.048726186373760916
5276,9,9,1,0.99909186,0.9662589881853236,0.9674944946216051,0.9918734179198673,0.03374101181467637
5277,8,8,1,0.81800073,0.78281808708934,0.7826487469381724,0.6677721683716495,0.21718191291066002
5278,0,0,1,0.91291285,0.8895868583940871,0.890684926534876,0.8504462903718539,0.11041314160591287
5279,0,0,1,0.84296834,0.8740210696814064,0.8751579178029069,0.8309150375578922,0.12597893031859364
5280,0,0,1,0.7913442,0.8340467616388489,0.8348570859990062,0.7640862471983191,0.16595323836115106
5281,3,6,0,0.80522,0.8566790135833751,0.8579488973475489,0.8045189779809431,0.14332098641662494
5282,4,4,1,0.99935406,0.9362538306357846,0.9377015178452838,0.9861511976709819,0.0637461693642154
5283,4,4,1,0.788228,0.8407962797921344,0.841495074394305,0.7530670188233841,0.15920372020786555
5284,6,6,1,0.99998605,0.9442095314816596,0.9459107102840838,0.992913943613591,0.05579046851834035
5285,1,1,1,0.99773633,0.9675427884212333,0.9688895454332799,0.9919107912768825,0.03245721157876669
5286,6,6,1,0.96458113,0.94668128898468,0.9482807019032578,0.9474583510584558,0.05331871101532004
5287,7,3,0,0.59028065,0.5222076424333251,0.5181653963693867,0.6006213676358572,0.47779235756667493
5288,4,4,1,0.9969164,0.9610385767163987,0.9625362272006894,0.9894538989793671,0.038961423283601304
5289,4,2,0,0.9955165,0.9570934888545098,0.9585701737835045,0.990288689535009,0.042906511145490156
5290,3,5,0,0.3434722,0.5373541503705044,0.5344278751806854,0.5519892724179962,0.4626458496294956
5291,9,9,1,0.9851945,0.9533920377230667,0.9548994778998648,0.9696703703866717,0.04660796227693331
5292,4,4,1,0.6712323,0.7862284656873294,0.7865615858504118,0.746346911364899,0.2137715343126706
5293,0,0,1,0.9876132,0.9553859024408571,0.9568039766877633,0.9697128722440819,0.04461409755914292
5294,8,8,1,0.92590237,0.9371605334569209,0.9388852626910666,0.9222690055255345,0.06283946654307915
5295,0,0,1,0.9089078,0.9257200774685396,0.927339841454176,0.8804226076459792,0.07427992253146043
5296,4,4,1,0.5685804,0.418614450935919,0.41269254996561994,0.4327335206279306,0.581385549064081
5297,6,6,1,0.96673876,0.9447651704295424,0.9462772415869051,0.9464072972604918,0.055234829570457555
5298,5,3,0,0.38764104,0.26683572184087423,0.25993235772763446,0.41734201947108124,0.7331642781591258
5299,7,7,1,0.9410404,0.9278103048858943,0.9292417827249527,0.9154863002205382,0.07218969511410567
5300,9,9,1,0.99456775,0.9560030845097286,0.9573476393301842,0.9935902336961085,0.043996915490271404
5301,7,7,1,0.7815133,0.8238480490590948,0.8244719473354944,0.7827252240861783,0.1761519509409052
5302,0,0,1,0.9443097,0.9114546191283296,0.9129033025872308,0.9229607541399346,0.08854538087167041
5303,5,5,1,0.9199569,0.9321621393518,0.9339407626936321,0.9101167742096146,0.06783786064819997
5304,7,4,0,0.4151287,0.20150267801948624,0.19422835967122506,0.32866307524303584,0.7984973219805138
5305,7,7,1,0.41975406,0.5287235841054282,0.5261567314249157,0.5554629007463469,0.4712764158945718
5306,3,3,1,0.7724595,0.8183515456020661,0.8187183421801701,0.7495424966748656,0.18164845439793387
5307,1,1,1,0.99131835,0.9621544465128666,0.9634643476847483,0.9826685986044629,0.037845553487133365
5308,9,9,1,0.997212,0.9550138580515627,0.9564532872723659,0.9900340579563672,0.04498614194843731
5309,3,3,1,0.69658947,0.7389669186641213,0.7383999102882887,0.7205180703706805,0.26103308133587866
5310,0,0,1,0.5181908,0.35040031806822836,0.34406024343842767,0.401321224158949,0.6495996819317716
5311,9,9,1,0.76598734,0.8104933689290379,0.8111899175649498,0.6866830214518406,0.1895066310709621
5312,5,5,1,0.9987942,0.9503784592892808,0.9522691230354721,0.9886644618557427,0.049621540710719225
5313,3,3,1,0.9701067,0.9500515882782601,0.9514604154749382,0.9312912132512281,0.049948411721739916
5314,7,9,0,0.76234585,0.5457744192448128,0.5403074872883924,0.6158963103696179,0.45422558075518715
5315,9,9,1,0.9997675,0.9634095379073576,0.9646242461891246,0.9918908361174694,0.036590462092642384
5316,4,4,1,0.9842157,0.9487164844056512,0.9502267189883222,0.9721964890755647,0.05128351559434885
5317,4,4,1,0.9491406,0.9357182528096019,0.9374941674827714,0.9363111578751431,0.06428174719039814
5318,1,0,0,0.98805654,0.9005233032135683,0.9020044412714975,0.6791557207907863,0.09947669678643167
5319,7,7,1,0.9960508,0.9408488849055783,0.9423394552981943,0.9885145261077279,0.059151115094421725
5320,7,7,1,0.59221387,0.4732734436116141,0.4680269666307941,0.5202102666036824,0.5267265563883858
5321,1,1,1,0.9955936,0.9612480729909189,0.9627415392171087,0.9916165565509724,0.038751927009081144
5322,4,4,1,0.9849629,0.9537135707555853,0.9551878038010188,0.9679190566356298,0.04628642924441473
5323,1,1,1,0.9999938,0.9508722027724785,0.9521514880737351,0.993762757250985,0.049127797227521475
5324,2,4,0,0.5030071,0.2921936777589535,0.28317926237661145,0.45879946852585596,0.7078063222410464
5325,8,8,1,0.9986539,0.9484542550686761,0.9499147523141752,0.9895626696914444,0.05154574493132391
5326,7,7,1,0.57690436,0.6137282775848464,0.6117247347140771,0.5986250200235739,0.3862717224151536
5327,0,0,1,0.5401083,0.17564271607940324,0.16785922244466941,0.3033176264241852,0.8243572839205968
5328,0,0,1,0.9976279,0.9623254846767125,0.9637943437574525,0.9917935682992257,0.03767451532328747
5329,4,4,1,0.97897494,0.9429687698611285,0.9443646910015702,0.9711079489161779,0.05703123013887146
5330,7,5,0,0.33456546,0.1126514026825816,0.10681856567107008,0.3204479832478191,0.8873485973174184
5331,2,2,1,0.9990361,0.9539307877882734,0.9554650416719559,0.9903509455508874,0.04606921221172655
5332,9,9,1,0.9572943,0.9487254053787997,0.9500913145202871,0.9394898485231864,0.05127459462120032
5333,7,7,1,0.97685313,0.9529737540940786,0.9546904003428944,0.9463709871901638,0.047026245905921416
5334,6,6,1,0.9574879,0.9446568869087532,0.9464254669897393,0.9419843790807255,0.05534311309124684
5335,9,9,1,0.59990764,0.6080576840981669,0.6054746988828531,0.6115419851147426,0.39194231590183315
5336,3,3,1,0.98258394,0.9528366688991404,0.954330894940136,0.9711413494562359,0.047163331100859573
5337,5,5,1,0.8113504,0.832415921515107,0.8334675942728456,0.8206572539932764,0.16758407848489298
5338,8,0,0,0.60359585,0.4385917573300405,0.43238481035400717,0.5437787069230517,0.5614082426699595
5339,0,0,1,0.9985935,0.9615888844978457,0.9629154237055163,0.9827111822633817,0.03841111550215426
5340,3,4,0,0.8383325,0.8080071185873097,0.8085242441233411,0.7364892554963478,0.19199288141269033
5341,6,6,1,0.99563676,0.9603485211656893,0.9618798283760952,0.9908354718527758,0.03965147883431075
5342,8,0,0,0.29138017,0.08217715544180618,0.07621143501553009,0.22876986654270598,0.9178228445581939
5343,3,3,1,0.9607708,0.9367579071967779,0.9386729364900048,0.9084022297847608,0.06324209280322213
5344,2,2,1,0.9384158,0.9094329496891784,0.9109341741992129,0.8637835701391512,0.09056705031082157
5345,4,4,1,0.9959992,0.9595382682196627,0.9611687686108081,0.9881039081541471,0.040461731780337296
5346,7,7,1,0.9387403,0.9392910636676687,0.9407489009261589,0.9306939200527076,0.06070893633233132
5347,1,1,1,0.99980694,0.9630294146028126,0.9644379314358543,0.991334288339806,0.03697058539718745
5348,1,1,1,0.99953127,0.9392840887898626,0.9408841419420529,0.9929196390066068,0.06071591121013742
5349,3,3,1,0.9694215,0.9465505629764095,0.9478215393368103,0.951974843648255,0.05344943702359051
5350,9,1,0,0.8591264,0.9150514689893307,0.9164431908098388,0.8340217210999223,0.08494853101066935
5351,7,7,1,0.90968496,0.909640236379578,0.911109597457831,0.8509291482056329,0.09035976362042197
5352,5,2,0,0.6725802,0.7357263296202243,0.7350607421247225,0.7330760103354866,0.26427367037977567
5353,1,1,1,0.9978517,0.9625275846182006,0.9641738664489798,0.9916498769287184,0.03747241538179935
5354,0,0,1,0.75002116,0.8175171779342465,0.818438228422999,0.7148518794240863,0.1824828220657535
5355,8,8,1,0.9737525,0.9552173917782255,0.9568645811446401,0.9634226864615164,0.04478260822177449
5356,7,7,1,0.93748087,0.9287629563339002,0.9301311316500389,0.9212913326993359,0.07123704366609984
5357,0,0,1,0.9987961,0.9589395219530245,0.9603963786476395,0.9784403669727417,0.041060478046975546
5358,1,1,1,0.998926,0.9528994448216977,0.9545678811083336,0.9888947116748537,0.04710055517830225
5359,6,6,1,0.93472975,0.9047880896398931,0.906048928487993,0.9234549256136877,0.0952119103601069
5360,9,9,1,0.5717295,0.5239032770652856,0.519661145297125,0.4655561648018924,0.4760967229347144
5361,3,3,1,0.89581734,0.9056063518558313,0.9070593386115442,0.8572051731380377,0.09439364814416873
5362,2,2,1,0.9893009,0.9599368004687839,0.9614114524466408,0.983780092082198,0.040063199531216065
5363,7,7,1,0.9242635,0.8923578441207167,0.893351945410059,0.8970971504719226,0.10764215587928327
5364,7,7,1,0.84297806,0.8599371205873766,0.8609156961150922,0.8052376425777064,0.1400628794126234
5365,8,8,1,0.9900933,0.9532262439825802,0.9546271009364302,0.9860660374519458,0.04677375601741984
5366,1,1,1,0.90893614,0.8840873174058222,0.8853123392689644,0.8744042358254694,0.11591268259417775
5367,0,0,1,0.51795214,0.7121888293305357,0.7124740717273411,0.634937016324215,0.28781117066946427
5368,3,3,1,0.9710015,0.9460380913390136,0.9476370447528921,0.9430100758499625,0.05396190866098638
5369,4,2,0,0.8396046,0.8363959396924707,0.837054051328052,0.8277417573360479,0.16360406030752928
5370,6,6,1,0.98758674,0.9159497859242981,0.9173789581143399,0.7747361965207721,0.0840502140757019
5371,7,7,1,0.9549711,0.941463969315989,0.9432218233897116,0.9426684402706905,0.05853603068401103
5372,5,3,0,0.58778167,0.8253321828065179,0.8269546900825946,0.6305353737586579,0.17466781719348212
5373,2,2,1,0.9696461,0.9489166221731435,0.9506806007312155,0.9430316568532845,0.05108337782685646
5374,0,0,1,0.9974981,0.959164290332067,0.9607791284798406,0.9895476485458743,0.04083570966793304
5375,1,1,1,0.99923277,0.9601662954505213,0.9615888277894458,0.9920449923684477,0.039833704549478655
5376,5,5,1,0.7346167,0.7775452891812374,0.778179436786014,0.6829735085536511,0.22245471081876256
5377,5,5,1,0.9447517,0.9364287441831767,0.9381334076356541,0.8867021789848428,0.06357125581682332
5378,1,1,1,0.99979085,0.9611593682665298,0.9626542085289282,0.9932469703094512,0.03884063173347019
5379,4,4,1,0.9310235,0.9185737173310298,0.9200984914761121,0.87015902640959,0.08142628266897023
5380,1,1,1,0.99951994,0.9460058408569262,0.947338996057578,0.9927573271422865,0.05399415914307382
5381,3,3,1,0.9760122,0.9498179817420971,0.9512849104326208,0.9662033011864105,0.050182018257902916
5382,0,0,1,0.99280834,0.9537433458650881,0.9551401660251502,0.9695073490798629,0.04625665413491187
5383,8,8,1,0.99995244,0.9664388381256386,0.9676637282592645,0.9928076010440146,0.03356116187436142
5384,6,6,1,0.96100944,0.945169042847261,0.9468175715255811,0.9472183072984847,0.054830957152739
5385,2,2,1,0.7815749,0.7866780172203498,0.7862966915716958,0.7822826858562528,0.2133219827796502
5386,1,1,1,0.9818557,0.9544282638778248,0.9559180469136397,0.9595236930906756,0.045571736122175244
5387,3,4,0,0.5519299,0.6762355958596726,0.6742325257129046,0.6412277684435728,0.32376440414032737
5388,6,5,0,0.4463063,0.29486414586724574,0.28798947959173093,0.477880153773918,0.7051358541327543
5389,4,4,1,0.76474816,0.8813304356317444,0.8831913008751064,0.8171780035837978,0.1186695643682556
5390,1,1,1,0.99989545,0.9562359640205415,0.9579452068270687,0.992426816114424,0.04376403597945855
5391,9,9,1,0.88692653,0.8609540604308229,0.8619955362446872,0.755202733394102,0.1390459395691771
5392,0,1,0,0.55929047,0.5987578198016672,0.5963554351338399,0.3333299550488538,0.4012421801983328
5393,4,2,0,0.9290716,0.8588459659365941,0.8599445676619372,0.7333653991122614,0.14115403406340588
5394,1,1,1,0.9999913,0.9534844716712769,0.9547316896184859,0.9926970698276548,0.04651552832872308
5395,0,0,1,0.99913365,0.9564606386297825,0.9579981465298874,0.9901142379834418,0.04353936137021752
5396,1,1,1,0.9982502,0.9813891662604977,0.9823650733565156,0.8698248666766608,0.01861083373950234
5397,9,9,1,0.9995622,0.955515060170493,0.9569611323233581,0.9920919540180065,0.044484939829506964
5398,8,0,0,0.87058157,0.8638693351928982,0.8653114731766481,0.8195403930188774,0.1361306648071018
5399,6,6,1,0.9887692,0.8955180154570748,0.896800364871632,0.6904528687359693,0.10448198454292523
5400,9,9,1,0.9968786,0.9466147088510596,0.9480913546080051,0.9921777902146377,0.05338529114894042
5401,2,0,0,0.7123541,0.8592035282661887,0.860811825826976,0.7506242013216693,0.14079647173381127
5402,4,4,1,0.9782575,0.9407488864711404,0.9423476094645566,0.9578756613444162,0.05925111352885959
5403,7,7,1,0.98743117,0.9499425489701856,0.9515688567395527,0.9753868655112895,0.050057451029814404
5404,2,2,1,0.39246386,0.32361369989554917,0.3178062190197341,0.3643387986343965,0.6763863001044508
5405,2,0,0,0.5209932,0.6966773027513089,0.696536153050755,0.5366651576034038,0.3033226972486911
5406,7,7,1,0.96467054,0.9368757479756861,0.9382928765084202,0.9431094877014999,0.06312425202431393
5407,4,4,1,0.9140176,0.8411629582252813,0.8417137058200843,0.7257925903068285,0.1588370417747187
5408,9,9,1,0.9976084,0.9489792167195917,0.9503860867301408,0.9902892807117776,0.051020783280408266
5409,1,1,1,0.9892442,0.9576103022145059,0.9592100077645559,0.9836677083389168,0.04238969778549406
5410,3,5,0,0.39161214,0.24205700028143276,0.23381072262488684,0.34725574229941686,0.7579429997185673
5411,2,6,0,0.54010105,0.4103524440478286,0.4045035063570109,0.3787613559757547,0.5896475559521714
5412,6,6,1,0.99357396,0.9513040093977431,0.9528836389978309,0.9859395520981944,0.04869599060225693
5413,3,3,1,0.59782517,0.6455367528168889,0.6440956505599663,0.5021549170556052,0.35446324718311106
5414,4,4,1,0.7421219,0.86248456695123,0.8640482495017068,0.7881302750415182,0.13751543304877
5415,4,4,1,0.9981084,0.9553172295685959,0.9567433845071922,0.9924198736182673,0.04468277043140412
5416,9,1,0,0.99828476,0.9701886156217739,0.9714152834457468,0.9921052021310486,0.029811384378226058
5417,4,4,1,0.8026325,0.8523416147227822,0.8535781699559775,0.784203570099232,0.14765838527721775
5418,8,8,1,0.83923966,0.8799725726497147,0.8812453749929211,0.8589564309722827,0.12002742735028527
5419,2,2,1,0.6061166,0.8209554982484837,0.8221740261928215,0.6498967059117817,0.17904450175151632
5420,6,6,1,0.99720335,0.9647708291620771,0.966056216104501,0.9920560085742709,0.035229170837922874
5421,6,6,1,0.9877781,0.9585531533691668,0.9598983129517475,0.9824007943132039,0.0414468466308332
5422,1,1,1,0.99986005,0.9560524632969336,0.9575059760728847,0.9920223514042843,0.04394753670306639
5423,6,6,1,0.99701357,0.9604779798955665,0.9618668091153658,0.9928923435396392,0.03952202010443351
5424,3,3,1,0.9507053,0.9398262809086966,0.9415475804825709,0.9238009335978258,0.060173719091303424
5425,6,6,1,0.92333037,0.9142210662152508,0.915560937830687,0.8933177627482976,0.08577893378474921
5426,5,3,0,0.6298157,0.7778394342484558,0.778911870600313,0.724603829779819,0.2221605657515442
5427,8,8,1,0.99991834,0.9494884445379872,0.9510251924699467,0.9925404884209712,0.0505115554620128
5428,4,4,1,0.91196394,0.9192773749983788,0.9206621157525328,0.901095965720166,0.0807226250016212
5429,6,6,1,0.9994962,0.9488523648859146,0.9504324489335698,0.9916612539090114,0.05114763511408538
5430,7,2,0,0.85940766,0.7172862508951188,0.715562804367563,0.6467477164550689,0.28271374910488123
5431,1,1,1,0.99999464,0.968805862825409,0.9699224397331574,0.9931616677263922,0.031194137174590963
5432,9,9,1,0.99360895,0.9694706753645512,0.9706822940381185,0.9874324006053884,0.030529324635448774
5433,3,5,0,0.6762239,0.7868766905124425,0.7881431189541068,0.76050914500981,0.21312330948755753
5434,6,6,1,0.99051756,0.94656094708231,0.9481651302153706,0.9748388166747687,0.05343905291769002
5435,7,7,1,0.41739896,0.3047188938669553,0.29770340753161645,0.40799133663427456,0.6952811061330447
5436,6,6,1,0.9945082,0.9590281811303709,0.9604291476668351,0.9916716843541556,0.040971818869629084
5437,0,0,1,0.99856645,0.9475080131989053,0.9492274856428833,0.9477145305636272,0.05249198680109468
5438,7,7,1,0.78937227,0.8080342419839243,0.8086043636793342,0.7355537843236623,0.19196575801607574
5439,1,1,1,0.9992167,0.9688637930107993,0.9702180681858587,0.9928361435606975,0.03113620698920072
5440,9,9,1,0.99984515,0.9644751636350234,0.9656867002526658,0.9916739912509349,0.03552483636497661
5441,5,3,0,0.6015297,0.8295236082412651,0.8310291627755118,0.7450445647249616,0.17047639175873486
5442,2,2,1,0.9711403,0.9585605769441908,0.9599073056663581,0.9597455401120628,0.041439423055809166
5443,6,4,0,0.7007134,0.770430729936274,0.7710388443279816,0.6808473632267826,0.22956927006372596
5444,7,7,1,0.86740845,0.8847330141652489,0.8859916306675157,0.8585721691863865,0.11526698583475115
5445,7,7,1,0.95338047,0.9364765306680279,0.937960193149962,0.9061467149936493,0.06352346933197206
5446,6,3,0,0.4350776,0.45690371659177414,0.4520491015561771,0.4299301374969907,0.5430962834082258
5447,5,5,1,0.95552355,0.9436143303945552,0.9451084781987562,0.9321373586671817,0.05638566960544478
5448,9,9,1,0.999767,0.9613571134919686,0.9627725068695211,0.991099944961165,0.03864288650803138
5449,1,1,1,0.9999988,0.9577463308101463,0.9589264613221659,0.9923521211257067,0.04225366918985374
5450,5,3,0,0.5228714,0.46176236020290684,0.456588787260199,0.5661222298226658,0.5382376397970932
5451,6,6,1,0.9999025,0.9463889008448831,0.947866657167913,0.9896648869141167,0.05361109915511686
5452,0,0,1,0.9924446,0.962911244845784,0.9643056308707492,0.9779709389527576,0.03708875515421595
5453,2,2,1,0.9273391,0.9163969240770179,0.9178653205334328,0.8942805565700511,0.0836030759229821
5454,0,0,1,0.72482544,0.8570437570955294,0.8586341378974378,0.7671830659703573,0.14295624290447062
5455,9,1,0,0.9108707,0.8861253444578561,0.8870172508236748,0.8673091625515907,0.11387465554214393
5456,1,1,1,0.8401749,0.8040964235421619,0.8042161975670303,0.663640548981352,0.19590357645783807
5457,8,8,1,0.9998864,0.9568988679064864,0.9582918420487266,0.9923890089181951,0.04310113209351363
5458,3,6,0,0.5682995,0.5236875050603673,0.519236890959973,0.5752307876988123,0.4763124949396327
5459,5,5,1,0.8914417,0.9159146149019524,0.9176668166039746,0.8384878267176467,0.08408538509804764
5460,0,3,0,0.6129057,0.6537120695920359,0.6510222754238787,0.626455478594769,0.34628793040796413
5461,0,0,1,0.74328077,0.7652664323499222,0.764602569031332,0.694523339060525,0.2347335676500778
5462,0,0,1,0.9823721,0.9489533598345258,0.9505254852856588,0.9648170200299024,0.05104664016547422
5463,5,5,1,0.6955673,0.794827267610125,0.7960355461017793,0.764408134830118,0.205172732389875
5464,7,7,1,0.90648603,0.9131271442554297,0.9147334011936316,0.8535445816276384,0.08687285574457027
5465,7,7,1,0.99476564,0.9548607766130521,0.9563565804007251,0.9870286427209587,0.04513922338694787
5466,8,2,0,0.3881444,0.4117637284386861,0.40676225616902806,0.4228617406246944,0.5882362715613139
5467,5,5,1,0.7146482,0.6914410545682188,0.6898414236561672,0.7103709926927807,0.3085589454317812
5468,5,3,0,0.60037374,0.6059617606852798,0.6036504419280546,0.5223005354813676,0.39403823931472015
5469,5,3,0,0.6551751,0.8126870910439576,0.8144230417794764,0.7123041884146059,0.18731290895604236
5470,1,1,1,0.9999589,0.9534900234987067,0.9550253155331786,0.9928823045648624,0.04650997650129329
5471,6,6,1,0.9750845,0.9554447561683123,0.9569289733314695,0.9634167955186412,0.04455524383168774
5472,1,1,1,0.99982786,0.9537873292527372,0.9550872042812866,0.9918008188483516,0.04621267074726276
5473,5,5,1,0.9605365,0.9299376482735806,0.9319269949247633,0.9001616413233117,0.07006235172641939
5474,1,1,1,0.99987245,0.9643471900242888,0.9660006174291336,0.9890268370628721,0.035652809975711186
5475,0,0,1,0.99766123,0.9628199723129389,0.9640537687697746,0.9843945559686786,0.03718002768706108
5476,6,6,1,0.98320687,0.9550159572274481,0.956638639790408,0.9719859507796731,0.04498404277255186
5477,2,0,0,0.7248869,0.7726985210369256,0.7728405063109456,0.6434745762381566,0.2273014789630744
5478,3,3,1,0.99791545,0.9429205030431241,0.9446107315284027,0.9908371772307113,0.057079496956875864
5479,2,2,1,0.98406255,0.9471120278876027,0.9487244529837158,0.9435237762151821,0.052887972112397263
5480,1,1,1,0.99985194,0.9514126067794919,0.9528067536424201,0.993309524468253,0.04858739322050809
5481,7,2,0,0.27158827,0.19529312456106837,0.1887502618152391,0.2685590050359287,0.8047068754389316
5482,5,7,0,0.40360555,0.21526586674276516,0.2082786930421147,0.36542731334392253,0.7847341332572348
5483,1,1,1,0.99932575,0.9603452485092678,0.9618047382021054,0.9935823306461482,0.039654751490732165
5484,9,9,1,0.99993193,0.938122462173388,0.93957629460574,0.9916390193218605,0.061877537826611984
5485,8,8,1,0.6542293,0.7852603184413244,0.7864773707283778,0.6455805985674633,0.21473968155867562
5486,3,3,1,0.5239723,0.6060583936036109,0.6036801126726347,0.6182722959279318,0.3939416063963891
5487,6,6,1,0.29576078,0.22139407321071386,0.21387160706626032,0.40292720765507944,0.7786059267892862
5488,9,9,1,0.94757545,0.9358051082852207,0.9372527997230037,0.9258819591967097,0.06419489171477932
5489,7,2,0,0.36101684,0.29212541283663185,0.28498529723671306,0.4321475762418452,0.7078745871633682
5490,3,3,1,0.7390706,0.8737015401132371,0.875616610370138,0.7509577360215686,0.12629845988676291
5491,0,0,1,0.9916733,0.9583517468682746,0.9596869760979179,0.9796416462574649,0.04164825313172538
5492,2,2,1,0.986047,0.9297017569259752,0.9310660631334554,0.9465194655716531,0.07029824307402477
5493,3,3,1,0.41966754,0.4516592792748093,0.4468929432867279,0.5227898063526987,0.5483407207251907
5494,9,9,1,0.99989116,0.9548939949185872,0.956290740557938,0.991867602572112,0.045106005081412825
5495,4,4,1,0.9884509,0.9590751690259729,0.9607311926405174,0.9801839500786833,0.040924830974027104
5496,4,4,1,0.719535,0.6477475030594291,0.6461947875586791,0.667838168317175,0.3522524969405709
5497,3,3,1,0.94648033,0.9457165723913562,0.9472702765674595,0.8923762671610221,0.0542834276086438
5498,9,9,1,0.9310931,0.9453345382803034,0.9467126124374999,0.914847274974986,0.05466546171969655
5499,6,6,1,0.9901101,0.9453270803310015,0.9470717913074043,0.9808650596145434,0.054672919668998454
5500,8,8,1,0.98615557,0.9512849950204589,0.9528384693885474,0.9796954592673686,0.048715004979541066
5501,6,6,1,0.9894332,0.9542917589908203,0.9558588017502011,0.9836272324591542,0.045708241009179695
5502,6,6,1,0.998445,0.9607986529157522,0.9623338549982492,0.9909408361171416,0.03920134708424783
5503,8,8,1,0.9937994,0.9528735176478822,0.9544820807125493,0.9712677935770063,0.047126482352117804
5504,5,5,1,0.6757428,0.3975956712919608,0.3913959389719402,0.5192945558665342,0.6024043287080392
5505,4,4,1,0.97871345,0.9394676419403352,0.9411658217862829,0.9406503279978803,0.06053235805966484
5506,3,4,0,0.6759547,0.7097066927723577,0.7088743366101556,0.7491744752060615,0.29029330722764235
5507,6,6,1,0.9975352,0.9611329703104886,0.9626531424166711,0.9917489384902293,0.03886702968951139
5508,7,7,1,0.5562992,0.31743052473408645,0.3102668231985033,0.4386190825676601,0.6825694752659135
5509,7,7,1,0.8460657,0.8674461090638736,0.8684167976100106,0.8392887400903103,0.13255389093612635
5510,4,4,1,0.98479,0.9538334531534887,0.9554253895014693,0.9698191081988979,0.046166546846511336
5511,3,6,0,0.99873084,0.9475541455788685,0.9491488753719179,0.9908765353916607,0.05244585442113148
5512,9,9,1,0.9013199,0.9159702270496837,0.9175725327036696,0.8534133889542953,0.08402977295031633
5513,6,6,1,0.99934405,0.9598348940425646,0.9610822213840262,0.9836273016941639,0.04016510595743539
5514,2,2,1,0.8120527,0.8602110290510284,0.8617353503793149,0.8362976631189682,0.13978897094897158
5515,4,4,1,0.98815656,0.956005535258021,0.9573388847168909,0.9756103147250412,0.04399446474197899
5516,0,0,1,0.966606,0.9294755645837824,0.9309344589830408,0.9406090204407295,0.07052443541621756
5517,1,4,0,0.1781634,0.040827185535093,0.03730124356273053,0.2340741398543751,0.959172814464907
5518,3,3,1,0.43418995,0.6673201428001334,0.6672581979605678,0.6312112509993109,0.3326798571998666
5519,6,6,1,0.9961409,0.9549091636851859,0.956420301290991,0.9923956948839823,0.04509083631481414
5520,4,4,1,0.92247254,0.9247527233484767,0.9264596931040728,0.9086191272644975,0.07524727665152331
5521,9,9,1,0.8241091,0.9395166834804044,0.9416896068719316,0.8493466169140642,0.0604833165195956
5522,2,2,1,0.87665087,0.8689638526236857,0.8702573256026029,0.8319414371328228,0.1310361473763143
5523,6,6,1,0.989394,0.9415312861938508,0.9431025402603275,0.9821523550807975,0.05846871380614915
5524,0,0,1,0.9996006,0.966497228465274,0.9678417491430462,0.9914663554646107,0.03350277153472603
5525,3,0,0,0.9525162,0.9341833168335881,0.9356289880426034,0.9351754855596026,0.06581668316641187
5526,8,8,1,0.997682,0.9600462463034791,0.961484066929428,0.992131515090268,0.03995375369652088
5527,7,7,1,0.99889886,0.9574504125012636,0.9590352918571708,0.9860234737505751,0.042549587498736385
5528,5,5,1,0.9923814,0.9576701309781328,0.9590697933798157,0.9860632152033858,0.042329869021867195
5529,3,3,1,0.88701665,0.7922832372501072,0.79137975136975,0.5538949712711232,0.2077167627498928
5530,3,2,0,0.6456051,0.6066502951747689,0.6035919655881247,0.6095059095066433,0.39334970482523113
5531,8,0,0,0.8525951,0.886641860987619,0.887978064529742,0.820306741090495,0.11335813901238101
5532,3,3,1,0.6483291,0.7067747881997735,0.7062748648261461,0.7249991588131458,0.29322521180022654
5533,2,0,0,0.92405283,0.92629955312745,0.9277044168312588,0.9260738413071207,0.07370044687254995
5534,6,2,0,0.7619696,0.7561928309276171,0.7556445529689886,0.7107177177241464,0.24380716907238287
5535,3,3,1,0.9676865,0.9474288075988943,0.9489249641696096,0.9343363327090217,0.05257119240110575
5536,6,6,1,0.9931772,0.9556362003173975,0.9571951180049783,0.9848707590221794,0.04436379968260251
5537,2,5,0,0.8478733,0.8863117512842041,0.8885829293804475,0.8443745011146642,0.11368824871579586
5538,7,7,1,0.8950839,0.8720274648757649,0.8731404103654252,0.8001883264862458,0.12797253512423512
5539,4,4,1,0.6126686,0.7732016960289242,0.7739387929373838,0.61491709726885,0.2267983039710758
5540,5,5,1,0.622003,0.785088548389256,0.7860297375990759,0.7122076949268336,0.214911451610744
5541,7,7,1,0.9985398,0.9533533114463731,0.9547405947955683,0.9923062911470473,0.04664668855362686
5542,9,9,1,0.9998323,0.9583438356138885,0.9597833036614472,0.9908623542234206,0.04165616438611153
5543,0,0,1,0.9966858,0.952068843075389,0.9536442786016697,0.9909352952794758,0.04793115692461103
5544,0,0,1,0.85183793,0.8255444950363531,0.826128804616002,0.7947415163318845,0.17445550496364692
5545,6,6,1,0.974842,0.9550460910095626,0.9563885237573139,0.9209411084376881,0.044953908990437386
5546,7,7,1,0.99486274,0.9594606688938434,0.9609285774804012,0.9917222452095648,0.040539331106156595
5547,2,2,1,0.4888169,0.45081709755664034,0.4451924959751896,0.45832908673254735,0.5491829024433597
5548,8,2,0,0.53180826,0.7112874331879997,0.7110056345551029,0.6078824571533578,0.2887125668120003
5549,5,5,1,0.5496631,0.5827889372581583,0.580809104152372,0.6172167027486768,0.4172110627418417
5550,5,5,1,0.7437934,0.8676563387691086,0.8690655829223216,0.7871842173773878,0.13234366123089136
5551,7,7,1,0.4673864,0.24238656322811925,0.23303923880166225,0.41824854094456454,0.7576134367718808
5552,5,5,1,0.6192279,0.720625180785329,0.7193431727066555,0.6910099662069858,0.279374819214671
5553,5,5,1,0.96431524,0.9413567533519315,0.9432162770962744,0.9444104082747128,0.058643246648068525
5554,9,9,1,0.8981392,0.872236143505947,0.8732178544301334,0.8276745557126621,0.12776385649405297
5555,4,4,1,0.96691316,0.9057566597049374,0.9072540430442917,0.9196097805326353,0.09424334029506265
5556,6,6,1,0.9777079,0.9570681204213107,0.9585429152010899,0.9713079142643909,0.04293187957868927
5557,4,4,1,0.79856503,0.8485261644834509,0.8495417255635584,0.7673605204642959,0.15147383551654914
5558,7,5,0,0.38257793,0.23917045751933513,0.2319786848055092,0.3342843023139387,0.7608295424806648
5559,3,2,0,0.98548245,0.9515008829652128,0.9531452683661114,0.9552941494612027,0.048499117034787154
5560,3,3,1,0.46068746,0.633385714960613,0.633338942305591,0.6661547249926747,0.366614285039387
5561,6,6,1,0.9876508,0.9340588228443651,0.935419286866319,0.9822248668935264,0.06594117715563486
5562,4,4,1,0.77470696,0.7951615592053326,0.7957951067895463,0.6935937174973498,0.2048384407946674
5563,1,1,1,0.81102496,0.8026745563460563,0.8023518528506225,0.765667176816019,0.19732544365394367
5564,6,6,1,0.9711043,0.943779617835097,0.9452993224730628,0.9435809149593422,0.05622038216490299
5565,3,3,1,0.38993853,0.5386918264391456,0.5363665140063145,0.47033308097360305,0.4613081735608544
5566,1,1,1,0.99996984,0.9531573605812135,0.9547358859394194,0.9928828063385005,0.046842639418786525
5567,6,6,1,0.99481213,0.9427565764795303,0.9442651283616158,0.9904973576118422,0.05724342352046974
5568,7,7,1,0.99666876,0.9606994789556449,0.962118177675139,0.9922934952735293,0.03930052104435511
5569,0,0,1,0.991074,0.9585127398803331,0.9600400478388383,0.9847990537385108,0.04148726011966686
5570,5,5,1,0.7790552,0.8212260696171633,0.8214604905277375,0.7799355017160785,0.17877393038283673
5571,0,0,1,0.88408136,0.894460013986629,0.8955989409247588,0.8353738507972368,0.105539986013371
5572,1,1,1,0.9817956,0.9551408805768054,0.9564937155021126,0.9527439223415257,0.04485911942319465
5573,9,9,1,0.48993972,0.39260767952599945,0.38514281551025503,0.5838282368767148,0.6073923204740006
5574,7,7,1,0.99983,0.9505347022814645,0.9519655313258395,0.9869992309562526,0.04946529771853547
5575,3,3,1,0.8702443,0.8997811710986758,0.9015026869079653,0.8673886091568299,0.10021882890132416
5576,5,5,1,0.83622444,0.8896249418705062,0.8911795503511819,0.8598857658738571,0.11037505812949377
5577,2,2,1,0.9940843,0.9618218026428178,0.963373417287736,0.984978779246618,0.0381781973571822
5578,3,3,1,0.5622191,0.6009250567547288,0.5990766300065542,0.5590137278996128,0.39907494324527115
5579,9,9,1,0.98518836,0.9507821749495017,0.9521227353064159,0.9745317905216432,0.04921782505049832
5580,5,3,0,0.4417193,0.2163127325014293,0.20917655989793738,0.5294027315139711,0.7836872674985706
5581,6,3,0,0.8019375,0.8164564957073306,0.8166000321436402,0.7462413648404187,0.1835435042926694
5582,4,2,0,0.7354741,0.7051768983485506,0.7043861576570609,0.7047503421095445,0.2948231016514494
5583,0,0,1,0.99992335,0.9481241994862654,0.9494578883725574,0.9866019321056534,0.05187580051373464
5584,0,0,1,0.9998747,0.958327147774833,0.9596593560845594,0.9898823894596379,0.041672852225167034
5585,0,0,1,0.6920094,0.8744190107832714,0.8760883128098431,0.7673703351070006,0.12558098921672856
5586,8,8,1,0.9645318,0.9404848456578165,0.9421464876514392,0.9445767461756871,0.05951515434218346
5587,0,0,1,0.9980848,0.9559977873711066,0.9575681775141455,0.9803298532629118,0.04400221262889337
5588,3,3,1,0.5815681,0.5532963385521839,0.5495022190876143,0.5742785442119497,0.44670366144781615
5589,2,2,1,0.9998337,0.9382635198484779,0.939747532844895,0.9888482301306278,0.06173648015152211
5590,4,4,1,0.9620759,0.9091313391614506,0.9104921038780196,0.9413134762764943,0.09086866083854939
5591,5,3,0,0.61156833,0.49367620046774957,0.4885260836323249,0.5264972326129902,0.5063237995322505
5592,3,3,1,0.92562294,0.9311512867595242,0.9329181512776975,0.9155068445005647,0.06884871324047581
5593,7,7,1,0.9895893,0.9616762015721478,0.9631927046939942,0.9824065612386286,0.03832379842785216
5594,9,9,1,0.999368,0.9601652205511101,0.961565144564622,0.9907915926174682,0.03983477944888991
5595,6,6,1,0.9660364,0.937766384348725,0.9394351750811449,0.9376384728767424,0.062233615651275054
5596,9,9,1,0.99893755,0.9672085328824872,0.9687012001491153,0.9920297704079918,0.032791467117512796
5597,3,3,1,0.6760467,0.7133846393321928,0.7125179961399837,0.7137846177300874,0.28661536066780724
5598,1,1,1,0.99772125,0.9757484089905134,0.976831254393432,0.969279814392213,0.024251591009486595
5599,2,2,1,0.9966762,0.9586747388172345,0.9602456732992989,0.980633081509503,0.04132526118276547
5600,6,6,1,0.49361008,0.519257867709403,0.5148986532546524,0.5409180284955495,0.48074213229059704
5601,7,7,1,0.68977386,0.5840724071751282,0.5812791626872068,0.6871954833197194,0.4159275928248718
5602,4,4,1,0.9911664,0.942629866577575,0.9443110496518992,0.9797031184968329,0.05737013342242503
5603,5,4,0,0.5908066,0.7769768138280984,0.7773846634405422,0.6703166930861832,0.22302318617190164
5604,1,1,1,0.9999578,0.9465014389393813,0.9479857653831362,0.9934566578233361,0.05349856106061868
5605,3,3,1,0.550711,0.3212009084446686,0.31501008289220533,0.5482610436233393,0.6787990915553315
5606,7,7,1,0.90105504,0.9019438316601157,0.9031068637082557,0.8243256498799728,0.09805616833988429
5607,6,0,0,0.9013703,0.9077170713579978,0.9090771116078122,0.8486295900737811,0.09228292864200216
5608,9,9,1,0.99884284,0.9614054910392967,0.9628175138143561,0.992827940023853,0.03859450896070327
5609,5,3,0,0.5902851,0.47558154445921846,0.47084811091043227,0.5272128005414222,0.5244184555407816
5610,8,6,0,0.34988862,0.12562858803533317,0.11927455084419787,0.22937791635526752,0.8743714119646668
5611,5,5,1,0.6680173,0.6556394141144463,0.6544781868024128,0.6207395136454399,0.34436058588555374
5612,8,8,1,0.9837309,0.9577650618150637,0.959402093987283,0.973514801114625,0.04223493818493629
5613,5,5,1,0.7066051,0.8125360656270825,0.8133643292674421,0.767688808560727,0.18746393437291753
5614,8,8,1,0.9969607,0.9606804732613137,0.9621162070967471,0.9901334879530546,0.03931952673868633
5615,5,5,1,0.91923285,0.9076953034839736,0.9090934994730008,0.8722401101616449,0.09230469651602635
5616,6,6,1,0.99836737,0.9578738688874777,0.9593690916586606,0.9923765028761725,0.04212613111252228
5617,5,5,1,0.82371515,0.8540230097955528,0.8549983905651756,0.8270966474487312,0.1459769902044472
5618,0,0,1,0.9990758,0.9663658475921201,0.9675731098399025,0.9830040733660887,0.033634152407879925
5619,8,8,1,0.99959487,0.953477067544666,0.9547718023971038,0.9925246446805831,0.04652293245533401
5620,3,3,1,0.3952085,0.4508455064483696,0.44687700136843683,0.410871009216898,0.5491544935516304
5621,8,8,1,0.8714888,0.8900925157414756,0.8915483117635329,0.8533561664663725,0.10990748425852437
5622,1,1,1,0.99930024,0.9621346982597789,0.963584942189655,0.9886186003969616,0.03786530174022107
5623,8,8,1,0.9997187,0.9485632564840765,0.9500665370559521,0.9908496064053516,0.05143674351592353
5624,1,1,1,0.9989303,0.9468284359845048,0.9481850108159525,0.9930264997864513,0.053171564015495165
5625,5,5,1,0.8730701,0.888724314001674,0.8899761069654093,0.8660351586970313,0.11127568599832605
5626,0,0,1,0.9669233,0.939130576265612,0.9407737689127101,0.90843380879201,0.06086942373438797
5627,9,9,1,0.9107449,0.927778826508073,0.9293133070164953,0.9065231920202008,0.07222117349192703
5628,8,1,0,0.70645684,0.7821415966886208,0.7828330450719292,0.6514868684713891,0.21785840331137918
5629,6,6,1,0.9012014,0.9135168452434328,0.9151609581832731,0.8450362264261461,0.0864831547565672
5630,3,3,1,0.6776524,0.7287148100788899,0.7289122256444033,0.7467235827695385,0.27128518992111006
5631,6,6,1,0.93507975,0.9092257991440011,0.910649321003858,0.917383266323763,0.09077420085599885
5632,3,5,0,0.842132,0.8897154536380437,0.8907677894337424,0.7631001346410428,0.11028454636195628
5633,4,2,0,0.9063055,0.8618426746588319,0.8631883245115354,0.742797109717847,0.1381573253411681
5634,4,2,0,0.46487635,0.5372636647855162,0.534727458342114,0.5233026164367258,0.46273633521448376
5635,7,4,0,0.6878978,0.5099223090433498,0.5043859229407704,0.3873861423507954,0.4900776909566502
5636,4,4,1,0.9756492,0.9419253895945628,0.9433928835814797,0.9593494988208633,0.058074610405437155
5637,7,2,0,0.7721691,0.8147896739799816,0.815051139226002,0.7369091967135469,0.1852103260200184
5638,4,4,1,0.967475,0.9430267035690338,0.9446796587652982,0.9333338284290597,0.05697329643096616
5639,3,2,0,0.91000736,0.8629975391941702,0.8640494261884561,0.7411013788791411,0.13700246080582978
5640,2,2,1,0.41186085,0.49011630158422664,0.4861570746383501,0.46670616662985237,0.5098836984157733
5641,4,4,1,0.9605374,0.9426253419132358,0.9442324760731888,0.9463276591919932,0.05737465808676423
5642,5,4,0,0.9949302,0.9613370073350153,0.9626843412825274,0.9904697276604896,0.03866299266498474
5643,5,5,1,0.9503055,0.9321477484008917,0.9334743154093349,0.9281132747605615,0.06785225159910835
5644,7,7,1,0.69449157,0.7316391654532464,0.7304810878123814,0.7096240688776738,0.26836083454675363
5645,5,3,0,0.7284441,0.6506834247074433,0.6466747996433149,0.6937434252883616,0.34931657529255666
5646,4,0,0,0.9491824,0.9323509323827659,0.9339200185039506,0.9310860958628869,0.0676490676172341
5647,5,3,0,0.6084826,0.6146220092295392,0.6112071804723951,0.5987419208159185,0.38537799077046075
5648,8,8,1,0.99124193,0.9550079945145231,0.95670763771889,0.9841154874143281,0.04499200548547688
5649,0,0,1,0.7199344,0.8353414514479368,0.8367594010948659,0.7132979189430146,0.1646585485520632
5650,5,5,1,0.9626108,0.9401276145294697,0.9417051225633136,0.9172171720654361,0.05987238547053031
5651,4,4,1,0.9982614,0.9585681351420382,0.9601808557148968,0.9901773539244141,0.0414318648579618
5652,0,0,1,0.9828173,0.9555130022975462,0.9569235043980889,0.9629186640155516,0.04448699770245379
5653,5,5,1,0.99101675,0.9594560212084382,0.9608949000348292,0.9854182489458352,0.0405439787915618
5654,4,2,0,0.7041204,0.6671137038210266,0.6656661366230265,0.5969126622904355,0.33288629617897336
5655,3,3,1,0.6276532,0.8261806683987578,0.8277440942808151,0.6864202935600706,0.1738193316012422
5656,3,3,1,0.5994639,0.5813572356629905,0.5785814220694244,0.5904781006235787,0.41864276433700953
5657,2,2,1,0.8332598,0.8352627500132137,0.8359623474418364,0.8224077784066668,0.1647372499867863
5658,4,2,0,0.5867107,0.667696811208251,0.6666163357058739,0.5995768742722365,0.332303188791749
5659,2,2,1,0.6528785,0.669536611808791,0.6680353734234997,0.65685137722159,0.330463388191209
5660,9,9,1,0.9589394,0.9441554624729243,0.9456166198485477,0.9251330331392583,0.055844537527075744
5661,4,4,1,0.8445,0.8489584287459617,0.8501083782875123,0.8338392075298632,0.15104157125403828
5662,8,8,1,0.89368975,0.8856937806954251,0.886941536987704,0.8588746421827104,0.11430621930457485
5663,8,8,1,0.999977,0.9563793025646644,0.9579503896723917,0.9929133301270311,0.04362069743533559
5664,6,6,1,0.99509996,0.9567556445354942,0.9582389398165989,0.9920677554506857,0.04324435546450578
5665,2,0,0,0.93183655,0.9032412565222077,0.9045679030111435,0.9148775046512214,0.09675874347779234
5666,6,6,1,0.9951267,0.9582347031586899,0.9598101203662563,0.9905559820232149,0.04176529684131014
5667,1,1,1,0.9995585,0.964631000379585,0.9659838299775518,0.9926152578172995,0.035368999620414954
5668,7,7,1,0.99881774,0.9580651496795294,0.9594030253282066,0.9935459123844503,0.04193485032047062
5669,0,0,1,0.9483397,0.9313842717937895,0.9330224398580416,0.9334438602282856,0.06861572820621054
5670,4,4,1,0.8971715,0.8901103080999075,0.8913511990683537,0.8425835376085362,0.10988969190009246
5671,3,3,1,0.9406009,0.9399050947837466,0.9417903353635942,0.8715363652697381,0.06009490521625338
5672,8,8,1,0.9996494,0.9492488769292932,0.9507834513517264,0.9895016939535196,0.05075112307070684
5673,5,5,1,0.97736746,0.9434205798945765,0.9452158622362136,0.9686861998958447,0.056579420105423495
5674,9,9,1,0.9560216,0.934294148986174,0.9359869055207747,0.9334145300650077,0.06570585101382598
5675,7,7,1,0.6272897,0.6023594543116488,0.5991622214618939,0.6208214531209301,0.39764054568835117
5676,6,6,1,0.94511473,0.9262076971464038,0.9278924546820755,0.872947493725576,0.07379230285359617
5677,7,7,1,0.51193947,0.5742230911875525,0.5705358752592552,0.5873187995819538,0.42577690881244745
5678,1,1,1,0.39987862,0.27869424970870804,0.27179365908183467,0.492434493396536,0.721305750291292
5679,0,0,1,0.8331355,0.8281421979933551,0.8287690011129711,0.8128561740773809,0.1718578020066449
5680,2,2,1,0.68199223,0.7893813134177959,0.7896425430648027,0.773221244129102,0.21061868658220406
5681,3,3,1,0.8548922,0.8727406795938897,0.8740831889397258,0.8661350793885212,0.12725932040611032
5682,5,3,0,0.7549223,0.7836857893834864,0.7837336884056753,0.7826325203461023,0.21631421061651357
5683,6,6,1,0.9884477,0.9578249381553536,0.9591089538986883,0.9816330336290235,0.04217506184464637
5684,7,7,1,0.9885622,0.9288305409587059,0.9302686241256721,0.964234981609268,0.07116945904129413
5685,1,1,1,0.9999677,0.9321469127765832,0.9332623968579359,0.9925233257469743,0.06785308722341676
5686,6,6,1,0.974466,0.9460531578075457,0.9476494719571877,0.930560304513309,0.05394684219245427
5687,2,2,1,0.87527186,0.8805984198964237,0.8819281868991811,0.8196687342831654,0.11940158010357627
5688,8,8,1,0.99828255,0.9537621699982164,0.9552352746079342,0.9897139507272134,0.04623783000178361
5689,3,3,1,0.98721725,0.9560408532452088,0.9575097567696513,0.9754778133828388,0.04395914675479118
5690,7,4,0,0.8281043,0.8627828487211925,0.8638018769263949,0.8464990149616951,0.13721715127880751
5691,2,2,1,0.9934187,0.9585884028023519,0.9601992125577653,0.9860390733433428,0.04141159719764809
5692,5,5,1,0.957214,0.9417339094108437,0.9436533341725006,0.9192730352849223,0.05826609058915633
5693,7,7,1,0.8083429,0.8647302025758175,0.8658998375198294,0.7960433538354674,0.13526979742418255
5694,5,5,1,0.61787874,0.6803977570273119,0.6779661703264895,0.6111517791561111,0.31960224297268813
5695,7,7,1,0.654081,0.5786854046041773,0.5745855947252646,0.35671257318575317,0.4213145953958227
5696,7,7,1,0.9068054,0.9418010198647279,0.9437207483936488,0.8331381187515937,0.05819898013527214
5697,1,1,1,0.99988246,0.960202501191287,0.9617960298410797,0.9891907298233518,0.03979749880871297
5698,7,7,1,0.79561,0.8068693309942361,0.8067679602324316,0.7455205337617253,0.19313066900576392
5699,4,4,1,0.9990715,0.9431503563350832,0.9445770639981554,0.992077716983612,0.05684964366491685
5700,3,5,0,0.61864096,0.664212426847391,0.662675665036456,0.6085803056451088,0.335787573152609
5701,3,3,1,0.82849526,0.8977878322343985,0.8995067562404814,0.8660171310948226,0.10221216776560149
5702,4,4,1,0.98460084,0.9396744413074269,0.941291599985002,0.9488975472870042,0.060325558692573056
5703,0,0,1,0.82401156,0.8576807208050626,0.858283464714112,0.8328418591572202,0.14231927919493736
5704,4,4,1,0.97657835,0.9534938532813616,0.9549896267151181,0.9679586348711284,0.0465061467186384
5705,2,2,1,0.96951294,0.9397164389040864,0.9412860978476867,0.9357833871740511,0.060283561095913596
5706,7,7,1,0.9949057,0.9413392770507498,0.9429195707814075,0.9921597499359828,0.05866072294925018
5707,0,0,1,0.99816257,0.94598254675155,0.947444170790883,0.9835741968892965,0.054017453248449976
5708,2,2,1,0.6016577,0.3112757269989812,0.3032131349333322,0.31184536586720724,0.6887242730010188
5709,2,2,1,0.33615586,0.3833141187119603,0.37783943866103364,0.5565128214348312,0.6166858812880397
5710,6,6,1,0.99632543,0.9629516396648434,0.9643105679784726,0.9922468936472468,0.03704836033515657
5711,6,6,1,0.995419,0.9436616948476452,0.9450794482434987,0.9928300312907061,0.05633830515235483
5712,2,2,1,0.99985075,0.9556161839318034,0.9571413303264185,0.9893048734091081,0.044383816068196635
5713,5,5,1,0.9018903,0.9197651812804365,0.9216002382879029,0.8608827715482839,0.0802348187195635
5714,2,2,1,0.6634566,0.6589120087486694,0.6567151710780275,0.5687634995247214,0.3410879912513306
5715,6,6,1,0.99692696,0.9640565133616285,0.9657962935911543,0.9830846970145842,0.03594348663837155
5716,0,0,1,0.98501277,0.9155842217405462,0.9170715953869435,0.9547186265265217,0.08441577825945379
5717,6,6,1,0.7312121,0.8297197430213339,0.8306445753739395,0.7757958596691273,0.1702802569786661
5718,1,1,1,0.86349297,0.864019056625726,0.8647850585510974,0.8271822892417116,0.13598094337427402
5719,2,2,1,0.9228888,0.9230025990936428,0.9245580538362917,0.899344126417204,0.0769974009063572
5720,9,9,1,0.99903286,0.9632328311594145,0.9645426294987094,0.9918708952821855,0.03676716884058551
5721,0,0,1,0.96918875,0.9281794032359606,0.9297098244849504,0.9274711134999356,0.0718205967640394
5722,0,0,1,0.98299086,0.9451463365389934,0.9466294804121778,0.974719596327453,0.05485366346100662
5723,1,1,1,0.99846965,0.9620273632894338,0.9637092765591592,0.9910752812760895,0.037972636710566166
5724,5,3,0,0.6050385,0.6290335396063795,0.6269504038134186,0.5995592217449621,0.37096646039362047
5725,5,5,1,0.9785719,0.9513299678923431,0.952982248597508,0.9687658534367206,0.04867003210765686
5726,1,1,1,0.99601054,0.9551366392615492,0.9566249641988304,0.9885891886322556,0.044863360738450764
5727,6,6,1,0.7202265,0.7269175774925095,0.7260871861953638,0.6827535619301345,0.2730824225074905
5728,7,7,1,0.98894334,0.9604723753927971,0.9618073075971894,0.9831998518183929,0.03952762460720294
5729,8,8,1,0.45257294,0.33821882752799437,0.3318424766135553,0.30070127423163184,0.6617811724720056
5730,5,4,0,0.93575567,0.9131130054329182,0.9144757023699154,0.8876983459013039,0.08688699456708182
5731,6,6,1,0.99536383,0.9556850274153937,0.9569931068808961,0.9849326299917602,0.04431497258460626
5732,3,3,1,0.581051,0.37539992287548124,0.368474431336521,0.45162844130164936,0.6246000771245188
5733,3,3,1,0.5249502,0.4767886979710211,0.47268710908163747,0.45577764569667173,0.5232113020289789
5734,6,6,1,0.4475301,0.5141722626842133,0.5104133062998435,0.568770203117209,0.48582773731578666
5735,0,0,1,0.9952533,0.9602736870171148,0.9617231311948907,0.987001815583272,0.039726312982885204
5736,9,9,1,0.98294467,0.9539469306820235,0.9555868415556728,0.9631406912489155,0.04605306931797648
5737,9,9,1,0.99994826,0.9646422044724566,0.965870434607598,0.9916883368422741,0.03535779552754337
5738,2,2,1,0.998998,0.954439335799299,0.9559973064283956,0.9870553239774488,0.04556066420070104
5739,2,2,1,0.9477277,0.9303087202566915,0.9319201036714524,0.8995319914258998,0.06969127974330847
5740,6,6,1,0.98747665,0.9542386049155486,0.9558496491699221,0.9804926874132203,0.04576139508445143
5741,1,1,1,0.9972976,0.9624891927981354,0.9637925587735566,0.9917114746000292,0.037510807201864615
5742,4,4,1,0.8989801,0.8250343935233712,0.8255100781795148,0.7468932176995295,0.17496560647662884
5743,6,6,1,0.99086386,0.9507310722491564,0.9525606673311201,0.9850408119565007,0.04926892775084357
5744,2,2,1,0.99269557,0.9499795325479979,0.9512993595739093,0.9762029387415286,0.05002046745200206
5745,5,5,1,0.49184325,0.46826464613569563,0.4641463707634852,0.5007533064011203,0.5317353538643044
5746,7,7,1,0.9200411,0.9200251467064258,0.9214237631612154,0.8762577081206302,0.07997485329357423
5747,8,0,0,0.97330904,0.9217318979828815,0.9232747513052046,0.94627824336652,0.07826810201711853
5748,8,8,1,0.9983954,0.9633543275380296,0.9646846735332255,0.9930372924490335,0.03664567246197037
5749,5,3,0,0.7383562,0.8738652603603718,0.875518227510296,0.8049790251114675,0.12613473963962818
5750,6,6,1,0.9961881,0.958915112069894,0.9604688680866117,0.9923411929506857,0.04108488793010601
5751,4,4,1,0.6137499,0.6096890396184205,0.6068394649339592,0.6543506934332751,0.39031096038157953
5752,3,3,1,0.7258766,0.6832222009060154,0.6808596107245636,0.7065986112184506,0.3167777990939846
5753,2,2,1,0.9941743,0.9503911617263954,0.9518593591472281,0.9795768726230907,0.04960883827360463
5754,3,3,1,0.8397072,0.904815173016674,0.9067397993459752,0.8543157425327853,0.09518482698332598
5755,4,4,1,0.3806309,0.56589587570768,0.564172462102672,0.5413692126180413,0.43410412429232004
5756,4,4,1,0.99951446,0.9367109621851608,0.9381324959252285,0.9926088670648623,0.06328903781483919
5757,4,4,1,0.9964384,0.9414591594888311,0.9430263303336566,0.9842789041107174,0.05854084051116892
5758,8,8,1,0.9997832,0.9564313901374039,0.9580439909701818,0.9919161123079738,0.04356860986259614
5759,9,9,1,0.8813534,0.9262028974037445,0.9276906629473468,0.8562838109315031,0.07379710259625549
5760,2,2,1,0.9429667,0.9006541745549912,0.9020059874364805,0.9262322368934275,0.0993458254450088
5761,6,6,1,0.9949822,0.9356661902605701,0.9373227229773142,0.99132924422019,0.06433380973942993
5762,0,0,1,0.99587137,0.9559866800920348,0.95752338326491,0.9892855347805682,0.0440133199079652
5763,9,0,0,0.92590666,0.9303338004942343,0.9316833582681201,0.891810185297611,0.06966619950576569
5764,7,7,1,0.98896956,0.9604232701082754,0.9619321160541251,0.9716840914316875,0.03957672989172456
5765,9,9,1,0.9977259,0.9674258683737985,0.9687779308993898,0.9920101954829424,0.032574131626201486
5766,8,8,1,0.98758066,0.9549584406129551,0.9563449560273822,0.9818384364508245,0.045041559387044905
5767,7,7,1,0.8945743,0.9073149564771363,0.9086691864448255,0.8635751593634258,0.09268504352286366
5768,7,7,1,0.77835566,0.8695231289088585,0.8707321301579009,0.8204109258372005,0.13047687109114148
5769,3,3,1,0.9785806,0.9489583295188272,0.9505189083599166,0.9654625204264853,0.05104167048117281
5770,8,8,1,0.9999709,0.9574171121548278,0.9589581699650267,0.9912598204883372,0.04258288784517217
5771,2,2,1,0.86325437,0.9009221654120262,0.9027328357661987,0.8426560840384955,0.09907783458797381
5772,9,9,1,0.9993241,0.9515372308030067,0.9529686815126641,0.9921676765200094,0.04846276919699333
5773,3,3,1,0.509426,0.5827477815132057,0.5811241194715094,0.5324203105852124,0.4172522184867943
5774,5,3,0,0.32388592,0.20161379334541332,0.19446635050769875,0.43212011059221395,0.7983862066545867
5775,7,7,1,0.9507009,0.9108831472373854,0.9122839774731296,0.9390173002655814,0.0891168527626146
5776,5,5,1,0.971962,0.9567022682028714,0.9580450981083631,0.9487971605229943,0.04329773179712859
5777,8,8,1,0.9994677,0.9644761104908841,0.9660759838020764,0.9756139017681389,0.03552388950911589
5778,7,7,1,0.9960056,0.9483217634891611,0.9497014792831165,0.9935995934053428,0.051678236510838915
5779,3,3,1,0.8758965,0.8701761599077582,0.8711094314381352,0.8679183365796541,0.1298238400922418
5780,7,7,1,0.9447602,0.9481013542908313,0.9495202155332028,0.9347866071022485,0.05189864570916869
5781,0,0,1,0.92851585,0.9336070625528509,0.9352307059809766,0.9067310289506944,0.06639293744714914
5782,7,5,0,0.4677833,0.6707896701589593,0.6710767172317895,0.57749153434049,0.3292103298410407
5783,1,1,1,0.82074946,0.7855199750235778,0.7858637857997849,0.7195379405871796,0.21448002497642216
5784,6,2,0,0.72080076,0.45893895528777084,0.4525808781220873,0.5120428910991266,0.5410610447122292
5785,2,2,1,0.98557115,0.9348585607856961,0.9363271505276008,0.9691443403443654,0.06514143921430393
5786,4,4,1,0.9919602,0.9612684487196408,0.9628342363948251,0.9846576644053513,0.03873155128035921
5787,0,0,1,0.5183123,0.6544059203989556,0.6530182995149373,0.6475487077510214,0.3455940796010444
5788,0,0,1,0.99990356,0.9501231909167354,0.9517117900626582,0.9845475344228521,0.04987680908326464
5789,2,2,1,0.937144,0.9269668179328535,0.928605133794113,0.924330269873315,0.07303318206714648
5790,9,1,0,0.3877114,0.4787774665404892,0.47399884306294743,0.4978951560111943,0.5212225334595109
5791,8,8,1,0.71981376,0.7625119534295115,0.7624556371057939,0.7078174058026978,0.2374880465704885
5792,2,2,1,0.83481795,0.8820509908287513,0.8835784892721622,0.860995395534649,0.11794900917124873
5793,8,8,1,0.8482139,0.8592470420323327,0.8602237164317381,0.8485390933111638,0.1407529579676673
5794,7,0,0,0.9415064,0.9379077014732108,0.9393345546051094,0.8942576309720437,0.062092298526789214
5795,7,4,0,0.9634592,0.9204496297381531,0.9218788408178906,0.926762707847989,0.07955037026184686
5796,5,5,1,0.9718631,0.9452322528620508,0.946749181714137,0.9469225587566842,0.054767747137949185
5797,5,2,0,0.5842402,0.6232618788752994,0.6212740351524283,0.6037485803753221,0.3767381211247006
5798,0,0,1,0.9981475,0.9641253552701572,0.9656025481667989,0.9871856745224141,0.03587464472984281
5799,1,1,1,0.8508364,0.8686068178150123,0.8693969131749801,0.7748613270853697,0.13139318218498774
5800,2,2,1,0.99903524,0.9447131473161281,0.9461761454874895,0.9926456997329687,0.0552868526838719
5801,9,9,1,0.93711704,0.9429967796801784,0.94433630122397,0.914134894133656,0.057003220319821635
5802,6,2,0,0.5432363,0.4826010228211851,0.4775962647166036,0.4389449295175242,0.5173989771788149
5803,1,1,1,0.9866502,0.9572620410621878,0.9585700193954394,0.9814095226734051,0.04273795893781218
5804,0,0,1,0.9953289,0.9577684069311913,0.9592530420905128,0.9909918374584913,0.04223159306880875
5805,1,1,1,0.9802413,0.9567281703850536,0.9581378414032955,0.970930572432333,0.043271829614946355
5806,0,0,1,0.9896606,0.9026677861773237,0.9040009420903162,0.7159230903133953,0.09733221382267632
5807,6,6,1,0.99887246,0.9602811312642876,0.9618368531880604,0.9924065643322802,0.0397188687357124
5808,5,3,0,0.7400053,0.8806618986253916,0.8826399283347819,0.7673945570844478,0.11933810137460843
5809,0,2,0,0.50557023,0.5170102540202594,0.5138326184937978,0.5580529480062233,0.48298974597974065
5810,5,5,1,0.9809924,0.9450617047365979,0.9466746913898063,0.9468515080502109,0.054938295263402104
5811,7,7,1,0.90774965,0.909932736646839,0.9116243431292641,0.8664891531287346,0.09006726335316095
5812,4,6,0,0.3832707,0.2266194382805561,0.22071475021740464,0.4955811234472053,0.7733805617194439
5813,4,4,1,0.9896253,0.956847403511885,0.9585177350835301,0.9771549412938704,0.04315259648811498
5814,8,0,0,0.85350096,0.8809894107573573,0.8822665800569924,0.8382502111516071,0.11901058924264274
5815,3,3,1,0.29862022,0.4416164113143071,0.43683565384428436,0.5334265070076775,0.5583835886856929
5816,5,5,1,0.82520586,0.8977680492839173,0.8993225056087883,0.870488182694543,0.10223195071608271
5817,3,3,1,0.53936374,0.4036028884087447,0.3968476609270569,0.40792657804869104,0.5963971115912553
5818,7,7,1,0.9975752,0.9582838393592492,0.9597791837024731,0.9920228027510625,0.04171616064075079
5819,2,0,0,0.6410627,0.4051847660541131,0.39896885183472275,0.355750126670548,0.594815233945887
5820,5,5,1,0.7397113,0.8428740910677686,0.8441672235835888,0.7805942164928458,0.15712590893223144
5821,8,8,1,0.6901213,0.5695449750213647,0.5654389883307849,0.5809957124076397,0.4304550249786353
5822,3,3,1,0.9097721,0.8237881700693883,0.8239815424978693,0.7441295849118121,0.17621182993061169
5823,5,5,1,0.9969994,0.9468665722593371,0.9484340813841798,0.9921141405171499,0.053133427740662875
5824,7,7,1,0.91262954,0.9163906057173186,0.9177466643669616,0.8382909771344222,0.08360939428268144
5825,3,3,1,0.59933853,0.8217582270839756,0.8233644582540157,0.6784067281875398,0.1782417729160244
5826,7,5,0,0.38955274,0.267735891629926,0.26119343993047667,0.33784872136370203,0.732264108370074
5827,0,0,1,0.9830089,0.95261616955192,0.9541314268620331,0.9730557231537464,0.04738383044808003
5828,5,5,1,0.9818947,0.9510731912270398,0.9527143285063471,0.9520681927156883,0.048926808772960184
5829,4,4,1,0.995682,0.9576422760037987,0.9591571920249908,0.9909244333558438,0.0423577239962013
5830,5,5,1,0.55903304,0.611502829270467,0.6099924341784904,0.48475513221989275,0.38849717072953305
5831,6,2,0,0.36510018,0.37058542237810166,0.36474765068215753,0.44563109838300463,0.6294145776218983
5832,9,9,1,0.5438536,0.594902313047072,0.5930366320810698,0.6407060976240235,0.405097686952928
5833,3,3,1,0.44927117,0.2191030112023292,0.2116740503239562,0.3405810844809747,0.7808969887976708
5834,5,2,0,0.91615015,0.9111397022171159,0.9127370843917594,0.8935219437398996,0.08886029778288407
5835,3,5,0,0.31921402,0.3818685302629975,0.3752917604957496,0.5471840750974537,0.6181314697370025
5836,8,8,1,0.983769,0.9533009577398696,0.9548077018902739,0.9737943286436377,0.04669904226013044
5837,2,2,1,0.3733028,0.5068861489792265,0.5031046561309775,0.578566426620621,0.49311385102077354
5838,4,1,0,0.43401217,0.4434246452835299,0.43605663784107723,0.5702046596077641,0.5565753547164701
5839,2,6,0,0.5963336,0.633674270431076,0.6311896692038234,0.6438432596112018,0.36632572956892395
5840,2,2,1,0.7753662,0.6834069709508797,0.6825912858924283,0.6351908267535693,0.31659302904912034
5841,6,4,0,0.51752937,0.41166591864212815,0.4057206291269319,0.41994219773909885,0.5883340813578719
5842,7,7,1,0.30110353,0.24878944054849067,0.2411842361989865,0.3825794521026722,0.7512105594515093
5843,6,6,1,0.98943883,0.9588624630927051,0.9603425213416155,0.9855337344555507,0.041137536907294936
5844,0,0,1,0.991891,0.9547623218974841,0.9562275176660575,0.9797989917978382,0.04523767810251589
5845,5,5,1,0.9779587,0.9409888125914729,0.9426448603880172,0.9451015610485421,0.059011187408527066
5846,5,5,1,0.98694557,0.9527460895176709,0.9544381853512689,0.9739031649151597,0.047253910482329076
5847,8,8,1,0.9996954,0.9650788018245141,0.9664197722867902,0.9932717749372348,0.03492119817548589
5848,4,4,1,0.9380262,0.9417827085275793,0.9432025744314172,0.907508549667619,0.05821729147242072
5849,5,5,1,0.6350068,0.5959185089388421,0.5926808809319584,0.600618995546818,0.40408149106115787
5850,6,6,1,0.86092746,0.805224973864231,0.8059074381880945,0.6821811327796878,0.19477502613576902
5851,1,1,1,0.98409307,0.9506365188346587,0.9522482524173371,0.9739442449104384,0.04936348116534128
5852,3,3,1,0.745971,0.7615275016563856,0.7615277066341113,0.7702095229187677,0.2384724983436144
5853,5,5,1,0.8196069,0.8932066577408498,0.8947483951030254,0.8314145377347586,0.10679334225915016
5854,4,4,1,0.78584015,0.4989435972027346,0.49099998980795023,0.4926633457584459,0.5010564027972654
5855,7,7,1,0.5971875,0.35874875814618956,0.3516052656926531,0.4506073821172694,0.6412512418538104
5856,3,5,0,0.691042,0.8104290211760727,0.8115704398253465,0.7264914635665185,0.18957097882392726
5857,0,0,1,0.99912864,0.9535261473824524,0.9550280773916652,0.9823446217320634,0.04647385261754755
5858,7,7,1,0.9629667,0.9510231717970139,0.9524191201037194,0.9273696199143253,0.0489768282029861
5859,2,2,1,0.83383906,0.8190435894486756,0.819616981219593,0.815781701076745,0.1809564105513244
5860,0,0,1,0.9953218,0.9560215766544216,0.957414391749286,0.9925424559592265,0.04397842334557844
5861,1,1,1,0.9917532,0.9507179980483595,0.9522907437306103,0.9849426958402744,0.04928200195164045
5862,2,3,0,0.60463387,0.7216532409289574,0.7223758043957665,0.690338308892349,0.27834675907104256
5863,4,4,1,0.99953413,0.9251697413059133,0.9264826389719967,0.9916463494140598,0.07483025869408666
5864,9,1,0,0.93148506,0.9308108635919373,0.9322628202309968,0.8802546468753545,0.06918913640806268
5865,6,6,1,0.9850197,0.9563290458171785,0.9578499773482188,0.9771056809212294,0.04367095418282152
5866,4,4,1,0.99603575,0.9537923832377533,0.9553928872101004,0.9908453788577003,0.04620761676224672
5867,5,5,1,0.8048903,0.8366789891982039,0.83743066306404,0.787992059796829,0.16332101080179606
5868,9,9,1,0.8833209,0.7950343874774287,0.7951569337053547,0.7248144224540464,0.20496561252257128
5869,7,7,1,0.40928105,0.37354449750650554,0.36787134302164465,0.4268575649941748,0.6264555024934945
5870,7,4,0,0.5570293,0.5434147140650022,0.53957670468764,0.5933731638774247,0.4565852859349978
5871,6,2,0,0.32155842,0.09281015408726019,0.08745333668239608,0.3096360452793177,0.9071898459127398
5872,7,2,0,0.4702058,0.6149328661012561,0.6129256572038191,0.608740011029395,0.3850671338987439
5873,4,4,1,0.632435,0.6670764403986696,0.6654152614810566,0.7243445936823842,0.33292355960133035
5874,3,3,1,0.5381365,0.5401611918222248,0.5374961655236165,0.5660508921035355,0.4598388081777752
5875,1,1,1,0.9986072,0.9672993787293279,0.9686184801870622,0.9873416381730693,0.03270062127067208
5876,6,6,1,0.9952766,0.9640922604194874,0.9656830521072933,0.9906620119064801,0.03590773958051263
5877,9,9,1,0.9999808,0.9457313138516282,0.9471007864153873,0.9936708454862792,0.05426868614837177
5878,4,4,1,0.7932302,0.7646949599416009,0.7648453491245906,0.6795770979338627,0.23530504005839914
5879,8,8,1,0.99757475,0.9598468626649019,0.9615412853348979,0.9918743332783112,0.040153137335098066
5880,0,0,1,0.99965465,0.9597969823025739,0.9613370607820061,0.9913615588191746,0.04020301769742607
5881,3,5,0,0.92743766,0.9329956812841964,0.9346103249108348,0.8973716353335073,0.06700431871580359
5882,1,9,0,0.9491304,0.9283876372938877,0.929627519355182,0.926997132338033,0.07161236270611226
5883,6,6,1,0.63124585,0.546280612614782,0.5424843312414491,0.5868089539799997,0.453719387385218
5884,4,4,1,0.99390775,0.9466946562418272,0.9482264777404026,0.9865126725678115,0.05330534375817275
5885,4,4,1,0.9988212,0.9413875934948017,0.9429043289021108,0.9912870862658173,0.05861240650519828
5886,2,2,1,0.5426259,0.5089179321215488,0.5064305077003697,0.5807103234297594,0.4910820678784512
5887,1,1,1,0.99957556,0.9676544483982775,0.9691057056801239,0.9849770120504681,0.03234555160172248
5888,4,4,1,0.7697177,0.8167635046624276,0.8172784517153511,0.784874576991836,0.18323649533757236
5889,6,2,0,0.7240714,0.7292872716317239,0.7282813039291854,0.5868978933416752,0.2707127283682761
5890,3,2,0,0.8513948,0.7554393947833873,0.7549109848846913,0.6710230704302055,0.24456060521661271
5891,0,0,1,0.99704236,0.9581288355902744,0.9595433039822271,0.9831604507084024,0.0418711644097256
5892,8,8,1,0.9903156,0.949352721157496,0.9509487146424163,0.9842614214615218,0.05064727884250397
5893,9,0,0,0.56968075,0.36839190951714,0.36152162043502983,0.3200905641822462,0.63160809048286
5894,7,3,0,0.4950093,0.23889066434827705,0.2315168845760848,0.44393961156308337,0.7611093356517229
5895,6,6,1,0.9993222,0.9648665139170101,0.9663324455305976,0.9882471351709904,0.03513348608298994
5896,8,1,0,0.7970287,0.8800242372957925,0.8812409181748592,0.8084439394316248,0.11997576270420751
5897,4,4,1,0.98769534,0.9466011459174324,0.9483022245226879,0.9750674060714908,0.053398854082567615
5898,8,8,1,0.99973553,0.952577323289246,0.9540856198608362,0.9925404884209712,0.04742267671075395
5899,1,1,1,0.99957055,0.960575283341299,0.9621305517794985,0.9890194400231924,0.03942471665870095
5900,4,2,0,0.48680973,0.30090197270464414,0.2940258619996432,0.44499668812430143,0.6990980272953559
5901,5,5,1,0.80550134,0.8762737117915238,0.8779429426468244,0.8067225910784853,0.1237262882084762
5902,9,9,1,0.99961853,0.9615308118851816,0.9629733553392151,0.9922176678471479,0.038469188114818365
5903,4,4,1,0.44059083,0.2597317623516314,0.25199266934694,0.3136909285088871,0.7402682376483686
5904,7,7,1,0.9641506,0.9408397447945624,0.9422577574561982,0.9412770088413486,0.05916025520543755
5905,1,1,1,0.9067254,0.9058233649097993,0.9069677054442875,0.8540238561456492,0.09417663509020069
5906,4,4,1,0.9815136,0.9422056860389706,0.9439448033218452,0.9403127797696694,0.05779431396102941
5907,5,5,1,0.48773417,0.593452859091147,0.5916674243052843,0.5959394394230901,0.406547140908853
5908,3,2,0,0.6335777,0.6918145390396506,0.6899406356740744,0.7287599104223002,0.3081854609603494
5909,1,1,1,0.5800859,0.7111440662912374,0.7100872288129709,0.6784276389248913,0.2888559337087626
5910,2,5,0,0.6293521,0.7497288111936112,0.7497292387840246,0.7182006334676367,0.25027118880638877
5911,6,6,1,0.9927073,0.9603812950850802,0.9619396483821827,0.9829083604528437,0.03961870491491981
5912,4,4,1,0.8345604,0.8257103723072685,0.8260861752090751,0.7963856475342064,0.17428962769273149
5913,7,7,1,0.9997782,0.9529146281227568,0.9543395242806355,0.993069085810693,0.047085371877243154
5914,1,1,1,0.61556345,0.7277616396339676,0.7271852471745412,0.6145947368626461,0.27223836036603244
5915,5,3,0,0.848117,0.873791152675499,0.8747672608863155,0.823583233838891,0.126208847324501
5916,9,9,1,0.99933344,0.9590253350148016,0.960313954521412,0.9931148355342257,0.04097466498519842
5917,3,2,0,0.8616896,0.8720107020510399,0.8733362800986842,0.8604368702375967,0.12798929794896008
5918,1,1,1,0.99999857,0.9437026204869046,0.9449739242710653,0.9931884039925112,0.056297379513095436
5919,4,2,0,0.69537765,0.6302344712160017,0.6276191745253408,0.5628586404276145,0.36976552878399827
5920,8,8,1,0.98272485,0.9550639858205031,0.9568124091135821,0.9664931388327063,0.044936014179496886
5921,7,7,1,0.8048877,0.838471753453665,0.8391457867688107,0.8114426714389912,0.16152824654633502
5922,7,7,1,0.8569535,0.8998773211225141,0.9013480523061375,0.8667678622807289,0.10012267887748594
5923,0,0,1,0.8886435,0.873405718373216,0.8743462272757672,0.8289125087625123,0.126594281626784
5924,4,2,0,0.9372088,0.9312035672419089,0.9326214384999244,0.9234542865923966,0.06879643275809111
5925,3,5,0,0.57044446,0.6647877281047417,0.6635539385545117,0.6135434847484829,0.33521227189525826
5926,4,4,1,0.8252743,0.823270364485241,0.8236176634251403,0.8295022014129654,0.17672963551475895
5927,6,2,0,0.6719138,0.7669834251032256,0.7681357465624081,0.5364623660176052,0.2330165748967744
5928,7,7,1,0.76503277,0.7953023807497664,0.7959904838573966,0.7877863019500699,0.20469761925023355
5929,7,7,1,0.9509729,0.9395230593907009,0.9412143801655417,0.9416565330558321,0.06047694060929909
5930,5,2,0,0.8796431,0.9036883781588338,0.9052132475766065,0.8567240009073419,0.09631162184116615
5931,4,4,1,0.965934,0.9457179636140595,0.9473484459391944,0.9467003037581198,0.054282036385940535
5932,4,3,0,0.46216443,0.2839244277887909,0.2776984099003794,0.3990309602396239,0.7160755722112091
5933,4,4,1,0.8234814,0.8560513886791334,0.8574538203829852,0.8356008679263369,0.14394861132086656
5934,3,3,1,0.9398596,0.9377288541706268,0.9391795429308037,0.8974979839058409,0.06227114582937321
5935,6,6,1,0.9957908,0.951603346886872,0.953186831678518,0.9911807075162887,0.04839665311312802
5936,6,6,1,0.9945064,0.9552389078493491,0.956737433349217,0.9918353342140978,0.04476109215065094
5937,1,1,1,0.99960023,0.9668926219943185,0.9681688294438622,0.9887486890767981,0.03310737800568153
5938,9,9,1,0.9949714,0.9652689227044438,0.9665694509895983,0.9910786622184188,0.034731077295556245
5939,9,9,1,0.9206325,0.9264335672837367,0.9279099614453054,0.9168368928867723,0.07356643271626329
5940,7,2,0,0.47226894,0.4444260877723815,0.43948231348139116,0.4267395248468967,0.5555739122276184
5941,9,9,1,0.99947697,0.9661176654575285,0.9674256233538737,0.9923198020920568,0.03388233454247147
5942,4,4,1,0.9889408,0.9564012675211364,0.957907673408382,0.9826651132343497,0.04359873247886359
5943,3,3,1,0.60079765,0.69239995717088,0.6920462159581517,0.6862579714785122,0.30760004282912
5944,2,2,1,0.9756172,0.9486073835408343,0.9502322173440461,0.9369013972634569,0.05139261645916571
5945,9,9,1,0.7617878,0.7800864795846099,0.7803400827661663,0.6684769525735298,0.21991352041539014
5946,8,8,1,0.4644967,0.20941987593876782,0.2019041388841059,0.27686417116963813,0.7905801240612322
5947,5,5,1,0.98790073,0.9493339559987476,0.9512172438004325,0.9799104638394559,0.05066604400125241
5948,0,0,1,0.99947625,0.9581279424915081,0.9596205306062505,0.9895900398139186,0.04187205750849188
5949,6,6,1,0.9998704,0.9625618945359499,0.9638829539982013,0.9930295444818116,0.03743810546405013
5950,9,9,1,0.9922679,0.9572672382699926,0.9585177411602543,0.9862979516768381,0.042732761730007396
5951,0,0,1,0.99846977,0.9620356060513073,0.9633608970874691,0.9851837073346152,0.037964393948692665
5952,9,9,1,0.9982015,0.9587190472958662,0.9601372733838178,0.9922561044211891,0.04128095270413379
5953,7,7,1,0.6093873,0.6933311048437766,0.6910916553191921,0.6926996949169368,0.3066688951562234
5954,8,8,1,0.9947397,0.9665638422027228,0.9678732078506969,0.9805078502061042,0.033436157797277155
5955,5,2,0,0.5545352,0.421049695141526,0.4157153919078277,0.43104681712678683,0.578950304858474
5956,4,4,1,0.9318941,0.9389958390443354,0.9406257424230533,0.9284037614656835,0.06100416095566463
5957,4,6,0,0.71524787,0.7488665575684076,0.7480083290827905,0.7080602872144993,0.2511334424315924
5958,9,9,1,0.9698803,0.9528513251140559,0.9543607779634021,0.9478293825093077,0.0471486748859441
5959,4,4,1,0.42093414,0.38676925443968874,0.38141202027130916,0.48760030560221634,0.6132307455603112
5960,2,6,0,0.68975985,0.6635911425859005,0.6617325293920953,0.6503885844219778,0.33640885741409954
5961,6,6,1,0.84712315,0.7711739788915971,0.7708092536636699,0.7219970011808967,0.2288260211084029
5962,6,6,1,0.95780045,0.9390886806854031,0.9404730067673154,0.9373948675071846,0.06091131931459692
5963,9,9,1,0.56205714,0.5775179762480295,0.5734458535866758,0.6070242315761833,0.4224820237519705
5964,9,9,1,0.99960285,0.9622513103367656,0.9633906814647355,0.9931337182979145,0.037748689663234414
5965,7,7,1,0.9865709,0.9547256495023475,0.9562681467028501,0.979673216103835,0.045274350497652494
5966,9,9,1,0.9999213,0.9417124639986303,0.9430061197895871,0.9930066123490584,0.05828753600136971
5967,9,9,1,0.9999933,0.9389427087206108,0.9402031321318166,0.9927573271422865,0.06105729127938919
5968,0,0,1,0.9854402,0.9495784913266384,0.9509483398881898,0.9704183203628952,0.05042150867336159
5969,5,5,1,0.75111985,0.8295436495582003,0.8305882230672008,0.7824144636176815,0.17045635044179974
5970,1,1,1,0.99794084,0.9634230727219568,0.9649688366680972,0.9919439962660814,0.03657692727804318
5971,1,1,1,0.99636686,0.949456874963805,0.9509429094415165,0.9868753353710713,0.05054312503619496
5972,8,0,0,0.66223705,0.8318019433589413,0.8327531500634273,0.6891417242821051,0.1681980566410587
5973,6,6,1,0.97223794,0.9480068956759485,0.9495308687154641,0.9367620863580958,0.051993104324051465
5974,9,9,1,0.99725705,0.9651618194384817,0.9664166878412558,0.9922207921910667,0.03483818056151833
5975,9,9,1,0.9999924,0.9522372663488895,0.9535992703281622,0.9931884039925112,0.0477627336511105
5976,5,5,1,0.87342656,0.8817502473696994,0.8829545968098125,0.8515451016867182,0.11824975263030058
5977,6,6,1,0.9579585,0.9390944599270608,0.9406537753152022,0.9240564757279361,0.060905540072939246
5978,5,5,1,0.84125006,0.9062583912477337,0.9078863418240429,0.8674070570434842,0.09374160875226634
5979,5,5,1,0.8445649,0.8778894416063974,0.8789678912029093,0.8311337307322181,0.12211055839360263
5980,9,9,1,0.99980754,0.962917977644658,0.9641175390002326,0.992370863101559,0.03708202235534197
5981,7,4,0,0.6095013,0.40448727275837654,0.3985573738420782,0.5151251848983723,0.5955127272416234
5982,9,9,1,0.66772085,0.7732044619067798,0.7745573643667817,0.7076351655768558,0.22679553809322017
5983,4,4,1,0.99759287,0.9552622712090747,0.9567665586095219,0.9920156861718056,0.0447377287909253
5984,5,5,1,0.74926716,0.8567748320058731,0.8579058256364049,0.7995767264293733,0.14322516799412688
5985,4,2,0,0.8157,0.6337764744084596,0.6305804615958093,0.5832541472641932,0.36622352559154037
5986,3,3,1,0.7634764,0.8420676402998277,0.8434902208840431,0.7305145591917078,0.15793235970017228
5987,3,2,0,0.5496547,0.5036851664853219,0.49875859246252996,0.6037073033382643,0.4963148335146781
5988,9,9,1,0.99386084,0.9662901717762825,0.9675606542687478,0.9869001781046908,0.033709828223717486
5989,8,8,1,0.9919857,0.9361336662058075,0.9374421081174018,0.9860202984601258,0.06386633379419249
5990,8,8,1,0.9899967,0.9506194679749858,0.952268657054047,0.9838171624626925,0.049380532025014245
5991,3,3,1,0.47471306,0.4027744504032872,0.3969542418418258,0.4303790892093008,0.5972255495967128
5992,4,4,1,0.7055062,0.6878245050252536,0.6861337922641918,0.5808101722795977,0.3121754949747464
5993,8,8,1,0.999962,0.957136397456756,0.9587767412334776,0.9919585896484225,0.04286360254324395
5994,4,4,1,0.9029656,0.913160358862784,0.9146779572697948,0.8675643298309432,0.08683964113721598
5995,0,0,1,0.99631625,0.9642679933691275,0.9658190713101228,0.9919219349786639,0.035732006630872504
5996,4,2,0,0.92040217,0.9154970810129498,0.9170071338237422,0.8783278775924043,0.0845029189870502
5997,0,0,1,0.99661344,0.9477950390546113,0.9492846341904807,0.9848103397364285,0.052204960945388734
5998,7,7,1,0.9987478,0.9519704914017438,0.9535156953061076,0.9920016838747534,0.048029508598256165
5999,2,2,1,0.70571285,0.7883549941497539,0.7890423525149738,0.7114844866659524,0.21164500585024615
6000,8,4,0,0.46611473,0.24724633874585575,0.23904056537262303,0.47204495974432925,0.7527536612541442
6001,0,0,1,0.904794,0.8898404050056536,0.8908335619653548,0.8646943892459825,0.11015959499434635
6002,2,2,1,0.97722024,0.9283312652153178,0.9299099606403586,0.8285190038092034,0.07166873478468216
6003,0,0,1,0.98762506,0.945512800497947,0.9468842902432772,0.9388013704468192,0.05448719950205305
6004,7,7,1,0.99092823,0.9542501415111154,0.95572418460316,0.9850987516912829,0.045749858488884576
6005,4,4,1,0.99623954,0.9634176725884773,0.9647226697140313,0.991994049640946,0.036582327411522675
6006,0,0,1,0.9870968,0.950350400666176,0.951850361743164,0.9804958914073552,0.04964959933382396
6007,6,6,1,0.999627,0.9525757467176049,0.9542609350569862,0.9911261824456541,0.04742425328239508
6008,3,3,1,0.28511688,0.2907501406495075,0.2844716998830498,0.3517557717300863,0.7092498593504926
6009,3,3,1,0.58390296,0.6361455385342978,0.6340175534424127,0.6474440030130444,0.3638544614657022
6010,1,1,1,0.9438139,0.9195377200157274,0.921080764908216,0.8703773215232442,0.08046227998427258
6011,7,2,0,0.27934194,0.2692312700394742,0.26260171377058816,0.3848865289111432,0.7307687299605258
6012,4,4,1,0.7723846,0.662494882846406,0.6604719258745232,0.675239984034243,0.337505117153594
6013,6,6,1,0.99028367,0.9503398816012295,0.9517414486933173,0.9857964835688239,0.04966011839877049
6014,5,3,0,0.5002208,0.3374825042445417,0.33135383554448605,0.4661055838122649,0.6625174957554583
6015,0,0,1,0.9907659,0.9545319248718908,0.9562364412128627,0.980764933987078,0.04546807512810924
6016,4,6,0,0.4990856,0.4988087636547129,0.49529579617902014,0.45373480072066724,0.5011912363452871
6017,9,9,1,0.68056506,0.6233806561463087,0.6204306507437803,0.6565194836872162,0.37661934385369134
6018,5,5,1,0.98953515,0.9494204056206328,0.9509578923186718,0.9846567421497247,0.05057959437936721
6019,6,6,1,0.9991737,0.9725638905225844,0.9736942830436929,0.9920083597178447,0.027436109477415593
6020,6,6,1,0.9982381,0.9589581037353824,0.9604693208632417,0.9913080565619591,0.04104189626461763
6021,3,3,1,0.593385,0.6704650261893287,0.6693440893193308,0.648779624722219,0.3295349738106713
6022,0,0,1,0.9868579,0.9583520584763967,0.959688978573676,0.981393914046605,0.041647941523603293
6023,5,3,0,0.4993681,0.6405747129445469,0.6394124183011163,0.5583446344185792,0.35942528705545307
6024,2,2,1,0.6064303,0.6094634909652077,0.6066299111598111,0.6027043242101034,0.3905365090347923
6025,6,6,1,0.643972,0.276611129431711,0.2685126712753959,0.3701157478822605,0.7233888705682889
6026,3,3,1,0.97922814,0.9494062936219182,0.9513756048071605,0.9363906886352292,0.050593706378081804
6027,3,3,1,0.62524,0.7290385273109188,0.7288685656166611,0.6681247433561821,0.2709614726890812
6028,8,2,0,0.53637034,0.24741663189482804,0.24009575838498062,0.4287105811795726,0.7525833681051719
6029,0,0,1,0.8568667,0.8565028086748239,0.8575503165535634,0.8302478139441989,0.14349719132517613
6030,8,8,1,0.98252904,0.9520347918292998,0.9533929696407198,0.9715799576887175,0.04796520817070016
6031,5,3,0,0.6574472,0.7367248321665393,0.7361368585987595,0.6305713888162967,0.2632751678334607
6032,4,4,1,0.9882085,0.9519298380475764,0.9536037045624552,0.9787573791917604,0.04807016195242364
6033,2,2,1,0.9988323,0.9543852673865617,0.9558348637299726,0.9904281882396044,0.04561473261343829
6034,9,9,1,0.9978807,0.9609678021176492,0.9624464536525955,0.9923441842040064,0.039032197882350794
6035,5,5,1,0.6481622,0.7393277313390244,0.7392669965501983,0.657028963531742,0.2606722686609756
6036,0,0,1,0.99107075,0.9391001712906499,0.9403736564603691,0.9862777616715546,0.06089982870935007
6037,5,5,1,0.74801296,0.8830742377025104,0.8847482293516051,0.8103968255769394,0.11692576229748963
6038,4,4,1,0.7815965,0.8380720101981318,0.8395630320431321,0.7845182887416371,0.16192798980186818
6039,8,8,1,0.40394107,0.5245847767142806,0.5216246874966611,0.508856767061248,0.4754152232857194
6040,2,2,1,0.9949587,0.9580625507321023,0.9597029185684438,0.9905115797596332,0.041937449267897664
6041,7,7,1,0.37479475,0.10282550973161945,0.09635746999610162,0.34145098721564315,0.8971744902683806
6042,6,6,1,0.87601095,0.8991718567074131,0.9006467619074625,0.8639083239586174,0.10082814329258694
6043,5,5,1,0.930158,0.920934261040219,0.9223202810511322,0.9011060944715029,0.07906573895978097
6044,7,4,0,0.65872824,0.8111708437200426,0.8116995429048001,0.6899848072661099,0.18882915627995744
6045,8,8,1,0.9994349,0.9645572691169108,0.9660017450556191,0.9903661288563694,0.035442730883089246
6046,2,2,1,0.99472564,0.960868665062355,0.9624237045749479,0.9887607518528295,0.03913133493764498
6047,0,0,1,0.99971515,0.9546979081224917,0.9562469115846027,0.9894294788576135,0.04530209187750833
6048,1,1,1,0.9999994,0.9259767130802132,0.927110179058279,0.9928456452909089,0.07402328691978677
6049,8,8,1,0.9999995,0.9255833860063435,0.9269039322350466,0.992130843851903,0.07441661399365651
6050,2,2,1,0.9987012,0.9562580320873899,0.9578140058420342,0.9907459746516405,0.04374196791261009
6051,4,4,1,0.83194155,0.8141971595559176,0.8145458344588964,0.8032581567658268,0.18580284044408235
6052,8,8,1,0.9995215,0.9616441924247752,0.9631788080109805,0.9905729599098666,0.03835580757522483
6053,4,2,0,0.51007444,0.21068339510222306,0.20344530627530164,0.3075960105544428,0.7893166048977769
6054,3,2,0,0.49205953,0.46353413065914306,0.4577740062058763,0.4524683194095397,0.5364658693408569
6055,0,0,1,0.99876225,0.9647492771358339,0.9660646130598504,0.9706700843688332,0.035250722864166084
6056,4,4,1,0.98393273,0.9549203431569773,0.9567344762025841,0.9609556935321389,0.04507965684302273
6057,0,0,1,0.99639744,0.9570746583139362,0.9588012183063591,0.9806102640577662,0.04292534168606377
6058,1,1,1,0.9999901,0.9618001251231213,0.9629860440243514,0.9932399037938692,0.0381998748768787
6059,9,9,1,0.9977424,0.9440596916931632,0.9451233575618598,0.9929977954826648,0.05594030830683683
6060,3,0,0,0.32108957,0.18495859973958478,0.1785618909071048,0.4223187950367041,0.8150414002604152
6061,0,0,1,0.99574476,0.9556603008586503,0.9571275610893907,0.9843658239723028,0.04433969914134972
6062,3,5,0,0.45759442,0.3780657666474716,0.37138700475112874,0.48204669861637,0.6219342333525284
6063,6,2,0,0.48583788,0.23871847438611432,0.2315046793088198,0.3215478518683714,0.7612815256138856
6064,5,5,1,0.94040793,0.921700763678998,0.9232980826233254,0.8924858496444521,0.078299236321002
6065,5,2,0,0.7096034,0.678495260833307,0.6765681383554702,0.7405676268367408,0.321504739166693
6066,2,2,1,0.8069708,0.8059802483287173,0.8060456501603517,0.785547399892781,0.19401975167128271
6067,8,8,1,0.9966763,0.9639885418989443,0.965605265335759,0.9897250977260612,0.03601145810105566
6068,5,3,0,0.6966364,0.7203832765760319,0.7194129449488625,0.6934404604494968,0.27961672342396815
6069,0,0,1,0.99922156,0.9610078644133256,0.9624920702186949,0.9855706737998569,0.03899213558667436
6070,8,9,0,0.41630548,0.22331026944125018,0.21585121917031558,0.3513154175145277,0.7766897305587498
6071,7,4,0,0.917047,0.8518262079939148,0.8523510806694977,0.8141040702986087,0.14817379200608516
6072,5,5,1,0.39069661,0.5056148492525827,0.5021811846118911,0.4188405584696486,0.4943851507474173
6073,2,2,1,0.99560356,0.9572277461661303,0.9587724052107461,0.9908892897997217,0.04277225383386973
6074,4,4,1,0.5735144,0.8136352348824465,0.8147521766222316,0.6392101909791836,0.1863647651175535
6075,3,3,1,0.93019414,0.8518892472286188,0.8528065006507178,0.7409183049843838,0.1481107527713812
6076,7,4,0,0.38404548,0.2962434371592308,0.2893605499347798,0.3367971851097748,0.7037565628407692
6077,0,0,1,0.9173431,0.8805336999931741,0.8815056289320429,0.8400297556955614,0.1194663000068259
6078,2,2,1,0.99696165,0.9404845293868936,0.9419728379572779,0.9915101125398939,0.05951547061310636
6079,3,3,1,0.7911568,0.8976861556556143,0.8995332961495286,0.8026635771861277,0.10231384434438573
6080,1,1,1,0.9976279,0.9575884161806443,0.958947968086888,0.9934071387601833,0.042411583819355725
6081,0,0,1,0.96681654,0.9465180278186773,0.9481827747905159,0.9325433142110022,0.05348197218132267
6082,0,0,1,0.9967956,0.9547362726637839,0.9561181865476298,0.9866466453561346,0.045263727336216086
6083,2,2,1,0.8300288,0.8254326000203769,0.8262629923844381,0.8248193220065666,0.17456739997962312
6084,1,1,1,0.9977691,0.9571333255199928,0.9584953694920041,0.9933088931461482,0.04286667448000725
6085,2,2,1,0.83674586,0.8560326889367207,0.8570118751858428,0.8326074956595315,0.1439673110632793
6086,1,1,1,0.9998472,0.958128554456054,0.9595031792559184,0.9870541600166366,0.04187144554394595
6087,4,4,1,0.99070966,0.9450200684198871,0.9464975222847132,0.9853284396129932,0.05497993158011294
6088,6,6,1,0.9703917,0.9452022152068776,0.9469987193018462,0.9230014038312873,0.05479778479312236
6089,7,7,1,0.4974076,0.49073117588018383,0.4874472327165685,0.4950947602453881,0.5092688241198162
6090,1,1,1,0.99774534,0.9655379369724798,0.9668464858729728,0.9869794545898338,0.034462063027520196
6091,0,0,1,0.99553597,0.9596963500564284,0.9612241329798041,0.9873538926082446,0.04030364994357161
6092,5,5,1,0.9558577,0.940793251414273,0.9424813799228972,0.9161802584566248,0.059206748585727054
6093,2,2,1,0.72700065,0.5867701041880846,0.5823985400558128,0.5866183647950658,0.4132298958119154
6094,5,5,1,0.82763535,0.8667802319019969,0.8681892784770772,0.8468073421565926,0.13321976809800307
6095,9,9,1,0.6280631,0.7297483606045144,0.7284930253133625,0.6539978901236401,0.2702516393954856
6096,2,2,1,0.9738808,0.9479957430777495,0.9494766451743266,0.9579335781163638,0.052004256922250525
6097,5,5,1,0.6640887,0.769444660455217,0.7699303859717951,0.7792583303665102,0.23055533954478302
6098,6,6,1,0.85327095,0.8494374118861083,0.8503029690355443,0.846218056369198,0.15056258811389167
6099,7,7,1,0.9254948,0.924162885028192,0.9256110465990377,0.9147759703731279,0.075837114971808
6100,1,1,1,0.9934423,0.9489312938177166,0.9504538986996989,0.9832912895899137,0.05106870618228343
6101,9,9,1,0.5912348,0.8828894559954961,0.8850728932675026,0.6984930821497309,0.11711054400450394
6102,3,3,1,0.8325766,0.8844940098815283,0.8859067780710378,0.8584273039859248,0.11550599011847174
6103,6,6,1,0.999742,0.9510556977495064,0.9525735705265614,0.9912893023479457,0.04894430225049362
6104,1,1,1,0.99999106,0.9355435872000804,0.9371161791490709,0.992639892627031,0.06445641279991965
6105,0,0,1,0.9961026,0.9577816260419396,0.9592339678135291,0.9861052053877717,0.042218373958060385
6106,2,2,1,0.99914205,0.9646997366606014,0.9660276058731256,0.9915554455328127,0.03530026333939862
6107,9,9,1,0.99917847,0.9552306681675267,0.9567273731038217,0.9927834021324407,0.044769331832473336
6108,4,4,1,0.72833043,0.556579860215739,0.5523318222274833,0.4608394344125371,0.443420139784261
6109,2,2,1,0.968345,0.9461838782680113,0.9478857963000562,0.948214594492593,0.053816121731988686
6110,9,9,1,0.99864525,0.9669416153122794,0.968102691734772,0.9926864895926164,0.0330583846877206
6111,3,0,0,0.6107292,0.7570275579787846,0.7581265366048103,0.6825730027682095,0.24297244202121537
6112,8,8,1,0.9720186,0.9442029278512395,0.9462001686535962,0.9413710419466027,0.05579707214876051
6113,2,2,1,0.9676876,0.9532406817121741,0.9549836887408559,0.9398644896403038,0.04675931828782587
6114,9,9,1,0.999729,0.957121769041601,0.9584043608254211,0.9929719049304911,0.042878230958399044
6115,8,8,1,0.9961719,0.9520489829888545,0.9535882733936715,0.9891688467570049,0.04795101701114546
6116,5,4,0,0.48955694,0.5030549548822215,0.49908019840785994,0.5125042236476941,0.4969450451177785
6117,1,1,1,0.9626004,0.928761381330563,0.9303148772827388,0.9159818308109329,0.07123861866943704
6118,0,0,1,0.92491966,0.9210999208824673,0.9229239218312378,0.828586277371067,0.07890007911753272
6119,1,1,1,0.9999832,0.9648649819201494,0.966047628776988,0.9930713091365511,0.035135018079850644
6120,5,5,1,0.84430516,0.8515172064869614,0.852437214602727,0.7874087378931409,0.1484827935130386
6121,2,2,1,0.95781654,0.9424957966466099,0.9441382596722443,0.9464728506486901,0.057504203353390126
6122,5,5,1,0.5871057,0.7185784292115642,0.7187396256654777,0.5895765549246229,0.28142157078843577
6123,6,6,1,0.9908049,0.9576643392243834,0.9589943668230502,0.9856188574508096,0.04233566077561657
6124,8,0,0,0.31946903,0.14626138303356473,0.1395949946610272,0.2228646702891,0.8537386169664353
6125,8,8,1,0.7901104,0.8011936312194752,0.8014049241467911,0.6448942025630612,0.19880636878052482
6126,3,3,1,0.90743524,0.9143169113731766,0.915602109010597,0.8766777085504152,0.08568308862682339
6127,5,2,0,0.9791612,0.9058962594363532,0.9076334544653014,0.8265634070736023,0.09410374056364679
6128,0,0,1,0.9929745,0.9578524988827912,0.9592281264535577,0.9857247076050829,0.042147501117208774
6129,4,4,1,0.99112976,0.9559739002137816,0.9574612296481196,0.9822640994642371,0.04402609978621841
6130,1,1,1,0.8748856,0.8973310408294515,0.898639861055116,0.8324214824010486,0.10266895917054852
6131,3,3,1,0.7693882,0.822908650707664,0.8233512733632687,0.7533648714750727,0.17709134929233605
6132,7,7,1,0.80446494,0.7396011133527761,0.7389229156744604,0.6706054555265983,0.2603988866472239
6133,0,0,1,0.98689586,0.9633188588541362,0.9645849633339298,0.9814793580821306,0.03668114114586385
6134,3,6,0,0.31607804,0.12801084535198606,0.12173988653494756,0.29970942674932244,0.871989154648014
6135,3,5,0,0.44573402,0.2993303325025795,0.29279735345418967,0.38455056442747443,0.7006696674974204
6136,9,9,1,0.8774653,0.8524784148486129,0.8533986948175651,0.8183327614469539,0.14752158515138714
6137,2,2,1,0.99015725,0.9629119472544874,0.9642706266988873,0.9824581842217808,0.037088052745512634
6138,3,3,1,0.82782173,0.7043145720682229,0.7033979932754775,0.6570251930127136,0.2956854279317771
6139,9,9,1,0.99588424,0.962922179220817,0.9642487509292096,0.9926777578172995,0.03707782077918298
6140,9,9,1,0.9937186,0.9538927525984977,0.9552348282591384,0.987541302718623,0.046107247401502294
6141,8,8,1,0.9681234,0.9491784734290766,0.9506786767762246,0.9527415682549726,0.050821526570923425
6142,5,7,0,0.37383485,0.21131557149497154,0.20483171244225834,0.3320944576660176,0.7886844285050285
6143,9,1,0,0.9582126,0.9341461761460034,0.935489378831844,0.9092644940753434,0.06585382385399663
6144,7,2,0,0.81675553,0.7227859250166221,0.7221224584623209,0.6529537595357493,0.2772140749833779
6145,2,3,0,0.502358,0.6854990604258575,0.6851402118698703,0.6101261016060828,0.3145009395741425
6146,0,9,0,0.63661206,0.5767036408043829,0.5739239613330925,0.47464901658991726,0.42329635919561714
6147,9,9,1,0.9977192,0.9579207318837966,0.9592850131649252,0.9923283864395386,0.04207926811620344
6148,4,4,1,0.991041,0.9563881120052162,0.9580086087058377,0.9830634944545189,0.04361188799478377
6149,7,7,1,0.99638677,0.9635163532995383,0.9647348017196425,0.9918908361174694,0.03648364670046167
6150,1,1,1,0.99987173,0.9484960734549386,0.9499258766793343,0.9923402698253794,0.05150392654506142
6151,7,4,0,0.44192803,0.4471216421894823,0.44199116240662956,0.4461794323344799,0.5528783578105176
6152,6,6,1,0.94974494,0.929111392068865,0.9307612521345506,0.9427497116775679,0.07088860793113505
6153,4,4,1,0.932445,0.9211489566143174,0.922717342081124,0.8516978061199901,0.0788510433856826
6154,4,4,1,0.91316843,0.8589881431837693,0.859236372354499,0.8902020423351,0.14101185681623074
6155,8,8,1,0.99232304,0.9627000125477221,0.9641090361209826,0.9833966189672998,0.037299987452277916
6156,9,9,1,0.9999356,0.9517697921344306,0.9531889722290495,0.9930899755966875,0.04823020786556942
6157,0,0,1,0.6703909,0.7281335635675661,0.7274291079362443,0.6956316717295913,0.2718664364324339
6158,7,0,0,0.33375448,0.11245088099135518,0.10647150803393525,0.30324649232889683,0.8875491190086449
6159,1,1,1,0.999982,0.9501355456748822,0.9517030219007542,0.9931562438385005,0.04986445432511777
6160,2,2,1,0.7085211,0.8017725796007753,0.8024558420435519,0.7134764140349645,0.1982274203992247
6161,4,4,1,0.6535825,0.7508596641969958,0.7501684011286739,0.6727703313976043,0.2491403358030042
6162,0,0,1,0.63624114,0.4615483747867695,0.4551552090953637,0.5424943425142559,0.5384516252132305
6163,3,6,0,0.60380495,0.4482878492593046,0.444042555598801,0.5337736319583345,0.5517121507406955
6164,7,7,1,0.38424513,0.1948976828100104,0.18820188608426885,0.33092749937579036,0.8051023171899896
6165,5,5,1,0.8841606,0.8833796654790284,0.8845475775358151,0.8088236234238354,0.11662033452097165
6166,1,1,1,0.9565572,0.9331891779724788,0.934713360841153,0.9354878552495317,0.0668108220275212
6167,9,9,1,0.97975487,0.9545749160955381,0.9559140831064175,0.9595313399187898,0.04542508390446187
6168,3,3,1,0.73134446,0.800631672748867,0.8018794038292709,0.7731777097426855,0.19936832725113296
6169,5,5,1,0.42390373,0.6684934087262462,0.6678455455505299,0.6049353496365968,0.3315065912737538
6170,2,2,1,0.8191989,0.8501080445614295,0.8507842750482814,0.798638270310343,0.14989195543857048
6171,4,4,1,0.9883903,0.9522419332547457,0.9538192295398373,0.9822290190362933,0.04775806674525429
6172,1,1,1,0.9915801,0.9633264791992684,0.9646706975499664,0.9827495515126553,0.03667352080073161
6173,1,1,1,0.99929404,0.9740240473199746,0.9752209690124468,0.9885225515337449,0.025975952680025394
6174,3,5,0,0.7502948,0.852851014558955,0.8539736557745542,0.7805389468888371,0.14714898544104504
6175,3,3,1,0.7525794,0.8447253315945924,0.8456567637520641,0.7803714918962744,0.1552746684054076
6176,9,9,1,0.99818975,0.9711464926862867,0.9723127854556031,0.9920045246391131,0.028853507313713278
6177,2,2,1,0.95038176,0.9355941156415257,0.9373276827895868,0.934871252327999,0.06440588435847427
6178,5,5,1,0.8565847,0.8609768766434408,0.8620682245461686,0.8432318451726026,0.1390231233565592
6179,8,0,0,0.84346247,0.8697461655890301,0.8705665897888272,0.7764077609112153,0.13025383441096994
6180,0,0,1,0.81860805,0.8441323602857974,0.8446585070477856,0.7991923982812632,0.1558676397142026
6181,8,8,1,0.8817919,0.8252236882150358,0.8256118560869591,0.7093307723652427,0.17477631178496422
6182,1,1,1,0.99998224,0.9529328602840762,0.9546664039944489,0.9886150740954878,0.0470671397159238
6183,5,5,1,0.5705117,0.6572347710577036,0.6556279244949887,0.6327993015489924,0.34276522894229644
6184,1,1,1,0.9997837,0.9561946503071492,0.9578562699581926,0.989091471692804,0.04380534969285077
6185,5,5,1,0.5363911,0.7466955068228256,0.7471110174312265,0.6296140773125098,0.2533044931771744
6186,9,9,1,0.9938682,0.9640235244249704,0.9655034403415566,0.9866620397751692,0.03597647557502959
6187,0,0,1,0.8924055,0.9069408808848316,0.908284934109206,0.8381906620347175,0.0930591191151684
6188,9,9,1,0.93268055,0.9519613465817865,0.9533686219860114,0.9001465782374218,0.04803865341821345
6189,2,2,1,0.5794725,0.8280943943050488,0.8298451875924967,0.6511159433326654,0.17190560569495117
6190,4,4,1,0.686571,0.5785233726932442,0.5746810494164039,0.6219962307396887,0.42147662730675584
6191,0,0,1,0.76184046,0.8193480881198711,0.8200942757766976,0.7477628140420048,0.18065191188012886
6192,6,6,1,0.9993699,0.9535034478679009,0.9550534211937775,0.9916674520192436,0.046496552132099134
6193,9,9,1,0.9902615,0.9568982644595714,0.9585069556582496,0.9688661252833665,0.04310173554042862
6194,1,1,1,0.9082214,0.9148613965084698,0.91624693848246,0.8648946371534412,0.08513860349153024
6195,1,1,1,0.50316936,0.4875192690362632,0.48195513101917326,0.3156535756835637,0.5124807309637368
6196,3,3,1,0.96061975,0.9384946498460008,0.9399391855524323,0.9065657761232607,0.06150535015399916
6197,4,3,0,0.50687504,0.3324191274093714,0.32557823482997444,0.44087564735590545,0.6675808725906286
6198,9,9,1,0.99994004,0.943132272027827,0.944348390179685,0.9928590131474928,0.05686772797217299
6199,5,5,1,0.94350666,0.9328261418319344,0.9344855386946926,0.9274963208136451,0.06717385816806565
6200,3,3,1,0.8415367,0.8834407250386427,0.8846098087491208,0.7997382051338513,0.11655927496135732
6201,3,3,1,0.8968269,0.8993786983568042,0.901124561864232,0.8362075890477493,0.10062130164319583
6202,3,6,0,0.90196216,0.8047555698881335,0.8049887511027226,0.6453428484350252,0.19524443011186654
6203,3,3,1,0.6673467,0.8118372260104858,0.8135251497919239,0.7423330852839516,0.1881627739895142
6204,4,4,1,0.48146477,0.5713473552934009,0.5684916308389037,0.5547109728149294,0.42865264470659914
6205,1,1,1,0.99999416,0.9449880974511575,0.946310795884255,0.992284659889019,0.05501190254884247
6206,5,3,0,0.6095612,0.8597723974798285,0.8617342433779677,0.749532297082651,0.14022760252017152
6207,9,9,1,0.99998534,0.9311480407659929,0.9323749910292479,0.9931410156697305,0.06885195923400711
6208,8,8,1,0.9929819,0.9580244531992783,0.9595065596602178,0.9840811935651181,0.041975546800721686
6209,7,7,1,0.9270217,0.926956160288975,0.928648706378959,0.875029235436517,0.07304383971102502
6210,4,5,0,0.51113373,0.5212564160058188,0.5170635147250628,0.5875465604536456,0.47874358399418115
6211,8,8,1,0.99999046,0.9424737621454847,0.9437493609151573,0.9926958493018507,0.05752623785451527
6212,7,2,0,0.35826764,0.1480328876168583,0.14107961670931624,0.3276912906385486,0.8519671123831417
6213,3,6,0,0.8615798,0.8695134761894241,0.8705925145472567,0.842076594052232,0.1304865238105759
6214,5,2,0,0.69657725,0.7013535067621361,0.6996350669469079,0.6629266206396934,0.29864649323786385
6215,2,2,1,0.8175704,0.8164181894145068,0.8164536937708369,0.8241812667306256,0.18358181058549317
6216,5,5,1,0.80859077,0.8242921859128529,0.8254371121919964,0.8088006687152028,0.17570781408714709
6217,8,8,1,0.99505746,0.9494124602647339,0.9508902536975479,0.9895690487638895,0.050587539735266085
6218,9,6,0,0.44917446,0.48228492379948856,0.4776335517530827,0.5619919668343798,0.5177150762005114
6219,7,7,1,0.7197622,0.8316385856523585,0.8324354182246273,0.7288983108223132,0.1683614143476415
6220,2,2,1,0.9965649,0.9544327252930623,0.9560741328107282,0.9852022873177217,0.045567274706937666
6221,0,0,1,0.9961915,0.9646756708775437,0.9660399219166961,0.9431665032635557,0.03532432912245631
6222,0,0,1,0.9954437,0.9594955072064641,0.9609973862264565,0.9901806495616705,0.04050449279353585
6223,7,7,1,0.9959495,0.9578783549638162,0.959262996155236,0.9917606458572235,0.042121645036183764
6224,5,5,1,0.9576467,0.9485349051185953,0.9502053146348689,0.937536124292755,0.051465094881404716
6225,3,3,1,0.9844355,0.944301142358133,0.945618258851372,0.946679935388515,0.055698857641866995
6226,5,5,1,0.9853153,0.9521379106809189,0.9534710779155797,0.9779600649570397,0.04786208931908109
6227,7,3,0,0.47353938,0.41708023395146254,0.4100830019656269,0.4336672921830928,0.5829197660485375
6228,4,7,0,0.46420965,0.30157330616721195,0.29479344192456575,0.4172556939009216,0.6984266938327881
6229,6,6,1,0.95635146,0.9327207546987072,0.9342067772116509,0.9432656487931381,0.06727924530129281
6230,2,2,1,0.99944764,0.9643315991840316,0.9657183326259458,0.9863302960291682,0.03566840081596845
6231,8,8,1,0.7923222,0.8487819829980314,0.8496759903851213,0.7718500563593467,0.15121801700196857
6232,2,8,0,0.50284207,0.450315081013467,0.4436627109099408,0.5059937016369546,0.5496849189865329
6233,7,7,1,0.9916482,0.9450977963096623,0.946553677472152,0.9854480677983354,0.054902203690337714
6234,7,7,1,0.3798288,0.27943540692954016,0.2713046491448489,0.4663142655814819,0.7205645930704598
6235,6,6,1,0.9420507,0.8737960704984274,0.8748220523190626,0.6885117484856507,0.12620392950157255
6236,1,1,1,0.999864,0.9629767662873288,0.9643653156735793,0.9926759902062101,0.037023233712671244
6237,3,5,0,0.5699493,0.6598337581021784,0.6583015438175,0.5985830546562145,0.34016624189782163
6238,8,8,1,0.97366375,0.9489972990335088,0.9506373644381785,0.9495294115003184,0.05100270096649118
6239,6,6,1,0.9771641,0.9477033644709001,0.9494578375957501,0.9447876492808237,0.05229663552909991
6240,2,2,1,0.5146443,0.6908899761422436,0.690473565619987,0.5865630517575499,0.30911002385775643
6241,0,0,1,0.998692,0.9588396894723192,0.9602228370051453,0.9915341729429086,0.041160310527680766
6242,4,0,0,0.527438,0.6143302782815229,0.613187181631282,0.5674154763105927,0.38566972171847713
6243,4,6,0,0.75351655,0.7484534601452282,0.7485577196213907,0.5927865782844468,0.2515465398547718
6244,8,8,1,0.99525577,0.9555950981706538,0.9571034517131148,0.9903015259524072,0.0444049018293462
6245,6,5,0,0.7272273,0.6188078283070031,0.6156818347227592,0.6661224509754099,0.3811921716929969
6246,4,4,1,0.999526,0.9587151376553533,0.9602578173329029,0.9919880055848584,0.04128486234464668
6247,0,0,1,0.99646,0.9618018783688154,0.9632114928255623,0.9854349849281389,0.038198121631184634
6248,2,2,1,0.61736304,0.8775587058835562,0.8802775604832636,0.6699339685741187,0.12244129411644378
6249,5,5,1,0.9322798,0.9296328601092716,0.9312173675408632,0.9214915171850551,0.0703671398907284
6250,4,4,1,0.70282495,0.8311590617768545,0.8324850802747765,0.7008088061190467,0.1688409382231455
6251,1,1,1,0.5393868,0.7382785398215048,0.7388243542571978,0.6216224655756024,0.2617214601784952
6252,2,2,1,0.98065567,0.9439640068127864,0.9456467612703936,0.9473392684001593,0.05603599318721364
6253,5,4,0,0.92595226,0.9140429048417695,0.9156281549749163,0.8957977148018983,0.08595709515823047
6254,4,4,1,0.9853234,0.9453965824465487,0.9469323786398115,0.9758558881449879,0.05460341755345133
6255,6,6,1,0.7899456,0.831786068033705,0.833040108953986,0.7731234351736572,0.16821393196629497
6256,9,9,1,0.9581963,0.9446118597137501,0.9460332333719583,0.9438502065796507,0.05538814028624994
6257,5,4,0,0.5123287,0.3113573583953976,0.30524662017534143,0.4945907104722589,0.6886426416046024
6258,0,0,1,0.99482924,0.9532364371028192,0.9546218483151283,0.9734513150620918,0.046763562897180755
6259,5,5,1,0.99722856,0.9466847779803811,0.9480596108727574,0.992199576628881,0.05331522201961891
6260,2,2,1,0.937163,0.9295112927816118,0.9311602624394589,0.9187960449906564,0.07048870721838818
6261,0,0,1,0.98982763,0.955287986669453,0.9566363429799581,0.9775964595909111,0.044712013330546974
6262,8,8,1,0.94050217,0.9221738487129473,0.923855089777802,0.9210817844031302,0.07782615128705273
6263,2,2,1,0.99137986,0.9473504790498677,0.9490586463388955,0.9807797363176376,0.05264952095013231
6264,6,6,1,0.70782685,0.4612092432414149,0.45490599599127907,0.5172201911336713,0.5387907567585851
6265,4,4,1,0.9536513,0.9386115357572677,0.9402609989241703,0.9349994163138672,0.061388464242732255
6266,7,7,1,0.9808397,0.9556266920836765,0.9569754868039709,0.9596630720876399,0.044373307916323546
6267,9,9,1,0.9701886,0.9558537793335713,0.957324503921328,0.9616275064284003,0.044146220666428704
6268,5,5,1,0.9485099,0.940154016223423,0.9419482569862143,0.9420204800805871,0.059845983776577016
6269,7,7,1,0.99068356,0.9600779546108953,0.9616865258526742,0.979484579882094,0.03992204538910471
6270,2,6,0,0.6953258,0.7086400296414807,0.7077367155441295,0.5856900057912755,0.29135997035851935
6271,6,2,0,0.8639702,0.834331268313762,0.8346220428286334,0.8395555134258895,0.16566873168623797
6272,2,2,1,0.81744933,0.8292263877143998,0.8300258044941458,0.7856470766067865,0.17077361228560017
6273,1,1,1,0.8813465,0.8836743989920389,0.8847799547000069,0.7978365002137413,0.11632560100796108
6274,9,9,1,0.9997004,0.9532743271651075,0.9547853725202119,0.9927439453470037,0.046725672834892484
6275,9,9,1,0.97766966,0.9489243735053187,0.9504658751845403,0.9697787402261645,0.05107562649468134
6276,7,7,1,0.9674163,0.9562412937155781,0.9575830432188696,0.9335648259374542,0.04375870628442191
6277,2,2,1,0.9693049,0.9343917092808021,0.9360913224697792,0.9182773827296292,0.06560829071919794
6278,5,5,1,0.9587464,0.9435944375963873,0.9451155648565698,0.9445691932159503,0.05640556240361272
6279,1,1,1,0.99999356,0.9517816460928092,0.9530991414171659,0.9931703190375412,0.04821835390719076
6280,8,8,1,0.6278588,0.6547125720866482,0.6521503397327267,0.6629471046959264,0.34528742791335176
6281,1,1,1,0.99983835,0.9669652782816771,0.9685937612435748,0.9896385361911041,0.03303472171832289
6282,6,6,1,0.9826126,0.9511414048585038,0.9527862274069001,0.969761323247637,0.04885859514149615
6283,3,3,1,0.561434,0.5202214239452159,0.5170136588026875,0.5723526520494001,0.47977857605478413
6284,0,0,1,0.97126806,0.9536866309689904,0.9551896006948506,0.9475040572778259,0.04631336903100958
6285,8,8,1,0.97767305,0.9420119996499215,0.9435613535846961,0.9601607712869812,0.05798800035007845
6286,8,8,1,0.96227044,0.9360010311619924,0.9375141442397248,0.9388410336158324,0.0639989688380076
6287,5,5,1,0.96076035,0.9461710562794327,0.9478263959771691,0.9419430379475819,0.053828943720567346
6288,6,6,1,0.9989121,0.9579611463754952,0.9595478201936699,0.988426337674772,0.04203885362450477
6289,9,9,1,0.9899178,0.9605472585902888,0.9618386599951515,0.9860760206944326,0.03945274140971122
6290,9,9,1,0.92542404,0.9359712541590788,0.9374469101173449,0.9175281904725219,0.06402874584092122
6291,9,9,1,0.9978816,0.9632185493998758,0.9645515058280903,0.991591550415651,0.036781450600124166
6292,6,6,1,0.83436847,0.789806470681101,0.7897495685572085,0.7113640488642331,0.210193529318899
6293,3,3,1,0.8941947,0.9061367449981199,0.9075008004599959,0.8324044681725679,0.09386325500188009
6294,0,0,1,0.998601,0.9637002062880834,0.965031070781362,0.983178547024917,0.036299793711916606
6295,8,8,1,0.999767,0.9617958515167038,0.9632854252943865,0.9901236094499697,0.03820414848329623
6296,8,8,1,0.9864824,0.959445399965403,0.9610092053247696,0.9806392050284596,0.04055460003459699
6297,5,5,1,0.9597898,0.9348356518712864,0.9366168355097743,0.915653084340759,0.06516434812871363
6298,3,5,0,0.37255657,0.23972385575801441,0.23296114953606806,0.3508575651432245,0.7602761442419856
6299,3,3,1,0.5394201,0.20657501610147105,0.19851137295846558,0.3591150178221877,0.793424983898529
6300,1,1,1,0.9944338,0.9588207634145955,0.9602094614761199,0.9861437671417747,0.041179236585404455
6301,1,1,1,0.99674135,0.9598240497344135,0.9613049431999756,0.9887408422798808,0.04017595026558651
6302,0,0,1,0.8891506,0.9194581284091141,0.9209216520200697,0.8325687609456834,0.08054187159088588
6303,7,0,0,0.72527176,0.4457674430649451,0.43902162119729754,0.5095526040689896,0.5542325569350549
6304,0,0,1,0.99604225,0.9534362240503539,0.9549202859380955,0.9812269821321548,0.04656377594964611
6305,6,6,1,0.7029564,0.7888834549179472,0.7891394000774343,0.6860629073490314,0.2111165450820528
6306,0,0,1,0.9994411,0.9678286777897493,0.9690756390829733,0.9762515404540693,0.03217132221025065
6307,4,4,1,0.9975612,0.9609607638043375,0.9623058758120309,0.9923827485406593,0.03903923619566252
6308,4,4,1,0.9672435,0.9410802817938368,0.942843043180643,0.9260665021207066,0.05891971820616315
6309,6,6,1,0.99760085,0.9510193935196376,0.9525370579413103,0.9873167156647397,0.0489806064803624
6310,5,5,1,0.9963231,0.9453260989747034,0.9470565919509376,0.9919156814955084,0.05467390102529657
6311,3,3,1,0.95928866,0.9461460048968873,0.9476004669657572,0.9321166689653689,0.05385399510311273
6312,2,2,1,0.9953667,0.9625837081121409,0.9640911632863121,0.9773596014021118,0.03741629188785911
6313,9,9,1,0.9999156,0.9608921765137926,0.9622391828064079,0.992627714778214,0.03910782348620745
6314,6,6,1,0.99638915,0.9513628234345839,0.9530095163479709,0.990907886137271,0.04863717656541611
6315,6,6,1,0.61124665,0.7367875442430651,0.7353989894234498,0.6750232127972308,0.26321245575693486
6316,7,7,1,0.99014217,0.9593161330362665,0.9607551665838574,0.9831434348570667,0.040683866963733495
6317,9,0,0,0.9197965,0.8999517986683883,0.9011997538109595,0.8582949587801529,0.10004820133161174
6318,7,7,1,0.9863598,0.9572089855547576,0.9586810407584941,0.9750612119202755,0.04279101444524236
6319,7,7,1,0.9963726,0.9586216919922117,0.9601034648159074,0.9920920583048312,0.0413783080077883
6320,0,0,1,0.97701573,0.9474244761536841,0.9490567813764728,0.9607571616273632,0.05257552384631592
6321,8,8,1,0.99079895,0.9555524512275895,0.9571705520642472,0.9842025826734506,0.04444754877241053
6322,4,4,1,0.9660453,0.9424652480049971,0.9438192926739922,0.9403947768626473,0.05753475199500291
6323,2,2,1,0.99953794,0.9610082980386014,0.9623964110326246,0.9906716047952346,0.03899170196139856
6324,7,7,1,0.9833686,0.9531227743402726,0.9545291105870344,0.9628264926273294,0.046877225659727406
6325,7,7,1,0.9917486,0.9408965483934256,0.9421785711988013,0.9866438928377437,0.059103451606574375
6326,7,0,0,0.43040305,0.30736569020754995,0.30024288078772654,0.2572693317692304,0.6926343097924501
6327,4,4,1,0.9907862,0.9567978173049827,0.958308296209195,0.9803347287293144,0.0432021826950173
6328,0,0,1,0.99116814,0.9626781593079855,0.9640311651838864,0.9370160515629755,0.037321840692014496
6329,1,1,1,0.8664517,0.8364220110471703,0.8365057865703607,0.7983808202495815,0.1635779889528297
6330,6,6,1,0.993828,0.948551264589819,0.9499716640733745,0.9860089859162605,0.051448735410181023
6331,0,0,1,0.94492847,0.9281938415749289,0.9297515517371803,0.8874011452366051,0.0718061584250711
6332,5,5,1,0.7165095,0.8236184576861726,0.8246672383091432,0.7612375150227667,0.1763815423138274
6333,3,3,1,0.99636024,0.9478307309881814,0.9495824643649573,0.990594877005802,0.05216926901181862
6334,0,0,1,0.6096971,0.7558224765280547,0.7566867420460116,0.6279082838820751,0.24417752347194532
6335,2,2,1,0.97568715,0.9435720889229842,0.9452260455769488,0.9284024483683487,0.056427911077015835
6336,4,4,1,0.8841471,0.8983131842385607,0.8996222213384933,0.8519480878248656,0.10168681576143934
6337,9,9,1,0.99998915,0.9467383740724185,0.9480632924984058,0.9925959657790672,0.053261625927581546
6338,7,7,1,0.9266826,0.8729953148692576,0.8738170262087677,0.8787951682421833,0.12700468513074237
6339,3,6,0,0.6819919,0.6975202346639338,0.696369575561859,0.637031071400151,0.30247976533606624
6340,3,3,1,0.88143206,0.90187610902455,0.9033511447017648,0.8715478958458255,0.09812389097545005
6341,2,2,1,0.5180982,0.6819625380238742,0.6813733080516987,0.5956034579298349,0.3180374619761258
6342,8,8,1,0.9774424,0.9468318218416686,0.9484638401513671,0.9417672546437178,0.053168178158331414
6343,8,8,1,0.99720263,0.9597718576933427,0.9612828425526763,0.9904208133822854,0.04022814230665728
6344,5,2,0,0.5941768,0.4328694557623266,0.4268970162254135,0.41261723226663266,0.5671305442376734
6345,3,3,1,0.52181154,0.7341071874315717,0.7349149537670585,0.6895358888892659,0.26589281256842834
6346,8,8,1,0.98943406,0.9573114232618319,0.9588556802419693,0.9833143967862196,0.04268857673816806
6347,0,0,1,0.9982729,0.9655937535244881,0.96707135684015,0.9855163732793499,0.03440624647551194
6348,8,8,1,0.97537917,0.9502029463174203,0.9516600834760265,0.9376753081216752,0.049797053682579695
6349,0,0,1,0.7632475,0.788459716363785,0.7886128262129548,0.7360438485152314,0.21154028363621502
6350,0,0,1,0.99945897,0.9745582538956983,0.975725358855988,0.9913700157113067,0.02544174610430172
6351,0,0,1,0.99705064,0.9414338258750437,0.9430542112821425,0.9818703991301387,0.05856617412495635
6352,2,2,1,0.9983259,0.961349163747176,0.9627584591558621,0.9844743066230468,0.03865083625282395
6353,2,2,1,0.7119608,0.8420958517404052,0.8431057868862112,0.7400524222322715,0.15790414825959476
6354,7,9,0,0.4358632,0.47994726585950376,0.47345991553464145,0.5658891216458862,0.5200527341404962
6355,0,0,1,0.9335337,0.9429989175548901,0.944450744949647,0.9196452539802121,0.05700108244510993
6356,7,7,1,0.9455263,0.9370118970274872,0.9383922347386295,0.921649851403749,0.06298810297251278
6357,7,4,0,0.7181327,0.7040515637871888,0.7027477624852824,0.5935669987216832,0.2959484362128112
6358,7,2,0,0.5149681,0.6773593756039478,0.6767114866685732,0.6622202409192461,0.32264062439605223
6359,2,2,1,0.7802535,0.854675853673778,0.855671677941104,0.7929320836389828,0.14532414632622204
6360,2,2,1,0.97362095,0.9348721142546689,0.9364765687017801,0.9481101557124124,0.06512788574533113
6361,0,0,1,0.9315004,0.8910580523743361,0.8923188094894963,0.8878214061923857,0.10894194762566389
6362,4,4,1,0.5480955,0.7782081489635032,0.7793957086323203,0.6349837600852216,0.2217918510364968
6363,0,0,1,0.99995196,0.9560277212941276,0.9574753409704662,0.9908669031008971,0.04397227870587239
6364,3,3,1,0.5746591,0.6618636214038319,0.6602560657138195,0.6465575270520518,0.3381363785961681
6365,7,7,1,0.8461841,0.8062739545625645,0.806656124162923,0.7362232000759971,0.19372604543743555
6366,8,8,1,0.7590896,0.8407946073950059,0.8423664178641592,0.7034774110083059,0.1592053926049941
6367,4,4,1,0.9391641,0.9354550419015059,0.9371496682922712,0.9296942190473643,0.06454495809849414
6368,7,7,1,0.9975508,0.9597509396372891,0.9612069902020872,0.9922309192963279,0.04024906036271092
6369,9,9,1,0.9959785,0.9590256892057246,0.9604944359087363,0.9915865896128423,0.04097431079427538
6370,6,6,1,0.97120124,0.9534105309037095,0.9550946036568954,0.9473038064006558,0.04658946909629047
6371,1,1,1,0.9650258,0.9312840297719023,0.9326812552560267,0.915077599176976,0.06871597022809772
6372,1,1,1,0.99983084,0.9674428576832804,0.9690374223536103,0.9805686980796722,0.03255714231671958
6373,6,6,1,0.99481493,0.959844613789917,0.9611396495420317,0.9906293106433657,0.040155386210082966
6374,9,9,1,0.99110293,0.9630404179547416,0.9645298908699594,0.9841463513758721,0.0369595820452584
6375,3,3,1,0.75555503,0.862224748526037,0.863980501038436,0.7967444583006636,0.13777525147396297
6376,8,8,1,0.8413189,0.8711801748318058,0.872143050771647,0.8157660793683845,0.12881982516819424
6377,9,9,1,0.9994991,0.9744793204178034,0.975631130838422,0.9926777578172995,0.025520679582196615
6378,5,5,1,0.9200102,0.8329152398805076,0.8331674975256905,0.5965619715360626,0.16708476011949236
6379,8,8,1,0.9844178,0.9559776684373718,0.9574127241629856,0.9712203649978665,0.04402233156262825
6380,3,3,1,0.42528144,0.3886515550010693,0.3829968227877948,0.4398105510929317,0.6113484449989307
6381,9,1,0,0.8540261,0.8927530445402379,0.8937343034192563,0.8338742772302875,0.10724695545976215
6382,4,4,1,0.41452658,0.4654208982997227,0.4611230848616508,0.5389062465821225,0.5345791017002772
6383,3,2,0,0.83475953,0.7522842960304927,0.751532126274168,0.6438333193201932,0.24771570396950726
6384,7,2,0,0.9411309,0.851717484441618,0.8525593119188634,0.8012121278612662,0.148282515558382
6385,5,5,1,0.91932136,0.9124096288020622,0.9139150923929596,0.9049479703394349,0.08759037119793778
6386,5,2,0,0.59846747,0.34891737885743,0.3417805597547625,0.4562701933961007,0.65108262114257
6387,2,4,0,0.5532561,0.4667396883573941,0.46154381162628944,0.5162180985107606,0.5332603116426059
6388,7,3,0,0.34081593,0.22396902963920273,0.21684341049404418,0.2743830761103344,0.7760309703607973
6389,5,2,0,0.67486197,0.7117280801230663,0.7100760285839645,0.71409815375522,0.2882719198769337
6390,7,7,1,0.99935097,0.9568815471960805,0.9582016349412973,0.9847634922410452,0.04311845280391946
6391,9,9,1,0.96545637,0.9486529033281916,0.9502690662456835,0.9474583510584558,0.05134709667180837
6392,6,6,1,0.9936093,0.9555390485053021,0.957138601070988,0.9856691109539972,0.044460951494697865
6393,3,2,0,0.9768188,0.9408460142528499,0.9423099873233163,0.9316098349415932,0.05915398574715014
6394,0,0,1,0.982505,0.9576181415569582,0.9590184820419593,0.9712405191989619,0.042381858443041764
6395,8,8,1,0.9998123,0.9364583935668046,0.9377986020927582,0.9906327288732841,0.0635416064331954
6396,4,6,0,0.8547068,0.8723345536849901,0.8734129186701887,0.8705089988469805,0.12766544631500987
6397,5,5,1,0.95907116,0.9426509684155284,0.9440735410866932,0.9065771649144441,0.05734903158447158
6398,6,6,1,0.8815319,0.9000081666270695,0.9018571883071219,0.8334026233993737,0.0999918333729305
6399,1,1,1,0.99950635,0.9547916027741584,0.9562858028476833,0.9875020012199397,0.04520839722584158
6400,0,0,1,0.99333537,0.9618908052894725,0.9633475961250285,0.9862150808217868,0.03810919471052754
6401,4,4,1,0.41754675,0.4908472284641075,0.48725253001388674,0.43533878038093915,0.5091527715358926
6402,8,8,1,0.6180645,0.5665017570050649,0.5627135621143846,0.6505721021517862,0.4334982429949351
6403,4,4,1,0.998879,0.9580158850052983,0.9596019079206374,0.9871247457948364,0.04198411499470167
6404,7,7,1,0.9963237,0.958100511325845,0.9596037489084708,0.9906258132080561,0.04189948867415505
6405,1,1,1,0.9081025,0.9184315713813135,0.9199337770712513,0.884215410853329,0.08156842861868652
6406,3,7,0,0.530254,0.3533533589439255,0.3465030935706367,0.4011846606791487,0.6466466410560745
6407,2,2,1,0.999997,0.9286352236314276,0.9300967361029906,0.9911783739266117,0.07136477636857241
6408,0,0,1,0.9996214,0.9667191977716435,0.9680664654545731,0.9450200824709241,0.0332808022283565
6409,9,9,1,0.9857158,0.9614690970015441,0.9628810650641951,0.9819173507790461,0.03853090299845585
6410,1,1,1,0.9999976,0.9679448882904916,0.969122882541703,0.9787913179635299,0.032055111709508366
6411,8,8,1,0.99214315,0.9570627646843624,0.9585990144382763,0.9850921783752798,0.042937235315637645
6412,8,9,0,0.6217847,0.5072084695262842,0.5026253428597875,0.433211598538444,0.4927915304737158
6413,6,6,1,0.9921795,0.9641028991448231,0.9656955724548916,0.9840185699497229,0.035897100855176944
6414,8,8,1,0.99943084,0.9622099619854143,0.963763717506125,0.98871515255572,0.03779003801458569
6415,1,1,1,0.97197324,0.9406354349419024,0.9421609125361415,0.9485260414893673,0.05936456505809762
6416,7,7,1,0.9640706,0.9308084074072249,0.9321030535860664,0.9442287747836989,0.06919159259277508
6417,1,1,1,0.99757177,0.9591259974070798,0.9605854029910251,0.9883170570030332,0.04087400259292018
6418,0,0,1,0.99987316,0.948282033013428,0.9498094698027609,0.9853075617920496,0.05171796698657205
6419,9,8,0,0.60089535,0.42985178556104753,0.4232147814123181,0.4908684132899646,0.5701482144389525
6420,7,7,1,0.9710942,0.9392545776680403,0.94086468878658,0.9410538577986161,0.060745422331959675
6421,6,6,1,0.50133294,0.48141051713756333,0.4779116188384252,0.4544275335311025,0.5185894828624367
6422,4,4,1,0.90956175,0.903385328101117,0.9050623821373424,0.8745069792144633,0.09661467189888295
6423,5,4,0,0.95618105,0.9269660316903412,0.9285161132332906,0.9367359549877088,0.0730339683096588
6424,8,0,0,0.80211496,0.8299408430070965,0.8303234864417003,0.7613187673966957,0.17005915699290353
6425,2,2,1,0.97352105,0.9478264021244476,0.9492803050030205,0.9473996794799214,0.052173597875552424
6426,1,1,1,0.9999423,0.9542763490067024,0.955932487795067,0.9878006002258352,0.04572365099329756
6427,2,2,1,0.9965244,0.9660016055454467,0.9672376731984784,0.9912748616301017,0.03399839445455333
6428,5,6,0,0.5999089,0.7547026699469813,0.755182062991932,0.6740440457539052,0.24529733005301868
6429,8,8,1,0.94180065,0.9135495070330139,0.9148715198554367,0.9182761709644541,0.08645049296698615
6430,1,1,1,0.93444145,0.934146429392723,0.9355519620484619,0.9200387697039923,0.06585357060727703
6431,1,1,1,0.9979699,0.9549992752791953,0.9564531632771723,0.9865234262279803,0.04500072472080474
6432,8,8,1,0.9963761,0.9645853815113838,0.965936359963627,0.9911610907352641,0.035414618488616156
6433,8,8,1,0.9987205,0.9541354061708127,0.9557522071036507,0.9913628482538637,0.04586459382918728
6434,0,8,0,0.88305366,0.8577315747479657,0.8590879566400001,0.7679253876051217,0.14226842525203431
6435,9,9,1,0.9999795,0.9454361115943648,0.946841848777019,0.992020068423907,0.0545638884056352
6436,0,0,1,0.8261037,0.8750418251145813,0.8762453842547087,0.8172345091862178,0.12495817488541872
6437,0,0,1,0.9978873,0.9210213008161834,0.9221116273536981,0.9864387384344151,0.07897869918381661
6438,4,2,0,0.8304913,0.7747912529644353,0.7749143852171355,0.6818346879790157,0.2252087470355647
6439,3,3,1,0.35196647,0.123373482364089,0.11757503217541675,0.3423454135376133,0.876626517635911
6440,3,2,0,0.37795213,0.4108011327227284,0.4056184449588954,0.4214724037263497,0.5891988672772717
6441,5,5,1,0.79851747,0.8554947999400297,0.8568550935931,0.8025252312759038,0.14450520005997025
6442,6,6,1,0.7880395,0.7386313499452257,0.737983960462215,0.6364008068469873,0.2613686500547743
6443,6,2,0,0.7296566,0.439129029484865,0.43203410724865143,0.5148350546407632,0.560870970515135
6444,3,3,1,0.7761594,0.8091518504874458,0.8100044879011246,0.7536596511526155,0.19084814951255424
6445,1,1,1,0.9669378,0.9242852062490744,0.9256994084996121,0.9103514079830255,0.0757147937509256
6446,4,2,0,0.7612124,0.8126232265296978,0.8128995609975685,0.7305038631028069,0.18737677347030224
6447,4,4,1,0.99718684,0.9511605535230239,0.9526501289996285,0.9920919540180065,0.048839446476976134
6448,7,2,0,0.850827,0.5938154374960705,0.5895911149472162,0.5507194455233344,0.40618456250392954
6449,8,8,1,0.9872731,0.9220092405581697,0.9236588749932425,0.8425997865428931,0.07799075944183032
6450,0,0,1,0.97578,0.9317658174196339,0.9331325853839257,0.8388073806667106,0.06823418258036607
6451,1,1,1,0.9990421,0.965355771930312,0.9667975889304503,0.9836874625597667,0.03464422806968803
6452,4,5,0,0.48370364,0.22407578841430942,0.21674401498426607,0.3333035629379036,0.7759242115856906
6453,8,0,0,0.4717537,0.24560895056767743,0.23821090036843864,0.3119141094497677,0.7543910494323226
6454,4,4,1,0.8995923,0.8855634822802647,0.8867463119353557,0.868067841352986,0.11443651771973529
6455,6,6,1,0.9999639,0.9499937381329986,0.9518226284794948,0.9862743665512848,0.05000626186700141
6456,2,2,1,0.9906193,0.9483067863267773,0.949874560253503,0.9853865916425834,0.05169321367322266
6457,2,2,1,0.9573398,0.9315043391989046,0.9330872947774708,0.9153811769826136,0.06849566080109537
6458,2,2,1,0.9790045,0.9464939676798911,0.948108251557942,0.9405116571771606,0.053506032320108865
6459,6,6,1,0.998978,0.9621612568620561,0.9637174918242858,0.9915198431479526,0.03783874313794389
6460,3,3,1,0.8743414,0.8367316319758334,0.8378709558669463,0.739373693578962,0.16326836802416655
6461,4,4,1,0.99128246,0.9554833131543237,0.9571373853187903,0.9838513857488528,0.044516686845676334
6462,0,0,1,0.9974375,0.9599319918406396,0.9612565700030433,0.9918331503770479,0.0400680081593604
6463,8,8,1,0.8145923,0.879432250233686,0.8810620336985601,0.819233497367688,0.12056774976631401
6464,1,1,1,0.9964281,0.96877867339483,0.9699839998374347,0.9867378272052143,0.031221326605169963
6465,3,3,1,0.78698796,0.8801914577503949,0.8817108307476702,0.8197736907942379,0.11980854224960513
6466,8,1,0,0.4099529,0.1580362257414042,0.15074967087049634,0.28186313008485214,0.8419637742585958
6467,3,6,0,0.53651947,0.6896317900769616,0.6890071930952829,0.6093609971600742,0.3103682099230384
6468,8,8,1,0.9997993,0.9514728291567375,0.9529336046100768,0.9918418961264401,0.048527170843262524
6469,9,9,1,0.64086246,0.6643813056142712,0.6625190355772899,0.6314874932039471,0.3356186943857288
6470,1,1,1,0.99749666,0.977177867623489,0.9782865409949666,0.9914938462123191,0.022822132376510984
6471,6,5,0,0.5380063,0.1599166448892002,0.15205629107767937,0.3485597405203773,0.8400833551107998
6472,1,1,1,0.99990094,0.9574541472065097,0.9588548778256503,0.9916754317347511,0.042545852793490324
6473,9,9,1,0.9828318,0.9520603894216884,0.9534587355154102,0.9710525207275377,0.04793961057831164
6474,8,8,1,0.9917686,0.9517628950282626,0.9531652283656545,0.9854206546436108,0.04823710497173739
6475,2,2,1,0.92449695,0.9227372847507809,0.9246388029435717,0.9126036689302321,0.07726271524921913
6476,0,0,1,0.9982735,0.961131648083863,0.9624197477909172,0.9919716050257034,0.03886835191613702
6477,4,4,1,0.9498646,0.9167819121572991,0.9181960061658904,0.8895658701779778,0.0832180878427009
6478,7,7,1,0.79138803,0.854111717764569,0.8551153617871049,0.789909360959076,0.14588828223543104
6479,4,4,1,0.99898845,0.9617162282612478,0.9634183771067287,0.9913479460289384,0.03828377173875219
6480,0,0,1,0.7337904,0.5972209266748395,0.5943578890009404,0.6199354579282519,0.4027790733251605
6481,0,0,1,0.94147384,0.8559045463054119,0.8567122010285284,0.7627176004770575,0.1440954536945881
6482,7,7,1,0.59823686,0.4562649056320732,0.4511398659184604,0.5062308304978599,0.5437350943679268
6483,6,6,1,0.9988476,0.9559450663466309,0.9575801710706632,0.9881375830122308,0.0440549336533691
6484,8,8,1,0.99136555,0.9565834895620131,0.9579836250645327,0.9845589917783754,0.04341651043798689
6485,9,9,1,0.9949386,0.968337906231606,0.9696280907412034,0.9906961209793586,0.03166209376839402
6486,8,6,0,0.57975006,0.5620762811536972,0.5583296797888625,0.5832344371135344,0.43792371884630277
6487,6,6,1,0.99888533,0.9579741210719466,0.9595066682800374,0.9914181754764718,0.04202587892805343
6488,2,0,0,0.7536633,0.7107287186788077,0.7094719565165877,0.6550610477462747,0.2892712813211923
6489,8,8,1,0.9979519,0.9628551798232555,0.9644492332919785,0.9920453401599063,0.037144820176744475
6490,8,8,1,0.47712433,0.2473753989405852,0.24006324317009034,0.39831258489164056,0.7526246010594149
6491,0,0,1,0.37159896,0.4854191418366266,0.4818037918538827,0.5843992918380846,0.5145808581633734
6492,1,1,1,0.99874026,0.9629565400150281,0.9643039422424855,0.9921008747504062,0.03704345998497194
6493,1,1,1,0.4487467,0.45315596717448503,0.44759339952670946,0.5639485265962961,0.546844032825515
6494,0,0,1,0.9846778,0.9633815073613846,0.9649311738329842,0.959023343815057,0.036618492638615385
6495,7,7,1,0.97371316,0.9395695305806642,0.9411508176137013,0.9599731067802516,0.06043046941933583
6496,7,0,0,0.35391322,0.09538985705383371,0.08920583605110657,0.269794980675089,0.9046101429461663
6497,4,2,0,0.8188378,0.8355946993206013,0.8362649270699911,0.821662909880807,0.16440530067939874
6498,4,6,0,0.8718949,0.8277682656860922,0.8285909827500567,0.7642937407210378,0.1722317343139078
6499,7,7,1,0.45628285,0.2635492029268912,0.25611969417502783,0.3604651498391271,0.7364507970731088
6500,7,4,0,0.6535335,0.5827974887839854,0.5792779331441441,0.5767025151236289,0.4172025112160146
6501,2,2,1,0.999833,0.9414562047681898,0.9429132132940452,0.9918113495118898,0.05854379523181019
6502,6,6,1,0.9968188,0.9619748808959171,0.9633782594200446,0.9929529790745707,0.038025119104082905
6503,6,6,1,0.8677696,0.8936312924353575,0.8951584921078616,0.8634835433414942,0.10636870756464245
6504,7,7,1,0.93403995,0.9108298945727992,0.9123035131934584,0.9111437725857374,0.08917010542720083
6505,4,4,1,0.954809,0.9422145194518297,0.9439991839263264,0.9294869615085602,0.05778548054817034
6506,5,5,1,0.92019093,0.9209139010873146,0.9225332814362974,0.9025463831428924,0.07908609891268537
6507,4,4,1,0.8848948,0.8030660159680959,0.8033089917252193,0.7182407755926751,0.1969339840319041
6508,0,0,1,0.9994592,0.945762317305209,0.9471476128080042,0.9924797167520656,0.05423768269479101
6509,9,9,1,0.9971955,0.9545679922636159,0.9559738205662884,0.9925780336331926,0.04543200773638412
6510,4,2,0,0.5709096,0.5711192592008695,0.5662396543929543,0.6068719260103442,0.4288807407991305
6511,7,7,1,0.9885408,0.9554197804136662,0.9567172487187421,0.9820615971700352,0.04458021958633385
6512,2,2,1,0.9981761,0.9591531221623184,0.9607463666232295,0.9891816324051333,0.040846877837681594
6513,5,5,1,0.91248196,0.9107838015893345,0.9121219219978047,0.8884219567688,0.08921619841066553
6514,3,2,0,0.5081598,0.2547313431183495,0.24733176739328086,0.3562504775457511,0.7452686568816504
6515,2,2,1,0.7067885,0.690715059169742,0.6894692058859088,0.7547594088392016,0.30928494083025804
6516,2,2,1,0.96316856,0.9444631244533097,0.9460692539569866,0.934029830032315,0.05553687554669029
6517,7,3,0,0.42913118,0.3803485809902207,0.3737875301494467,0.4678512816838946,0.6196514190097793
6518,6,6,1,0.99975926,0.9453522419217151,0.9467252019829794,0.9918667725907916,0.054647758078284925
6519,2,2,1,0.969177,0.9317838154914766,0.9332762385565453,0.9365231627617053,0.0682161845085234
6520,6,6,1,0.93491936,0.9297462595360472,0.9313565812907154,0.9303834226296921,0.07025374046395283
6521,4,4,1,0.98495746,0.9549643516410891,0.9565478340637437,0.9762087255340413,0.04503564835891094
6522,9,1,0,0.9303672,0.8801198207349087,0.8808462196430016,0.8411061041476557,0.11988017926509131
6523,6,4,0,0.9592837,0.9381233257243202,0.939878053251482,0.9139750234781068,0.06187667427567978
6524,8,8,1,0.91217345,0.7519633212375852,0.7514441189206675,0.7552604834519423,0.24803667876241475
6525,3,3,1,0.87016535,0.9101149615473012,0.9114815940983287,0.8447166526457504,0.0898850384526988
6526,8,8,1,0.9978346,0.9573265595945981,0.9588839838238983,0.9923159450181549,0.042673440405401886
6527,5,5,1,0.7893523,0.8500505541468237,0.8511467983758487,0.8214861904909867,0.14994944585317627
6528,5,5,1,0.9650541,0.9448553281338814,0.9464993434670768,0.9468336919138693,0.0551446718661186
6529,2,2,1,0.9012613,0.9040283062439748,0.9053592525591401,0.8641978346363595,0.09597169375602521
6530,3,3,1,0.9303354,0.9196123928952213,0.9213124815904161,0.888633390503834,0.08038760710477866
6531,4,2,0,0.5337892,0.3954141451650686,0.38915241482917556,0.3167206007809598,0.6045858548349314
6532,5,2,0,0.3552562,0.48451529985572417,0.48053110130814763,0.4345050370281649,0.5154847001442758
6533,2,2,1,0.4432446,0.5264999797769333,0.5234986671619796,0.4527630963716036,0.4735000202230667
6534,7,7,1,0.9998704,0.9390727929818535,0.9404695447421323,0.9925094628588025,0.06092720701814647
6535,5,5,1,0.32117778,0.5274203933914158,0.5243692405739948,0.5445919952595641,0.4725796066085842
6536,1,1,1,0.99899715,0.9664363601194454,0.9678205788641369,0.9870625001112525,0.03356363988055455
6537,5,5,1,0.9301628,0.9301754932178582,0.9320625376617124,0.909116059148352,0.0698245067821418
6538,3,0,0,0.34566998,0.3142359443679191,0.30719948883490616,0.38361507333847217,0.685764055632081
6539,7,7,1,0.97947603,0.9437321728422798,0.945255211104421,0.9697390498429519,0.05626782715772016
6540,8,8,1,0.9999577,0.9568179709147266,0.9583505063957114,0.9922865332534491,0.043182029085273355
6541,8,8,1,0.98915035,0.8984462062927079,0.8999287883736027,0.770422205769788,0.10155379370729212
6542,9,9,1,0.9207305,0.8579754589793881,0.858936379401375,0.7493160022225063,0.1420245410206119
6543,6,3,0,0.24595594,0.11113625094682392,0.10484662291797438,0.32006314545047027,0.8888637490531761
6544,0,0,1,0.99094594,0.9556025282500912,0.9571079134452812,0.9832524471791689,0.04439747174990882
6545,9,8,0,0.7068635,0.8564391717525719,0.8579114495766799,0.7363083916615423,0.1435608282474281
6546,2,2,1,0.68705034,0.8396499595647701,0.8406345768943544,0.720970779061259,0.16035004043522993
6547,6,6,1,0.9957509,0.9505135744321189,0.9521005372207488,0.9917275154356001,0.049486425567881076
6548,0,0,1,0.999683,0.9526877765447784,0.954145810916361,0.9907364277915239,0.04731222345522157
6549,0,0,1,0.5885828,0.646986460955306,0.6443908904818509,0.6026609760147367,0.353013539044694
6550,1,1,1,0.99996746,0.9420628511295478,0.9433653169524496,0.9926333493018508,0.057937148870452204
6551,4,4,1,0.92860836,0.9185978665012948,0.9199996926409348,0.887893677795403,0.08140213349870518
6552,1,1,1,0.99961406,0.9570479603927395,0.9586163167024231,0.9885303876781247,0.04295203960726046
6553,3,2,0,0.553527,0.7011205649742378,0.7009435582156459,0.6671307234292704,0.2988794350257622
6554,5,4,0,0.5701354,0.47695740768490974,0.4714649199011516,0.3014866927154851,0.5230425923150903
6555,1,1,1,0.9999981,0.9508404222573533,0.9526660160066225,0.9890868515849413,0.049159577742646676
6556,8,8,1,0.9999095,0.9588790847597248,0.9605105886892774,0.9886292000866422,0.04112091524027517
6557,9,9,1,0.9904606,0.9555393890456824,0.9568918605506496,0.9861549651755955,0.044460610954317636
6558,6,6,1,0.977705,0.946583644244836,0.9479488546422175,0.9608870539818011,0.05341635575516401
6559,2,4,0,0.7248925,0.8752851041229862,0.8770638264797977,0.7956272040539099,0.12471489587701379
6560,6,6,1,0.51269245,0.6382776814695998,0.6365047055506258,0.590391957531316,0.36172231853040016
6561,9,9,1,0.9733604,0.9543635634461239,0.9558859015016514,0.9617155180883745,0.04563643655387606
6562,5,5,1,0.7592076,0.8644262539238774,0.8660364359141199,0.7877769632871638,0.1355737460761226
6563,6,9,0,0.34603366,0.17331050426543076,0.16555950026044322,0.21938487356926406,0.8266894957345692
6564,5,5,1,0.8915401,0.9222833949172754,0.9239471014432626,0.8772956882644969,0.0777166050827246
6565,9,9,1,0.8788138,0.939140049682113,0.9408903522637225,0.8670660964838904,0.060859950317887046
6566,1,1,1,0.6453444,0.7772527610331113,0.7771448969020994,0.6936629621048825,0.22274723896688875
6567,4,4,1,0.5707756,0.7628351613480006,0.7645336764246574,0.5638112663469191,0.23716483865199944
6568,2,2,1,0.8851987,0.8935805752468523,0.8950979826774117,0.8574537081396023,0.1064194247531477
6569,8,8,1,0.36183834,0.25016342959929583,0.24340515398136706,0.3288542564520074,0.7498365704007042
6570,9,9,1,0.9811804,0.9461705510328319,0.9475548942227752,0.9703357976029252,0.053829448967168125
6571,5,5,1,0.9646939,0.9430152387608267,0.9445665598239034,0.9326809127207993,0.05698476123917329
6572,4,4,1,0.99378926,0.9597534709028066,0.9612486177576337,0.9850045846087987,0.040246529097193395
6573,7,7,1,0.28003842,0.20648413301958995,0.19991926640564098,0.2874086545547757,0.7935158669804101
6574,0,0,1,0.7609463,0.7498348171222664,0.7502027899087396,0.5880818273454803,0.2501651828777336
6575,3,3,1,0.9519663,0.9380285592380089,0.9397405388333453,0.9254944350898916,0.061971440761991126
6576,7,2,0,0.35348043,0.3246498607713152,0.31747312112548226,0.4167342469678283,0.6753501392286848
6577,1,1,1,0.5122036,0.6571839317006379,0.6554157494138564,0.5893708795591863,0.34281606829936206
6578,6,6,1,0.7400899,0.8567048403147879,0.8581583325910034,0.7669575722908429,0.14329515968521211
6579,9,9,1,0.9987627,0.9464520148637817,0.9478929887297652,0.992932460014122,0.05354798513621828
6580,1,0,0,0.7176417,0.70348656185341,0.701943569474538,0.6127933994518917,0.29651343814659004
6581,1,1,1,0.7831869,0.7534808055383528,0.7521990824885979,0.7149418468612129,0.24651919446164716
6582,4,4,1,0.7817709,0.8330445553547486,0.833521033729214,0.7612797369129046,0.16695544464525136
6583,0,0,1,0.99350584,0.9600545090255916,0.9614276194833512,0.9868383185509007,0.03994549097440836
6584,5,2,0,0.47027555,0.2520350778465394,0.24455493422874772,0.3477259421674562,0.7479649221534606
6585,1,1,1,0.9994862,0.9702595853642896,0.9717159400651884,0.9414298924189758,0.02974041463571042
6586,6,6,1,0.9988747,0.9567100372440365,0.9581879329715824,0.9920223514042843,0.04328996275596353
6587,3,3,1,0.7111063,0.789515012460012,0.7898054923159485,0.743035592142146,0.210484987539988
6588,0,0,1,0.8726553,0.9049688775015688,0.9065557094186749,0.862019350330363,0.09503112249843115
6589,2,2,1,0.9827137,0.9544108004857197,0.9559129672429447,0.9670178782930913,0.04558919951428031
6590,5,2,0,0.80975556,0.7465393151796553,0.7460275326469921,0.6884058462715653,0.2534606848203447
6591,5,5,1,0.7630102,0.8165777512602107,0.8174663067115547,0.7398103230950613,0.1834222487397893
6592,5,5,1,0.9997143,0.9521533794191954,0.9536705065055244,0.9927834021324407,0.04784662058080458
6593,2,2,1,0.68668604,0.8768889657548209,0.8784641943733484,0.7588830232599624,0.12311103424517911
6594,8,0,0,0.46320963,0.2111210853050709,0.20369736339085728,0.29557070690860404,0.7888789146949291
6595,2,2,1,0.9457497,0.9296839466003126,0.9310608567906427,0.9236665481057196,0.07031605339968738
6596,3,2,0,0.47690174,0.6398079843899718,0.6387282230872097,0.5615252262013785,0.3601920156100282
6597,1,1,1,0.9968189,0.9592800267992848,0.9606650433098605,0.9872929578246871,0.04071997320071519
6598,6,2,0,0.624323,0.4724085963154572,0.4670238942587875,0.5217563829297517,0.5275914036845428
6599,2,4,0,0.47386277,0.6032921789328792,0.602087019020888,0.5307548795378745,0.39670782106712077
6600,7,7,1,0.87736547,0.9129858458935332,0.9143869843153183,0.8667184897295186,0.08701415410646685
6601,0,0,1,0.7666363,0.8391944648550226,0.8403478828640439,0.7458205845698788,0.16080553514497742
6602,8,8,1,0.9840158,0.9581179061484958,0.9595049942291627,0.9733617513834543,0.04188209385150421
6603,9,9,1,0.98736143,0.9531839262766795,0.9546629293128385,0.9814136533365715,0.04681607372332053
6604,2,2,1,0.403307,0.626296265024034,0.6255365018074783,0.5978618482971361,0.373703734975966
6605,6,6,1,0.9324573,0.9144924612139368,0.915805151956506,0.9101625027213595,0.08550753878606321
6606,4,4,1,0.8789289,0.771859498571187,0.7711754671784983,0.6379463497211252,0.22814050142881304
6607,7,7,1,0.7603029,0.8374443982212479,0.8383002783948674,0.7244042481029963,0.16255560177875206
6608,5,2,0,0.86170876,0.7955739054758126,0.7962354160455533,0.721907212224944,0.20442609452418736
6609,5,5,1,0.9349479,0.9334333761168517,0.9351501104312249,0.901829649536787,0.06656662388314827
6610,8,8,1,0.99790937,0.9590005824823958,0.9602655315757181,0.9928544642700164,0.040999417517604164
6611,8,8,1,0.99955195,0.9649772302660885,0.9663962712763807,0.9905857426467732,0.035022769733911496
6612,7,5,0,0.39452916,0.5350202698766777,0.5309924484196921,0.5230796842374899,0.4649797301233223
6613,8,8,1,0.6994386,0.7849465576988479,0.7856081716327877,0.6491232534198013,0.2150534423011521
6614,5,5,1,0.7574094,0.8083853871927843,0.8088426485088889,0.7601791334046796,0.1916146128072157
6615,7,7,1,0.97865206,0.955986121763354,0.9574092310250727,0.9735100745908655,0.04401387823664604
6616,4,4,1,0.9567515,0.9216655712143318,0.9230792069432799,0.9374046212210438,0.07833442878566821
6617,4,4,1,0.8534829,0.9065675889859086,0.9081670296788608,0.8250175301257241,0.09343241101409139
6618,0,0,1,0.9999027,0.9424973887935083,0.9440039481013811,0.9857600001067746,0.057502611206491694
6619,0,0,1,0.97613907,0.9293994113741026,0.9306788029145007,0.9378266792458697,0.07060058862589735
6620,7,7,1,0.969369,0.9547415160024058,0.9564094958814591,0.9420903738642488,0.045258483997594245
6621,0,0,1,0.99727494,0.9501761026310526,0.951811043491496,0.9870553239774488,0.049823897368947434
6622,4,4,1,0.9990409,0.9496356851844254,0.9512923979864214,0.9906091304781242,0.05036431481557457
6623,0,0,1,0.9882274,0.9614122335947164,0.96275413191141,0.9732074372167264,0.03858776640528361
6624,4,4,1,0.9939958,0.9615127693610306,0.9630046288822353,0.9775756121996446,0.038487230638969416
6625,4,4,1,0.91688365,0.9277300642463178,0.9296017654225442,0.9023254770355059,0.07226993575368224
6626,2,2,1,0.99967766,0.9561391361011877,0.9577060640817513,0.9912641226993231,0.043860863898812275
6627,5,3,0,0.41621372,0.4856463916255473,0.4829267195816137,0.46801205651175,0.5143536083744527
6628,4,2,0,0.79492146,0.8466818825836032,0.8477716636993173,0.7972454949941146,0.15331811741639678
6629,0,0,1,0.98548764,0.9485337705518042,0.9500824450527653,0.9673395638767558,0.05146622944819579
6630,7,7,1,0.9754102,0.9405813105309427,0.9421200115111699,0.9302194338996189,0.05941868946905726
6631,7,2,0,0.59910125,0.28357390568044377,0.2763298454268321,0.3965698071866045,0.7164260943195562
6632,7,7,1,0.8173154,0.8712667846955007,0.8724039452203709,0.8575196663771575,0.12873321530449933
6633,0,0,1,0.9991653,0.9660719460082108,0.9675301397164798,0.9873769439801267,0.03392805399178922
6634,4,4,1,0.40680775,0.46826887230057024,0.46396176278874707,0.5587113034074727,0.5317311276994298
6635,6,6,1,0.962287,0.9363674483647861,0.9376914752003676,0.9394246492410447,0.06363255163521386
6636,2,2,1,0.89978784,0.9220984960807843,0.9238816097355063,0.8594589863070453,0.07790150391921569
6637,9,9,1,0.6330052,0.6193928781330624,0.6170639498812639,0.6607941326273199,0.38060712186693757
6638,1,1,1,0.99998367,0.9512132736785736,0.9525697685398578,0.9881613478434704,0.048786726321426443
6639,1,1,1,0.999907,0.9639471767881732,0.9653205016625529,0.9926759902062101,0.03605282321182679
6640,5,4,0,0.6734931,0.603573658768237,0.6018552595897639,0.605287993782626,0.396426341231763
6641,0,0,1,0.66499,0.6315708358726477,0.62955917602173,0.6270618851877466,0.36842916412735227
6642,9,9,1,0.8817404,0.8830100022818647,0.8840714709057336,0.8364656285818077,0.11698999771813534
6643,1,1,1,0.9910793,0.9610906166015643,0.9625161965244743,0.9860632152033858,0.03890938339843575
6644,0,0,1,0.9890583,0.9230914336342213,0.9247094752463145,0.9763843910442449,0.0769085663657787
6645,6,6,1,0.98873866,0.9547916275264423,0.9562641760999577,0.9823506416392318,0.04520837247355769
6646,5,5,1,0.5541043,0.5797805999582979,0.5780324467796276,0.6033969299154411,0.4202194000417021
6647,3,3,1,0.7996377,0.8364715376728246,0.8376184548307537,0.7940297524625186,0.16352846232717544
6648,0,0,1,0.9996044,0.9552015700625741,0.9568294900602877,0.99087455885876,0.04479842993742589
6649,9,9,1,0.97833633,0.9434693556966923,0.9449161846781319,0.9688747516086778,0.056530644303307676
6650,0,0,1,0.9985638,0.9579603070780678,0.9594144663889325,0.990951256170407,0.042039692921932215
6651,6,6,1,0.9877087,0.9555517213424191,0.957221973275899,0.9795484118730302,0.04444827865758094
6652,2,2,1,0.9923872,0.9652106461203678,0.9665695035494898,0.9813303430212227,0.03478935387963222
6653,0,0,1,0.5858231,0.39271672355947224,0.3868115352126058,0.4445575975049369,0.6072832764405278
6654,4,4,1,0.65693647,0.7267417400498495,0.7258455136332003,0.6747475256681461,0.2732582599501505
6655,1,1,1,0.99193454,0.9751398797926474,0.9763154743977009,0.9863334424268636,0.02486012020735262
6656,6,3,0,0.45833573,0.4745699940400708,0.4678524243310108,0.43698220183662007,0.5254300059599293
6657,7,7,1,0.5560242,0.6959260710953574,0.6954207888597147,0.6647587625873453,0.3040739289046426
6658,6,6,1,0.9986059,0.959469429748977,0.9609405498304091,0.9922677519644343,0.040530570251023024
6659,1,1,1,0.99676394,0.9724154228972021,0.9735856881728366,0.9914131244498035,0.027584577102797936
6660,0,0,1,0.99837035,0.9541260113108481,0.9555296919744897,0.9917008931809214,0.045873988689151934
6661,4,4,1,0.988983,0.9623220196390383,0.9639163229336867,0.9767010481383634,0.037677980360961705
6662,6,6,1,0.5123858,0.6236511618003122,0.6219475736482775,0.5886812292656161,0.3763488381996878
6663,0,0,1,0.99800164,0.9630042445594519,0.9643246703678485,0.984317528156101,0.03699575544054812
6664,4,4,1,0.940481,0.9344009380419536,0.9361671583668907,0.9261691170573677,0.06559906195804643
6665,4,4,1,0.98995763,0.9414682965447332,0.9429647319728639,0.9635053748302156,0.058531703455266815
6666,2,4,0,0.7727155,0.8359412343286768,0.8371203420152142,0.7416118776372227,0.16405876567132316
6667,7,7,1,0.9422962,0.9387707186926268,0.9402445534522418,0.9309505566023074,0.06122928130737315
6668,6,6,1,0.9926991,0.9507061766678451,0.95233636050384,0.986449790123866,0.04929382333215493
6669,5,2,0,0.80625916,0.8427303869414787,0.8439564090766329,0.7924626501810694,0.15726961305852127
6670,3,3,1,0.86079985,0.8950365223166544,0.8968385384068761,0.8556064051234755,0.10496347768334557
6671,5,3,0,0.72851825,0.6073063122113647,0.6043557633418138,0.6008214318520334,0.39269368778863534
6672,9,9,1,0.99708575,0.9272877222910652,0.9282788318038357,0.9930713091365511,0.07271227770893485
6673,4,2,0,0.70356965,0.40749768664506353,0.40029351798796065,0.4392401733568321,0.5925023133549365
6674,5,5,1,0.89295447,0.9135497759822704,0.9152840765848715,0.8682643557483308,0.08645022401772962
6675,2,0,0,0.8506961,0.8985942836059498,0.9008365358431656,0.720479588566535,0.10140571639405016
6676,0,0,1,0.92326444,0.9209923089508333,0.9227725830710957,0.8776216134214195,0.07900769104916672
6677,5,5,1,0.7575534,0.8264011612324742,0.8272647761486253,0.7267538106277671,0.1735988387675258
6678,7,7,1,0.5102452,0.4582931984139553,0.45346413408623837,0.4790821183583307,0.5417068015860447
6679,2,2,1,0.9177669,0.9176347602558297,0.9191520825008107,0.9095833734641212,0.08236523974417032
6680,3,5,0,0.55004364,0.5916251067434152,0.58899902940977,0.5005727618236812,0.4083748932565848
6681,9,9,1,0.94437265,0.926412203434929,0.9277753411000748,0.9111733229817385,0.07358779656507097
6682,4,4,1,0.9777363,0.938265549118066,0.9398615986837529,0.9679467199999209,0.06173445088193397
6683,5,5,1,0.59994733,0.6547107917188492,0.6527391278469947,0.6563971164288703,0.34528920828115084
6684,8,8,1,0.4028479,0.4080852573934005,0.4026098805743102,0.44502871802043975,0.5919147426065995
6685,1,1,1,0.9385474,0.9265751698641538,0.9283575563259644,0.9226798597246869,0.07342483013584622
6686,9,9,1,0.99729353,0.9617417534517438,0.963006477893812,0.9911195596527507,0.03825824654825616
6687,3,6,0,0.41003358,0.33955929027616366,0.3327807284447948,0.41317143755823593,0.6604407097238363
6688,1,1,1,0.7282725,0.4656400361654806,0.45831157727150873,0.5739305547999183,0.5343599638345193
6689,8,8,1,0.9160064,0.9287359068433642,0.9303197190987785,0.909226598637502,0.07126409315663584
6690,5,2,0,0.88701254,0.8273325283100403,0.8280749945190509,0.7061976513889602,0.17266747168995966
6691,8,8,1,0.99993646,0.9570038786498521,0.9584416109672479,0.9904513453641752,0.04299612135014785
6692,6,6,1,0.9939061,0.9487542880698822,0.9505637972091721,0.9854669680340816,0.05124571193011784
6693,6,6,1,0.92165196,0.9053489637294867,0.9066613225738369,0.9002530752904424,0.0946510362705133
6694,3,3,1,0.97054905,0.950639994852674,0.9524711189525928,0.9432091255715594,0.04936000514732597
6695,4,4,1,0.9256992,0.9240126100371148,0.9257727719461226,0.9091848595217544,0.07598738996288523
6696,0,0,1,0.99381244,0.9422106727544388,0.943634628593375,0.9830979087961463,0.057789327245561184
6697,2,2,1,0.62869954,0.6494449377306711,0.6473991390608183,0.6873855305246545,0.35055506226932887
6698,3,3,1,0.40157896,0.38488518802112814,0.3797421394770686,0.4449902856572811,0.6151148119788719
6699,2,2,1,0.99995005,0.9449553603780826,0.9465977202407792,0.9858744316361014,0.05504463962191741
6700,6,6,1,0.80171686,0.8050356968637175,0.8050717246349145,0.7450419882991404,0.19496430313628255
6701,1,1,1,0.9999958,0.9418117096625019,0.9432319618002978,0.9934446023664997,0.05818829033749806
6702,8,8,1,0.99505806,0.9525776591052144,0.9539143699422296,0.9923977281392556,0.047422340894785586
6703,2,4,0,0.40859598,0.5871914679907567,0.5854153122903446,0.570934837614325,0.4128085320092433
6704,1,1,1,0.9994019,0.9638418979178243,0.9651835788101396,0.9919816707101815,0.036158102082175736
6705,3,2,0,0.47270298,0.3353567307470825,0.3296683387741966,0.3713649395262928,0.6646432692529175
6706,6,6,1,0.8205881,0.8522263970760093,0.8533060894617625,0.8334327487200285,0.14777360292399067
6707,2,2,1,0.97222906,0.9309348215410658,0.9324086562574811,0.9452544528488454,0.06906517845893423
6708,2,2,1,0.9999703,0.9425498116437071,0.9439367331009171,0.9920726602765455,0.0574501883562929
6709,3,3,1,0.8113677,0.8948748002486739,0.8965421171875745,0.8565905544988603,0.10512519975132606
6710,3,3,1,0.75958276,0.8758288351093434,0.8774528523149293,0.8051003621689438,0.1241711648906566
6711,5,5,1,0.92127955,0.9272991055164713,0.9289641644996938,0.8943591017146385,0.07270089448352868
6712,0,0,1,0.9925132,0.9561151277356267,0.9574803761905271,0.98440618576582,0.04388487226437332
6713,2,2,1,0.99572754,0.9553914962476042,0.9570251769553547,0.991459902742917,0.04460850375239578
6714,1,1,1,0.99989736,0.9571018366034444,0.9585103271475959,0.9865850682990573,0.04289816339655561
6715,2,2,1,0.3530568,0.5854129727678788,0.5835866811460559,0.5725757220442395,0.41458702723212115
6716,8,8,1,0.98359585,0.9595533439121204,0.961066505512074,0.973560146656264,0.04044665608787956
6717,0,0,1,0.96986467,0.9599423498706452,0.9612433861719968,0.9234161603300437,0.040057650129354805
6718,8,8,1,0.9791837,0.9464990685616297,0.9478688697872412,0.9695836767287522,0.053500931438370314
6719,2,2,1,0.7799848,0.7893953689022493,0.7891023290565125,0.7778923861124479,0.21060463109775074
6720,2,2,1,0.9990847,0.9549469859337669,0.9564719556385006,0.9904915809296475,0.04505301406623308
6721,7,2,0,0.72797143,0.778380900516983,0.7779705407239167,0.7403981720994242,0.22161909948301695
6722,3,5,0,0.57559484,0.33486104549416157,0.32832883638780525,0.4369056522551427,0.6651389545058384
6723,5,2,0,0.5467364,0.4466287694709267,0.44075507320846424,0.5383971125889677,0.5533712305290732
6724,9,9,1,0.9948698,0.9643385627201846,0.9657727534875774,0.990969539408185,0.03566143727981541
6725,8,8,1,0.9965591,0.9582482304108361,0.9595545676589123,0.9925106199222539,0.041751769589163934
6726,3,3,1,0.37022734,0.2596213749090994,0.25319182362767295,0.3314910565390703,0.7403786250909006
6727,6,6,1,0.95885026,0.9440045343086734,0.945430254343245,0.9453626257277083,0.05599546569132663
6728,1,1,1,0.99907684,0.9643595767555422,0.9657421449198964,0.9854629903133358,0.03564042324445782
6729,0,0,1,0.62567663,0.3572782761990895,0.3488841085085493,0.5036645441855848,0.6427217238009105
6730,8,2,0,0.6186523,0.58828997967736,0.5853975215061781,0.5996478027219285,0.41171002032264004
6731,6,6,1,0.9999895,0.9308006491270884,0.9324438290810193,0.9915283857956679,0.06919935087291162
6732,3,4,0,0.5579125,0.6373335088612463,0.6342397031849198,0.6084641429764743,0.3626664911387537
6733,5,5,1,0.9770471,0.9511190182009142,0.9528783646923166,0.9642351645862622,0.04888098179908584
6734,8,8,1,0.9999238,0.95607332865708,0.957495976153989,0.9909031372920185,0.043926671342920054
6735,9,9,1,0.9991775,0.9640834399573948,0.965373794037437,0.9921335483455413,0.03591656004260524
6736,4,4,1,0.988209,0.9471115285959264,0.9486768047227427,0.9789119332076188,0.0528884714040736
6737,8,8,1,0.98022354,0.955555463163176,0.9570535206005165,0.9714853665844853,0.04444453683682403
6738,0,0,1,0.9846016,0.9504067238867432,0.9520223136983296,0.9610386463372821,0.04959327611325681
6739,0,0,1,0.9863359,0.9526169139864494,0.9542120472337031,0.9809806149875905,0.04738308601355057
6740,2,2,1,0.9996767,0.9586816829106797,0.9603510412002223,0.9867427668051583,0.04131831708932032
6741,9,0,0,0.9708845,0.9505560927136456,0.9519547069062791,0.9425224949040363,0.049443907286354394
6742,1,1,1,0.99999547,0.9515959252505517,0.9528441188473353,0.9916643385539697,0.0484040747494483
6743,8,8,1,0.99918514,0.9616064591222498,0.9632283151687501,0.9911470844444699,0.038393540877750154
6744,3,3,1,0.9275551,0.9360578142405714,0.9374820084375548,0.9102551899558758,0.06394218575942856
6745,7,7,1,0.8356295,0.8479884331955342,0.8485910852482295,0.7966906927751682,0.15201156680446581
6746,2,2,1,0.83996457,0.869565845044739,0.8707854482623437,0.8275003164702147,0.130434154955261
6747,8,0,0,0.55548006,0.7212530389323684,0.7204832287149104,0.5998731729804166,0.27874696106763164
6748,0,2,0,0.68904495,0.544539686181511,0.5398342162640278,0.5315438191325709,0.45546031381848895
6749,9,9,1,0.99878484,0.9713205945464944,0.9724832537828423,0.9918607619893458,0.028679405453505558
6750,4,6,0,0.7676292,0.7057050644270098,0.704640516151773,0.6702001222099434,0.29429493557299025
6751,8,8,1,0.99987686,0.9495627246941105,0.9511147528702413,0.9912870862658173,0.050437275305889484
6752,9,9,1,0.68282205,0.7573101742624788,0.757482797848351,0.6213363334164574,0.24268982573752118
6753,4,6,0,0.46404982,0.3817113265293225,0.3754101163556883,0.4566076160268391,0.6182886734706775
6754,8,8,1,0.99624383,0.9607830752914797,0.9623249297287966,0.9903175536458555,0.03921692470852034
6755,9,9,1,0.42578956,0.550621852694376,0.5483060736448507,0.5654113577445977,0.449378147305624
6756,5,5,1,0.7749964,0.8634744313391011,0.8648045267040195,0.8100811800807852,0.13652556866089893
6757,4,4,1,0.9983144,0.9507666494758563,0.9521063163379636,0.9882950999244068,0.04923335052414368
6758,8,8,1,0.9999006,0.9503608393602259,0.9518743464205828,0.9903979534057824,0.04963916063977414
6759,1,1,1,0.7976641,0.8113279732993378,0.8110176719945592,0.7578265671270799,0.1886720267006622
6760,5,5,1,0.9642646,0.9378736216586404,0.9393340726840108,0.9221929324986976,0.06212637834135959
6761,5,5,1,0.8330284,0.8488490684493261,0.8494748313618229,0.8111609687031271,0.15115093155067394
6762,7,7,1,0.5253481,0.47713349414449846,0.47234040885440054,0.4580659699978509,0.5228665058555015
6763,2,2,1,0.7596787,0.7757870682265707,0.7763981403796595,0.7431191728115566,0.22421293177342927
6764,5,5,1,0.74557704,0.8187498789273919,0.8191622819681762,0.7363842348188446,0.18125012107260807
6765,8,8,1,0.98808646,0.9345774237149111,0.9359077191193329,0.9824311078504395,0.06542257628508885
6766,8,0,0,0.90659684,0.8149338334625915,0.8152397998712595,0.6315613152589488,0.18506616653740848
6767,1,1,1,0.9956636,0.9616245585968881,0.9630888371374962,0.9874630482516565,0.03837544140311189
6768,2,2,1,0.9908036,0.9458620510638213,0.9474084303661182,0.9743398815880882,0.05413794893617874
6769,3,3,1,0.64928126,0.6208353982775596,0.6177422132209329,0.6260382023384353,0.3791646017224404
6770,1,1,1,0.9937099,0.9598163332506271,0.9612643520594504,0.9703420240433553,0.040183666749372904
6771,5,5,1,0.85471135,0.9094170328930407,0.9108099380593869,0.8291761158518688,0.09058296710695934
6772,0,9,0,0.875629,0.9119203726525867,0.9132543613100158,0.8410770335624508,0.08807962734741326
6773,2,2,1,0.99872655,0.9555569020964606,0.9569744268812496,0.9845543029296024,0.0444430979035394
6774,3,2,0,0.5058315,0.4986075157239297,0.4945073873354133,0.5632016777942784,0.5013924842760703
6775,0,0,1,0.9919093,0.9515114730750731,0.9531046800650931,0.984434200445678,0.04848852692492689
6776,8,8,1,0.854653,0.8887498070784178,0.8901499984661349,0.856948229000288,0.11125019292158222
6777,2,2,1,0.85463125,0.8706186824953865,0.8719622704369607,0.825980260900681,0.12938131750461346
6778,2,2,1,0.625105,0.7548576464398354,0.7546827193613861,0.5766838908602403,0.24514235356016456
6779,8,8,1,0.9515698,0.8739320972924384,0.8747590859641264,0.7973495590323191,0.12606790270756163
6780,7,7,1,0.98047227,0.9465038448861505,0.9479595221735768,0.9709540014430406,0.05349615511384953
6781,3,6,0,0.9005107,0.8362725874163903,0.8371024208267336,0.7162665009421505,0.16372741258360968
6782,5,5,1,0.98356414,0.9432247772038493,0.9447734133625492,0.9737581639648307,0.05677522279615066
6783,3,6,0,0.9497558,0.9212326966443907,0.92254003960225,0.9117325268346815,0.07876730335560933
6784,9,9,1,0.9995615,0.9616253671431234,0.9629446806790974,0.9923458443345996,0.03837463285687659
6785,6,6,1,0.99839216,0.9558423771078489,0.9572039999559082,0.9920652398284827,0.04415762289215108
6786,3,2,0,0.7644026,0.7696713672433495,0.7698280796625504,0.7814774871308129,0.2303286327566505
6787,5,5,1,0.8851797,0.922433429850288,0.9239550157280828,0.8785568927127586,0.07756657014971202
6788,1,1,1,0.9990213,0.9549688394031781,0.9565037478744266,0.9922636314381031,0.045031160596821884
6789,1,1,1,0.99986446,0.9583007753425667,0.9595556315030707,0.9929719049304911,0.041699224657433254
6790,7,5,0,0.5362565,0.6079340109349678,0.6063541904447542,0.5836036302635297,0.3920659890650322
6791,7,7,1,0.45882624,0.5886274318022643,0.5873563830308806,0.5827647924295862,0.4113725681977357
6792,3,4,0,0.50695866,0.2669894704877206,0.25830027906037345,0.4880210161409064,0.7330105295122794
6793,3,3,1,0.885853,0.9116484764696595,0.913604361278647,0.8515414986146784,0.08835152353034048
6794,8,8,1,0.99985886,0.9615007585054218,0.9628794616015003,0.9908029638394044,0.038499241494578174
6795,9,9,1,0.60501486,0.5599679533492795,0.5556056746406989,0.6400917944857231,0.4400320466507205
6796,6,6,1,0.93473476,0.9141348001913914,0.9157562188199285,0.899975978862413,0.08586519980860863
6797,0,0,1,0.98775744,0.9580586449000975,0.9594633235562805,0.9744388734225656,0.04194135509990249
6798,8,8,1,0.9929281,0.9581286980113818,0.9595722666818964,0.9854994382156472,0.041871301988618215
6799,0,0,1,0.84164995,0.8109707534811216,0.8107491066415464,0.8118142238265778,0.18902924651887842
6800,6,6,1,0.6473052,0.5453327355419738,0.541836126055847,0.6024747674510192,0.4546672644580262
6801,6,6,1,0.9990545,0.9632504871680627,0.964710466495689,0.9924492145609213,0.03674951283193728
6802,4,4,1,0.7447577,0.7915630442383181,0.792015436715332,0.756876550571574,0.20843695576168186
6803,6,6,1,0.99705976,0.9599864008930042,0.9615472740791072,0.9897371573561373,0.040013599106995756
6804,9,9,1,0.99832636,0.9628060790064901,0.9641890384099812,0.9924186541268075,0.03719392099350993
6805,1,1,1,0.9996909,0.9613166357532247,0.9628456599350474,0.9917635492352659,0.03868336424677532
6806,1,1,1,0.99977356,0.955999248102944,0.957619548200409,0.989091471692804,0.04400075189705599
6807,7,7,1,0.9750846,0.9367037809144036,0.9382772423732673,0.9598922941884718,0.06329621908559635
6808,0,0,1,0.99912256,0.9539772139859327,0.955585005251711,0.9869093089331895,0.046022786014067285
6809,6,6,1,0.88511914,0.8213620607807689,0.8220779830184758,0.7518108804540308,0.1786379392192311
6810,8,8,1,0.9999373,0.9481946082308885,0.9496885953122747,0.9919230444038293,0.051805391769111475
6811,9,9,1,0.89177847,0.8889257289037447,0.8901043261215663,0.8282671684887833,0.11107427109625534
6812,0,0,1,0.97657907,0.9450911681961787,0.9466962353858522,0.9462888119139745,0.054908831803821334
6813,6,6,1,0.9915268,0.9615171085901801,0.9629910426046824,0.9837690962873369,0.038482891409819864
6814,9,9,1,0.68302923,0.6167303622323023,0.6158800732053126,0.37697679902212095,0.38326963776769774
6815,0,0,1,0.99932396,0.9641572494006512,0.9657171191456446,0.99131464822786,0.03584275059934883
6816,1,1,1,0.95388633,0.9429736714589856,0.9444050306871278,0.9424445347284807,0.057026328541014415
6817,1,1,1,0.9999089,0.9650914009399327,0.9665136688234528,0.9864716465003476,0.03490859906006727
6818,7,7,1,0.9927007,0.9514551832139393,0.9528223992364311,0.9867955394278904,0.04854481678606071
6819,2,2,1,0.9042934,0.8989248160894634,0.9003421056604648,0.8584587083681957,0.1010751839105366
6820,1,1,1,0.9997023,0.9573693589670004,0.9586553710890777,0.9834020570981471,0.04263064103299963
6821,0,0,1,0.6952827,0.760483124729044,0.7608344590728338,0.6384902598115083,0.239516875270956
6822,4,2,0,0.7749866,0.8677396253327968,0.8690872427034664,0.7908237226114556,0.1322603746672032
6823,5,5,1,0.9013143,0.9269851908489969,0.9287408519929256,0.8519966654718591,0.07301480915100311
6824,0,0,1,0.9004344,0.8849478592710941,0.8861526865582692,0.8123080554202722,0.1150521407289059
6825,3,3,1,0.8538051,0.9071578783581907,0.908914195026335,0.8617318978336012,0.09284212164180927
6826,6,6,1,0.6448239,0.45428842901359723,0.44665400846771386,0.4725764793520228,0.5457115709864028
6827,3,2,0,0.74815804,0.6435492188566426,0.6405809436698158,0.6305083686538933,0.3564507811433574
6828,3,3,1,0.8369081,0.8980736664110927,0.8997729061456502,0.8683452959567078,0.10192633358890735
6829,8,8,1,0.96684027,0.9409572693588407,0.9424038577036065,0.9417579791752837,0.05904273064115928
6830,1,1,1,0.9971865,0.9669783949884687,0.9683078482660004,0.9887601734943193,0.033021605011531285
6831,8,8,1,0.98361444,0.9505872538937716,0.9520963073073221,0.9613748317691058,0.04941274610622837
6832,1,1,1,0.99730897,0.9657750852162028,0.9670695080747774,0.9872889608019487,0.03422491478379719
6833,3,6,0,0.7225315,0.6533431848217082,0.6509041688468686,0.6781420865899034,0.34665681517829183
6834,1,1,1,0.9999912,0.9518721077112275,0.9532541342326948,0.993069085810693,0.048127892288772456
6835,5,5,1,0.9735735,0.9489558063967258,0.9505463178343554,0.9591114821633233,0.05104419360327417
6836,4,4,1,0.99660265,0.9574495162753607,0.9587845103642337,0.9921826804889574,0.04255048372463932
6837,5,5,1,0.84626466,0.8806519586447283,0.8821478470724716,0.8531948486850355,0.11934804135527166
6838,1,1,1,0.9998318,0.956203081112865,0.9575523258200039,0.991955219427079,0.043796918887134995
6839,8,2,0,0.6109622,0.416017680735495,0.40932996396929855,0.5321321342145364,0.5839823192645051
6840,9,9,1,0.99703383,0.9528091486375851,0.9542909857631626,0.9928828063385005,0.047190851362414854
6841,1,1,1,0.99777836,0.94962454290332,0.9511165982668113,0.990320083247692,0.05037545709668001
6842,3,5,0,0.38897267,0.19083314271189553,0.18376220535675314,0.3787296233111034,0.8091668572881044
6843,1,1,1,0.99837095,0.9615995441189427,0.9629509973414165,0.9921582921910668,0.03840045588105734
6844,7,7,1,0.99745756,0.9439080935074637,0.9452207944667591,0.9926958493018507,0.05609190649253626
6845,2,2,1,0.9928686,0.9554603155318973,0.956934501329828,0.9841970579847379,0.04453968446810275
6846,9,9,1,0.9858248,0.9386574522385225,0.9399503234171996,0.9556126209214605,0.06134254776147752
6847,8,8,1,0.9997162,0.9540466639920206,0.9554113885253013,0.9923350516720173,0.04595333600797935
6848,9,0,0,0.71137047,0.8447169507072777,0.8460276419939987,0.7200156234125117,0.1552830492927223
6849,4,2,0,0.87810266,0.9086528404268787,0.9102576053557943,0.8673673897726967,0.09134715957312134
6850,6,6,1,0.9993425,0.9528447637082094,0.9543833797563505,0.9904270826783791,0.047155236291790636
6851,0,0,1,0.975366,0.9470910977668655,0.9485135240382575,0.8579500680762656,0.05290890223313449
6852,9,9,1,0.9798552,0.9511517857883731,0.9526799878428651,0.967081987678695,0.048848214211626884
6853,4,4,1,0.95947516,0.9350092341014735,0.9366435655177733,0.9114702436898753,0.06499076589852648
6854,0,0,1,0.98099166,0.9536502273436899,0.955094205427526,0.9720235144510333,0.04634977265631013
6855,4,4,1,0.96533984,0.9367484482069498,0.9384800832381356,0.9378700334684588,0.0632515517930502
6856,6,6,1,0.7309977,0.611616199717598,0.6084140704421562,0.6119592916259965,0.38838380028240205
6857,2,2,1,0.4621794,0.44555623675576295,0.4407715817738552,0.4357381199483142,0.554443763244237
6858,1,1,1,0.9999777,0.9389439722408934,0.9403901847692075,0.9866612710182163,0.06105602775910657
6859,3,2,0,0.53462934,0.5104874124700702,0.5061419172253973,0.5471577870241958,0.48951258752992977
6860,0,0,1,0.72145486,0.8536056233601897,0.854855290519792,0.7570252674275693,0.14639437663981025
6861,8,0,0,0.90996134,0.9089980383403707,0.9102804961191706,0.8864643784365205,0.09100196165962926
6862,5,5,1,0.92107475,0.919250496844463,0.9206156326146223,0.891159875657043,0.08074950315553697
6863,6,6,1,0.95628667,0.9235022511691178,0.9250264333126003,0.9419455416957869,0.07649774883088223
6864,0,0,1,0.99837506,0.964145249319363,0.9654862690187147,0.9920318623403351,0.03585475068063704
6865,3,3,1,0.6607287,0.5235379332788167,0.5195153977184876,0.5676998811122748,0.4764620667211833
6866,4,4,1,0.79756266,0.8385809940971958,0.8398358951873439,0.7894303502459674,0.16141900590280422
6867,6,6,1,0.99707866,0.9633918282356626,0.9648621280366994,0.9925324393731849,0.036608171764337394
6868,9,9,1,0.8025835,0.8522904009356997,0.8533386146453071,0.8074759359583424,0.14770959906430026
6869,5,2,0,0.52299404,0.2148807700572724,0.2073261778942702,0.3531510035152924,0.7851192299427276
6870,7,7,1,0.7459097,0.8143313894463784,0.815096085194234,0.7917613928387099,0.1856686105536216
6871,9,1,0,0.48112187,0.32198012552692806,0.314347015843666,0.45105758843343613,0.6780198744730719
6872,0,6,0,0.6634716,0.6849333822649654,0.6842583530013794,0.6844696426559277,0.31506661773503464
6873,3,3,1,0.7583043,0.8153371840673644,0.81620074840477,0.776296787352271,0.18466281593263556
6874,6,6,1,0.99875903,0.9538023951232443,0.9554265763739683,0.9909750477923573,0.04619760487675573
6875,5,5,1,0.82277936,0.878429736358936,0.8798069933816516,0.8631897432233129,0.12157026364106405
6876,7,3,0,0.3243138,0.04258596318018508,0.038898230014436846,0.30981270768080615,0.957414036819815
6877,0,0,1,0.88378614,0.8925158501531694,0.8936603597265531,0.8412921807687073,0.10748414984683063
6878,5,5,1,0.9869495,0.9506682685046881,0.9523822364281687,0.9776799150456299,0.04933173149531189
6879,1,1,1,0.8736984,0.8803995668779899,0.8816116639109218,0.8246772684917931,0.11960043312201007
6880,2,2,1,0.6926901,0.5526455024984316,0.5473231841293913,0.6158332513710267,0.4473544975015684
6881,2,2,1,0.49480015,0.4923468720792153,0.4863985525740069,0.46508116980703895,0.5076531279207848
6882,9,9,1,0.9954389,0.9713958874405068,0.9726018137405716,0.9775937655399936,0.028604112559493244
6883,7,4,0,0.6035786,0.38522218596532315,0.3783432060179085,0.514305734585717,0.6147778140346769
6884,0,0,1,0.99607,0.9582687614801637,0.9598162112415386,0.986060348998189,0.04173123851983629
6885,0,0,1,0.8144631,0.8568078286035872,0.8579044352662332,0.801402316056695,0.14319217139641283
6886,1,1,1,0.99994826,0.9616002955354425,0.9630828708017821,0.9868149687664405,0.03839970446455754
6887,4,4,1,0.6467071,0.6016555533793227,0.59680301336546,0.6857666730880756,0.39834444662067725
6888,4,4,1,0.9252342,0.9187710265991995,0.9203750615350429,0.9209130115720288,0.08122897340080049
6889,5,5,1,0.967426,0.9415714698811006,0.9430645764675009,0.9116748324464169,0.05842853011889937
6890,5,5,1,0.99202734,0.9529143472083341,0.9544472174164746,0.9848158938702228,0.04708565279166588
6891,9,9,1,0.99312097,0.9425373372144078,0.9440234237903598,0.9857555639830085,0.0574626627855922
6892,6,6,1,0.9464721,0.9480086776928143,0.9497583022816362,0.9062885267138472,0.05199132230718573
6893,3,3,1,0.9991861,0.9359248444292616,0.9371155628604597,0.9779376208675585,0.0640751555707384
6894,6,6,1,0.96423584,0.9420886365468366,0.9438033151025842,0.9452826332711075,0.05791136345316339
6895,2,2,1,0.7131235,0.7626523814302114,0.7625005077282744,0.5699116899883572,0.2373476185697886
6896,6,6,1,0.93970746,0.9381222703125436,0.939581974825106,0.9082132751471924,0.06187772968745642
6897,9,1,0,0.85832775,0.7709680782007708,0.7700065867173577,0.6155773024528367,0.22903192179922915
6898,3,5,0,0.67245305,0.8734678397112947,0.8753881319876319,0.7865336589832538,0.1265321602887053
6899,2,7,0,0.56755126,0.39764509409176885,0.390961401059176,0.5007044711046515,0.6023549059082312
6900,3,3,1,0.90486735,0.9201680407002168,0.9215264720877383,0.8495006998158137,0.07983195929978315
6901,2,2,1,0.37636343,0.17613841296840166,0.16826517773957228,0.31528646072536554,0.8238615870315984
6902,4,4,1,0.96095747,0.9348449278682391,0.9364366068053367,0.9487475704383068,0.06515507213176086
6903,9,9,1,0.40410492,0.18218398346726755,0.17480809824041105,0.2503838497610791,0.8178160165327324
6904,5,2,0,0.594803,0.31718214064937883,0.3085793713324868,0.3203273190554755,0.6828178593506211
6905,2,2,1,0.9982247,0.9439303492912761,0.9455395279957093,0.9902761282107748,0.05606965070872394
6906,1,1,1,0.98896575,0.9564548891018345,0.9578860001918814,0.9815842077459394,0.043545110898165484
6907,6,6,1,0.9916161,0.9599168004860065,0.9614238937059746,0.9793986247805041,0.04008319951399353
6908,6,6,1,0.99849176,0.9535175622605874,0.9550162426769557,0.9909441564099504,0.04648243773941263
6909,4,4,1,0.981617,0.9422793151746027,0.9437557465677463,0.9704513194800825,0.05772068482539727
6910,7,7,1,0.9965821,0.9479393277790826,0.9493881709944401,0.9869061668128378,0.05206067222091737
6911,6,6,1,0.9988944,0.9598998518824887,0.9613006909692184,0.9853969984323656,0.04010014811751128
6912,3,2,0,0.5171112,0.5012511068095626,0.4966644863079477,0.5941795038019884,0.49874889319043736
6913,3,6,0,0.91067797,0.863833044105413,0.8648157648465639,0.6783971131640173,0.13616695589458705
6914,8,8,1,0.87048715,0.7685689446170245,0.7667875945498833,0.7666266141664554,0.23143105538297548
6915,1,1,1,0.99986506,0.9638239319671893,0.9653303293153425,0.9909218450171373,0.036176068032810704
6916,4,4,1,0.86789286,0.8717541995119147,0.872792233150479,0.8619404909291697,0.12824580048808532
6917,6,6,1,0.56359696,0.6270912371518435,0.6244283846312793,0.6112318249629209,0.37290876284815655
6918,4,4,1,0.9917379,0.9573980278119807,0.9589228463412905,0.9852072276391824,0.04260197218801931
6919,4,4,1,0.7805878,0.8638762209012432,0.8652693275913493,0.8233807672230004,0.13612377909875684
6920,5,4,0,0.40667114,0.44515178126619714,0.44105597368511207,0.4108450971404403,0.5548482187338029
6921,6,6,1,0.9841419,0.94411468267626,0.9458654044075865,0.9633169054450643,0.055885317323740025
6922,2,2,1,0.9299074,0.9309995044063758,0.9324988323402558,0.8996845845873562,0.0690004955936242
6923,0,0,1,0.9997117,0.9596411467087661,0.9609272528682515,0.9847998017534272,0.0403588532912339
6924,5,5,1,0.8841298,0.9049559908881945,0.9064273035157604,0.8422388587767685,0.09504400911180555
6925,2,2,1,0.9949982,0.953422107011022,0.954756996918116,0.9915628966841729,0.046577892988977965
6926,7,5,0,0.4687393,0.30820155221231404,0.3012402583022664,0.4846405461593104,0.691798447787686
6927,5,5,1,0.80507314,0.6807576604566935,0.6775567125289896,0.5999241083670261,0.3192423395433065
6928,2,2,1,0.9584005,0.932653937515194,0.9343060051601819,0.940908286347052,0.06734606248480601
6929,5,5,1,0.98187125,0.9465481782255996,0.9481961120505015,0.9667289376006384,0.05345182177440044
6930,2,0,0,0.98027956,0.9503650361756012,0.9519353166700375,0.9676578751122635,0.0496349638243988
6931,5,5,1,0.90164495,0.890544891640147,0.8917162167723656,0.802281482988716,0.10945510835985295
6932,9,9,1,0.8753779,0.9094083548564074,0.9106578518803465,0.8497380247301293,0.09059164514359264
6933,0,4,0,0.5124702,0.6874451834846853,0.687683329758195,0.5707071603213238,0.3125548165153147
6934,6,6,1,0.97636795,0.9440145259238447,0.9456445930863427,0.9661842539823433,0.055985474076155284
6935,7,7,1,0.5028507,0.7674485161671798,0.768741435405061,0.6360026526806272,0.2325514838328202
6936,9,9,1,0.6366053,0.7734369206615415,0.773410891550928,0.6921170977192165,0.22656307933845854
6937,8,8,1,0.9960782,0.9590703837103571,0.9604362009066469,0.9914530820809011,0.04092961628964287
6938,3,3,1,0.9033128,0.8937111168242395,0.894775198339072,0.8215452815511692,0.10628888317576046
6939,2,2,1,0.99594647,0.9313517077641282,0.9329766577620514,0.9833197040328606,0.06864829223587177
6940,1,1,1,0.99996424,0.9708513149961118,0.972044686787497,0.992964173100217,0.02914868500388823
6941,4,4,1,0.79310185,0.8486089235629398,0.8509610708611757,0.6039343527196871,0.15139107643706018
6942,3,2,0,0.7203003,0.8422144419809957,0.8429983865774174,0.7636654227459967,0.1577855580190043
6943,4,4,1,0.9848015,0.956768353749613,0.9582768150968785,0.9646182140974341,0.043231646250387
6944,5,5,1,0.90291804,0.9285393872266441,0.9300871023627142,0.8755480779204085,0.07146061277335591
6945,5,5,1,0.78441423,0.8374004949646142,0.83860687332327,0.7699832131471678,0.16259950503538578
6946,6,6,1,0.9953185,0.9460685623665228,0.9476307027852415,0.9908244661127806,0.053931437633477186
6947,8,8,1,0.9982529,0.959344697704724,0.9608935154405424,0.9910201208731373,0.04065530229527603
6948,6,6,1,0.6541166,0.5588811234010425,0.5546175672989276,0.6012037467845073,0.44111887659895754
6949,0,0,1,0.98802745,0.9396120810111241,0.9411465910327687,0.978185322915897,0.060387918988875855
6950,8,0,0,0.9534521,0.9193820097393332,0.9208665549132659,0.9325717766888519,0.08061799026066685
6951,9,9,1,0.99128485,0.9586299125946172,0.9602711815477555,0.9838859459897775,0.04137008740538284
6952,8,8,1,0.5600212,0.768188156099954,0.7693026802796729,0.6052458814149129,0.23181184390004606
6953,0,0,1,0.9967501,0.9594650390674871,0.9609507673797538,0.9906538987715569,0.040534960932512853
6954,7,0,0,0.9356724,0.9357687173075787,0.9372994654260985,0.8910757069196569,0.06423128269242129
6955,7,7,1,0.9881926,0.9503760580317134,0.9518796401527939,0.9795844424566675,0.04962394196828657
6956,6,6,1,0.9999558,0.9531519277515688,0.954625240927254,0.9932759116437847,0.04684807224843124
6957,6,6,1,0.43804485,0.4523597748425695,0.44710436553424227,0.45550717937854956,0.5476402251574305
6958,7,4,0,0.40288565,0.15759734847639834,0.1491500174600186,0.47683916187163844,0.8424026515236016
6959,5,5,1,0.77537805,0.8138333822553815,0.8144629429170241,0.787329204888861,0.1861666177446185
6960,9,9,1,0.9974989,0.961232968425634,0.9627518874875564,0.9915290667470645,0.03876703157436601
6961,8,8,1,0.6879765,0.836511734735357,0.8384212925299572,0.7181859439175191,0.163488265264643
6962,7,5,0,0.27536902,0.2091534198911964,0.20283053903661774,0.2879774761282016,0.7908465801088036
6963,9,9,1,0.84525794,0.8123209503419417,0.8122439467284983,0.7755174831326674,0.18767904965805826
6964,5,5,1,0.8910333,0.9100649594862835,0.9116223134776186,0.8625035313652694,0.08993504051371648
6965,6,3,0,0.5241375,0.6135688937426915,0.6117149333066355,0.6425913014890439,0.3864311062573085
6966,0,0,1,0.70052075,0.6384474392590864,0.6369709641284986,0.5690406631959967,0.3615525607409136
6967,4,4,1,0.99914145,0.9621687208522962,0.9634130499611927,0.9843647072328081,0.03783127914770379
6968,8,8,1,0.73560923,0.8853812759125465,0.887095076556178,0.8053771779872515,0.11461872408745355
6969,2,6,0,0.30620992,0.3118706092493907,0.3054030934724185,0.38348526891008833,0.6881293907506093
6970,0,2,0,0.7309207,0.5496522291396593,0.5411442694184916,0.6294295156749112,0.4503477708603407
6971,9,9,1,0.9991393,0.9598634318185117,0.9613012573162167,0.9922494391887103,0.04013656818148825
6972,1,1,1,0.99921,0.967123309951434,0.9682598532613742,0.9926783250092538,0.03287669004856597
6973,3,2,0,0.42437586,0.1363552510546339,0.12954786630654375,0.26479061544888455,0.8636447489453661
6974,9,9,1,0.89184356,0.9199155280755296,0.9212922771368081,0.8575066696481797,0.08008447192447044
6975,8,8,1,0.9330807,0.8543425365511098,0.8550656896539939,0.7602001367670226,0.1456574634488902
6976,3,3,1,0.7665836,0.7751340412285119,0.7748979337060832,0.7409815143616324,0.22486595877148807
6977,7,7,1,0.7062502,0.7482424797763974,0.7479122037843231,0.7536838239483649,0.25175752022360265
6978,4,4,1,0.99493283,0.9628232309485123,0.9645206298989871,0.9898262253326028,0.0371767690514877
6979,5,4,0,0.8343511,0.8399143499210426,0.8405385437646454,0.8134262685840361,0.16008565007895736
6980,0,0,1,0.9592855,0.9330284982778367,0.9346050429087907,0.8955641537551542,0.06697150172216326
6981,2,2,1,0.9867535,0.9475487836086094,0.948941137768742,0.9806936665916356,0.05245121639139061
6982,1,1,1,0.9989355,0.9632005655920082,0.9645445416481804,0.986370241466281,0.03679943440799183
6983,9,9,1,0.8586098,0.8427497039395953,0.8432982470464689,0.6783170849821191,0.15725029606040475
6984,1,1,1,0.9792851,0.9512914365444016,0.9527416661219399,0.9640165584669418,0.048708563455598375
6985,0,0,1,0.75822866,0.7435011708116568,0.7421364379419371,0.7102634658238565,0.2564988291883432
6986,5,6,0,0.5725049,0.5855488934146612,0.5828692400243071,0.5784209484798284,0.4144511065853388
6987,8,8,1,0.99330693,0.9467553912966163,0.948393902846797,0.98332653601725,0.053244608703383656
6988,4,2,0,0.93888867,0.9209190072729255,0.9224365056726117,0.9232597664568601,0.07908099272707447
6989,7,7,1,0.5144531,0.37510513008350366,0.3686299610068392,0.4291463933934171,0.6248948699164963
6990,3,3,1,0.9814274,0.950913847001652,0.9527901069103704,0.9423062529818387,0.049086152998347954
6991,1,1,1,0.9999745,0.9579691906732386,0.9592277912687219,0.9916643385539697,0.0420308093267614
6992,4,4,1,0.89800596,0.9201614145327849,0.9219557407511261,0.854048333210077,0.07983858546721512
6993,5,3,0,0.6471928,0.8374984098480643,0.8390668406363868,0.7370641720854586,0.16250159015193566
6994,3,4,0,0.5262812,0.5865789780689845,0.5853520999346474,0.5472922647600814,0.4134210219310155
6995,1,1,1,0.9116656,0.9009618246783665,0.9022369052015901,0.8629422540356744,0.0990381753216335
6996,0,0,1,0.99828655,0.956837090728843,0.9582653257751664,0.9828467085340253,0.04316290927115696
6997,8,0,0,0.6133812,0.4116020443593828,0.40459625635273416,0.505662574180176,0.5883979556406171
6998,8,8,1,0.9938235,0.9523825235109044,0.9540468463253243,0.9705205718177596,0.047617476489095645
6999,8,8,1,0.9160593,0.9126900202893573,0.9143146224898683,0.9116256848150311,0.0873099797106427
7000,2,0,0,0.5197161,0.26937062714128385,0.26283463824397324,0.4477112436221386,0.7306293728587161
7001,1,1,1,0.9998124,0.9613857298538336,0.9628667434596468,0.9920702449303682,0.03861427014616636
7002,3,6,0,0.44482633,0.3629804853923647,0.3568827299035186,0.4302831067920732,0.6370195146076353
7003,7,3,0,0.4325726,0.4996644015754018,0.49546724979892437,0.5620650472105774,0.5003355984245982
7004,3,0,0,0.9834801,0.9487389451068118,0.950100223242788,0.9494827880527344,0.05126105489318822
7005,1,9,0,0.3858939,0.19392030595646972,0.1859851528416329,0.4505442607699628,0.8060796940435303
7006,6,6,1,0.94097114,0.938234348133131,0.9399894252162141,0.9274668366654204,0.061765651866869
7007,9,9,1,0.8222614,0.49884584667387377,0.4924700738414946,0.5562642173765274,0.5011541533261262
7008,1,1,1,0.9999213,0.9358305130230317,0.9372341070843229,0.9919411893901184,0.06416948697696834
7009,6,6,1,0.8532818,0.8894430787359029,0.8908487634923301,0.8627345845061416,0.11055692126409711
7010,0,0,1,0.9867828,0.9498566530547515,0.9512403358288841,0.9812204539276145,0.05014334694524847
7011,7,3,0,0.5714307,0.5211640076897329,0.5166630314895481,0.5864120085695722,0.4788359923102671
7012,7,7,1,0.95773494,0.9522437703402776,0.9536154759651945,0.9402725068369435,0.04775622965972237
7013,1,1,1,0.9985858,0.9668470620395851,0.9680801067487516,0.9891887156574923,0.03315293796041485
7014,3,3,1,0.80352235,0.8628939742109928,0.8642703177782958,0.8075591688517488,0.1371060257890072
7015,3,3,1,0.52517617,0.737404432766912,0.7371308073572801,0.6845425759244625,0.26259556723308797
7016,3,3,1,0.7571285,0.8339955069741226,0.8348405559527431,0.775550614169686,0.1660044930258774
7017,1,1,1,0.954162,0.9352291209203569,0.9367068324576867,0.9083455972376059,0.06477087907964307
7018,0,0,1,0.9895605,0.945217393001759,0.9466888600644722,0.9814621907776961,0.054782606998241
7019,2,2,1,0.99040097,0.9545230679851455,0.9561087904632434,0.9834917217050706,0.045476932014854476
7020,7,7,1,0.99288225,0.9538093138274947,0.9552797324333338,0.9829241549972701,0.046190686172505324
7021,1,1,1,0.6184451,0.7754814734020724,0.7763495939733234,0.62116748396656,0.2245185265979276
7022,2,2,1,0.9906572,0.9242289067969128,0.9257010196788371,0.9563884313819285,0.07577109320308717
7023,2,2,1,0.99767727,0.9425810325676178,0.9440831012713589,0.9897864509946566,0.05741896743238217
7024,9,9,1,0.999556,0.9574454657217604,0.95885509311728,0.9928663806361694,0.04255453427823963
7025,6,6,1,0.9997874,0.9428202690411919,0.944317040045276,0.992040593596178,0.05717973095880813
7026,3,3,1,0.41738072,0.30994068923718576,0.3029881302205093,0.402963780452493,0.6900593107628142
7027,5,5,1,0.9260698,0.9148169159021652,0.9160809309514528,0.8879505829425921,0.08518308409783482
7028,9,9,1,0.99924445,0.9463695625126236,0.9479919444669782,0.9912561391272838,0.05363043748737639
7029,4,4,1,0.9989976,0.9466190340821139,0.9481056802616665,0.9853203315871031,0.0533809659178861
7030,8,8,1,0.9957289,0.9577812130132152,0.9593693747057611,0.9918892148653586,0.04221878698678483
7031,0,0,1,0.99083906,0.9505678123350982,0.952147248886125,0.9843446713709119,0.04943218766490176
7032,4,4,1,0.9599548,0.9399387962138543,0.9417261829456716,0.9290931955569617,0.060061203786145656
7033,8,8,1,0.97818744,0.9423461815288988,0.9438562282985249,0.9639380842967573,0.05765381847110118
7034,0,0,1,0.99978083,0.9487003344938127,0.9501804289972668,0.9918606351917285,0.05129966550618725
7035,1,1,1,0.5935999,0.7343709668824635,0.7338599508687623,0.582881726507275,0.2656290331175365
7036,3,2,0,0.923734,0.906146723554561,0.9075218495095763,0.8718114664760303,0.09385327644543895
7037,7,3,0,0.33713666,0.18824754418422782,0.18175021889664328,0.5190911507096508,0.8117524558157722
7038,0,0,1,0.9901452,0.9360819682234123,0.9376761617714214,0.9783257798678194,0.06391803177658772
7039,4,4,1,0.9919516,0.9487793586108431,0.950204592952503,0.9868048270964104,0.05122064138915694
7040,7,0,0,0.95857626,0.9324589115038927,0.9342055800508544,0.8985067179399675,0.0675410884961073
7041,4,0,0,0.4131512,0.7004259031698086,0.7013287528303915,0.6332575286274479,0.2995740968301914
7042,8,8,1,0.9990558,0.9481376708126303,0.9496336485121007,0.9903359962486229,0.05186232918736966
7043,6,6,1,0.99807787,0.9663280775583412,0.9678296038430633,0.9853833562488219,0.03367192244165884
7044,4,4,1,0.9582935,0.9389230336173856,0.940565413874907,0.9439029510535865,0.061076966382614395
7045,3,3,1,0.9700818,0.9505841179468799,0.9522190494930284,0.9480852920514498,0.049415882053120086
7046,9,9,1,0.89193976,0.9205901846307807,0.9220784317435531,0.8737011506326996,0.07940981536921932
7047,8,8,1,0.9999945,0.9538912994714979,0.9553855624611804,0.9921070591211739,0.04610870052850213
7048,2,2,1,0.781369,0.8169868973121964,0.8175156559356265,0.7592712809489521,0.18301310268780357
7049,2,2,1,0.6004107,0.839849688134857,0.8414955409552006,0.6464207206544599,0.16015031186514295
7050,8,8,1,0.9983687,0.9617689172068253,0.9631661706192828,0.9926106188246154,0.038231082793174664
7051,3,3,1,0.8663346,0.8710284324307388,0.8723259155518222,0.8496152221297819,0.1289715675692612
7052,1,1,1,0.9999821,0.9594062046609642,0.960629308381679,0.9925245462727784,0.04059379533903584
7053,1,1,1,0.99998045,0.9571780505933718,0.9584337479583319,0.9925246446805831,0.0428219494066282
7054,2,2,1,0.6574536,0.7274188995489296,0.7270876946055043,0.6081011318422651,0.2725811004510704
7055,8,8,1,0.9979315,0.9631354929056279,0.964467552841976,0.9923244133465093,0.036864507094372057
7056,2,2,1,0.97881764,0.9506926528816587,0.9521695739311173,0.9683121546905329,0.04930734711834128
7057,6,6,1,0.9960347,0.9595486601159223,0.9610190062597903,0.9873303042475119,0.040451339884077675
7058,9,9,1,0.99992573,0.9646656498137303,0.9658599089559937,0.9928175963118625,0.035334350186269736
7059,4,2,0,0.59501964,0.4769063951031309,0.4704714149591588,0.5436393845108429,0.5230936048968691
7060,8,8,1,0.9868613,0.9528172407120516,0.9545682312131449,0.970521248330282,0.04718275928794835
7061,4,2,0,0.70907784,0.4276523338160018,0.4216662834924832,0.523873243364986,0.5723476661839981
7062,4,4,1,0.4094396,0.4575625546437612,0.453298035977042,0.4225127687084384,0.5424374453562388
7063,1,1,1,0.9977018,0.9685006959510327,0.9697318379355118,0.9931366966550934,0.03149930404896728
7064,5,5,1,0.9957982,0.9546900495978565,0.9562072184551953,0.9809754050567955,0.04530995040214347
7065,2,2,1,0.9931778,0.9543137354787156,0.9559493879176633,0.9719207456518102,0.045686264521284436
7066,6,6,1,0.99838614,0.9556692484777685,0.9572097832855981,0.9913833721936376,0.04433075152223154
7067,9,9,1,0.99986446,0.9581586477721352,0.9596075149916564,0.9923789353060216,0.04184135222786478
7068,2,0,0,0.9022387,0.9059638223873818,0.9072737738511575,0.8715837249279739,0.09403617761261818
7069,0,0,1,0.99954563,0.9611467044148494,0.962563267264608,0.98071069975912,0.038853295585150605
7070,7,7,1,0.9854643,0.9507255715990489,0.9521372188687234,0.9616512335920652,0.04927442840095109
7071,1,1,1,0.9941577,0.9555908771051271,0.9573222853110488,0.9836861627672381,0.044409122894872866
7072,8,8,1,0.996903,0.9576794673492699,0.9590605846495852,0.9907126946851531,0.0423205326507301
7073,9,9,1,0.9924384,0.9666289769913956,0.967890469129709,0.9873114484402109,0.033371023008604395
7074,3,3,1,0.87947625,0.8668736091080556,0.8681739648278438,0.8599975043023476,0.13312639089194445
7075,9,9,1,0.79235363,0.8959337023476343,0.8974611846585934,0.8205442705349993,0.10406629765236575
7076,9,9,1,0.9991866,0.9534786686837073,0.9549462986262286,0.9927539903677348,0.04652133131629266
7077,0,0,1,0.99381614,0.9495722015584773,0.9511854297264706,0.9621674205523738,0.050427798441522675
7078,7,7,1,0.7063562,0.8169044365548983,0.8171584007777495,0.6978465816517491,0.1830955634451017
7079,7,7,1,0.9937244,0.9578935647006389,0.9592436572594756,0.9877149774377445,0.04210643529936109
7080,5,5,1,0.700814,0.8071359850478682,0.8085237411574264,0.7219113128447704,0.1928640149521318
7081,4,2,0,0.6488592,0.5540111745094167,0.549524549094118,0.5847407271539927,0.4459888254905833
7082,2,0,0,0.91074854,0.9351934099526501,0.9369333297866087,0.8563052799689853,0.0648065900473499
7083,6,6,1,0.9812308,0.9517256898959097,0.9533878506468355,0.9529593010343547,0.048274310104090334
7084,4,4,1,0.966234,0.9433060377744209,0.945044837167554,0.9479296045950726,0.0566939622255791
7085,5,5,1,0.7326734,0.8124853487538113,0.8131603790830596,0.7827982666701138,0.1875146512461887
7086,7,7,1,0.99778444,0.9542838676612055,0.9558399392515889,0.9891712215586312,0.04571613233879446
7087,7,7,1,0.48178312,0.4464374640215489,0.4425945021451197,0.4511913014427422,0.5535625359784511
7088,8,8,1,0.996914,0.9605170417218888,0.9619985939979913,0.9904554846645068,0.03948295827811121
7089,7,7,1,0.8255242,0.8084000602436792,0.8082367626337651,0.7829204955625384,0.19159993975632084
7090,2,2,1,0.9503842,0.9350026746245923,0.9366845089055768,0.9370382230391386,0.0649973253754077
7091,6,6,1,0.9870935,0.9463170357406436,0.9477139405610854,0.964682449539941,0.05368296425935637
7092,2,2,1,0.99679095,0.9586793666516684,0.9601090417724124,0.990297595544683,0.04132063334833158
7093,2,2,1,0.9936161,0.9568328755943423,0.9582798065948264,0.9850204303839503,0.04316712440565773
7094,4,4,1,0.99989915,0.9507262322569778,0.9523871745927345,0.9920473576259247,0.04927376774302217
7095,4,4,1,0.90314054,0.8912385651391721,0.8924866297073165,0.8639102985935435,0.1087614348608279
7096,0,0,1,0.99860495,0.9575993300515941,0.9589889721204505,0.9916554940123057,0.042400669948405856
7097,7,3,0,0.3096216,0.38873122325282183,0.3842559843358685,0.4024799170806148,0.6112687767471782
7098,1,1,1,0.9999399,0.9586768364368659,0.9604469465041162,0.9889820145374512,0.041323163563134147
7099,3,5,0,0.64001805,0.654853782903128,0.6537191780495564,0.6601986106127095,0.345146217096872
7100,9,9,1,0.5094743,0.19319363150077848,0.18374783423484745,0.24055579011821915,0.8068063684992215
7101,6,6,1,0.9988914,0.9464018075223593,0.947859645197083,0.9854544883798398,0.05359819247764075
7102,0,0,1,0.9269641,0.9209885493527359,0.9226139611313773,0.8938957217330189,0.07901145064726411
7103,0,0,1,0.99980634,0.9603215908086291,0.9618022064257189,0.9851317432299095,0.03967840919137089
7104,2,5,0,0.35412806,0.10657407702871233,0.1010581370940207,0.3207279387782439,0.8934259229712876
7105,3,0,0,0.43418545,0.38430720347506636,0.37824943437199726,0.43739884467725804,0.6156927965249337
7106,8,0,0,0.7807062,0.7556536327303248,0.754796223572177,0.5617916501815408,0.24434636726967518
7107,2,6,0,0.5609813,0.5197596052250841,0.5161050838783202,0.5603135026436806,0.48024039477491587
7108,2,2,1,0.99000007,0.9585136675361179,0.9601731360945646,0.9830604770240912,0.041486332463882114
7109,4,4,1,0.8744318,0.8896572322361684,0.8910847581720169,0.8623325015678514,0.11034276776383156
7110,3,3,1,0.92137927,0.9076840368380668,0.9090062535902474,0.8666262391440733,0.09231596316193325
7111,5,5,1,0.9079839,0.9148279401149267,0.9164673615749385,0.8701881661616738,0.08517205988507326
7112,2,0,0,0.9906014,0.9279884596397757,0.9294724366261071,0.9789067921894029,0.07201154036022428
7113,9,9,1,0.77808446,0.7674972834375519,0.7670286812182281,0.639255098316157,0.23250271656244814
7114,1,1,1,0.99786866,0.967874286342564,0.9692862203412806,0.9905879849305592,0.032125713657435995
7115,0,0,1,0.9974764,0.9653998825180539,0.9668790829530447,0.9758276937264786,0.034600117481946135
7116,0,0,1,0.974795,0.9565101532731608,0.9578458558141365,0.962614186382673,0.0434898467268392
7117,6,0,0,0.65716076,0.5079691906548038,0.5033544582522161,0.4821822854781262,0.49203080934519616
7118,5,5,1,0.9843662,0.947502230542556,0.9494551397824713,0.9732849938504811,0.052497769457444
7119,5,5,1,0.35799268,0.25236743478014645,0.2448068762216124,0.3194747408813956,0.7476325652198536
7120,7,5,0,0.71844256,0.790485332019246,0.7915916280306368,0.7273664106148174,0.20951466798075402
7121,9,9,1,0.99932754,0.9506825259942702,0.9520407663731448,0.9938684237684206,0.04931747400572983
7122,9,9,1,0.99367815,0.9612744606203218,0.9625137793267292,0.9882331451381267,0.03872553937967815
7123,6,6,1,0.99881893,0.9253687300457543,0.9266334104598848,0.9862293815195591,0.07463126995424574
7124,5,2,0,0.9410585,0.9270046609374841,0.9286452802101721,0.9164014415735151,0.07299533906251587
7125,5,5,1,0.52936935,0.6840177468186484,0.683341580740263,0.6176205514463906,0.31598225318135165
7126,0,0,1,0.79758567,0.8323451540123343,0.8333239580226431,0.7370437586955277,0.16765484598766567
7127,5,2,0,0.7523941,0.7337246793600414,0.7327258553968353,0.639976156038107,0.2662753206399586
7128,7,3,0,0.4538536,0.1723843926815838,0.16541945260506186,0.3553620575224566,0.8276156073184162
7129,1,1,1,0.95709354,0.9180877512605823,0.9196034902291349,0.9136777033978879,0.08191224873941771
7130,6,6,1,0.97693354,0.9442631411619523,0.9459369702709264,0.9584560272813526,0.05573685883804769
7131,6,6,1,0.99985385,0.9594919435151457,0.9610847694176263,0.9899854914301126,0.04050805648485434
7132,4,4,1,0.88881814,0.885614955452529,0.8867083628519544,0.8578450823998055,0.114385044547471
7133,1,1,1,0.81931055,0.8149039531483643,0.815193375245102,0.7746385388786788,0.18509604685163572
7134,4,2,0,0.43294543,0.23907105834001596,0.23164460277104176,0.33826545667692026,0.760928941659984
7135,4,4,1,0.9263467,0.9383877854137651,0.940200274661502,0.9170062589607454,0.06161221458623489
7136,1,1,1,0.9992526,0.9666449416273206,0.968120511384728,0.9915244265161163,0.03335505837267938
7137,5,5,1,0.65927845,0.7082059021667814,0.7081841322772081,0.5897633957133999,0.29179409783321864
7138,0,0,1,0.998735,0.9628090854450475,0.9644651186625486,0.972151125004781,0.03719091455495249
7139,0,0,1,0.9948965,0.9578019609162448,0.9592679922611254,0.9633821116673225,0.04219803908375519
7140,4,4,1,0.79629517,0.8850867864026017,0.8868370562583522,0.8329228351572613,0.11491321359739826
7141,5,5,1,0.80327916,0.8817602433296343,0.8832902838383846,0.8010059297083417,0.11823975667036568
7142,8,8,1,0.98619044,0.9427014365117106,0.9441553750347771,0.97941361752877,0.05729856348828943
7143,4,2,0,0.65563357,0.7437949255939423,0.7448386323830695,0.7013352534957586,0.25620507440605766
7144,8,8,1,0.8386177,0.9045768527154061,0.9061326226896378,0.8589119974846173,0.09542314728459389
7145,3,5,0,0.5832352,0.6320422924511132,0.6299903526731251,0.4875721680309896,0.3679577075488868
7146,0,0,1,0.9986628,0.9533311937546232,0.954818704241793,0.9928533945737945,0.04666880624537684
7147,5,2,0,0.58295804,0.33843112826751953,0.3311743302392428,0.42069992212885315,0.6615688717324805
7148,0,0,1,0.99232846,0.9580099028982543,0.959404617260085,0.980829100429413,0.04199009710174573
7149,5,6,0,0.43024394,0.2053416166740068,0.1980788907896383,0.44521436010176296,0.7946583833259933
7150,3,6,0,0.69218034,0.5619259179362668,0.5566823788476924,0.5440168943802366,0.4380740820637332
7151,1,1,1,0.9999201,0.9592858704882868,0.9608236962295267,0.9862209491000171,0.04071412951171316
7152,6,6,1,0.95493084,0.9386094455145904,0.9401349657531582,0.9409410178605103,0.06139055448540964
7153,7,7,1,0.94663835,0.9405615437027095,0.9420027955826332,0.9247737814049668,0.0594384562972905
7154,0,0,1,0.9979755,0.9629574153565466,0.9642702558160037,0.9863610662200668,0.03704258464345345
7155,9,9,1,0.99819416,0.9687784701403679,0.9700474187869087,0.9914948375133554,0.031221529859632113
7156,1,1,1,0.9999945,0.951333872785017,0.9526255089676895,0.993762757250985,0.04866612721498298
7157,5,5,1,0.92194855,0.9361196890259009,0.9378821034293408,0.8854189480492691,0.06388031097409907
7158,7,7,1,0.99157435,0.9570050509859248,0.9583024600070353,0.9778611373235457,0.04299494901407519
7159,6,2,0,0.4961342,0.5133467683136764,0.5093560696231234,0.5321464726016804,0.4866532316863236
7160,5,5,1,0.9822483,0.9546676718429217,0.9561750883378001,0.9686231406500514,0.04533232815707833
7161,5,5,1,0.9405295,0.9312792345707338,0.9329853820062497,0.9306917418238324,0.0687207654292662
7162,5,5,1,0.76602966,0.8369578063190106,0.8381553958703272,0.8070045905988921,0.16304219368098938
7163,6,6,1,0.9996476,0.9565271690798504,0.9580179432366391,0.9920405663405321,0.04347283092014964
7164,0,0,1,0.9963588,0.9576794946254477,0.9590100779023285,0.9745640553683469,0.04232050537455234
7165,0,0,1,0.96094424,0.9308597266988778,0.9321911279730734,0.9411834361473397,0.06914027330112216
7166,1,1,1,0.99841607,0.9723615668089884,0.9735428303978471,0.9863756118048908,0.027638433191011558
7167,7,7,1,0.9977824,0.9525554302216956,0.9540242471985485,0.989265410804975,0.04744456977830436
7168,5,3,0,0.8717047,0.9165414494294902,0.9183833780546782,0.8595881128067603,0.08345855057050977
7169,1,1,1,0.9686161,0.9326668691477626,0.9340675886805295,0.9426944612978122,0.06733313085223736
7170,9,9,1,0.39345944,0.20931012803987464,0.20051483053067687,0.42724330801076427,0.7906898719601254
7171,2,2,1,0.96743447,0.9378335096104691,0.9395232796669577,0.9168940282290204,0.062166490389530926
7172,4,4,1,0.9592336,0.9268900385173809,0.9285578611941809,0.9369088631090056,0.07310996148261906
7173,1,1,1,0.8360631,0.6578675036598799,0.6540972597264227,0.5761932478403327,0.3421324963401201
7174,3,6,0,0.8263049,0.7907252143267299,0.7905951460352886,0.6582902946642812,0.20927478567327007
7175,7,7,1,0.5572298,0.7556516043618728,0.7560330610861377,0.6900229774099117,0.24434839563812716
7176,8,3,0,0.7520502,0.47773120295841787,0.47154944081303335,0.5448248617107346,0.5222687970415821
7177,2,0,0,0.7970991,0.8641621360132772,0.8653666550962061,0.7739085172162226,0.13583786398672282
7178,0,0,1,0.9984005,0.962810521623433,0.9642511615092277,0.9817877024932418,0.03718947837656705
7179,9,9,1,0.95695597,0.9438430232132328,0.9453052117573439,0.9409263881316072,0.05615697678676723
7180,6,6,1,0.98979455,0.9564343438380561,0.9580423962252602,0.9826749035758412,0.043565656161943855
7181,6,6,1,0.7847965,0.665768823735702,0.6627033772988071,0.5727287216877976,0.334231176264298
7182,0,0,1,0.94063866,0.9303404795293968,0.9318579773395073,0.8618747535733345,0.0696595204706032
7183,6,5,0,0.7565939,0.8112557443955556,0.8120323946953558,0.7787219445656598,0.1887442556044444
7184,5,5,1,0.48966834,0.8018414460766555,0.8039258978947343,0.6645823020790412,0.19815855392334447
7185,8,8,1,0.96252847,0.9462535432575564,0.9478634099906458,0.9496613867370373,0.053746456742443605
7186,2,2,1,0.6766919,0.7037537448424084,0.7027625189364339,0.6090218809986353,0.2962462551575916
7187,7,7,1,0.9965312,0.9695311765956249,0.9707299145167205,0.9874346155096405,0.030468823404375067
7188,4,4,1,0.6727462,0.7127211642511282,0.7119564197970842,0.5743097886665305,0.2872788357488718
7189,0,0,1,0.99744046,0.9675164851711978,0.9688787638954951,0.9839935066213434,0.032483514828802185
7190,2,2,1,0.99934596,0.9591234828965771,0.9606844877444615,0.9890709875951462,0.04087651710342288
7191,7,7,1,0.916656,0.923659444414306,0.9251549704898704,0.8748386220536558,0.07634055558569397
7192,7,0,0,0.48565438,0.5419686376392706,0.5395860550612197,0.5730481460256914,0.4580313623607294
7193,8,8,1,0.9970106,0.9518051815802784,0.9532694877756294,0.9877105951587947,0.04819481841972162
7194,8,8,1,0.99281716,0.9518465223836834,0.9533774479681945,0.9836645363616554,0.04815347761631661
7195,7,7,1,0.8930908,0.8232170559030939,0.8242381225528171,0.7668630560649871,0.1767829440969061
7196,0,0,1,0.99306506,0.9410949357772,0.9424919423279365,0.9750220668720386,0.05890506422279995
7197,4,4,1,0.53457284,0.44301664473388147,0.4367809896412623,0.48082354290007934,0.5569833552661185
7198,9,9,1,0.99996686,0.9441169150348883,0.9455064240468674,0.9921969588844297,0.05588308496511174
7199,1,1,1,0.977345,0.949377242561404,0.9509657120325892,0.9657151975510283,0.05062275743859601
7200,4,4,1,0.7893552,0.661495499389072,0.6590222956668013,0.5920974904783904,0.33850450061092796
7201,4,4,1,0.3959992,0.2975816478721145,0.29118992760508494,0.42144494844421176,0.7024183521278855
7202,3,2,0,0.7711985,0.8604458980897105,0.8618464246134017,0.7516200366323345,0.1395541019102895
7203,5,7,0,0.2770924,0.1058187982043777,0.10033362064596223,0.2714426547882378,0.8941812017956223
7204,4,4,1,0.99312854,0.9642965823410986,0.9657776203060832,0.980502154292986,0.03570341765890139
7205,6,6,1,0.953225,0.9365632473507907,0.9380799881175595,0.9282334509660599,0.06343675264920934
7206,2,2,1,0.9994222,0.9601530797033426,0.9616494118870913,0.9921810203583642,0.03984692029665737
7207,3,3,1,0.77213705,0.8240068224778672,0.8248226333910899,0.8107929362109512,0.17599317752213284
7208,1,1,1,0.99970347,0.9685204402631031,0.9699240394621352,0.9915123710592796,0.03147955973689687
7209,0,0,1,0.99085677,0.9307667929858143,0.9322249591899003,0.9782280993572259,0.06923320701418567
7210,3,3,1,0.84993297,0.8761069063171426,0.8774421164639902,0.8564019541048649,0.12389309368285739
7211,3,3,1,0.9366573,0.9310582355643359,0.9325165948009425,0.8726096446477546,0.06894176443566413
7212,3,3,1,0.93986696,0.933800432118338,0.935464727940169,0.8771857338013364,0.06619956788166204
7213,6,2,0,0.71837336,0.6050586562894302,0.6032261975556151,0.6023444354497369,0.39494134371056977
7214,3,5,0,0.950854,0.9428207868950592,0.944533302198101,0.947089262472882,0.057179213104940785
7215,1,1,1,0.9999727,0.9563481842319403,0.9577925513906029,0.9928707508816639,0.043651815768059654
7216,2,2,1,0.9995938,0.9542832491741526,0.9557744212803748,0.9839172672452123,0.04571675082584736
7217,8,0,0,0.8879913,0.9102175590825441,0.9115063998985659,0.8421683864768652,0.08978244091745591
7218,9,9,1,0.723424,0.6118959173501015,0.6093077472198768,0.5612951662877199,0.3881040826498985
7219,7,7,1,0.8608529,0.8308945334073341,0.8318981747757588,0.7116662641875309,0.1691054665926659
7220,9,9,1,0.99799097,0.9627234345339083,0.964175033287201,0.9918791246026742,0.037276565466091705
7221,3,3,1,0.8980426,0.9082710863482213,0.9098301163463861,0.861759695033708,0.09172891365177871
7222,8,8,1,0.9986621,0.9344587904203216,0.9362051391950006,0.9824066470043579,0.06554120957967835
7223,7,4,0,0.40515813,0.24553142232322034,0.23756868502580633,0.23881780344485798,0.7544685776767797
7224,3,0,0,0.32212546,0.33980609836835907,0.3331410002021989,0.39283953186215925,0.6601939016316409
7225,1,1,1,0.99989736,0.9557255933939508,0.9569910741827149,0.9915649343479099,0.0442744066060492
7226,7,7,1,0.6914047,0.7684905939901858,0.7685673885008549,0.7621995698314085,0.23150940600981418
7227,7,7,1,0.85514665,0.8660604226278806,0.867386786720567,0.8417592320042891,0.13393957737211937
7228,3,3,1,0.5099407,0.5997884471459802,0.5982103179469833,0.5504477394005622,0.40021155285401977
7229,2,2,1,0.9983364,0.96127647229137,0.9627396560816768,0.9915441579639694,0.03872352770862997
7230,2,2,1,0.9950755,0.957571410844405,0.9590658106480923,0.9842064956695551,0.042428589155595
7231,8,8,1,0.5983847,0.7576735437296914,0.7582292293592657,0.6456456268164191,0.24232645627030858
7232,9,1,0,0.8030114,0.7992824032865666,0.7992955709539167,0.6506053879658515,0.20071759671343337
7233,5,5,1,0.89958507,0.9171417290238942,0.9186331997884705,0.8724090124465299,0.08285827097610576
7234,9,9,1,0.9997683,0.9458169044033633,0.9469638154857585,0.9926970698276548,0.0541830955966367
7235,2,2,1,0.97216684,0.951499004017559,0.9530967251808186,0.9396515622764211,0.04850099598244095
7236,1,1,1,0.70752555,0.6755722049910597,0.6723557284859469,0.6852973511504278,0.32442779500894026
7237,7,7,1,0.814547,0.8484774481151612,0.8492247705213887,0.808799262437914,0.15152255188483876
7238,4,4,1,0.8187512,0.8933851972374598,0.8949576614664165,0.8589845925253391,0.1066148027625402
7239,4,4,1,0.9994603,0.9474907233536982,0.9490856398188999,0.9895223404083947,0.052509276646301783
7240,0,0,1,0.9543217,0.9364525579376402,0.9380783308185884,0.9434421387034599,0.06354744206235985
7241,5,5,1,0.74838114,0.6668712456764492,0.664237479813851,0.67546601140336,0.3331287543235508
7242,7,2,0,0.43136182,0.26400230132062863,0.25644254088580837,0.42846236962702505,0.7359976986793714
7243,1,1,1,0.98703325,0.956098162045391,0.957495914410203,0.9703675560125901,0.043901837954609
7244,5,5,1,0.73751396,0.8726564393029601,0.8745353995107312,0.800342362677977,0.1273435606970399
7245,4,4,1,0.9614893,0.9489538064476442,0.9506522771289312,0.9378611784811436,0.051046193552355845
7246,0,0,1,0.82364166,0.8909282362382365,0.8925251934306387,0.8564766529658532,0.10907176376176353
7247,8,8,1,0.9994941,0.9655348867558562,0.9667847178435919,0.9921335483455413,0.03446511324414381
7248,4,2,0,0.5313775,0.6024681158608802,0.6009853843733465,0.6190809339772041,0.3975318841391198
7249,9,9,1,0.7927347,0.9073329607204139,0.9089419621877992,0.84452530351857,0.09266703927958608
7250,8,9,0,0.5140736,0.5689103158791216,0.5660845367521445,0.555811022249301,0.43108968412087845
7251,7,7,1,0.618446,0.5589909609089714,0.5544416968338552,0.632404292997096,0.4410090390910286
7252,8,8,1,0.9756021,0.9366392957641019,0.9380540810138845,0.9282756989928765,0.06336070423589812
7253,4,4,1,0.75080895,0.8248569796024036,0.8257991894989161,0.7060360806541116,0.17514302039759644
7254,2,2,1,0.99885464,0.9560144653624592,0.9574290139192217,0.9908548476440605,0.043985534637540846
7255,3,3,1,0.7993557,0.8256611143077844,0.8265464741322187,0.6919987109252503,0.17433888569221556
7256,4,4,1,0.993885,0.9503731755318598,0.9520203742279055,0.972250413998362,0.04962682446814015
7257,0,0,1,0.93389446,0.9114921709539081,0.9130063039573479,0.9018508211919358,0.08850782904609189
7258,5,5,1,0.90668863,0.9159086821772148,0.9175393727250734,0.8696151658717897,0.08409131782278523
7259,4,4,1,0.99916244,0.944686870766229,0.946323187611776,0.9896276836716627,0.05531312923377096
7260,1,1,1,0.99998796,0.9375771157522788,0.9389246671677772,0.992068527339234,0.062422884247721244
7261,8,8,1,0.5778271,0.6407757632447558,0.639718285357323,0.511278792679559,0.3592242367552442
7262,2,2,1,0.6554839,0.688156332439285,0.6873632063303332,0.715992366608175,0.311843667560715
7263,5,2,0,0.6091912,0.7103986554069368,0.7094884983196256,0.6087014669780587,0.2896013445930632
7264,4,4,1,0.97585684,0.9427600518784016,0.9443206722424135,0.9561145421482686,0.05723994812159838
7265,5,5,1,0.83662695,0.8694738651710336,0.8705353589166182,0.8529816166754629,0.13052613482896636
7266,2,2,1,0.89235705,0.8511443923541382,0.851867452965174,0.781912446881088,0.1488556076458618
7267,5,5,1,0.9043093,0.8388993380096098,0.8401571604885046,0.7180897910877643,0.1611006619903902
7268,3,3,1,0.9231713,0.9333350482592684,0.9349869298694086,0.9134954808701572,0.06666495174073162
7269,7,7,1,0.9953572,0.9634361467706846,0.9647477321269761,0.9916049799721567,0.036563853229315435
7270,9,9,1,0.99190056,0.9525969326358072,0.9541350754014518,0.9854661063191499,0.04740306736419275
7271,7,4,0,0.62538964,0.5613619676194406,0.5577059137043976,0.5671856396015833,0.43863803238055943
7272,1,1,1,0.999602,0.9534639398081838,0.9548738573934696,0.9931336330702769,0.04653606019181622
7273,4,4,1,0.99949217,0.9213719686078281,0.9227082904932458,0.9912209016825082,0.0786280313921719
7274,1,9,0,0.9641585,0.9484007237515908,0.9499374097730365,0.9445314775980006,0.05159927624840921
7275,3,3,1,0.6858122,0.7833477053985161,0.783820940378336,0.7455480983169275,0.21665229460148394
7276,1,1,1,0.9959,0.9574239846276148,0.9590815316710125,0.9883907755541748,0.0425760153723852
7277,4,4,1,0.98604023,0.9455548697239223,0.9471510118925627,0.9795807472020344,0.05444513027607767
7278,5,5,1,0.9164752,0.9209440981978819,0.9227094253553308,0.8809654475147825,0.07905590180211808
7279,5,5,1,0.9926394,0.9571102357591741,0.9587593091003641,0.9764207393868974,0.04288976424082591
7280,1,1,1,0.64432395,0.4032011169801944,0.3947709330186854,0.5436238209767694,0.5967988830198057
7281,7,7,1,0.90273935,0.8783926913783073,0.879495169770392,0.8455731755094409,0.12160730862169267
7282,1,1,1,0.99937695,0.9609183897961182,0.9624229616270487,0.9923659975784693,0.03908161020388179
7283,3,4,0,0.91954166,0.92504597260622,0.9265506444493375,0.9107137297017794,0.07495402739377999
7284,0,0,1,0.99964976,0.9630108554198411,0.9643175726762555,0.9922111391771383,0.036989144580158895
7285,1,1,1,0.66532964,0.6433992339425629,0.6410920717964569,0.5919808456293535,0.35660076605743707
7286,2,2,1,0.9160044,0.9230246186429791,0.9245771849448364,0.890730555955196,0.07697538135702087
7287,5,3,0,0.63850373,0.6658696207856316,0.6649643542529581,0.6378999790845878,0.3341303792143684
7288,7,7,1,0.5460322,0.7029369137091377,0.7024268979007341,0.645411461631344,0.2970630862908623
7289,0,0,1,0.97611976,0.9321799108681844,0.9335985690319938,0.9318844790661306,0.06782008913181559
7290,6,6,1,0.9984736,0.9550835008805777,0.9564961231020367,0.9864742928710614,0.044916499119422304
7291,3,3,1,0.9926763,0.9549985801641281,0.9568680476980267,0.984364596524935,0.045001419835871914
7292,5,5,1,0.83260566,0.8696302383340582,0.8709572231689442,0.8467646195544453,0.13036976166594183
7293,7,7,1,0.99358326,0.955207217516497,0.9564656478023391,0.9878152657588276,0.044792782483503046
7294,5,2,0,0.72333556,0.5773676301410673,0.5735713084304171,0.6016564317184142,0.4226323698589327
7295,5,5,1,0.98353344,0.9543412690156948,0.9559526109815598,0.9724370097243303,0.045658730984305174
7296,8,8,1,0.9997025,0.9607857746664639,0.9622822854589512,0.9903555015567721,0.039214225333536135
7297,9,9,1,0.9452675,0.94496424430277,0.946417199836328,0.9384484671089559,0.05503575569722996
7298,4,4,1,0.825704,0.8762073565190811,0.8776175761421465,0.8537964598450781,0.1237926434809189
7299,6,6,1,0.9974452,0.9479271331936004,0.9494701440683592,0.9913281921818421,0.052072866806399554
7300,3,5,0,0.41844207,0.37541753013755846,0.36947533830025464,0.4544045311941427,0.6245824698624416
7301,6,6,1,0.99714273,0.965712977681344,0.9669494493336123,0.9917585255154697,0.03428702231865599
7302,6,6,1,0.999864,0.9520899509271448,0.9533896091845799,0.9934552364996597,0.04791004907285523
7303,8,8,1,0.9792316,0.9379507096309524,0.9394301312360213,0.970488372255477,0.062049290369047605
7304,2,2,1,0.9672559,0.9504129228012985,0.9519155401682025,0.9353572930413891,0.04958707719870148
7305,6,6,1,0.9967152,0.9396866721877635,0.9411554517593684,0.9917445950280949,0.06031332781223653
7306,4,4,1,0.634352,0.7182500942643288,0.7181280854195742,0.6532468665308554,0.28174990573567116
7307,8,8,1,0.99998033,0.9490192639901895,0.9504166029357476,0.9916942880303378,0.05098073600981046
7308,4,4,1,0.983327,0.9415779209607923,0.9431428950482349,0.9719087769345383,0.05842207903920771
7309,1,1,1,0.99953353,0.968439012815627,0.9697395410251508,0.9925413035846391,0.031560987184372946
7310,3,3,1,0.6017679,0.6004285725682993,0.5979494001870074,0.6055239122936673,0.3995714274317007
7311,1,9,0,0.8429798,0.7994445135274264,0.7995070044960357,0.6528761158711361,0.2005554864725736
7312,2,2,1,0.9896769,0.9459256687929571,0.9475363961860404,0.9759468480800222,0.05407433120704286
7313,3,3,1,0.60271806,0.5943873726638181,0.589571328072617,0.6405722588283868,0.40561262733618186
7314,3,2,0,0.3854284,0.36632724029881036,0.3604145375620799,0.42254251394567005,0.6336727597011896
7315,0,0,1,0.89613926,0.9109735394762749,0.9124657163288815,0.8675788255754519,0.08902646052372509
7316,1,1,1,0.69573885,0.8513065597790991,0.8527846161260675,0.7344128922810449,0.14869344022090092
7317,6,6,1,0.99919873,0.9581959403532668,0.9596418740835221,0.9924424728360574,0.04180405964673317
7318,4,2,0,0.80951244,0.6301001543374737,0.6270754590832799,0.6482781010488917,0.3698998456625263
7319,2,2,1,0.99680007,0.9587505776833345,0.9602473200958891,0.9894497043401195,0.04124942231666551
7320,8,0,0,0.56645846,0.7374435665583562,0.7374570150190858,0.597942195643795,0.2625564334416438
7321,2,2,1,0.8035556,0.8690955255185127,0.8703860265980249,0.802562452272701,0.13090447448148734
7322,4,4,1,0.9842247,0.9527690677438775,0.9542742482542214,0.9690788716554476,0.047230932256122515
7323,3,4,0,0.9538359,0.9456873518545585,0.947392713241996,0.9381382388117693,0.054312648145441456
7324,1,1,1,0.9609663,0.9411584982862301,0.9425948177633251,0.898934278920146,0.058841501713769895
7325,4,4,1,0.9852797,0.9537474845485334,0.9553763613070493,0.9736670317928435,0.04625251545146658
7326,4,4,1,0.9419376,0.922641370739516,0.9242816410943931,0.9114348919390568,0.07735862926048398
7327,4,4,1,0.9985085,0.9569769030331333,0.9585921330004314,0.9891621553349548,0.04302309696686668
7328,4,4,1,0.9869833,0.9499877889224756,0.9515261243143267,0.9798177223671781,0.050012211077524404
7329,1,1,1,0.8886859,0.9159072523065326,0.9173264872309064,0.8521850381444311,0.08409274769346742
7330,5,2,0,0.7001454,0.8227944891096769,0.8238457174332687,0.6978705712706963,0.1772055108903231
7331,5,5,1,0.9715092,0.9437130998101353,0.9455341836513038,0.9588766003588302,0.05628690018986471
7332,7,0,0,0.57897156,0.19104121548339728,0.18265919509345147,0.3529676825257151,0.8089587845166027
7333,6,6,1,0.89855945,0.9211519899501811,0.9226450688927513,0.853074050535538,0.0788480100498189
7334,5,5,1,0.7348622,0.761070804949945,0.7611081873982467,0.6786396653295971,0.23892919505005505
7335,4,4,1,0.99943763,0.9441548948120504,0.9455840412899589,0.9923013463135371,0.055845105187949606
7336,5,5,1,0.8634751,0.9007848278504961,0.9025705001646994,0.8535434964363044,0.09921517214950393
7337,6,6,1,0.99366474,0.9483582587810387,0.9498704303617505,0.9846460529736306,0.05164174121896126
7338,5,5,1,0.97107476,0.948762969884562,0.950463764377709,0.95145221907462,0.05123703011543801
7339,6,6,1,0.9906696,0.9577516941134704,0.9594233469037479,0.9831363214895366,0.042248305886529613
7340,2,2,1,0.970198,0.9095189059825263,0.9108622528786581,0.9288599688545464,0.09048109401747373
7341,4,4,1,0.8966723,0.9049065706314721,0.9065766363508891,0.8588758963338414,0.09509342936852794
7342,7,7,1,0.8795506,0.8846611404818662,0.8859864473715106,0.8652496436783248,0.11533885951813383
7343,7,7,1,0.46049115,0.2091192371364352,0.20121967397346757,0.24704379767614995,0.7908807628635648
7344,4,4,1,0.7736547,0.7943639617563043,0.794370324956668,0.7919002400256057,0.2056360382436957
7345,6,6,1,0.92527074,0.9412337031215763,0.9425757038177482,0.8204136805837515,0.05876629687842372
7346,5,5,1,0.9933449,0.9514734862784966,0.9530028469513394,0.9868718104609112,0.048526513721503406
7347,0,0,1,0.98381466,0.9230594202696609,0.9246782076144214,0.9697642574988743,0.07694057973033908
7348,2,2,1,0.6717459,0.8277145110810359,0.8287220958799757,0.7532619298397907,0.1722854889189641
7349,3,3,1,0.9791789,0.9385666357250309,0.9399948956998612,0.9393639088608586,0.06143336427496915
7350,9,9,1,0.9959025,0.9553787014169911,0.9567046884352582,0.9927573271422865,0.044621298583008895
7351,2,2,1,0.9338666,0.8612603610926438,0.8622247024037086,0.8126879427576622,0.1387396389073562
7352,3,3,1,0.6613903,0.7533303802095062,0.7530833043836617,0.6737480327368022,0.24666961979049384
7353,8,8,1,0.9816669,0.9564698664995493,0.9579356856235646,0.9706299268932354,0.04353013350045065
7354,0,0,1,0.9998454,0.950358286587823,0.9518333439247425,0.9900618137460084,0.049641713412177046
7355,7,7,1,0.9791157,0.9570768014308813,0.9585684138010424,0.9709249944412156,0.04292319856911875
7356,0,0,1,0.4330962,0.2980404707116303,0.29090568175048115,0.4396142592473403,0.7019595292883697
7357,6,6,1,0.8949034,0.9126613872743199,0.9142139761099712,0.8727575078637738,0.08733861272568011
7358,8,8,1,0.8712779,0.862948817182698,0.8641831479197136,0.830647538221106,0.137051182817302
7359,1,1,1,0.9959473,0.9515197777589357,0.9532517882851855,0.9892538661867305,0.0484802222410643
7360,2,2,1,0.96923304,0.9465293617836185,0.948053467707517,0.9444148886306434,0.05347063821638154
7361,8,8,1,0.9744479,0.9480652013808883,0.9495333240462782,0.9336851298037032,0.051934798619111655
7362,9,9,1,0.9737863,0.9498716485761525,0.9514426884942806,0.9559488428266242,0.05012835142384753
7363,1,1,1,0.999972,0.9478456999614442,0.9495347019575374,0.9928845318488851,0.05215430003855581
7364,5,5,1,0.97035575,0.9331453016537982,0.9346918474250581,0.9359545910970938,0.06685469834620184
7365,4,4,1,0.997609,0.961546150732616,0.9631247831169413,0.9892565141885232,0.038453849267384044
7366,2,2,1,0.9289238,0.9266297017611764,0.9281787018982072,0.9234286473183109,0.07337029823882357
7367,3,5,0,0.6235901,0.8260504040149765,0.8273335678557533,0.6830092848332509,0.17394959598502346
7368,5,5,1,0.88512754,0.9219268825302928,0.9234682139009174,0.8490938989902642,0.07807311746970724
7369,5,5,1,0.9960194,0.9473953063820477,0.9488261713825936,0.9909191346874415,0.05260469361795228
7370,3,2,0,0.6704764,0.7326858899438204,0.732060495450635,0.7437773476128616,0.26731411005617955
7371,6,6,1,0.9965133,0.9584840269502293,0.960109381540059,0.9918051449579182,0.04151597304977073
7372,5,5,1,0.9734191,0.9411210613688897,0.9426782670840566,0.9323131830574691,0.05887893863111027
7373,0,0,1,0.9886578,0.9600824686057162,0.9613677256006855,0.9848381497374619,0.03991753139428378
7374,3,3,1,0.95650834,0.9406825720894123,0.9424423312550942,0.9297313955504782,0.059317427910587694
7375,2,2,1,0.8153388,0.8326815363186022,0.8332562435991583,0.8301570187056359,0.1673184636813978
7376,1,1,1,0.99803644,0.9685863632826337,0.9698017785818686,0.981852474640609,0.0314136367173663
7377,3,3,1,0.9866507,0.92726803229918,0.9288129383625618,0.9548436213217886,0.07273196770082002
7378,3,3,1,0.6690677,0.7382656072297398,0.7376456395492739,0.6779419314057411,0.2617343927702602
7379,7,7,1,0.4971776,0.706386467094165,0.705872376223639,0.6424332278367006,0.29361353290583503
7380,7,7,1,0.9683981,0.9438345391527747,0.9455365107045723,0.944616356099091,0.05616546084722529
7381,4,4,1,0.99411136,0.9594263843178827,0.9610068363514566,0.9850194947911258,0.04057361568211726
7382,9,9,1,0.9327881,0.8759330246794075,0.8771002090078388,0.8044615739623688,0.12406697532059252
7383,4,4,1,0.7024901,0.778424206267244,0.7790599269333711,0.6623151312100934,0.22157579373275604
7384,3,5,0,0.5850259,0.5754694379348184,0.5706479078415705,0.48729930975377145,0.4245305620651816
7385,9,9,1,0.9998987,0.9514183432593664,0.9526431052801884,0.9929719049304911,0.04858165674063364
7386,5,5,1,0.8428855,0.9116738599529736,0.9131141718659282,0.8400165212288349,0.08832614004702644
7387,1,1,1,0.99655426,0.9622908918456341,0.9638341700328538,0.9921499496685464,0.0377091081543659
7388,7,7,1,0.7552545,0.8594236279450266,0.8605742459921819,0.7557554779044148,0.14057637205497342
7389,6,6,1,0.9913816,0.9576818772086062,0.9590473745900236,0.9861101627630131,0.0423181227913938
7390,6,6,1,0.9318687,0.9157586973868167,0.9170217615946565,0.8697865600528388,0.0842413026131833
7391,4,4,1,0.8661739,0.901300651202377,0.9029325809422687,0.8608760662429485,0.09869934879762299
7392,8,8,1,0.8419846,0.8584122516658205,0.8596336236410685,0.8255798494479133,0.14158774833417953
7393,5,4,0,0.9902844,0.9332884620905965,0.9347203039295447,0.98531261380549,0.06671153790940354
7394,1,1,1,0.9961867,0.958333425867513,0.9599448826154401,0.9909165797882773,0.04166657413248698
7395,2,2,1,0.507071,0.24899306887862496,0.2418204468628454,0.36118071472684293,0.7510069311213751
7396,8,8,1,0.94073117,0.9429407136774731,0.9444613449572369,0.9335689520439981,0.05705928632252688
7397,4,4,1,0.600979,0.4544719575767246,0.4484222594921363,0.5432888297277707,0.5455280424232754
7398,5,2,0,0.778161,0.8279707594738565,0.8285806413288835,0.7906329498359852,0.17202924052614355
7399,3,5,0,0.7146651,0.8146048352404354,0.8154081899298944,0.5578699776351554,0.18539516475956463
7400,3,5,0,0.86328715,0.8345324125659349,0.8353350025106088,0.7234749925141787,0.1654675874340651
7401,3,3,1,0.7388755,0.8197253683136345,0.8202177912895497,0.7705057679156482,0.18027463168636548
7402,0,0,1,0.9988714,0.9561885760739809,0.9576657547046097,0.9861069661955888,0.04381142392601911
7403,4,4,1,0.8390539,0.8470789239899161,0.8479889159924587,0.8395134410681699,0.15292107601008387
7404,8,0,0,0.69605786,0.7364094764459292,0.7357607332811146,0.6167281422668555,0.26359052355407075
7405,7,7,1,0.99746644,0.9538884062390522,0.9554312257728167,0.9893645720046194,0.046111593760947756
7406,7,8,0,0.3612757,0.15486521595097136,0.1468481200488142,0.2638982040504069,0.8451347840490286
7407,9,9,1,0.93061405,0.9453951206802811,0.9469053413412926,0.9291045731816183,0.05460487931971891
7408,4,2,0,0.9003989,0.8889099653226948,0.8905169537854069,0.8387553760743187,0.11109003467730516
7409,8,8,1,0.9999981,0.9400876352608035,0.9416162402619519,0.991574205203701,0.05991236473919648
7410,4,4,1,0.9254481,0.9175713777948833,0.919298620606911,0.8939332465543423,0.08242862220511671
7411,5,5,1,0.58744675,0.6707793499474666,0.6694327671264662,0.6830745631600577,0.3292206500525334
7412,9,9,1,0.9873804,0.9436337748748602,0.9452440221343831,0.9795293410560513,0.05636622512513978
7413,1,1,1,0.9807256,0.9426827866581281,0.9444686950353818,0.9475036151308229,0.0573172133418719
7414,8,0,0,0.9794134,0.9340106276171245,0.9354789975078827,0.9233218335940404,0.0659893723828755
7415,3,3,1,0.5101364,0.27326924754307136,0.264823002258968,0.4875342041097885,0.7267307524569286
7416,1,8,0,0.52270293,0.15916916190796312,0.15119903694019704,0.272243196939258,0.8408308380920368
7417,3,3,1,0.958299,0.927416037435069,0.9289903778862435,0.9365380265889433,0.07258396256493105
7418,8,8,1,0.55139846,0.6133684505140632,0.6112757174042057,0.6212972916032559,0.3866315494859368
7419,0,0,1,0.7506875,0.7603175772373757,0.7595936393303454,0.7020937445076585,0.2396824227626243
7420,3,2,0,0.47944957,0.18482378822828552,0.17740084326836586,0.2567084878822954,0.8151762117717145
7421,5,5,1,0.839611,0.9109877588023695,0.9126190967451443,0.837505954203003,0.08901224119763052
7422,4,4,1,0.71527076,0.7773585312921909,0.7783622230468177,0.7406380426350252,0.2226414687078091
7423,6,6,1,0.9879771,0.9530645210715603,0.9547724153311608,0.9769643449371135,0.046935478928439744
7424,9,9,1,0.9996195,0.9549749316466624,0.9564051904047349,0.9925137188224276,0.04502506835333764
7425,2,2,1,0.9996007,0.9562782546498125,0.9579589704864075,0.9784534116980474,0.04372174535018747
7426,7,7,1,0.9938008,0.9472567347522002,0.9486701500500707,0.9847023023396763,0.05274326524779982
7427,2,2,1,0.83391094,0.8760258107706168,0.8776910223718977,0.8508338240405073,0.12397418922938319
7428,0,0,1,0.99917126,0.957589679991365,0.95888264511878,0.9918611388119565,0.04241032000863498
7429,5,5,1,0.43508127,0.3705788030197458,0.36543171490732096,0.45885975849290034,0.6294211969802542
7430,2,2,1,0.94957703,0.9350628046731895,0.9366573048280479,0.9386434653994642,0.06493719532681053
7431,9,9,1,0.96504664,0.9024391587419099,0.9039409188977378,0.8608799020239749,0.09756084125809006
7432,7,7,1,0.99902403,0.9629386615547173,0.9643903216224917,0.9875490425742766,0.0370613384452827
7433,5,5,1,0.9673043,0.9222372285431788,0.9237923696999562,0.8814407883813377,0.0777627714568212
7434,0,0,1,0.9978308,0.9513117515488169,0.9527581115409302,0.990493559621199,0.048688248451183136
7435,7,7,1,0.71932936,0.5620095637473731,0.5573699209083987,0.6102487375967987,0.4379904362526269
7436,0,0,1,0.88158655,0.9128340648471228,0.9145041811468417,0.8535549233826062,0.08716593515287718
7437,3,3,1,0.56232387,0.5489018835226671,0.546049587154366,0.4344304403684413,0.4510981164773329
7438,5,5,1,0.9047645,0.9277169005915658,0.9294433393203219,0.8607221562975824,0.07228309940843425
7439,5,3,0,0.47812223,0.4298064669675227,0.4249953734722442,0.42555719314997803,0.5701935330324772
7440,3,3,1,0.8697214,0.9145884247885243,0.9163596763960187,0.8474669608296115,0.08541157521147569
7441,8,8,1,0.9959675,0.963170002991544,0.9645135810465275,0.9919556006269822,0.03682999700845602
7442,7,0,0,0.44884405,0.09821997213052394,0.09216976927615575,0.24047061862385027,0.9017800278694761
7443,7,5,0,0.68153197,0.6599905459084717,0.658258383342331,0.6690995674058411,0.3400094540915283
7444,9,1,0,0.8998634,0.9331189233774275,0.9348204094551675,0.823672184271888,0.06688107662257248
7445,6,6,1,0.9052263,0.8767958534427273,0.8778422007679145,0.831752963046823,0.12320414655727274
7446,5,5,1,0.32114705,0.15664020215898614,0.14956527845416864,0.34504063583312095,0.8433597978410139
7447,8,8,1,0.90158534,0.9182526971004134,0.9199031334332685,0.8586267265652324,0.08174730289958665
7448,9,9,1,0.98683584,0.9429428254858128,0.9443380652628197,0.9788377176800722,0.05705717451418724
7449,0,6,0,0.71026623,0.4745725653329013,0.46803385333175157,0.5961247326084005,0.5254274346670986
7450,1,1,1,0.9992993,0.9655368323544768,0.9671839331130262,0.9893725286379411,0.03446316764552315
7451,9,9,1,0.91021746,0.9429250991966182,0.9446124588391563,0.8398929703965536,0.057074900803381845
7452,4,4,1,0.97413325,0.9494028602614908,0.9509503618758769,0.9475374451094192,0.05059713973850921
7453,0,0,1,0.9790426,0.9576405262781055,0.9589961957889159,0.9405153402157012,0.042359473721894525
7454,0,0,1,0.99819535,0.9623578937459293,0.9639077757105493,0.9840578531699764,0.03764210625407072
7455,1,1,1,0.97370243,0.9564619780040717,0.9578348729956342,0.9602123930064382,0.04353802199592827
7456,7,7,1,0.85730416,0.852169772753804,0.8528602626149405,0.8272689836284998,0.147830227246196
7457,2,2,1,0.97938824,0.9463321495149122,0.9479541271541588,0.9717400370745972,0.05366785048508782
7458,2,2,1,0.42329496,0.18240748823079855,0.1752583376906144,0.2824764426884899,0.8175925117692014
7459,8,8,1,0.99856573,0.9618733257497827,0.9633556323453905,0.9905773114235049,0.03812667425021732
7460,5,5,1,0.9292508,0.9342074538700448,0.9360612721080634,0.9001173081196632,0.06579254612995522
7461,9,9,1,0.84173125,0.7591306220068176,0.7580286922330958,0.5777773476830733,0.24086937799318242
7462,8,8,1,0.84235793,0.8194486709513112,0.8197017650997149,0.6829003080063576,0.18055132904868876
7463,2,2,1,0.9859285,0.9466725770721238,0.9483314028274603,0.9784349422805019,0.05332742292787618
7464,8,8,1,0.99854916,0.9631578185501155,0.9645327964339659,0.9910859925634915,0.03684218144988449
7465,0,0,1,0.9944595,0.9547620335871878,0.9561338848015914,0.9896996405703657,0.04523796641281219
7466,6,6,1,0.9959144,0.9590279680067522,0.9605320715037737,0.9919393774128415,0.04097203199324784
7467,6,6,1,0.99975044,0.951222159693522,0.9528819124480484,0.9918269196416599,0.048777840306478026
7468,8,8,1,0.99996114,0.9501008202770175,0.9516716032911484,0.989954029915537,0.04989917972298252
7469,6,6,1,0.82407385,0.8897451671535281,0.8912552782912302,0.8612784831790542,0.11025483284647186
7470,9,9,1,0.9880427,0.9533694326210785,0.9549591086421647,0.9837894695691127,0.04663056737892146
7471,6,5,0,0.48301864,0.679508088383799,0.6800910131476997,0.6176563914826133,0.32049191161620105
7472,1,1,1,0.9910835,0.9466790843232916,0.9482076042108717,0.9779609687284855,0.05332091567670838
7473,1,1,1,0.98773915,0.9485767890540174,0.9500859541371978,0.979979971208938,0.05142321094598257
7474,5,5,1,0.91162497,0.9240740554547937,0.9258541354360467,0.9059624294679215,0.07592594454520629
7475,3,3,1,0.78310317,0.8828967710756421,0.8847000317579404,0.8171843514848208,0.11710322892435787
7476,5,5,1,0.93652666,0.9040078161257907,0.905499873968266,0.8968810561219489,0.09599218387420927
7477,0,0,1,0.9966108,0.964221530647816,0.965536760214508,0.9873587505259086,0.035778469352183984
7478,7,7,1,0.7938114,0.8381265251273945,0.8386891192650963,0.7815085484136449,0.1618734748726055
7479,6,6,1,0.99890125,0.9612751717276364,0.9627115987879689,0.9928116286033916,0.038724828272363565
7480,1,1,1,0.9998086,0.9655594547388742,0.9670490952225109,0.9908483528961061,0.03444054526112583
7481,4,2,0,0.5847273,0.3258295560117633,0.31894629744175035,0.48572144069641887,0.6741704439882368
7482,4,4,1,0.9807334,0.937385957151546,0.9389206211885694,0.9437564575715172,0.06261404284845395
7483,1,1,1,0.99999726,0.9560169756346374,0.9572241129615741,0.9930713091365511,0.04398302436536261
7484,1,1,1,0.9999447,0.958980431774647,0.9604200989316978,0.9922434522344439,0.04101956822535302
7485,8,8,1,0.99468356,0.9574585112813804,0.9590574284125272,0.9907866143585587,0.042541488718619624
7486,1,1,1,0.97123754,0.9441175272640356,0.9459017275157068,0.9339730113140938,0.05588247273596436
7487,1,1,1,0.9999547,0.9685228490079112,0.9697309164545633,0.9865733195471924,0.03147715099208881
7488,2,2,1,0.96435046,0.9400102647114439,0.9416890700654431,0.9418635909470706,0.05998973528855611
7489,3,2,0,0.57980037,0.5400925962827602,0.5364305246640293,0.5875357579387918,0.4599074037172398
7490,4,4,1,0.9545496,0.9323955771616511,0.9339545906719537,0.9260325209017246,0.06760442283834889
7491,9,9,1,0.81177974,0.8243308064920865,0.8247652386592691,0.7662158865234677,0.17566919350791355
7492,9,9,1,0.70531195,0.8780660719389195,0.8797682706320952,0.7747838241193494,0.1219339280610805
7493,5,5,1,0.85154665,0.903620790228971,0.9054204192943819,0.8246791352948754,0.09637920977102898
7494,2,2,1,0.9998764,0.9428105849200472,0.9444041037959515,0.9869637185100173,0.05718941507995279
7495,7,7,1,0.7958504,0.5388736707461051,0.5340663967307517,0.5984642254994139,0.46112632925389485
7496,3,4,0,0.857913,0.797770163190774,0.798199346161968,0.7386560491794876,0.20222983680922602
7497,3,5,0,0.6828547,0.8011120636104746,0.8019361899597077,0.730843671710411,0.1988879363895254
7498,6,6,1,0.72479856,0.8620895184489055,0.8636058835291549,0.7909435214918065,0.13791048155109453
7499,9,1,0,0.87723887,0.921029133444717,0.9224943076467156,0.8729951866321908,0.07897086655528296
7500,6,6,1,0.96973383,0.9455151282180854,0.9467528376195756,0.9498139791852016,0.054484871781914634
7501,9,9,1,0.9998505,0.955597200310178,0.956867348734249,0.9916415791159549,0.04440279968982197
7502,8,8,1,0.68116343,0.649329647906109,0.6471372797713909,0.606720528074979,0.35067035209389097
7503,8,8,1,0.9733291,0.9530054320948569,0.9547020795278045,0.9620604973964225,0.046994567905143114
7504,6,6,1,0.97169566,0.9468033534721301,0.9484517523313698,0.9584534363806689,0.05319664652786993
7505,7,7,1,0.96225435,0.9469644571913485,0.9483170081707812,0.9235053414499851,0.053035542808651526
7506,4,4,1,0.9975068,0.959111600630472,0.9607211589570112,0.9878368265577662,0.04088839936952804
7507,7,2,0,0.8525483,0.7183163500691633,0.716216980655222,0.5696292246707592,0.2816836499308367
7508,2,2,1,0.96704227,0.9300489397250683,0.9316932626326881,0.9105401088008419,0.0699510602749317
7509,3,5,0,0.8177713,0.8451358597236427,0.8462701773594672,0.8097425389053343,0.1548641402763573
7510,8,8,1,0.61117935,0.7741716467647229,0.7743346757697369,0.7165445999695433,0.22582835323527706
7511,0,0,1,0.9390663,0.9359524521921344,0.9376927854510148,0.9117828573981123,0.06404754780786559
7512,9,9,1,0.99435824,0.9517993499960372,0.9530591203312441,0.9930713091365511,0.048200650003962786
7513,0,0,1,0.93735945,0.9272341094765455,0.9288044958331259,0.8767426751324784,0.0727658905234545
7514,7,7,1,0.98410636,0.9617326654391638,0.9630457827287597,0.9674715475395526,0.0382673345608362
7515,8,8,1,0.8987472,0.8981446109699194,0.8994485616304247,0.8023299838499719,0.10185538903008062
7516,1,1,1,0.999949,0.9519329044030547,0.9532936136167804,0.993700257250985,0.04806709559694533
7517,2,2,1,0.9854236,0.9516519057940573,0.9532430759763857,0.9633375892382943,0.04834809420594266
7518,3,3,1,0.53291637,0.4001117264289459,0.39561783765828235,0.548269634613276,0.5998882735710541
7519,2,0,0,0.79672354,0.8151452068563071,0.8159110598196837,0.6979432917050873,0.1848547931436929
7520,4,2,0,0.8559804,0.7973834363926343,0.7983299098935673,0.7376388853065997,0.20261656360736569
7521,2,2,1,0.99950933,0.9560035916989225,0.9573855880118819,0.9918453453861211,0.04399640830107754
7522,9,9,1,0.9942321,0.961584073830441,0.9629232363614157,0.9765512562022155,0.03841592616955902
7523,0,0,1,0.99927,0.9631975112030823,0.9644683105916361,0.9736941645609375,0.03680248879691772
7524,3,4,0,0.73593587,0.6588734473582422,0.656309758787097,0.658662169812807,0.34112655264175784
7525,8,8,1,0.7858217,0.9036634801183459,0.9053758362501587,0.8455705878601125,0.09633651988165415
7526,9,9,1,0.98893577,0.9592554725684839,0.9608141651124213,0.9833139835668149,0.04074452743151613
7527,6,6,1,0.761179,0.7585661988069494,0.7585668250584566,0.668185206161892,0.24143380119305058
7528,5,5,1,0.99955994,0.9461663625827553,0.9476694566308286,0.9649483859310964,0.05383363741724467
7529,5,5,1,0.9514247,0.940085901108367,0.9419538349767043,0.9449386052915925,0.059914098891633016
7530,2,0,0,0.56467193,0.3842664482579286,0.3787821935550697,0.4263554905304961,0.6157335517420714
7531,4,4,1,0.9737671,0.9327537531778928,0.934228638200637,0.950811200317879,0.06724624682210723
7532,1,1,1,0.99800104,0.9664953626424786,0.9679995945139467,0.9858896170898673,0.033504637357521405
7533,0,0,1,0.9987739,0.9573718559741454,0.9587346609922334,0.9917366798786317,0.042628144025854575
7534,6,6,1,0.9998097,0.952388576207851,0.9539266140874725,0.991523784836147,0.047611423792149
7535,1,1,1,0.9999548,0.9479623682136987,0.9494378175763538,0.9924758500343341,0.052037631786301275
7536,8,1,0,0.9357498,0.8786578823134545,0.8796500635568789,0.7342387204220947,0.12134211768654546
7537,4,4,1,0.96217686,0.9421649731332291,0.9437983416711331,0.9479120713121395,0.05783502686677089
7538,5,5,1,0.9929698,0.9566431997186999,0.9582566476885925,0.9833369582772694,0.04335680028130007
7539,5,5,1,0.4282351,0.3504026269943482,0.34602301387800494,0.5315023774064545,0.6495973730056518
7540,5,5,1,0.9776039,0.9560670179223681,0.957792967737879,0.9692860787175576,0.043932982077631855
7541,0,0,1,0.9895257,0.9638819975860757,0.965186211814874,0.9783793123624729,0.036118002413924266
7542,8,8,1,0.80329835,0.8737494781755956,0.8751104148134703,0.818285495927985,0.12625052182440444
7543,9,9,1,0.99950314,0.964641480810899,0.9659177560634914,0.993202068036688,0.035358519189101045
7544,0,0,1,0.9677796,0.9451048233925367,0.946774220231924,0.9473657696477137,0.05489517660746335
7545,5,2,0,0.71269494,0.624073248664808,0.6212963459087044,0.5990814436971709,0.37592675133519204
7546,7,7,1,0.9942011,0.9638942997971351,0.9653892156508431,0.9471238662121528,0.036105700202864854
7547,9,9,1,0.99994135,0.9528503448648766,0.9543040561477212,0.9924396740314393,0.04714965513512337
7548,6,6,1,0.9367485,0.9123327428754264,0.913657648095162,0.9164105552763925,0.08766725712457357
7549,3,5,0,0.6584388,0.8730182483748827,0.8748318567527185,0.7436040883754099,0.12698175162511727
7550,4,4,1,0.9971631,0.9622359018624215,0.9638762530487079,0.9891557606370828,0.03776409813757853
7551,6,2,0,0.6795798,0.716040119934593,0.7150527105750594,0.6697471115735802,0.28395988006540696
7552,4,4,1,0.99972516,0.9391067337178999,0.9405866609289757,0.9880010625146113,0.06089326628210012
7553,9,9,1,0.97845036,0.9444052487177906,0.946045243216056,0.9684571076799652,0.055594751282209365
7554,7,5,0,0.23738965,0.09449337008001363,0.08944948237800257,0.49498358490587874,0.9055066299199863
7555,1,1,1,0.9991136,0.9642188117152071,0.9656323926031023,0.9882798676286516,0.03578118828479293
7556,2,2,1,0.6962764,0.8085806265230007,0.8089993536955933,0.7816220394887801,0.19141937347699933
7557,5,2,0,0.53960234,0.6449320932943414,0.6426846968729862,0.541936736908684,0.3550679067056586
7558,2,2,1,0.68278515,0.8376465794507361,0.838747316876004,0.726480855591602,0.16235342054926394
7559,8,0,0,0.45319912,0.5094945254094807,0.5071798859546307,0.29403166521463275,0.4905054745905193
7560,0,0,1,0.9993862,0.9593435144761628,0.9607340962284644,0.9837589022825983,0.04065648552383716
7561,2,5,0,0.59609944,0.5976744253259425,0.5963201681607316,0.5530100833547844,0.4023255746740575
7562,2,2,1,0.54036146,0.40621744662958276,0.4004140190007711,0.4676451604034264,0.5937825533704173
7563,9,9,1,0.9997756,0.947903366124357,0.9492626342597544,0.9924344558780771,0.052096633875643006
7564,8,8,1,0.9984174,0.9587772773269613,0.9602683355841944,0.9899440363842968,0.041222722673038725
7565,1,1,1,0.99994576,0.9653747450777512,0.966892173621941,0.986650193178786,0.03462525492224877
7566,9,9,1,0.99090743,0.9597940573625416,0.9612084420668863,0.986144404473198,0.04020594263745836
7567,7,7,1,0.928063,0.9447288116463486,0.9463871610545938,0.9045305348501133,0.05527118835365141
7568,7,7,1,0.72543,0.7803698967460148,0.7801808866686307,0.753912760724256,0.21963010325398524
7569,3,3,1,0.7676575,0.8389592417475399,0.8401330686393194,0.8066895317958062,0.16104075825246011
7570,1,1,1,0.9999485,0.9503604012087935,0.9520042472282914,0.9905995488535787,0.049639598791206496
7571,4,3,0,0.45888546,0.28490142707600363,0.2772124180364241,0.40821932037620356,0.7150985729239964
7572,1,1,1,0.9869086,0.9628907079267239,0.9642726291068144,0.9623837728458612,0.03710929207327607
7573,1,1,1,0.53785676,0.7227364788199611,0.7222192079149895,0.642538765625895,0.27726352118003894
7574,3,3,1,0.8372141,0.8302201761103098,0.8310468520959995,0.8175523235316697,0.16977982388969015
7575,8,8,1,0.990359,0.9431354049842472,0.9447821607013579,0.9834642960834249,0.056864595015752806
7576,8,8,1,0.99993825,0.9515823356490898,0.9530111996891912,0.9926709542032995,0.04841766435091022
7577,1,1,1,0.99997747,0.952924294449895,0.9544550810894311,0.9928828063385005,0.047075705550104985
7578,9,1,0,0.6873524,0.5570664581570983,0.5522854152909206,0.36039896467464283,0.4429335418429017
7579,3,3,1,0.7926915,0.8828338588392658,0.8843726351268967,0.8188154851131138,0.1171661411607342
7580,8,0,0,0.5870743,0.4426765272718324,0.437084512623338,0.3463367048190243,0.5573234727281676
7581,9,9,1,0.99809045,0.9437135073373131,0.9451434980292832,0.9925094628588025,0.05628649266268693
7582,5,3,0,0.44009188,0.5106501563615263,0.5069159046393297,0.46241102007424173,0.48934984363847367
7583,1,1,1,0.9956528,0.9548507550003423,0.956636387102762,0.986714249412477,0.04514924499965767
7584,1,1,1,0.9997693,0.9631160743085216,0.9643037113909627,0.9928951698757884,0.03688392569147836
7585,6,6,1,0.99978966,0.9509608564880978,0.9524393442653276,0.9927196424928583,0.049039143511902195
7586,2,3,0,0.5217946,0.39039327055195405,0.38449259696831384,0.45681488746262777,0.609606729448046
7587,7,7,1,0.688521,0.7359748948961081,0.7362887114778406,0.7576573666018711,0.2640251051038919
7588,2,2,1,0.6431071,0.7420103786965393,0.7416716385987344,0.7126758470486005,0.2579896213034607
7589,6,6,1,0.56134856,0.37014190231446775,0.3635018485481949,0.4689077410034131,0.6298580976855322
7590,2,4,0,0.5537717,0.32949264381388327,0.32303265634047934,0.3267097301001299,0.6705073561861168
7591,6,6,1,0.76843685,0.6879854578676133,0.6864523226298286,0.6078973896522852,0.31201454213238666
7592,9,9,1,0.99944836,0.96177207477468,0.9632904369113285,0.9920299518499779,0.038227925225320036
7593,6,6,1,0.99036133,0.9547345598892252,0.9563815766342639,0.9842097400208051,0.045265440110774824
7594,0,0,1,0.99914074,0.9578127984540531,0.9591969929415207,0.9917825999043788,0.042187201545946906
7595,1,1,1,0.99881446,0.9614759052386008,0.9629215466156248,0.9917325236730972,0.038524094761399175
7596,3,3,1,0.8202233,0.8894104441048916,0.8907741789080306,0.845519026596458,0.11058955589510844
7597,9,9,1,0.9998853,0.9381236451451631,0.9394718273263916,0.9923803125460059,0.06187635485483689
7598,3,5,0,0.52395016,0.4391481827523463,0.43454302395538885,0.4198450253351519,0.5608518172476538
7599,8,8,1,0.9141755,0.9166395008269553,0.9179662803426706,0.888606545853881,0.08336049917304467
7600,8,1,0,0.87932247,0.8578379830346744,0.8586642905831822,0.828599937494775,0.1421620169653256
7601,8,8,1,0.9725654,0.9536479702261913,0.9552185354933193,0.9536096502503899,0.0463520297738087
7602,2,6,0,0.48617977,0.32611909605856954,0.31950372130301113,0.5086151079898249,0.6738809039414304
7603,9,9,1,0.9942042,0.9643911195689482,0.9657613226224872,0.9880837715820558,0.035608880431051815
7604,1,1,1,0.9998018,0.9573494174493211,0.9587335479041368,0.9924933351071149,0.042650582550678884
7605,2,4,0,0.51734227,0.7071669464605462,0.7070133813866121,0.6425067812717367,0.29283305353945377
7606,6,6,1,0.9211469,0.9283572702682591,0.9298402269338112,0.892699691997695,0.0716427297317409
7607,0,0,1,0.96782166,0.9395890083145932,0.9411722431782118,0.9424576916943643,0.060410991685406756
7608,5,5,1,0.92742825,0.9071686412502264,0.9085814270877589,0.9060865313174201,0.09283135874977355
7609,0,0,1,0.97612554,0.9512876060430845,0.952646205014021,0.9503987598977539,0.04871239395691551
7610,7,7,1,0.51561916,0.6903082419390479,0.6900164137033381,0.6773848151281604,0.30969175806095206
7611,7,4,0,0.58924735,0.7301708087603163,0.7297735646398624,0.6891365521638257,0.26982919123968374
7612,7,3,0,0.33291954,0.48449470140109635,0.48113407492599786,0.4115806939304712,0.5155052985989037
7613,9,9,1,0.99866307,0.9629528545069362,0.9642550704510321,0.9933014722427478,0.03704714549306376
7614,4,4,1,0.9961047,0.9570784290074077,0.9586759768710407,0.9867182901066434,0.042921570992592306
7615,5,5,1,0.84617823,0.873820822890697,0.8755436536291393,0.831818890322761,0.12617917710930304
7616,0,0,1,0.9976071,0.960349375100231,0.9617691759759176,0.9906257853673995,0.039650624899769005
7617,2,0,0,0.9312798,0.9160352100853164,0.9176214118884701,0.8853326613356188,0.08396478991468359
7618,3,3,1,0.86991817,0.9045294462074678,0.9061448058540503,0.8653503034513502,0.09547055379253222
7619,5,3,0,0.53641385,0.49007439929942664,0.4856506804137202,0.4850408947811683,0.5099256007005734
7620,5,3,0,0.46454728,0.577607931501125,0.5748779521938414,0.5865764575871338,0.422392068498875
7621,8,8,1,0.998408,0.9473928145908055,0.9488320046622819,0.992907109192646,0.05260718540919451
7622,9,9,1,0.99187404,0.9645837093613654,0.9660383908201616,0.9853615609667081,0.03541629063863461
7623,1,1,1,0.96682614,0.9416016195031596,0.943107813787227,0.9443531821798099,0.05839838049684043
7624,2,2,1,0.63725907,0.7853507522113043,0.7852910040929728,0.6461807790065912,0.21464924778869565
7625,7,0,0,0.819198,0.8250136324541207,0.8253426285508179,0.7943169736775001,0.17498636754587926
7626,1,1,1,0.98053795,0.9488609969088225,0.9503101168863028,0.9714794868968893,0.05113900309117747
7627,3,3,1,0.8519057,0.7873907381351994,0.7876128265891044,0.759037898722504,0.21260926186480056
7628,4,3,0,0.3586834,0.1854035938339343,0.17800260712183008,0.37890386955984856,0.8145964061660658
7629,6,6,1,0.9991781,0.9647916853548308,0.9659962535203328,0.9831660166859268,0.03520831464516916
7630,9,9,1,0.9908565,0.9616530186336325,0.9630494031765032,0.986457032019242,0.038346981366367494
7631,1,1,1,0.99988866,0.9561018974231258,0.9573763143009338,0.9855250121360237,0.04389810257687421
7632,0,2,0,0.716564,0.8274938558352322,0.8283255586813428,0.7387003139288782,0.17250614416476784
7633,7,7,1,0.9892083,0.9592590713351956,0.9606593535337606,0.9785882852719452,0.04074092866480439
7634,1,1,1,0.9999373,0.9607403205393263,0.9620593333272723,0.992053491501018,0.03925967946067366
7635,9,9,1,0.9982413,0.9669913054390754,0.9682657340642835,0.9920857139089253,0.03300869456092459
7636,5,5,1,0.97854316,0.9488088654760606,0.9502926582749788,0.9671053376990406,0.05119113452393942
7637,8,8,1,0.7147925,0.7084955800901083,0.7070136938300989,0.6052971284874903,0.29150441990989173
7638,1,8,0,0.6074449,0.5529508142713594,0.5484710980058132,0.5707892202634028,0.4470491857286406
7639,9,9,1,0.99965465,0.9649605687484073,0.9662990254079317,0.9931366966550934,0.0350394312515927
7640,9,8,0,0.79687536,0.7183785151683413,0.7165755161553176,0.5803056692634391,0.2816214848316587
7641,7,5,0,0.61277086,0.5897590604987313,0.585981855699678,0.6235227012272133,0.4102409395012687
7642,9,9,1,0.9998597,0.9568684737714639,0.9584592742197875,0.9924094590945522,0.04313152622853611
7643,8,8,1,0.97994953,0.9522048325165592,0.953704932228817,0.9705884686913283,0.047795167483440815
7644,3,2,0,0.5449638,0.6710728558219785,0.6687358795134625,0.6651785145591442,0.3289271441780215
7645,0,0,1,0.8721391,0.8422025859064686,0.8424192646538503,0.7849866185356467,0.15779741409353143
7646,2,2,1,0.9668969,0.9443932423156258,0.9460407727892837,0.9492816030593566,0.055606757684374175
7647,6,6,1,0.9984767,0.9591977370016794,0.9607045097925238,0.9910896664069065,0.04080226299832057
7648,0,0,1,0.7870791,0.7569590004221808,0.7570795978457637,0.7586896854921575,0.24304099957781922
7649,2,2,1,0.9987607,0.9552196437650557,0.9566684613771272,0.9928707508816639,0.04478035623494425
7650,2,2,1,0.6061384,0.528816993466542,0.5237458833325453,0.5417762124179791,0.471183006533458
7651,4,4,1,0.923874,0.9102865245574201,0.9120876282236664,0.8663811119661347,0.0897134754425799
7652,0,0,1,0.98800653,0.9565785737965575,0.9578174886996437,0.9809610946861657,0.04342142620344247
7653,8,8,1,0.9999529,0.9570379654003057,0.9585668527005471,0.992187578338717,0.042962034599694277
7654,4,4,1,0.84974235,0.8647487338848526,0.8660750013639852,0.8531945905657643,0.13525126611514737
7655,8,8,1,0.7577523,0.8544433971526566,0.8559122129931157,0.685970450610546,0.1455566028473434
7656,1,1,1,0.99916327,0.9722049815251722,0.9733232395548308,0.991943138589512,0.027795018474827793
7657,2,7,0,0.41732076,0.18484586081407567,0.1772913337327306,0.25701692279117916,0.8151541391859243
7658,7,7,1,0.96320987,0.9207369774770164,0.9220050906680577,0.9072118253654551,0.07926302252298356
7659,2,2,1,0.9997161,0.9561484613458816,0.957711801620885,0.9903135533551232,0.043851538654118394
7660,7,7,1,0.7033145,0.44768926424888206,0.4414668083644579,0.533682104513987,0.5523107357511179
7661,9,9,1,0.99488384,0.9639673972797249,0.9653543777091989,0.9916031624761223,0.036032602720275086
7662,5,5,1,0.7972838,0.8967966425127404,0.8981687105484274,0.8144683823756773,0.10320335748725962
7663,2,2,1,0.990275,0.9488141447150319,0.9505493004173797,0.9765575436972767,0.05118585528496811
7664,2,2,1,0.97936046,0.926734199363012,0.9281706381704965,0.930215935853435,0.07326580063698795
7665,9,9,1,0.8725414,0.9270239707241383,0.9286495242004438,0.88225581237924,0.07297602927586166
7666,2,2,1,0.81141526,0.8565169832427977,0.8576352281613285,0.8037566770597327,0.14348301675720232
7667,6,6,1,0.98757696,0.9566343472522336,0.9580386834494977,0.9742025611142587,0.04336565274776638
7668,5,5,1,0.91533744,0.9248735572474216,0.9266405814296375,0.8847506019400209,0.0751264427525784
7669,7,4,0,0.92063904,0.8940283891498135,0.8952098761464872,0.9012331881569011,0.10597161085018647
7670,2,2,1,0.67672974,0.6011134703280648,0.5983695910747474,0.6229463224020347,0.39888652967193516
7671,5,5,1,0.97646993,0.9346536869564656,0.9363029378388529,0.9608108211513111,0.06534631304353444
7672,6,6,1,0.9983479,0.9561477479035035,0.9576909656350535,0.991627897647119,0.04385225209649646
7673,5,5,1,0.9051891,0.9239122468500461,0.9254982425098749,0.8845905293590631,0.07608775314995386
7674,1,1,1,0.9553653,0.933259257086738,0.9346000525290298,0.9320102277017771,0.06674074291326204
7675,8,8,1,0.8257639,0.7853298137905889,0.7849673532509737,0.7767219730776964,0.21467018620941114
7676,2,2,1,0.99053735,0.9448305547936858,0.9464980077725945,0.9807170351474384,0.05516944520631417
7677,6,6,1,0.9969869,0.9644465655354683,0.9657822147202271,0.9918931006269822,0.03555343446453174
7678,8,8,1,0.9998336,0.956104851409936,0.9576914413874082,0.9914267562071936,0.04389514859006405
7679,6,6,1,0.9844558,0.9524517240077705,0.9540415259981457,0.9657798178003738,0.04754827599222955
7680,3,5,0,0.741525,0.8715605009349201,0.8726633398699181,0.7596161611245642,0.1284394990650799
7681,0,0,1,0.9893764,0.9550439331583369,0.9563542605028572,0.9855518441545599,0.04495606684166309
7682,8,8,1,0.7913144,0.8489961764124583,0.8498369343890388,0.7871729792398761,0.15100382358754172
7683,0,0,1,0.95205843,0.9380858944868844,0.9397112896383447,0.9214393631998999,0.0619141055131156
7684,0,0,1,0.9675455,0.9546277346537257,0.9559830058874457,0.9532679431809388,0.045372265346274254
7685,9,1,0,0.7370332,0.7592119429608379,0.758725266459461,0.5769755597150015,0.24078805703916206
7686,9,0,0,0.8506669,0.8412891172774936,0.8416380775160397,0.80075494878372,0.15871088272250644
7687,6,6,1,0.87731904,0.8890032110106416,0.8904884337132304,0.8645702849125914,0.11099678898935839
7688,8,8,1,0.88341683,0.9025228848751977,0.9040757454810426,0.8687219037582601,0.09747711512480228
7689,0,0,1,0.9735702,0.9436509825417765,0.9452201042858818,0.9402496203078704,0.056349017458223516
7690,6,6,1,0.9918813,0.9608795244252823,0.9623691912290824,0.9850875527638521,0.03912047557471765
7691,6,6,1,0.9941292,0.9657946672167628,0.9672566040778807,0.9871981407107937,0.03420533278323723
7692,0,0,1,0.99964476,0.9576145777681913,0.959108866836241,0.9912401661481047,0.042385422231808745
7693,7,7,1,0.8202302,0.7373509477397281,0.7361512213195569,0.6224367272898302,0.2626490522602719
7694,9,9,1,0.9998241,0.9497935361311157,0.9512905705490957,0.9929884728559359,0.05020646386888428
7695,8,8,1,0.99987805,0.9550310938612554,0.9565657305967893,0.9916874871915876,0.0449689061387446
7696,0,0,1,0.9981913,0.9604324667756696,0.9617176275730993,0.9920710092317633,0.039567533224330376
7697,5,5,1,0.43650368,0.3101590953332284,0.3034732747079106,0.36183847540523467,0.6898409046667716
7698,0,0,1,0.9999881,0.941608902185458,0.9432032778139293,0.9911219874604983,0.05839109781454199
7699,9,9,1,0.99817014,0.9661626818124993,0.9675121158907453,0.9909891745950951,0.03383731818750069
7700,6,6,1,0.996985,0.9539680065409766,0.9556181417301324,0.9904067079397584,0.046031993459023424
7701,0,0,1,0.9999745,0.9397723910135835,0.941252589523011,0.9866612710182163,0.06022760898641655
7702,4,2,0,0.42326453,0.5295280557200638,0.5263305183610301,0.5120570439670187,0.4704719442799362
7703,7,7,1,0.9674618,0.9481520995551449,0.9495267729983373,0.9442098660191448,0.0518479004448551
7704,1,1,1,0.9999968,0.9731104450736797,0.9743409506479951,0.9924839903174211,0.02688955492632028
7705,7,4,0,0.3797218,0.5355684669464054,0.5330619212016264,0.5615153905795315,0.46443153305359464
7706,8,8,1,0.9996773,0.9632665592965527,0.9648135906709302,0.9913406435015947,0.036733440703447306
7707,8,8,1,0.3558456,0.34807139871050474,0.3419353552671988,0.41744443779419377,0.6519286012894953
7708,2,2,1,0.7050744,0.8100630620793888,0.8106496333872085,0.6947882010527365,0.18993693792061117
7709,3,6,0,0.25293016,0.09554535800346406,0.09006246690895808,0.2899717999982199,0.9044546419965359
7710,9,9,1,0.9999403,0.9394572894689326,0.9407998820099676,0.9927599754536679,0.06054271053106741
7711,6,4,0,0.37247357,0.09018015878880427,0.08494187561726049,0.3261052782470875,0.9098198412111957
7712,5,5,1,0.96116656,0.9505864503140999,0.9521621318769606,0.939569793054523,0.04941354968590006
7713,5,5,1,0.8827292,0.897504761207666,0.8989921488775056,0.8491438272558809,0.10249523879233402
7714,3,3,1,0.99112016,0.9416279471972999,0.9432221803993733,0.9847651666496375,0.05837205280270008
7715,1,1,1,0.99999356,0.943043607185848,0.9442338400325022,0.993762757250985,0.05695639281415199
7716,5,5,1,0.5087343,0.3895422827703093,0.3829708669887407,0.48011532993364503,0.6104577172296908
7717,3,5,0,0.3630687,0.2815149574645874,0.274823438534338,0.394496088279166,0.7184850425354126
7718,0,0,1,0.99965656,0.9602971641138793,0.9618220222974231,0.9906811280931604,0.03970283588612067
7719,2,0,0,0.51649123,0.22425515220122616,0.21599258898461202,0.40187643012856833,0.7757448477987738
7720,5,2,0,0.7893697,0.8369229320141839,0.8380419068750458,0.7357002457512951,0.16307706798581612
7721,2,2,1,0.9999138,0.9559940854605451,0.9575137558068629,0.9902936723027629,0.044005914539454904
7722,7,7,1,0.70406044,0.7017308387583057,0.6997965368856913,0.7342824184246507,0.29826916124169434
7723,3,2,0,0.4792265,0.5678264058626905,0.5652064717855844,0.5630302286949804,0.4321735941373095
7724,8,8,1,0.9611006,0.9450279060597417,0.9467131702473754,0.9358791277486727,0.05497209394025826
7725,4,4,1,0.99902797,0.9521341208720848,0.9534653810078101,0.9935608219314027,0.04786587912791518
7726,4,4,1,0.95235807,0.9296533446280959,0.9312319083238185,0.9382461621467764,0.0703466553719041
7727,6,6,1,0.99971277,0.9638265633708766,0.965187347168475,0.9928573517885588,0.03617343662912342
7728,1,1,1,0.99967253,0.9542426980513469,0.9556875667371847,0.9917733233882187,0.04575730194865313
7729,9,9,1,0.97028124,0.9647197112377122,0.966003613262822,0.9572150753327853,0.03528028876228784
7730,4,4,1,0.8384014,0.8859646094826049,0.8875493183174374,0.8570219932622358,0.11403539051739509
7731,1,1,1,0.999995,0.9395460147047057,0.9407500893797346,0.993762757250985,0.06045398529529433
7732,7,2,0,0.7597356,0.7082073247350984,0.7060387510423625,0.6216267306542717,0.2917926752649016
7733,0,0,1,0.9956867,0.9466300064233977,0.9480517344026584,0.9898849827015177,0.053369993576602326
7734,1,1,1,0.5586193,0.5920225211070527,0.5882577458726002,0.6230737802577105,0.40797747889294733
7735,4,4,1,0.6483961,0.49754072560821694,0.492208658825808,0.3936142781474995,0.5024592743917831
7736,3,3,1,0.59359,0.7644220607090663,0.7650798738329795,0.7143623803522346,0.23557793929093374
7737,0,0,1,0.99921083,0.9612952644633174,0.9629617530979215,0.9834333971675693,0.03870473553668263
7738,2,2,1,0.999589,0.9521182404900248,0.9536087703390481,0.9834100921197327,0.0478817595099752
7739,9,9,1,0.9992291,0.9638899479756899,0.965123769863798,0.9926100241283138,0.03611005202431006
7740,4,4,1,0.59767085,0.5252876543282841,0.5220393112650564,0.5687278022007289,0.47471234567171594
7741,5,5,1,0.55144787,0.47500277594711493,0.4707463195781745,0.46507851924939003,0.5249972240528851
7742,0,0,1,0.9989041,0.9586684325787564,0.9600404978103098,0.9912217213393361,0.041331567421243554
7743,3,3,1,0.9722449,0.9511531665332636,0.9526068939362213,0.9537784538264781,0.04884683346673635
7744,4,3,0,0.59739834,0.42768194043806174,0.4209068861531101,0.5075643505072545,0.5723180595619383
7745,7,3,0,0.3875454,0.11161294331561737,0.10540567697500762,0.22755958320117967,0.8883870566843827
7746,2,2,1,0.50859964,0.8117485926757096,0.8129806023531503,0.6591701842144191,0.18825140732429035
7747,3,3,1,0.6399319,0.7359772136908754,0.7357721211512475,0.6781865397648774,0.26402278630912457
7748,0,0,1,0.99928904,0.9648297017473263,0.9661372101159259,0.9914805903298209,0.035170298252673704
7749,1,1,1,0.9999045,0.9449623270099853,0.9463730660699056,0.9918180147443685,0.05503767299001472
7750,3,6,0,0.60185343,0.493709048153031,0.488501035040078,0.5775148232914382,0.5062909518469689
7751,7,7,1,0.9775868,0.9526913990097665,0.9541713786718565,0.970513400265503,0.047308600990233485
7752,9,9,1,0.9594887,0.9578283692982964,0.959146335135172,0.9368966595979642,0.0421716307017036
7753,9,9,1,0.9990569,0.9704109827347398,0.9715881351043332,0.9915466909832332,0.029589017265260198
7754,0,0,1,0.8820359,0.8759612248369704,0.8772628187373185,0.8496170474589921,0.12403877516302964
7755,7,7,1,0.8676763,0.8981076420852677,0.8995594115747223,0.866457158962188,0.10189235791473228
7756,5,5,1,0.8040637,0.8847493267876125,0.886255516154362,0.8397783942911851,0.11525067321238747
7757,6,6,1,0.95037687,0.949093018227644,0.9508001756896937,0.9252965879795886,0.050906981772355975
7758,7,7,1,0.9863029,0.9233243844519088,0.9246572167180166,0.9581680974058322,0.07667561554809121
7759,1,1,1,0.9999968,0.9550689702371095,0.956298948045511,0.9930713091365511,0.04493102976289054
7760,2,2,1,0.78734446,0.8845491997074474,0.886018489760814,0.8299819284272132,0.11545080029255261
7761,2,3,0,0.67654574,0.6319837216401192,0.6285037554881606,0.6614659019995719,0.3680162783598808
7762,7,7,1,0.989772,0.9626742914087147,0.9640226314145911,0.9853636783656663,0.037325708591285256
7763,4,3,0,0.4423814,0.41894226888652464,0.4137408391175229,0.4745462328330586,0.5810577311134754
7764,6,6,1,0.9601409,0.9432712644704866,0.9450737489226744,0.9385306032488878,0.05672873552951341
7765,8,8,1,0.98189354,0.9558995653510024,0.9574442899217057,0.9723523831660205,0.0441004346489976
7766,4,4,1,0.91248196,0.9017425500854616,0.9031491839637,0.8515659479726411,0.09825744991453844
7767,9,9,1,0.99842346,0.9605924742524765,0.9620902872845926,0.9925463014991497,0.039407525747523486
7768,8,8,1,0.9999163,0.95187829087763,0.9532704958088437,0.991594883824278,0.048121709122370016
7769,4,4,1,0.85515773,0.866803003532387,0.8677107131082378,0.7900032300382762,0.13319699646761296
7770,9,9,1,0.993775,0.9656755376116781,0.9670391559343242,0.9868239606627733,0.034324462388321875
7771,2,2,1,0.71617246,0.8428666812805613,0.8438457829295675,0.7301639459556216,0.1571333187194387
7772,3,3,1,0.9873876,0.9517130603659478,0.9530688811448151,0.9816081526036919,0.04828693963405217
7773,4,1,0,0.48419785,0.08615726611262865,0.0806405918738864,0.279510797439831,0.9138427338873714
7774,0,0,1,0.9996995,0.9583574107203029,0.9598921482396159,0.9882742105146649,0.041642589279697106
7775,2,2,1,0.99758625,0.9642173582247677,0.9657963872646189,0.990158986287737,0.03578264177523227
7776,5,5,1,0.64962447,0.7786063849286075,0.7794230241369058,0.653957117665638,0.22139361507139255
7777,6,6,1,0.99938357,0.9548161873778849,0.9561762617705784,0.9846059157453095,0.04518381262211513
7778,0,3,0,0.24975511,0.10769171236216965,0.10179350348647875,0.2811785281012133,0.8923082876378303
7779,5,5,1,0.8616629,0.8229441886871396,0.823335029313412,0.7408665885976702,0.1770558113128604
7780,3,3,1,0.956254,0.9386883070240295,0.9402255519451073,0.9314339516957075,0.0613116929759705
7781,5,3,0,0.54483235,0.5892345871269298,0.5872160499920154,0.5704791495556037,0.4107654128730702
7782,8,8,1,0.9999572,0.9584979263500222,0.9600674763880632,0.9907518731432186,0.04150207364997782
7783,3,5,0,0.8259232,0.8018000487087237,0.8025634092268584,0.6963469108181729,0.19819995129127632
7784,7,2,0,0.47115883,0.5783973590120791,0.5756989187050444,0.5672045010561312,0.4216026409879209
7785,4,6,0,0.6210666,0.4747951812905741,0.46837769472637886,0.5482715766772487,0.5252048187094259
7786,9,9,1,0.99930847,0.9617826101502789,0.9632358070457926,0.992209105921865,0.03821738984972112
7787,5,5,1,0.5937818,0.7223817690648318,0.7224149992943948,0.5995801592860761,0.27761823093516824
7788,6,6,1,0.9867133,0.9479201064268313,0.9493806468488627,0.9806326436277993,0.05207989357316867
7789,3,3,1,0.91913664,0.9130458229510816,0.914615119317077,0.8610611206570741,0.08695417704891839
7790,8,8,1,0.7666467,0.7990226051537348,0.7999053522675759,0.6834958217020507,0.2009773948462652
7791,6,6,1,0.9601898,0.9351896566589261,0.9368559856044348,0.9458700205854111,0.06481034334107394
7792,9,1,0,0.9725065,0.9324866354354461,0.9338385274458213,0.9611506023316975,0.06751336456455392
7793,8,8,1,0.99961567,0.9623709860203057,0.9639583177588805,0.9894542913097933,0.037629013979694315
7794,5,3,0,0.49665603,0.5228145410519346,0.5195849267454963,0.5959584601084108,0.4771854589480654
7795,5,5,1,0.7808949,0.859538140080226,0.8607342517812552,0.8058097020476196,0.140461859919774
7796,8,8,1,0.99449843,0.9539489495697534,0.9554897343584265,0.9890506937033743,0.0460510504302466
7797,3,6,0,0.97459954,0.9495694709237521,0.9512503601780733,0.9500159680066438,0.0504305290762479
7798,5,5,1,0.70031774,0.6026575656485298,0.598716719056808,0.6431818352544763,0.3973424343514702
7799,9,9,1,0.9783438,0.94953745761418,0.9509466911497811,0.9679653639958636,0.05046254238582004
7800,0,0,1,0.9935557,0.932569227907126,0.9341173219678499,0.9538002449197599,0.06743077209287396
7801,4,4,1,0.9819727,0.9504682237899299,0.952079946803478,0.9696580938417063,0.0495317762100701
7802,2,2,1,0.4268781,0.5810015358565884,0.5794465134176536,0.5648949467908873,0.4189984641434116
7803,0,0,1,0.9885056,0.952681113607792,0.954080541883464,0.9383359636184609,0.04731888639220805
7804,5,5,1,0.9946346,0.9546564642877555,0.9562636852298795,0.9913255985455693,0.045343535712244476
7805,9,9,1,0.9928069,0.9582610770180852,0.9597734548162228,0.9760416279464081,0.04173892298191484
7806,9,1,0,0.9077584,0.914652334044477,0.9162052175893427,0.8604775389387715,0.08534766595552301
7807,3,3,1,0.84002644,0.8786113557880105,0.8798523638822285,0.8484122896180563,0.12138864421198947
7808,8,8,1,0.99794143,0.9597448463770263,0.9611514388604775,0.9901815453908688,0.040255153622973716
7809,0,0,1,0.7757705,0.8605190165862592,0.8618647834372052,0.8096599799532491,0.13948098341374082
7810,6,6,1,0.99858284,0.9643232182508565,0.9659135665148438,0.9902741745852982,0.03567678174914346
7811,0,0,1,0.9794033,0.9601640305903508,0.9615964074095346,0.9680598822953104,0.039835969409649175
7812,2,2,1,0.94594145,0.928803705010386,0.9303952334047343,0.9289082422722141,0.071196294989614
7813,3,0,0,0.44854942,0.11771483624192051,0.10977853297700671,0.42828226751000825,0.8822851637580795
7814,7,7,1,0.98381317,0.9515980697701769,0.9529905758769871,0.9693667691038503,0.04840193022982309
7815,0,8,0,0.676202,0.6017400894333811,0.5984852108531821,0.5976973741350757,0.3982599105666189
7816,0,4,0,0.8819353,0.8950543767347596,0.8966178361989229,0.8651430459249899,0.10494562326524037
7817,6,6,1,0.9941502,0.9488191364174492,0.9503656582925851,0.9805666258999427,0.051180863582550806
7818,9,9,1,0.9978009,0.9567506238598538,0.9580837098601803,0.9921852556829591,0.043249376140146234
7819,1,1,1,0.9997472,0.9523048037805225,0.953853203966744,0.9894472166327185,0.04769519621947749
7820,5,5,1,0.8778765,0.9141790576327533,0.9159195814216562,0.85745160366768,0.08582094236724669
7821,2,0,0,0.75078607,0.884645385230199,0.8863545893763344,0.8144981212892277,0.11535461476980102
7822,2,2,1,0.4338646,0.4595971094267174,0.45537930236084884,0.427026068179475,0.5404028905732826
7823,7,7,1,0.6149773,0.703995677715558,0.7023558576704214,0.5766027634577496,0.29600432228444196
7824,9,1,0,0.91902477,0.8732482821926935,0.8744604209908741,0.763586691426043,0.12675171780730654
7825,3,3,1,0.9829419,0.9452158165799378,0.9463776102437846,0.9288688348025024,0.054784183420062194
7826,9,9,1,0.50318515,0.7790448048706178,0.7809875668555947,0.585343681097516,0.22095519512938222
7827,3,5,0,0.7527932,0.8823592022063294,0.8839969443453873,0.8337608802077409,0.11764079779367065
7828,5,5,1,0.9961986,0.9558895900105238,0.9572811534135697,0.9909932072458141,0.04411040998947624
7829,2,0,0,0.9935969,0.960225570323251,0.9616285560785655,0.9776554674720853,0.039774429676749046
7830,2,2,1,0.9393856,0.9069084550256645,0.9080454205562446,0.8709294418225003,0.09309154497433547
7831,2,2,1,0.60399437,0.35232669140042894,0.3454788797448545,0.444708870499835,0.6476733085995711
7832,8,8,1,0.9999988,0.9306529373677677,0.9320576283999439,0.9917844019199002,0.06934706263223234
7833,8,0,0,0.59832627,0.5918694978292367,0.5895800380588139,0.3812130199309332,0.4081305021707633
7834,5,5,1,0.85033995,0.8755343015031452,0.8769987101621385,0.840664834559609,0.12446569849685485
7835,0,0,1,0.9902002,0.9753850311785055,0.9765559257442523,0.9664019379842824,0.0246149688214945
7836,0,0,1,0.9946272,0.9615886779988673,0.9628925323286649,0.9893499556415786,0.03841132200113273
7837,7,7,1,0.99935323,0.9528301686076871,0.954127260385394,0.9930713091365511,0.0471698313923129
7838,0,0,1,0.9991304,0.9623391099959031,0.9636484458090094,0.9924234351661965,0.03766089000409689
7839,3,4,0,0.9881358,0.9537481719216941,0.9552540384489461,0.9810493909997063,0.04625182807830586
7840,1,1,1,0.99696666,0.9562805739335423,0.9581101173540525,0.9890375832460674,0.043719426066457734
7841,6,6,1,0.6313683,0.5708986048462688,0.5672285910661045,0.6697921695329445,0.42910139515373125
7842,5,5,1,0.78284365,0.8131392816929546,0.8138841202329014,0.7445282605220789,0.18686071830704543
7843,0,0,1,0.47988898,0.3024702656953683,0.2942990319860762,0.4521472882618351,0.6975297343046317
7844,9,9,1,0.9998803,0.9628876749219183,0.9641177359530326,0.9930709148314812,0.03711232507808171
7845,2,2,1,0.9967589,0.9627326914173674,0.9642526258556542,0.9861161678057968,0.03726730858263261
7846,6,6,1,0.9110734,0.9216761538842227,0.9234722629396258,0.8965091642856942,0.07832384611577725
7847,7,7,1,0.6702229,0.7067757219026397,0.7060365118995628,0.6634061485013715,0.2932242780973603
7848,4,2,0,0.79301286,0.7540070720898981,0.7538246203989353,0.6268019297298909,0.24599292791010186
7849,2,0,0,0.92327684,0.9142943878446758,0.9159254598452303,0.8698253760588208,0.08570561215532424
7850,0,0,1,0.9998265,0.9499220158545482,0.951274793325614,0.9873604651440593,0.05007798414545184
7851,0,0,1,0.99951077,0.9625587951491645,0.9639832032855559,0.992159743192593,0.03744120485083546
7852,5,7,0,0.5134326,0.43202789801738195,0.4258052985927106,0.4461136208646563,0.567972101982618
7853,3,3,1,0.282788,0.14123770879311187,0.13507727490728808,0.47861997696342057,0.8587622912068882
7854,3,3,1,0.8833527,0.8798513168796547,0.8809059791915308,0.8123163038920683,0.12014868312034532
7855,2,2,1,0.99000424,0.9451943106905134,0.9466777733550861,0.9826880781925947,0.054805689309486594
7856,6,6,1,0.98368233,0.9596396723299406,0.9611519948078585,0.9737216668851139,0.04036032767005937
7857,4,4,1,0.85000557,0.8576658078718078,0.8584694256246155,0.8385307640858533,0.1423341921281922
7858,2,2,1,0.99909365,0.9596054903330808,0.9609501715446104,0.9914341559732894,0.040394509666919154
7859,7,7,1,0.9465193,0.9396636822572617,0.9413820144358527,0.9298777291088901,0.06033631774273829
7860,8,8,1,0.9980385,0.9619361231377841,0.9634818041452577,0.9916653036212308,0.038063876862215906
7861,0,2,0,0.7074535,0.7500064031471205,0.7494657355890264,0.7233360389198569,0.24999359685287947
7862,1,1,1,0.9464229,0.9138236169529298,0.9151111109070084,0.8642804659249242,0.0861763830470702
7863,0,0,1,0.9943954,0.9581885290036022,0.959736178994555,0.9834888092233656,0.041811470996397815
7864,1,1,1,0.9997751,0.9598228088763061,0.961269512316453,0.9889056178675351,0.04017719112369389
7865,3,3,1,0.70363396,0.8643850323446198,0.8659878359984162,0.7255362825533328,0.13561496765538017
7866,6,6,1,0.9793199,0.9310411055270981,0.9324547071092221,0.9684688672350835,0.06895889447290193
7867,4,4,1,0.96664876,0.9447176009618067,0.9463510050979523,0.9246346916547605,0.05528239903819332
7868,8,8,1,0.9855849,0.9561445397740727,0.9577255996725257,0.9700110902806155,0.043855460225927345
7869,0,0,1,0.9920975,0.9542666254759478,0.955793000473221,0.973886774879099,0.04573337452405224
7870,6,6,1,0.98438454,0.9552966697523975,0.9569395775659469,0.9614663365030758,0.044703330247602535
7871,0,0,1,0.9968088,0.96324202810264,0.9647538085409443,0.9853033136843217,0.036757971897359965
7872,9,9,1,0.99975044,0.9536305443408747,0.954925946227248,0.9926970698276548,0.046369455659125314
7873,1,1,1,0.99986696,0.9588519612589307,0.9601684594913591,0.9798872945332081,0.041148038741069315
7874,6,6,1,0.9662194,0.9366656106597041,0.9381880060753367,0.9429741416766093,0.0633343893402959
7875,2,2,1,0.59980977,0.4301255037028134,0.4240205532819984,0.5287688022485029,0.5698744962971867
7876,1,1,1,1.0,0.9209196177498136,0.9224233136478973,0.992640506113591,0.07908038225018643
7877,0,0,1,0.7279788,0.579060043845149,0.5757600096166006,0.599988210481131,0.420939956154851
7878,1,1,1,0.999772,0.9524160456161095,0.9538319279638469,0.9870638244736069,0.047583954383890514
7879,3,3,1,0.8669945,0.8845317408630832,0.8859127288174427,0.8220438806139903,0.11546825913691683
7880,0,0,1,0.99955326,0.9698558529708736,0.971028740592159,0.9914473851849782,0.030144147029126378
7881,3,4,0,0.8044091,0.827460978979724,0.8283162014216106,0.7868225992895361,0.17253902102027596
7882,7,7,1,0.9771278,0.951560721785507,0.9531124090966923,0.9623670025050015,0.04843927821449301
7883,9,9,1,0.9680136,0.941828903948078,0.943234047550079,0.9350357441706229,0.058171096051922055
7884,9,1,0,0.77873033,0.7196436029436712,0.7182591970675232,0.6301371425905326,0.28035639705632875
7885,3,3,1,0.82551533,0.8663221715045338,0.8675745199067701,0.8064294123749737,0.13367782849546617
7886,7,7,1,0.9999682,0.9384285336963739,0.9396472661291843,0.9935546407057195,0.06157146630362609
7887,5,5,1,0.56054115,0.5201184099082559,0.5155595561153749,0.5732034138780179,0.47988159009174414
7888,7,7,1,0.99777395,0.9452359536216675,0.946563234410497,0.9925954229362267,0.05476404637833254
7889,1,1,1,0.9999163,0.9616829896635288,0.9629208799817089,0.9913061486148681,0.03831701033647117
7890,6,6,1,0.9742113,0.9374904014014446,0.9388826601895534,0.9633668958666552,0.06250959859855543
7891,6,6,1,0.9927362,0.9629053808343138,0.9643898472652807,0.9832113757896552,0.03709461916568624
7892,1,1,1,0.54141355,0.4330278708122816,0.4274056796913637,0.34808158743405065,0.5669721291877183
7893,1,1,1,0.9887,0.958455392609977,0.9598926167075231,0.9722774836382245,0.04154460739002297
7894,1,1,1,0.9998344,0.9669263322473809,0.9680737739463386,0.9878295842568834,0.03307366775261911
7895,4,4,1,0.87151045,0.88888480910285,0.8901526606720624,0.863743325574942,0.11111519089715005
7896,4,4,1,0.8726824,0.8290107194444507,0.8290460976055156,0.8515297200498005,0.1709892805555493
7897,2,2,1,0.8209956,0.8805563104129321,0.8816572544869632,0.8171472292310489,0.11944368958706786
7898,1,1,1,0.99608046,0.9568315038476591,0.958356807970413,0.9882571755300507,0.04316849615234086
7899,7,7,1,0.54185814,0.6043023367095433,0.6017086878905109,0.6149622624134523,0.39569766329045675
7900,0,0,1,0.76775897,0.798771162792371,0.7990733697410579,0.6682755609318073,0.20122883720762896
7901,1,1,1,0.9779012,0.9674704293874828,0.968776637179928,0.969822990053696,0.032529570612517156
7902,2,2,1,0.988357,0.9607037586259691,0.9622465796206784,0.9812482530926475,0.03929624137403087
7903,1,1,1,0.8939631,0.8495751957509725,0.8497342444013183,0.7810552185655503,0.1504248042490275
7904,1,1,1,0.9352006,0.9397376009441805,0.9411288473087277,0.9111123123160505,0.06026239905581954
7905,3,3,1,0.9786461,0.9538226561440464,0.9554132610678823,0.9612182618923397,0.04617734385595362
7906,2,2,1,0.4829475,0.3403501595623978,0.3338572394515435,0.42021298806529694,0.6596498404376022
7907,6,6,1,0.9963871,0.9553365285292067,0.95695046047044,0.9914377319326689,0.0446634714707933
7908,9,9,1,0.74372,0.43685532334381955,0.4293414197254076,0.4919252433475455,0.5631446766561805
7909,1,1,1,0.79956764,0.8402111626950589,0.8407724414018526,0.7643792067999489,0.1597888373049411
7910,3,3,1,0.62884146,0.8502899069121342,0.852192067832655,0.7655479699069632,0.14971009308786576
7911,2,2,1,0.9996854,0.9570108638387469,0.9586300029035666,0.9926794480496547,0.042989136161253105
7912,0,0,1,0.6296479,0.6482687564454763,0.6464111569360295,0.6035049794355145,0.3517312435545237
7913,8,8,1,0.8583928,0.8759285759524496,0.8769912222709156,0.8622658886819494,0.12407142404755045
7914,7,7,1,0.939984,0.9242301995346482,0.9257642360272335,0.9235911349607113,0.07576980046535176
7915,3,3,1,0.9898948,0.9452522985820881,0.9468234127250313,0.9847761366642916,0.054747701417911854
7916,4,4,1,0.92542374,0.8478476753429283,0.8489640542216698,0.7814241085682834,0.15215232465707174
7917,6,2,0,0.557817,0.46180068713346323,0.4571568765210191,0.4950831397778648,0.5381993128665368
7918,4,4,1,0.4997568,0.45856938819349324,0.4527245626861254,0.4615261812968998,0.5414306118065068
7919,6,6,1,0.99895334,0.9623378666683206,0.9635958702986737,0.9913067163880852,0.03766213333167945
7920,9,9,1,0.9274019,0.916248681904851,0.9176858730763554,0.9048187705919065,0.08375131809514902
7921,4,4,1,0.5979074,0.5527733026186916,0.5493172542004444,0.5916707560090027,0.4472266973813084
7922,8,8,1,0.907825,0.9012434031336873,0.9026934038245774,0.8481910702670415,0.09875659686631266
7923,9,9,1,0.99449867,0.9612183917236594,0.9627155036545562,0.9897619442344654,0.038781608276340584
7924,3,5,0,0.46844852,0.45456036684475876,0.45102796310153676,0.5023521515230062,0.5454396331552412
7925,0,0,1,0.9877407,0.9565309206279089,0.9581890476517391,0.9752486934096624,0.0434690793720911
7926,5,5,1,0.9531333,0.9292647005784371,0.9306817880301155,0.9022613019769384,0.07073529942156287
7927,7,7,1,0.8481765,0.8677983077532658,0.869300790913487,0.8332043497097246,0.13220169224673417
7928,2,2,1,0.99852234,0.96113468118315,0.9626324075410909,0.9776728161135386,0.03886531881684996
7929,0,0,1,0.99393326,0.9604226443625045,0.9619045317869488,0.9756473016462889,0.03957735563749554
7930,2,0,0,0.98047686,0.9580182738009755,0.9593113106813356,0.9712295530212461,0.041981726199024516
7931,9,6,0,0.3603629,0.04745125921552755,0.04330289984926864,0.2660145995010309,0.9525487407844725
7932,9,0,0,0.9129902,0.9012605497234618,0.9024138937381945,0.8280694750449807,0.09873945027653819
7933,3,2,0,0.60182804,0.3218393950145643,0.3150900553527882,0.45462024497795733,0.6781606049854356
7934,8,8,1,0.99995375,0.9473830473836623,0.9489215065513743,0.9925068755965029,0.0526169526163377
7935,7,7,1,0.3454257,0.39429992138242487,0.3901685181435799,0.41330404218769695,0.6057000786175751
7936,1,1,1,0.9999653,0.9509355331222216,0.9522422309226477,0.9927356217360324,0.049064466877778434
7937,1,1,1,0.9999937,0.9548066081910512,0.9563196565660537,0.9927196424928583,0.04519339180894877
7938,2,2,1,0.85707045,0.8860558014832616,0.8874461953327784,0.827454486603801,0.11394419851673843
7939,2,2,1,0.98900175,0.9590410761455687,0.9605104809482997,0.9819432951964098,0.04095892385443134
7940,2,2,1,0.70521593,0.7985378522546464,0.8002987857730802,0.6279793249673365,0.20146214774535365
7941,5,2,0,0.78516173,0.8155043114143862,0.816678441953725,0.7796470345491764,0.18449568858561383
7942,9,9,1,0.8806754,0.8473394883788533,0.847819713448404,0.8163831615672187,0.1526605116211467
7943,1,1,1,0.9849396,0.9563739138795805,0.9577766985392844,0.9760628599049217,0.043626086120419516
7944,2,2,1,0.9529213,0.9157567389107065,0.9171281915763804,0.93804835681223,0.08424326108929348
7945,6,6,1,0.97132933,0.9263396021993507,0.9278323560221984,0.946431258157656,0.07366039780064926
7946,1,1,1,0.9998975,0.9461706235611735,0.9476752513377334,0.9919411893901184,0.05382937643882646
7947,2,6,0,0.53303564,0.5616472590126554,0.5589356708559136,0.5964643390563975,0.43835274098734456
7948,1,1,1,0.99961746,0.9629595646434715,0.9644882732329877,0.9909207257051791,0.037040435356528456
7949,8,8,1,0.9989986,0.9610406545726496,0.9625720005243843,0.9922309192963279,0.038959345427350356
7950,9,9,1,0.94075936,0.9444840861643724,0.9458656174080269,0.9072936762723743,0.055515913835627595
7951,2,2,1,0.9943382,0.9584557032731921,0.9600541780138749,0.9913413292464988,0.04154429672680793
7952,3,0,0,0.5066606,0.4632490247539541,0.45805363603566196,0.5626491806833758,0.536750975246046
7953,1,1,1,0.9554701,0.9321042298977282,0.9335545197531446,0.9096179210097499,0.06789577010227177
7954,9,9,1,0.9969014,0.9628142493599758,0.9642636628558009,0.9920142028848157,0.03718575064002416
7955,9,9,1,0.9994987,0.9627061115591692,0.9641892916199327,0.991814805701313,0.037293888440830814
7956,4,9,0,0.72658104,0.418096041035022,0.4109927217487202,0.41879415658365443,0.5819039589649779
7957,4,4,1,0.97205657,0.9420946117309036,0.9436592497581497,0.9607138950630109,0.057905388269096414
7958,5,5,1,0.6849481,0.6213418990013132,0.6190371785143873,0.6507839139582028,0.3786581009986868
7959,5,5,1,0.626145,0.317382737171293,0.31019098736302225,0.46156441649030566,0.682617262828707
7960,0,0,1,0.8337737,0.8362027741196,0.8372039305163471,0.7949331284038508,0.16379722588040002
7961,3,3,1,0.46607557,0.2829901535152413,0.2756974459163632,0.33968020626105316,0.7170098464847587
7962,3,5,0,0.44535685,0.36043969331436776,0.3541806895180796,0.4163652850018104,0.6395603066856322
7963,7,7,1,0.9179249,0.9277431824565893,0.9292962942490313,0.8637709558611505,0.07225681754341073
7964,1,1,1,0.9999522,0.9361509457535352,0.937507594200163,0.9919174189504283,0.06384905424646481
7965,7,7,1,0.9996674,0.9556651709911387,0.9570923202345173,0.9872616957378162,0.04433482900886132
7966,7,7,1,0.9795202,0.9500964152521669,0.9517141112921296,0.9378164003724766,0.049903584747833074
7967,9,1,0,0.66790676,0.4380922143377508,0.4315268775300858,0.5236048117476979,0.5619077856622492
7968,8,8,1,0.9999788,0.9560840788337203,0.9576400253841484,0.9923159450181549,0.04391592116627974
7969,6,6,1,0.77989864,0.849464766151797,0.8501581437721272,0.787998998968418,0.150535233848203
7970,3,3,1,0.642393,0.6469971223216926,0.6458169933614605,0.6179661843262226,0.3530028776783074
7971,5,5,1,0.96847534,0.944285874659931,0.945945795000006,0.9475973152893182,0.05571412534006903
7972,5,5,1,0.95383185,0.9391949588682685,0.9406856867146284,0.9357867901345509,0.06080504113173146
7973,1,1,1,0.99997675,0.9604047165037691,0.9618659154471403,0.992519277824327,0.03959528349623087
7974,6,6,1,0.8413027,0.8877709519347476,0.8892211852076071,0.8656239579448659,0.11222904806525236
7975,2,2,1,0.9943236,0.9615698917819684,0.9630145375781111,0.9867108061686225,0.03843010821803161
7976,7,7,1,0.8479462,0.8682383843745901,0.8693351343306105,0.847342996664463,0.1317616156254099
7977,8,8,1,0.9580853,0.9464243828806816,0.9482302896570847,0.9338913123091069,0.05357561711931835
7978,4,4,1,0.98456013,0.958337243204198,0.9599835422532144,0.9614434308888912,0.041662756795802
7979,3,5,0,0.3272603,0.11118909905354939,0.10558954528249895,0.29006278900392407,0.8888109009464507
7980,3,3,1,0.74473995,0.8107708466195197,0.8115871549526554,0.807119098216025,0.1892291533804803
7981,5,2,0,0.5347509,0.7015160164732084,0.7014136600566,0.5728989946504092,0.2984839835267916
7982,9,9,1,0.9997147,0.9595965395954389,0.9610472233655201,0.9918575758166299,0.04040346040456111
7983,6,8,0,0.5402813,0.5401953608144396,0.5362568625640203,0.5888862543316796,0.45980463918556036
7984,8,8,1,0.999951,0.9557245425802288,0.9572875658580459,0.9910101544453548,0.044275457419771236
7985,5,5,1,0.8979248,0.9147321690078354,0.9163363308641058,0.877610068842161,0.08526783099216462
7986,1,1,1,0.99987996,0.946412601890253,0.9478863047138992,0.9923523252822161,0.053587398109747
7987,0,0,1,0.9999356,0.945310509658848,0.9470246804428167,0.9823886564999091,0.054689490341152
7988,6,6,1,0.92598486,0.9128087981564408,0.9142238300386433,0.9072585439471693,0.08719120184355922
7989,7,5,0,0.55804604,0.5163167285729552,0.5125223722730758,0.5734301165045228,0.4836832714270448
7990,0,0,1,0.75497913,0.7139529729694296,0.7138578714285457,0.6180254374567012,0.2860470270305704
7991,9,9,1,0.99484926,0.9515354517592354,0.9529286700762517,0.9925727778496812,0.04846454824076463
7992,6,6,1,0.9986959,0.946886407433045,0.9483753654114953,0.9927550154661914,0.053113592566955026
7993,2,0,0,0.43928277,0.3605003920990682,0.35397077085615863,0.4530016768781564,0.6394996079009319
7994,0,0,1,0.99596906,0.9389990507740646,0.9407092723945364,0.9625098573753639,0.06100094922593535
7995,8,8,1,0.9999145,0.9537907678272187,0.9551662061847155,0.9919039941813029,0.04620923217278128
7996,7,7,1,0.81659067,0.8663112461689557,0.8673889212569935,0.8490197531835314,0.13368875383104428
7997,1,1,1,0.9998938,0.9465472129863303,0.947976190546517,0.991867602572112,0.053452787013669734
7998,2,2,1,0.4764246,0.7211165072163377,0.7218340483817207,0.6368904541696223,0.2788834927836623
7999,6,6,1,0.9230336,0.9063860029425378,0.9077660117600351,0.8880734776549284,0.0936139970574622
8000,9,9,1,0.9895738,0.9417371883228075,0.9430726576982845,0.9861639426989011,0.058262811677192494
8001,1,1,1,0.9810859,0.9403219686889722,0.9419927456921556,0.9508477514748581,0.05967803131102778
8002,6,6,1,0.9905137,0.9667239295538692,0.9680089353113184,0.9800086582656694,0.03327607044613079
8003,4,4,1,0.42942747,0.5610226579549689,0.558615130873103,0.5760127469496169,0.43897734204503114
8004,7,3,0,0.71465,0.6293342722324187,0.6270368952084029,0.6447672506697962,0.37066572776758133
8005,1,1,1,0.99906856,0.9744022127710024,0.9755167886809423,0.9770922062386392,0.025597787228997637
8006,9,9,1,0.7976397,0.753243676986774,0.7522313628744013,0.743230095477666,0.24675632301322603
8007,0,0,1,0.8923405,0.9047570789565741,0.9061173806080381,0.8318276435639699,0.09524292104342591
8008,0,0,1,0.9981279,0.9527699076274253,0.9541606670205568,0.9713196920041477,0.047230092372574695
8009,5,3,0,0.36692214,0.3132514200687677,0.30748101697323266,0.3719047298110494,0.6867485799312323
8010,2,2,1,0.99967074,0.9637898810367542,0.9652919252630416,0.987679606812969,0.036210118963245774
8011,8,8,1,0.73470986,0.6333768065696088,0.6307113550102299,0.5835337630914664,0.3666231934303912
8012,3,3,1,0.94996804,0.8878033737172902,0.8888391792898865,0.8955320958802615,0.11219662628270977
8013,8,8,1,0.57595164,0.6029160440996792,0.6001452246209251,0.33716578480728493,0.39708395590032075
8014,2,4,0,0.84502715,0.8828334704926624,0.8844365795066687,0.8541443205632318,0.11716652950733764
8015,8,0,0,0.85735387,0.6661593528661983,0.6636376343010945,0.6784421545547197,0.3338406471338017
8016,4,4,1,0.82839197,0.8685674374440948,0.8698112939658305,0.8505226387460766,0.13143256255590519
8017,0,0,1,0.96904784,0.9441308848887742,0.945737557973687,0.9228779804090911,0.05586911511122583
8018,8,8,1,0.99929965,0.9540573065940784,0.9555354564445653,0.9908166310382532,0.04594269340592161
8019,3,3,1,0.92723656,0.9076756989294801,0.9088992129518298,0.8690019763806314,0.09232430107051992
8020,6,5,0,0.28698704,0.17925684544050488,0.17246817177757762,0.2928839771598341,0.8207431545594951
8021,1,1,1,0.99998736,0.9329866814172,0.9342488765061148,0.9928681025702825,0.06701331858280002
8022,2,2,1,0.912692,0.9119729262464207,0.9134593775442542,0.8858575061012093,0.08802707375357932
8023,3,3,1,0.7059446,0.7396131908815493,0.7394249699863235,0.6659397496235061,0.2603868091184507
8024,0,0,1,0.98452014,0.9559376864530466,0.9573568197760429,0.9553346223389276,0.04406231354695345
8025,5,5,1,0.84564155,0.9070548520360516,0.908499673339859,0.8705439394626342,0.09294514796394837
8026,0,0,1,0.9968566,0.964496451128843,0.9657330034815388,0.9851249089189075,0.03550354887115703
8027,4,4,1,0.85410315,0.8853046756162468,0.8866183039678763,0.8381395951699641,0.11469532438375318
8028,1,1,1,0.99977595,0.9616396628057103,0.963204542118031,0.989296846212345,0.03836033719428966
8029,7,7,1,0.95186484,0.9373849054240653,0.9389337659329839,0.9273573735797315,0.06261509457593473
8030,2,0,0,0.8946285,0.930390797889223,0.931918860416011,0.8731605403771663,0.06960920211077704
8031,0,0,1,0.9972594,0.9680379262019011,0.969370068012166,0.9435863312854521,0.0319620737980989
8032,1,1,1,0.99730587,0.9626685660944677,0.9640746291315814,0.9919302257045901,0.037331433905532285
8033,3,3,1,0.52091646,0.42472250132263933,0.4187486169505919,0.4659664753248541,0.5752774986773607
8034,9,9,1,0.9866649,0.9640263994796889,0.9652672741078322,0.9819290781462225,0.035973600520311066
8035,1,1,1,0.9530526,0.9292678670886627,0.9305565430464198,0.9267888690298774,0.07073213291133729
8036,6,6,1,0.9862521,0.9578803330966688,0.959754612245906,0.9691999596847403,0.04211966690333124
8037,1,1,1,0.99994695,0.9607238067627918,0.9619800275348325,0.991855854153582,0.03927619323720821
8038,6,6,1,0.99942636,0.9560186246204345,0.9574414335230927,0.990879823726295,0.04398137537956548
8039,1,1,1,0.9999902,0.9702880107948915,0.9714730447351535,0.992322046997583,0.029711989205108535
8040,2,2,1,0.96909213,0.9476252716394049,0.9493425572066134,0.9282523453942414,0.05237472836059509
8041,8,8,1,0.61632174,0.34435758657227267,0.33695310364529857,0.34182596221191835,0.6556424134277273
8042,7,7,1,0.99538136,0.9639225351652632,0.9652100731811746,0.989263834670048,0.03607746483473684
8043,0,0,1,0.9607928,0.944218134454536,0.9458248961619329,0.9453134475439029,0.05578186554546405
8044,9,9,1,0.88225836,0.8816487879751079,0.8826465100035426,0.8419184768689613,0.11835121202489207
8045,5,5,1,0.975377,0.9524324307989043,0.9538124892403809,0.9608571263848339,0.04756756920109573
8046,8,0,0,0.9901619,0.9597197794202919,0.9610966191577973,0.9637215606796697,0.04028022057970815
8047,0,0,1,0.98746943,0.9587906518909548,0.9604232464251877,0.9803001885903835,0.041209348109045196
8048,0,0,1,0.7157119,0.6753259040258016,0.6738730496687735,0.6596166127191221,0.3246740959741984
8049,1,1,1,0.999231,0.9638673298344281,0.9652474801861016,0.9919863175875746,0.03613267016557187
8050,7,7,1,0.46579778,0.4978301467479015,0.49423328797777444,0.45393462675526847,0.5021698532520985
8051,9,9,1,0.8309504,0.7767004941161372,0.7760454916776287,0.6761001884719054,0.22329950588386283
8052,7,7,1,0.48663816,0.514515067979725,0.5106314001197632,0.47603544451689855,0.485484932020275
8053,1,1,1,0.9993144,0.9634876144493371,0.9649382597094408,0.9920862750370324,0.03651238555066294
8054,9,9,1,0.95425594,0.9343339908838596,0.9355702578774979,0.9046769731266084,0.0656660091161404
8055,2,2,1,0.9781983,0.9544690170044104,0.9561605964879896,0.9685280247972856,0.04553098299558955
8056,1,1,1,0.99982387,0.9400422599973067,0.94138616249716,0.9882710770498382,0.05995774000269327
8057,9,9,1,0.65832925,0.8786380151976104,0.8807903477336718,0.689797772226185,0.12136198480238958
8058,4,4,1,0.41397956,0.2505561099676382,0.24270786490954877,0.2538036587556382,0.7494438900323618
8059,3,3,1,0.98011106,0.959000589987298,0.9605900749177405,0.9421050512448833,0.04099941001270202
8060,6,6,1,0.99797803,0.9590990690312985,0.9606657678253075,0.9915380674331586,0.04090093096870151
8061,0,0,1,0.9949586,0.9010868004998487,0.9027338572868651,0.9702469363391423,0.09891319950015132
8062,2,2,1,0.99611145,0.9516993017149866,0.9532473488210957,0.9911051542176063,0.04830069828501338
8063,0,0,1,0.99789447,0.9603449632822677,0.9617510696145344,0.9895934550156416,0.039655036717732295
8064,0,0,1,0.89116603,0.8931765329682719,0.8944873130704164,0.8529289477288031,0.10682346703172807
8065,9,9,1,0.99967563,0.9534223017351225,0.95487567242973,0.9922044002384434,0.046577698264877454
8066,9,5,0,0.6663697,0.6437986085465491,0.6416367432499295,0.5894490773812318,0.35620139145345087
8067,8,8,1,0.99753404,0.9572271683861076,0.9587260212556205,0.9919683512446259,0.04277283161389245
8068,9,9,1,0.9545155,0.9215886771766671,0.9229188250104715,0.9316075658535081,0.07841132282333285
8069,4,4,1,0.5467643,0.7088529864431345,0.7097410323670084,0.7036687524904979,0.29114701355686545
8070,5,5,1,0.9662987,0.9460892415848894,0.948043871932927,0.94145667546981,0.053910758415110616
8071,4,3,0,0.7799089,0.7321191956961243,0.7315462969830354,0.7071590592883968,0.26788080430387573
8072,3,3,1,0.48205647,0.8188047172779671,0.8208258576740769,0.7242421645396877,0.1811952827220329
8073,0,0,1,0.9954105,0.9556054683262701,0.9572432722172094,0.9860496249888696,0.044394531673729865
8074,7,7,1,0.65911704,0.7658791596877321,0.7659494926204833,0.7580691268958993,0.23412084031226787
8075,8,8,1,0.9914307,0.9539301841621782,0.9555741255318538,0.9828055555543166,0.04606981583782177
8076,7,7,1,0.9113494,0.9188431560634223,0.9203092356860547,0.8738125937887466,0.08115684393657774
8077,3,5,0,0.67207116,0.8385306514587153,0.8401239874461212,0.7551638905071172,0.1614693485412847
8078,7,7,1,0.55499315,0.5323781198335664,0.5285360948753439,0.5188098306699872,0.4676218801664336
8079,5,3,0,0.66453177,0.5271387941726268,0.5229138223255112,0.6145420270335278,0.47286120582737323
8080,4,4,1,0.77076596,0.7997841236217619,0.8012048666103596,0.7507815212228011,0.20021587637823812
8081,6,6,1,0.9985359,0.9531921692861289,0.9548737628546082,0.9905486399017147,0.04680783071387107
8082,5,5,1,0.8846046,0.9095873798162692,0.9113387897090942,0.8612123185439385,0.09041262018373075
8083,9,9,1,0.9656068,0.9547792764378837,0.9561694947278949,0.9413631377045124,0.04522072356211626
8084,5,5,1,0.55389124,0.453104588628834,0.4490532589976581,0.542951278910171,0.5468954113711659
8085,2,2,1,0.9941202,0.9601752497654085,0.9616465928747921,0.9853788950061855,0.03982475023459153
8086,4,4,1,0.82668406,0.808227953849309,0.8084891141822224,0.7918847833476635,0.191772046150691
8087,2,2,1,0.4342133,0.4449282108534131,0.4397031138607418,0.4712028985385861,0.5550717891465868
8088,7,7,1,0.9861055,0.9600101841210529,0.9613420626800985,0.9825473206565427,0.03998981587894712
8089,9,9,1,0.99975306,0.9550051262550026,0.9562899011007772,0.9931703190375412,0.04499487374499744
8090,6,6,1,0.98192114,0.9487912096690587,0.9503756701035972,0.9654934321520066,0.05120879033094128
8091,7,0,0,0.9203745,0.8963651037278794,0.8976185223744484,0.8909675174570721,0.10363489627212064
8092,4,4,1,0.5700352,0.7976915171476343,0.7985497726928626,0.6854620474950671,0.2023084828523657
8093,7,7,1,0.94840616,0.9420728509897529,0.9436722147161074,0.9269734967273512,0.05792714901024709
8094,1,1,1,0.9999846,0.9711898827607142,0.972437034011203,0.993237610600217,0.028810117239285837
8095,2,2,1,0.94345325,0.9204940883352893,0.9220039158188694,0.9211615720570172,0.07950591166471066
8096,3,3,1,0.9792442,0.9435671849429909,0.9451386341942208,0.9685524478149086,0.056432815057009145
8097,1,1,1,0.9976725,0.961460141007224,0.9628952994228033,0.9925219990288991,0.03853985899277601
8098,1,1,1,0.9722569,0.9445601878846522,0.9460772553014803,0.9271202782796302,0.055439812115347764
8099,3,3,1,0.98125976,0.9398487588437389,0.9413923470900698,0.9634088325030303,0.06015124115626114
8100,6,6,1,0.91293883,0.9189161102314799,0.9204706484469601,0.9088041185618095,0.0810838897685201
8101,8,8,1,0.99687386,0.9692827188454413,0.970452343703382,0.9917006188219157,0.03071728115455874
8102,3,3,1,0.8853072,0.8851636530936314,0.8863182173488361,0.8265463138526868,0.11483634690636857
8103,7,7,1,0.75500274,0.7821881837744723,0.7821676134934006,0.7504595379150802,0.2178118162255277
8104,7,5,0,0.33262044,0.13191195041982942,0.12590934145808497,0.32958435902817323,0.8680880495801706
8105,0,0,1,0.9947895,0.9608395073263326,0.9624186020543606,0.9909469744489502,0.03916049267366739
8106,8,8,1,0.99979526,0.9650455197374583,0.9663161904179285,0.9911706852829046,0.034954480262541665
8107,1,1,1,0.99948287,0.9661649605948501,0.9675824518128551,0.9913139314393934,0.03383503940514987
8108,5,5,1,0.9915678,0.9482310814557486,0.9498409714324119,0.9832343547842268,0.05176891854425136
8109,2,2,1,0.7917622,0.8292049087053641,0.829988695481131,0.772241674914467,0.17079509129463588
8110,5,6,0,0.63243383,0.6450774601413171,0.6422284675265075,0.654330853338257,0.35492253985868294
8111,5,5,1,0.81218255,0.7819057148994373,0.7820806355453777,0.7265433382554844,0.21809428510056272
8112,3,3,1,0.85380906,0.857424784557911,0.8582532420875936,0.8245854094001868,0.14257521544208895
8113,6,6,1,0.99848574,0.9526315742997644,0.9542915452492116,0.9918221869137589,0.047368425700235584
8114,3,3,1,0.9041709,0.9065981158629374,0.9083323354187072,0.8585026842490703,0.09340188413706263
8115,5,3,0,0.64318734,0.686298275938962,0.6854021292563621,0.7117854742821609,0.313701724061038
8116,9,9,1,0.9989511,0.9625588494097181,0.9638937932216401,0.9929198517885588,0.03744115059028186
8117,8,8,1,0.99665207,0.9555976990660785,0.9571840076092837,0.9905457920998555,0.0444023009339215
8118,4,4,1,0.9533101,0.9350077011304176,0.9368191896267739,0.9271254234352304,0.06499229886958235
8119,6,3,0,0.44626692,0.3526209483827654,0.3462159179244004,0.45728087016284436,0.6473790516172346
8120,8,8,1,0.9994536,0.9640186970199995,0.9655224898923292,0.9918791246026742,0.03598130298000046
8121,0,0,1,0.99519557,0.9527976956417312,0.9545695193105562,0.9772192030106113,0.047202304358268776
8122,4,4,1,0.68049926,0.6950067780761515,0.693871192429106,0.7396846510023871,0.3049932219238485
8123,1,1,1,0.99083686,0.9467148352161739,0.9479731213313682,0.9800249941676022,0.053285164783826056
8124,7,7,1,0.98352194,0.9270565921912454,0.9284981035624796,0.9544519218337161,0.07294340780875463
8125,8,8,1,0.5033991,0.8623621804349725,0.8643770242726264,0.6519255833486152,0.13763781956502752
8126,4,4,1,0.52052754,0.35183149665156466,0.34475926166888304,0.49586505142388054,0.6481685033484353
8127,9,9,1,0.920563,0.9331102587395097,0.9346531702058553,0.9270683848349968,0.0668897412604903
8128,7,4,0,0.5451566,0.5792257301128723,0.577765011475273,0.4464695886642596,0.42077426988712774
8129,2,2,1,0.99962676,0.9580336800846476,0.959530318647183,0.9918886013787988,0.04196631991535238
8130,6,6,1,0.98170507,0.9499926031054109,0.9516482203351793,0.9525025662958437,0.05000739689458911
8131,3,6,0,0.57975066,0.6862399102309231,0.6856720275694359,0.6634088020786194,0.3137600897690769
8132,8,8,1,0.9945932,0.9574114268590439,0.9589408200046866,0.9896353334256751,0.0425885731409561
8133,8,8,1,0.989287,0.9573696644182744,0.9588699933429238,0.9779561903785333,0.042630335581725576
8134,6,6,1,0.9200779,0.8963831239569039,0.8976719731648091,0.9081204206893978,0.1036168760430961
8135,7,2,0,0.5807838,0.4721614965947606,0.4669068067557235,0.5430721265334418,0.5278385034052394
8136,3,3,1,0.9639502,0.9280725143690425,0.929560213545695,0.9093400909369307,0.07192748563095752
8137,8,8,1,0.80930066,0.8215981863245532,0.8224356147818103,0.7266226106402324,0.17840181367544683
8138,1,1,1,0.9364924,0.9471597938030276,0.9485258040656905,0.9218363489810163,0.052840206196972384
8139,1,1,1,0.9823255,0.950309551554487,0.9518132610530985,0.9700779064880699,0.04969044844551296
8140,5,5,1,0.89418584,0.9121815173621627,0.9140527953369499,0.8575139577143779,0.08781848263783731
8141,3,3,1,0.8627373,0.892189230977853,0.893737571371986,0.8640882728050421,0.10781076902214703
8142,7,2,0,0.67456657,0.6252859236326784,0.6220203435344753,0.6407440211350284,0.37471407636732157
8143,9,9,1,0.98287785,0.9613888923811089,0.962669718248229,0.9730029866379449,0.03861110761889108
8144,9,1,0,0.7073457,0.7540910861740204,0.7532377957386786,0.5630823000188441,0.24590891382597957
8145,9,1,0,0.5425964,0.243745238903261,0.23639373893138874,0.3764398529133828,0.756254761096739
8146,8,8,1,0.99955696,0.9653650499486928,0.9668583346580081,0.9917797203966146,0.034634950051307234
8147,5,5,1,0.7154878,0.8668937086453831,0.868392052125583,0.7734519216665344,0.13310629135461693
8148,9,9,1,0.99082947,0.949365454618242,0.9509079053341667,0.984979268979848,0.050634545381758045
8149,9,9,1,0.9190186,0.9343383678857388,0.935661804732233,0.9069447544138356,0.06566163211426124
8150,6,6,1,0.99941576,0.9401186203742353,0.9414905520765339,0.9936027484966394,0.059881379625764675
8151,8,8,1,0.9926116,0.9585529478835438,0.9599837073425499,0.9839984393514469,0.04144705211645616
8152,8,8,1,0.9961791,0.9558429059227294,0.957346934188473,0.9912201306711378,0.04415709407727064
8153,4,4,1,0.5054371,0.19351733433402551,0.185203989426019,0.4475093136772951,0.8064826656659745
8154,8,8,1,0.8941913,0.8664372135337761,0.8674924707691545,0.8228186360445447,0.13356278646622388
8155,1,1,1,0.99986875,0.960734166684871,0.9622590813531545,0.9886761483627431,0.039265833315129006
8156,0,0,1,0.8754268,0.9243409462923229,0.9260333595094321,0.873827379664462,0.07565905370767712
8157,1,1,1,0.9999919,0.9507804797943813,0.9521688438028855,0.9923062911470473,0.049219520205618705
8158,8,8,1,0.99999905,0.9439818212153295,0.9454973548762726,0.9914428210223661,0.056018178784670525
8159,8,8,1,0.99986064,0.959039982498046,0.9605051609852572,0.9919683512446259,0.040960017501953994
8160,6,6,1,0.8727062,0.8799053976879774,0.8809861073658233,0.8650587803037705,0.12009460231202262
8161,5,5,1,0.55814767,0.6911495597627132,0.6916873441572872,0.4396318535371496,0.3088504402372868
8162,9,9,1,0.926291,0.9160494606062622,0.9173530401989046,0.9015907979617102,0.08395053939373776
8163,0,0,1,0.9999112,0.9621802931154024,0.9634659046141315,0.9918180594823904,0.03781970688459757
8164,6,6,1,0.99367577,0.9511103494813039,0.9526421206135646,0.985751247889224,0.04888965051869609
8165,1,1,1,0.9942162,0.960811103571279,0.962321042647101,0.9730162633324969,0.03918889642872103
8166,2,5,0,0.30564946,0.1844200784105602,0.1778360227191458,0.27493614657228044,0.8155799215894398
8167,6,6,1,0.9996871,0.9490462091687455,0.9504582351686363,0.9915040367294852,0.05095379083125451
8168,6,6,1,0.9103246,0.9122299398120457,0.9138962095455713,0.9058107288446097,0.0877700601879543
8169,3,3,1,0.35616583,0.4235744204184873,0.41823293308384973,0.4835369872019586,0.5764255795815127
8170,5,5,1,0.98640627,0.9568879966050957,0.9586290615298898,0.9787146209805329,0.043112003394904286
8171,6,6,1,0.92365927,0.9088144851191859,0.9102053505957184,0.9037805235302272,0.09118551488081406
8172,5,5,1,0.47869602,0.5894987424458538,0.5878057664788043,0.532107628712328,0.41050125755414624
8173,5,3,0,0.6750763,0.8668256877160798,0.8683543875556379,0.7210719047222612,0.13317431228392018
8174,3,3,1,0.68622625,0.8662444524415926,0.867865884076283,0.7366419620348058,0.13375554755840735
8175,3,3,1,0.7953802,0.7982304438931636,0.7981716224054222,0.754225119212269,0.20176955610683645
8176,6,6,1,0.9769182,0.9521108746039983,0.9535420863776182,0.9720203381062897,0.04788912539600165
8177,8,0,0,0.63770974,0.3851606460115539,0.3782088855099556,0.3443122479153123,0.614839353988446
8178,9,9,1,0.8663775,0.9278245091141935,0.9293398742822888,0.8448955501656081,0.07217549088580655
8179,4,4,1,0.9961451,0.9502115909886346,0.9518217678845013,0.991455004550956,0.04978840901136539
8180,4,4,1,0.53828454,0.674871503427318,0.6751925709374281,0.5921185128799366,0.32512849657268195
8181,3,3,1,0.81592774,0.8725404268345969,0.8739721537133974,0.8535795068851303,0.12745957316540313
8182,8,8,1,0.99238294,0.9571479411664013,0.9586067524476946,0.9840756177652829,0.04285205883359866
8183,3,3,1,0.66675824,0.8680770250017936,0.8700406065225917,0.7631277686621627,0.13192297499820638
8184,6,6,1,0.9199457,0.9263678513431403,0.9279287693721542,0.8795040136496506,0.07363214865685974
8185,0,0,1,0.9972698,0.962545937565222,0.9640801258097648,0.9898382784682818,0.037454062434778
8186,8,8,1,0.9983577,0.9596243260944943,0.9611027974343952,0.9902125709530375,0.04037567390550567
8187,5,5,1,0.80995715,0.8933733268833841,0.8951463019779707,0.8520493019401724,0.10662667311661589
8188,7,7,1,0.91428304,0.9244387445164906,0.9259603024226344,0.8907461681332052,0.07556125548350945
8189,8,0,0,0.68711394,0.5743860530591604,0.5699336016190685,0.5992807564516686,0.42561394694083965
8190,4,4,1,0.80887157,0.8040363759131886,0.8039427187087967,0.7990290238012534,0.19596362408681145
8191,6,6,1,0.82147616,0.8458765157314565,0.8470222127749367,0.8066233674345971,0.1541234842685435
8192,5,5,1,0.9609992,0.9479785424966218,0.9495251921056962,0.9456954231558224,0.052021457503378166
8193,3,3,1,0.8301608,0.8192027639821913,0.8198848302626098,0.7208548299847961,0.18079723601780873
8194,1,1,1,0.9881241,0.9496954898023429,0.9511055575907783,0.9771449348591649,0.05030451019765714
8195,8,8,1,0.9999924,0.9458844075014952,0.947483790642634,0.9921913582240665,0.05411559249850484
8196,3,3,1,0.45019913,0.1261363976655198,0.11916526430681793,0.33301298008565355,0.8738636023344802
8197,0,0,1,0.9614924,0.9340481612656092,0.9356241750095377,0.9337591732413947,0.06595183873439081
8198,4,4,1,0.8500196,0.8749391326943815,0.8760466036514913,0.81604350037643,0.1250608673056185
8199,4,4,1,0.99188775,0.9493180269569697,0.9508275534843373,0.9855264331281682,0.05068197304303035
8200,3,3,1,0.44687828,0.19472306838945033,0.18736444149940754,0.3331785494615158,0.8052769316105497
8201,3,3,1,0.9166678,0.9115657153559585,0.9130022797057892,0.8772077626539166,0.08843428464404146
8202,5,5,1,0.7967222,0.7350451066014566,0.7340827416998515,0.6244723187708265,0.2649548933985434
8203,3,3,1,0.9170299,0.9299562831336463,0.9317469666879397,0.8850482880985756,0.07004371686635369
8204,3,3,1,0.9938898,0.9334355883471043,0.9349453703139701,0.984883289878788,0.06656441165289573
8205,2,2,1,0.9983695,0.950372921366091,0.9519590203772452,0.9915340985679795,0.04962707863390903
8206,7,7,1,0.95734364,0.9437270746847064,0.9451747679995365,0.9421952500559081,0.0562729253152936
8207,7,7,1,0.9980749,0.9663242598001599,0.9676103268693307,0.9868259090465209,0.0336757401998401
8208,8,9,0,0.53751624,0.49830036097224484,0.4939505947831593,0.3381491366665816,0.5016996390277552
8209,2,4,0,0.6425221,0.5939715836724675,0.5904115488123907,0.5752898006926069,0.4060284163275325
8210,0,0,1,0.99995697,0.9420486686211691,0.9435587002464249,0.9866612710182163,0.057951331378830906
8211,5,5,1,0.96109176,0.9525785287415562,0.9540676021589067,0.9451523789692664,0.04742147125844376
8212,5,3,0,0.4549941,0.5034994789877337,0.49921232822139994,0.5889643146394026,0.49650052101226627
8213,6,6,1,0.99146605,0.9600558829749841,0.9615788693441419,0.9853009926111751,0.03994411702501588
8214,1,1,1,0.9999008,0.9381338983575971,0.9394558320840039,0.9923803125460059,0.061866101642402915
8215,1,1,1,0.9999851,0.9597310222548817,0.9610436693569796,0.9935902336961085,0.040268977745118284
8216,3,3,1,0.91951615,0.9340443060163673,0.935522036888016,0.841319668683431,0.06595569398363266
8217,9,9,1,0.9898735,0.9562489590221572,0.9575779010372247,0.9859774536797219,0.04375104097784277
8218,9,6,0,0.41244304,0.1476103842050356,0.14104862182188152,0.25945912569841983,0.8523896157949644
8219,3,6,0,0.7313046,0.721682124402396,0.7205647793128237,0.6071309843118804,0.278317875597604
8220,6,6,1,0.9201417,0.8903592439161347,0.8914368780395004,0.8856584323465421,0.10964075608386525
8221,7,7,1,0.9989557,0.9613874107053466,0.962769940427269,0.9863408297015751,0.03861258929465339
8222,1,1,1,0.9250839,0.9119688572365929,0.9131881249767837,0.8892096483991633,0.08803114276340707
8223,8,8,1,0.9955231,0.9604362657905717,0.9619693786780469,0.9914983576711812,0.03956373420942827
8224,3,3,1,0.85048395,0.8597766937673335,0.8606416600409525,0.8402408096766772,0.14022330623266654
8225,9,0,0,0.830598,0.906445348665643,0.9080708380873999,0.8271207522216477,0.09355465133435703
8226,8,9,0,0.48089957,0.2464794138296192,0.23811613634740952,0.4475394556033027,0.7535205861703809
8227,7,7,1,0.9915211,0.9598026339981651,0.9614181845117872,0.981214192019038,0.04019736600183488
8228,8,8,1,0.99935097,0.9605368060494115,0.9619436004976883,0.9905695575346128,0.039463193950588504
8229,8,8,1,0.9515823,0.9371758452246967,0.9384349904179908,0.9190027400146288,0.06282415477530334
8230,0,0,1,0.9975688,0.9475055686995045,0.9488869769973453,0.9895343967327568,0.05249443130049547
8231,3,3,1,0.94597423,0.9253057597098266,0.9265781107806622,0.8498812798630052,0.07469424029017335
8232,2,2,1,0.998833,0.9597400164307617,0.9614587774254836,0.9914885827504188,0.04025998356923832
8233,4,4,1,0.7776709,0.7848059670633829,0.7842593339014521,0.7293701357421721,0.2151940329366171
8234,8,1,0,0.76434976,0.6290824273946838,0.627043936329942,0.5295895426823971,0.3709175726053162
8235,7,7,1,0.8768538,0.8433949808808077,0.8444498896117567,0.7417220832317893,0.15660501911919233
8236,5,3,0,0.46119213,0.5229773216697816,0.5211120726810251,0.5684820396832406,0.4770226783302184
8237,7,7,1,0.7369404,0.803060257424635,0.8038186829487899,0.7723027088597287,0.19693974257536495
8238,1,1,1,0.95821774,0.9462262386356877,0.9477278467520267,0.926199006318174,0.053773761364312334
8239,8,8,1,0.99812406,0.9661064987924701,0.9673407382718843,0.9930295444818116,0.033893501207529875
8240,7,7,1,0.98579574,0.9498260343013374,0.9512116057032052,0.9768087093280119,0.050173965698662615
8241,3,3,1,0.6256742,0.7497929220035509,0.7507499529027192,0.7094281064890408,0.25020707799644915
8242,5,2,0,0.50655526,0.42394466653223495,0.4184259826634403,0.5045296562648752,0.576055333467765
8243,4,4,1,0.756388,0.8428385200126677,0.8441419503190448,0.7240138259393045,0.15716147998733232
8244,4,4,1,0.68375653,0.6722568155183528,0.6710879811829225,0.5239111401775266,0.3277431844816472
8245,3,3,1,0.7565776,0.8797360520836494,0.8817355811955726,0.7597964142069762,0.12026394791635064
8246,8,0,0,0.64710927,0.7276131786231657,0.7275389937901773,0.5929608821239686,0.27238682137683434
8247,6,6,1,0.9984933,0.9396903625213758,0.9410405976044858,0.9877150631889102,0.06030963747862417
8248,1,1,1,0.6859812,0.8480712843696377,0.8495616710181378,0.6932958055925915,0.15192871563036225
8249,1,1,1,0.999073,0.9602328648646559,0.9618117526404195,0.9884740293435291,0.039767135135344134
8250,6,6,1,0.9993205,0.957438946537202,0.9588703270043715,0.992519277824327,0.04256105346279804
8251,3,3,1,0.96902937,0.939836348188202,0.941384625165212,0.91936690852839,0.06016365181179795
8252,2,2,1,0.41262767,0.3658003741838313,0.35960480493535907,0.40012364060355815,0.6341996258161686
8253,2,2,1,0.8380817,0.8949276302188933,0.8965498895944711,0.8515629264214081,0.10507236978110668
8254,8,2,0,0.49610835,0.6047689625536099,0.6022611016908554,0.5578307564127757,0.3952310374463901
8255,9,9,1,0.999754,0.9509976848447202,0.9524764047174046,0.9926088670648623,0.04900231515527975
8256,8,8,1,0.9995963,0.9573633986016474,0.9586685906938179,0.9922357848194175,0.04263660139835257
8257,3,3,1,0.9183178,0.91442176763846,0.915860673001679,0.8892065958455042,0.08557823236154005
8258,3,3,1,0.69854397,0.5404952362119365,0.5358521582159053,0.6130990951104976,0.4595047637880635
8259,8,8,1,0.91950196,0.9171307882888249,0.9184381230634352,0.8986113503662936,0.08286921171117512
8260,1,1,1,0.99218774,0.9598938430620596,0.9612611022933986,0.9866472152604804,0.040106156937940396
8261,1,0,0,0.6465945,0.6908702702996841,0.6893771629176854,0.5857044370430166,0.30912972970031594
8262,0,0,1,0.8543199,0.8196871189734545,0.8204262245783106,0.7462036855298382,0.18031288102654552
8263,5,5,1,0.95347923,0.9332998239231717,0.934826754351795,0.9067196204683483,0.06670017607682832
8264,2,2,1,0.9962423,0.9457594780263389,0.9472844634789079,0.9893705872342735,0.05424052197366114
8265,0,0,1,0.9997769,0.9574648806657233,0.9590873266606476,0.9905289254377656,0.04253511933427667
8266,5,3,0,0.8052093,0.7953317334071999,0.7956682330900401,0.7013520273320479,0.20466826659280013
8267,0,0,1,0.9872176,0.9651659723734356,0.9664637284685574,0.9827589938269269,0.0348340276265644
8268,5,2,0,0.36633664,0.3020371741555931,0.29581145221424343,0.4148515153915614,0.6979628258444068
8269,8,0,0,0.96610886,0.9220216196906437,0.9233747277646894,0.9323319042011106,0.07797838030935633
8270,6,6,1,0.9972676,0.9561074297194387,0.9575331432149157,0.9930461110915927,0.04389257028056126
8271,3,3,1,0.67237526,0.8649931510766079,0.8666906048298829,0.7554854407917886,0.1350068489233921
8272,9,9,1,0.6171205,0.6225507595812926,0.62075154965569,0.4448927371314402,0.3774492404187074
8273,6,6,1,0.9993017,0.9554423598022262,0.9569331472151554,0.9918931245288859,0.04455764019777375
8274,6,6,1,0.9054005,0.9084716534593227,0.9097958408590562,0.8664305598896087,0.09152834654067732
8275,3,3,1,0.48826888,0.4175887526273051,0.41225238201321207,0.4863068548494434,0.5824112473726949
8276,9,0,0,0.9860393,0.952597433333396,0.9542082604586489,0.970242739785762,0.04740256666660403
8277,4,4,1,0.7571358,0.7701626767244828,0.7703083585756464,0.6872361396739243,0.2298373232755172
8278,8,8,1,0.9994604,0.9580213534354736,0.9594931541870613,0.991011630920868,0.041978646564526434
8279,3,3,1,0.8871484,0.9213447886292354,0.9231815731633626,0.8627005072082063,0.07865521137076459
8280,4,3,0,0.58958274,0.42110629565629465,0.4149946347257098,0.49773195130503145,0.5788937043437054
8281,3,3,1,0.64008856,0.7409899798752851,0.7409598728206314,0.675166257127461,0.25901002012471486
8282,1,1,1,0.9999291,0.9618422493088407,0.9632813956755715,0.9909736451433652,0.03815775069115934
8283,1,1,1,0.57726854,0.5431138424528307,0.5376766682603483,0.5649684273359894,0.4568861575471693
8284,2,2,1,0.9967084,0.9554971169785164,0.9571164800470138,0.9885293424104953,0.04450288302148364
8285,9,9,1,0.99819034,0.9686447160227605,0.9698866364433225,0.9924042618612979,0.03135528397723952
8286,7,2,0,0.67915535,0.6304021054649886,0.6274411810273581,0.6893718323085679,0.36959789453501135
8287,8,8,1,0.996734,0.9606493541546964,0.9621409960981829,0.99047411358721,0.03935064584530357
8288,5,5,1,0.96721673,0.936691095212098,0.938419218801854,0.9367687276174841,0.06330890478790197
8289,5,5,1,0.31412125,0.1474784945983634,0.14107970355587499,0.29441432090824216,0.8525215054016366
8290,8,0,0,0.45217866,0.49359178005647664,0.49049359367893947,0.4907450933168304,0.5064082199435234
8291,6,6,1,0.44238845,0.32148425280312376,0.3148797257412569,0.35656739691879374,0.6785157471968762
8292,9,9,1,0.71477294,0.8071305750395427,0.8076278771101572,0.7029748989321883,0.19286942496045734
8293,0,0,1,0.9929,0.9552198030826855,0.9565285171663248,0.9855829538814039,0.044780196917314496
8294,8,8,1,0.9999715,0.9554030695280116,0.9568690334379643,0.9924517294882759,0.04459693047198843
8295,3,0,0,0.81569815,0.8425943571742092,0.8437245916606563,0.7631681590158779,0.15740564282579084
8296,5,3,0,0.4110786,0.40887507339707574,0.40319653111213044,0.4524142129877157,0.5911249266029243
8297,1,1,1,0.9987016,0.958464140617011,0.9598535534247763,0.9931101562719822,0.04153585938298898
8298,3,2,0,0.45070592,0.43170845382376777,0.4254384746044057,0.4605980390351285,0.5682915461762322
8299,3,3,1,0.9980869,0.9487063100282647,0.9499693128408047,0.9880607804165326,0.051293689971735335
8300,5,5,1,0.5710112,0.6200838358041579,0.6180812901441133,0.6522018403487593,0.37991616419584207
8301,5,5,1,0.46517006,0.2918290172823269,0.2852676998043977,0.35684244559524614,0.7081709827176731
8302,3,3,1,0.9454249,0.9228626750516898,0.9243351904456818,0.9253027062182904,0.07713732494831016
8303,8,0,0,0.7237731,0.4992620151646829,0.4943155188662467,0.5314658147561852,0.5007379848353171
8304,1,1,1,0.2785675,0.10767588797707325,0.10138282425985795,0.2204210590559223,0.8923241120229267
8305,4,3,0,0.70828307,0.4346569943942521,0.4285856483089308,0.43544606726663226,0.5653430056057479
8306,6,2,0,0.73689276,0.8608915110759472,0.8623738577738524,0.7679630406936414,0.1391084889240528
8307,4,4,1,0.999833,0.9423160180474566,0.9437958794765368,0.9887473981251891,0.05768398195254343
8308,2,2,1,0.8993072,0.8934427204415482,0.8948588286176689,0.8386081211743719,0.10655727955845185
8309,4,4,1,0.98305064,0.9494863363263191,0.9509626361613119,0.9708645125859028,0.05051366367368093
8310,3,3,1,0.65756506,0.7397694400242575,0.7396077575179756,0.6169465241793266,0.2602305599757425
8311,8,8,1,0.99720395,0.9614705418969199,0.9629830773662348,0.9922124520351564,0.03852945810308006
8312,9,1,0,0.6486398,0.7122588752044983,0.7111362230322061,0.5912635397699338,0.28774112479550173
8313,6,6,1,0.8866162,0.9290803630170359,0.9307484681034295,0.8771980712885136,0.07091963698296411
8314,6,0,0,0.5757063,0.4465715978997574,0.4410486417676034,0.48257845492736223,0.5534284021002426
8315,6,6,1,0.7337847,0.8215666156087552,0.8227644708718544,0.5373878694469877,0.1784333843912448
8316,5,5,1,0.58580965,0.28056055387216994,0.2728888111316756,0.4098055362541516,0.7194394461278301
8317,5,2,0,0.6629106,0.6594793991079829,0.6582293839996889,0.6677568554482467,0.3405206008920171
8318,2,2,1,0.96727943,0.9513689057792807,0.9531494600830046,0.9281590167368673,0.04863109422071932
8319,7,7,1,0.91786575,0.9275744567932552,0.9293323791910163,0.887065655216999,0.07242554320674477
8320,7,7,1,0.78272665,0.7875407613972125,0.7875094774796184,0.7285362788080524,0.21245923860278748
8321,4,4,1,0.6398548,0.68783626446727,0.6870595441448348,0.5778845543221864,0.31216373553273
8322,4,4,1,0.9994634,0.9545878861918856,0.9562320012339082,0.988658992889469,0.045412113808114385
8323,9,9,1,0.94049484,0.9308736546145276,0.9321759090444554,0.9013761113369673,0.06912634538547235
8324,3,5,0,0.43069655,0.5327819186476171,0.5297478649383107,0.48769391216039665,0.46721808135238285
8325,8,8,1,0.84252715,0.789078662473132,0.7891111021115744,0.678362483528,0.21092133752686804
8326,3,5,0,0.63431656,0.7311387781216443,0.7309828184218109,0.700120532655763,0.2688612218783557
8327,7,7,1,0.8304433,0.8094228746419668,0.8094645000538655,0.7816682355891043,0.19057712535803317
8328,7,7,1,0.9438811,0.9322561657203909,0.9339179117372789,0.9013506617670656,0.06774383427960906
8329,8,8,1,0.98154044,0.9419196857105044,0.9434615683749855,0.9691419142046026,0.05808031428949556
8330,5,5,1,0.99024767,0.9601927721027448,0.9616974694421678,0.9764641376154108,0.039807227897255215
8331,3,2,0,0.86353135,0.849221708566473,0.8498674993421457,0.8025998483184766,0.15077829143352695
8332,9,9,1,0.99189454,0.9604617605554612,0.9618858996779603,0.9854225227817417,0.039538239444538825
8333,1,3,0,0.54958546,0.5385031389148606,0.5338444864993107,0.5890594742999454,0.46149686108513943
8334,6,6,1,0.99983454,0.9530261296913878,0.9546277860905054,0.9894389914871441,0.04697387030861222
8335,7,2,0,0.48791334,0.357011988011802,0.349878111790598,0.4428968876667907,0.642988011988198
8336,3,3,1,0.8939503,0.9216612557250287,0.9232271205098284,0.8739681280583278,0.07833874427497134
8337,3,3,1,0.9653383,0.9515256583091162,0.9529621263909606,0.9407188570190408,0.048474341690883826
8338,3,2,0,0.4611026,0.21460637691374532,0.20704395183853014,0.4010673583187147,0.7853936230862547
8339,8,8,1,0.9870762,0.9568225341389857,0.9584001997069845,0.9796890808080669,0.04317746586101434
8340,5,3,0,0.6713562,0.8023821781074224,0.8035481176051451,0.7785012279808174,0.1976178218925776
8341,6,6,1,0.3022485,0.46343978615644943,0.45947591122802955,0.5340023189997519,0.5365602138435506
8342,1,1,1,0.84945023,0.859509477194335,0.8601457980138789,0.8219016087275343,0.14049052280566499
8343,3,3,1,0.92868507,0.9366016740146753,0.9380801504771077,0.8887874191765844,0.06339832598532469
8344,7,4,0,0.35088417,0.20001617752654255,0.19346463162510447,0.3261589477103462,0.7999838224734575
8345,9,9,1,0.99894327,0.9656730081428467,0.9671282126581974,0.9921327667077573,0.034326991857153266
8346,6,6,1,0.78547853,0.8524573029896118,0.8533712190719687,0.7414771310535787,0.14754269701038825
8347,1,1,1,0.9964562,0.9586405650803356,0.9601693021879331,0.9921788500174478,0.04135943491966443
8348,6,6,1,0.9864688,0.9620537618183936,0.9637061452302923,0.9507105621506465,0.03794623818160636
8349,4,4,1,0.82868147,0.858147424570805,0.859055093421201,0.8065989749426669,0.14185257542919505
8350,9,9,1,0.83765584,0.8314134930438641,0.8317201327857285,0.7937710009599859,0.16858650695613586
8351,0,2,0,0.92320675,0.9271243400354875,0.9287111549888216,0.9125387238276877,0.0728756599645125
8352,5,5,1,0.9439883,0.9364092371381691,0.9379062080044815,0.9272918579604378,0.06359076286183085
8353,7,7,1,0.9947541,0.9513145405291683,0.9527038523845116,0.9935146230984011,0.04868545947083169
8354,4,4,1,0.99095833,0.9546611669753569,0.956195428687392,0.9842880702107497,0.045338833024643144
8355,9,9,1,0.9997514,0.9495244287723363,0.9509279188932629,0.9922783126682201,0.05047557122766366
8356,1,1,1,0.9999839,0.9614827569627027,0.962702274784275,0.9926970698276548,0.03851724303729731
8357,0,6,0,0.64447284,0.5549818728978988,0.5519961723677341,0.4413156906660203,0.4450181271021012
8358,0,0,1,0.99943656,0.96191273445036,0.9633887773830845,0.983629250618935,0.03808726554964004
8359,2,2,1,0.9612345,0.9455529685704993,0.9471993657972486,0.9241589835035792,0.05444703142950069
8360,7,7,1,0.97587454,0.9540587421651286,0.9556360458145957,0.9640680281350931,0.04594125783487135
8361,8,0,0,0.5491825,0.4060425519164187,0.39950155176047925,0.46421128463022926,0.5939574480835813
8362,3,7,0,0.6236195,0.6745582158772363,0.6725621229281107,0.701760338178528,0.3254417841227637
8363,2,5,0,0.50112766,0.26120224449382196,0.25308176117219994,0.34799087976396237,0.738797755506178
8364,7,0,0,0.53358793,0.4996365591466768,0.49462884614178315,0.562069979808219,0.5003634408533232
8365,6,6,1,0.9985524,0.9683643728067981,0.9695068836412001,0.9801191401047702,0.0316356271932019
8366,1,1,1,0.9994324,0.9745837372178219,0.9757412585726197,0.9853772202983987,0.025416262782178123
8367,6,6,1,0.95908445,0.9294496589433816,0.9311347864618004,0.9450905104971892,0.07055034105661839
8368,6,6,1,0.9966466,0.9623827835294074,0.9638477242715267,0.9917672023562899,0.037617216470592574
8369,4,4,1,0.9255449,0.9201893556845965,0.921876006509473,0.9113155841814866,0.07981064431540352
8370,4,6,0,0.9982273,0.9433005713488649,0.944813204236162,0.9911783739266117,0.056699428651135086
8371,2,2,1,0.99757594,0.9503718423162331,0.9517066193427676,0.9930713091365511,0.04962815768376694
8372,1,1,1,0.96019137,0.9252433273610128,0.9268529239022675,0.9184782979498384,0.07475667263898722
8373,8,8,1,0.99996567,0.9490561606978645,0.9504024322706734,0.9925246446805831,0.05094383930213553
8374,4,4,1,0.98183215,0.9488342299221382,0.9505005125967828,0.9672510890436213,0.05116577007786183
8375,4,4,1,0.98230594,0.9492950451513641,0.9509400627119192,0.9674844219002743,0.05070495484863591
8376,7,7,1,0.42569125,0.5710839772074217,0.5683622835261988,0.5635453037182296,0.42891602279257834
8377,8,8,1,0.99560624,0.9593838026284601,0.9609700162540044,0.9911419569405173,0.040616197371539875
8378,5,5,1,0.76208854,0.7947106409513915,0.7949102897851168,0.7369030070305763,0.20528935904860846
8379,8,8,1,0.99997854,0.953046682907288,0.9544410506876094,0.9920428272661471,0.046953317092712
8380,9,9,1,0.5961686,0.7626764746045654,0.7622126541079295,0.6737450124435305,0.23732352539543455
8381,4,4,1,0.93955237,0.9330777154912205,0.9349756795289552,0.9108949741375351,0.06692228450877946
8382,3,3,1,0.91436255,0.9312865629688456,0.9328489782559506,0.9098786333258266,0.0687134370311544
8383,2,2,1,0.99393564,0.9581260447451667,0.9597014227157309,0.9585745047177525,0.041873955254833284
8384,2,2,1,0.99180216,0.9656217795302504,0.9668463357020732,0.981873992459973,0.03437822046974959
8385,9,1,0,0.86630195,0.7946485154763689,0.7947003248197533,0.7182672087963791,0.20535148452363106
8386,3,3,1,0.54989636,0.754738288898276,0.7555209745580077,0.694330970842938,0.245261711101724
8387,0,0,1,0.99830675,0.9603611158619157,0.9618829783988121,0.9854058982122024,0.03963888413808425
8388,1,1,1,0.9770647,0.9450922882591619,0.9466457971493962,0.9679425331129538,0.05490771174083808
8389,1,1,1,0.99922895,0.9656279462550239,0.9670877480882722,0.9917558311343536,0.034372053744976094
8390,1,1,1,0.9999496,0.9556518357011587,0.9571104266750597,0.9928828063385005,0.04434816429884125
8391,1,1,1,0.9998548,0.967246954652546,0.9687046463546568,0.991930366201932,0.032753045347454046
8392,6,6,1,0.9882683,0.950294336424934,0.9517939449323655,0.9676443878890382,0.049705663575066006
8393,8,0,0,0.7720625,0.7626951692753308,0.7622949699349205,0.6398369961218138,0.23730483072466924
8394,7,7,1,0.85846084,0.8823605423411539,0.8837304028858805,0.8691805650816993,0.11763945765884609
8395,1,1,1,0.99951553,0.9635135403655586,0.9649400192591492,0.9906616387096373,0.036486459634441415
8396,3,5,0,0.4715741,0.6416412135092217,0.6407199631444037,0.6048221346559984,0.35835878649077835
8397,0,0,1,0.78991127,0.8355805608780159,0.8362746690886068,0.7997174916158051,0.1644194391219841
8398,4,4,1,0.63247824,0.5807994594234626,0.5772306949412846,0.5703309876626725,0.41920054057653744
8399,5,5,1,0.85072577,0.8417291691475134,0.8422115604830669,0.8112633790994273,0.1582708308524866
8400,0,0,1,0.99973184,0.9530706392713798,0.9545695988588127,0.9920919540180065,0.046929360728620195
8401,3,3,1,0.71158487,0.6497890694871563,0.6473906922716386,0.6654551430863128,0.3502109305128437
8402,0,0,1,0.99479115,0.9639924281178918,0.9654314986502095,0.9814151482531496,0.036007571882108236
8403,6,6,1,0.87259215,0.9028290812159632,0.9042800200740604,0.8487715812584647,0.09717091878403683
8404,2,2,1,0.84871435,0.7813390362094985,0.7815474176330252,0.701756497475015,0.21866096379050148
8405,0,0,1,0.9103601,0.8861167134256325,0.8873182314395922,0.8496334670669227,0.11388328657436753
8406,9,9,1,0.9970419,0.9413569785895064,0.9427984839630287,0.9925094628588025,0.0586430214104936
8407,8,8,1,0.9787441,0.9540692896793151,0.955527890796647,0.9698559840454238,0.04593071032068485
8408,6,6,1,0.91627455,0.9197152709655807,0.9213057575720559,0.8910370926181141,0.0802847290344193
8409,8,8,1,0.5122814,0.5817996784317361,0.5793634260137591,0.5980274175835977,0.4182003215682639
8410,5,3,0,0.62964356,0.7798432640143098,0.7811060276473435,0.6679294589757079,0.2201567359856902
8411,8,8,1,0.9975963,0.9573192207501965,0.9588271736113451,0.9894482330716268,0.04268077924980351
8412,2,6,0,0.5777389,0.19848949691747086,0.1913315278710436,0.41082023179280147,0.8015105030825291
8413,9,0,0,0.8941621,0.9195324551766937,0.920989509172341,0.8440849376454564,0.08046754482330631
8414,6,6,1,0.9996106,0.9520988576455844,0.9535976525032245,0.9899600195453284,0.04790114235441556
8415,0,0,1,0.99982774,0.9592021038679575,0.9606338415234922,0.9907929349649884,0.040797896132042544
8416,6,6,1,0.6901482,0.7230254857214062,0.7223119827789335,0.6683225621190735,0.27697451427859376
8417,1,1,1,0.9959858,0.9659454443986453,0.9671437610168018,0.9918541643652287,0.03405455560135473
8418,8,8,1,0.99996924,0.9519678955435827,0.9535217719309802,0.9904620460695897,0.04803210445641726
8419,7,0,0,0.5109454,0.49952346513392865,0.4960809137895958,0.5109915456821562,0.5004765348660714
8420,3,6,0,0.5461316,0.5236239658006199,0.5191080085975804,0.5245279763731101,0.4763760341993801
8421,2,2,1,0.9980375,0.9642499347614695,0.9657065028690175,0.9773392306308701,0.035750065238530526
8422,2,2,1,0.97209316,0.9448470857522248,0.9464819438760798,0.930189962974794,0.05515291424777524
8423,6,6,1,0.99776804,0.9518134842181386,0.953469949645197,0.9905074387382072,0.048186515781861394
8424,5,5,1,0.5278626,0.7952329263215777,0.7968567645448085,0.6582971183782127,0.20476707367842228
8425,6,2,0,0.9613548,0.9372316810438637,0.938869202505822,0.9081328551021057,0.06276831895613633
8426,9,9,1,0.9997336,0.9514582603422557,0.9528576765963536,0.9920798985611701,0.04854173965774433
8427,2,2,1,0.99935323,0.9611669649747488,0.962590829481013,0.9905485819699297,0.03883303502525115
8428,5,6,0,0.5733864,0.2960586807052812,0.2885184597947472,0.36614467977786797,0.7039413192947188
8429,4,2,0,0.5610286,0.7183959531194825,0.7187985711370313,0.5977785050117634,0.28160404688051754
8430,9,9,1,0.9936733,0.9588094036120556,0.9602085261203782,0.9849542335898606,0.04119059638794442
8431,8,8,1,0.9231679,0.8873731224915055,0.888828353724182,0.7885765993724244,0.11262687750849454
8432,5,5,1,0.8438942,0.90350745399579,0.9051717040040199,0.8676779519945645,0.09649254600420998
8433,3,3,1,0.6434261,0.7634443002677069,0.7641434932361784,0.7310981515867138,0.23655569973229307
8434,9,9,1,0.9293483,0.9292356464700307,0.9305644681221573,0.9038085123255216,0.07076435352996935
8435,3,3,1,0.88093156,0.8999574133802936,0.9011343599829419,0.8616320941504337,0.10004258661970644
8436,5,5,1,0.89168566,0.9057849105746246,0.9073869626013582,0.8485694120309266,0.09421508942537538
8437,7,4,0,0.6753341,0.6104208384130635,0.6072871507607166,0.6059460245924457,0.3895791615869365
8438,1,1,1,0.99859864,0.9555229742391621,0.9570674259182149,0.9870368502878435,0.044477025760837896
8439,8,8,1,0.8695418,0.9218955852740265,0.9234491309317386,0.8620817166574158,0.07810441472597351
8440,5,5,1,0.7681547,0.8760497309282973,0.8775307608869803,0.7960621023464263,0.1239502690717027
8441,8,8,1,0.9999896,0.9527449241490066,0.9541924728780917,0.9919670067781717,0.04725507585099342
8442,6,6,1,0.9930951,0.9600454246249127,0.9612861819653187,0.9806808479840076,0.03995457537508729
8443,2,2,1,0.67470086,0.6473876296176084,0.6443609861402674,0.5793965667155555,0.35261237038239157
8444,5,5,1,0.8424132,0.8190802560838801,0.8191955803969894,0.7897081186957293,0.18091974391611987
8445,1,1,1,0.9995881,0.9627183846227482,0.9643353631573094,0.9913062439418003,0.03728161537725183
8446,3,3,1,0.7113229,0.7646205802784745,0.7640166943241944,0.7800295500835951,0.23537941972152554
8447,0,0,1,0.89619863,0.9220259266803342,0.9236402601932101,0.8724095372853842,0.07797407331966577
8448,4,3,0,0.6545845,0.6896480139543539,0.687980573605787,0.714462804375488,0.31035198604564607
8449,1,1,1,0.92794716,0.90513951481645,0.9067463341705817,0.8475895204693547,0.09486048518354995
8450,9,3,0,0.3986179,0.2885389347121682,0.28112965886707275,0.4295915208508026,0.7114610652878318
8451,5,4,0,0.6450881,0.3522128059930612,0.3452257585870662,0.4610965232686101,0.6477871940069388
8452,4,4,1,0.97748363,0.9312781908896077,0.932881741819058,0.966581133306893,0.06872180911039227
8453,9,9,1,0.84182084,0.8827707862029591,0.8838856449791718,0.8380028411891536,0.11722921379704088
8454,2,2,1,0.9241527,0.9313364893161273,0.9328366721831013,0.898148196153823,0.06866351068387266
8455,1,1,1,0.9999683,0.964812005678916,0.966009006757517,0.9850446148528746,0.03518799432108399
8456,4,4,1,0.75419897,0.7725191215753313,0.7721017959417069,0.7269644002016998,0.2274808784246687
8457,2,4,0,0.5338927,0.7169253187732524,0.7164265400457456,0.6504003600180507,0.2830746812267476
8458,5,5,1,0.9884654,0.9593132337935557,0.9608888614221118,0.9716060763756016,0.04068676620644429
8459,9,9,1,0.99924576,0.9596016755327845,0.9609023993845578,0.9925328064213972,0.040398324467215474
8460,8,8,1,0.99928635,0.9573005538842132,0.9588488548722582,0.9903449800532822,0.0426994461157868
8461,7,2,0,0.670146,0.44328961801357636,0.43673298236854774,0.4555635402473376,0.5567103819864236
8462,2,2,1,0.60192734,0.615244283185471,0.6117996347280963,0.63824093425262,0.384755716814529
8463,1,1,1,0.9852702,0.9501394788907355,0.9517096307879674,0.9685305116231905,0.04986052110926453
8464,6,6,1,0.94855696,0.9534342575358037,0.9549679780677606,0.9253519157597772,0.046565742464196314
8465,9,1,0,0.87889427,0.9178015807050899,0.9193789007336047,0.8648954099643863,0.08219841929491012
8466,7,7,1,0.7439239,0.7596817813880677,0.760153725027239,0.6891876602138336,0.24031821861193225
8467,3,3,1,0.99584144,0.9433685324980235,0.9447701213593966,0.9881447522150738,0.05663146750197645
8468,6,6,1,0.9874614,0.9489922977704914,0.9506809597062988,0.9804167873795318,0.05100770222950857
8469,5,0,0,0.88503486,0.8774247920505946,0.8786913657216673,0.8229466010415705,0.12257520794940535
8470,8,8,1,0.4900902,0.3602911779666675,0.35315696915022077,0.4258471785454973,0.6397088220333325
8471,0,0,1,0.9914526,0.951836233297613,0.9534240165915806,0.9847893041387512,0.04816376670238698
8472,2,2,1,0.9999696,0.9416995425832617,0.9432081117023956,0.9915297668801262,0.05830045741673828
8473,2,0,0,0.943313,0.9230773872467493,0.924618272500449,0.9111559363165611,0.07692261275325074
8474,4,4,1,0.99759966,0.9458663512174862,0.9474611521591909,0.9811740447725924,0.05413364878251381
8475,9,9,1,0.88157105,0.8962246340335274,0.8974567023217298,0.843103215504738,0.10377536596647263
8476,0,4,0,0.6596405,0.4636218467675026,0.4579633742766788,0.5103341928134724,0.5363781532324974
8477,5,5,1,0.9941759,0.951417831104892,0.9531280181463464,0.986312317984645,0.048582168895108024
8478,5,5,1,0.888466,0.9120520618047809,0.9136741100283898,0.8725929530217076,0.08794793819521907
8479,4,4,1,0.9387437,0.9341912982048116,0.935820704249204,0.9310738247367024,0.06580870179518838
8480,2,2,1,0.6619777,0.5767063656085767,0.5733000627752755,0.6054908414971905,0.4232936343914233
8481,3,3,1,0.3116956,0.2739584959241494,0.26617832083980997,0.3024801703711285,0.7260415040758506
8482,1,1,1,0.9998901,0.9704839319828664,0.9716390736815472,0.9914901832557607,0.02951606801713358
8483,0,0,1,0.993299,0.9606190976839539,0.9621212992769235,0.9849229345002304,0.039380902316046074
8484,3,0,0,0.6246567,0.5030640760257962,0.49694515381763266,0.5999055266573196,0.49693592397420383
8485,0,0,1,0.9929617,0.9555661072217321,0.9569743224826572,0.9701003307160565,0.044433892778267925
8486,4,4,1,0.9721041,0.9443091230298671,0.946002762720052,0.9427488471899855,0.05569087697013286
8487,4,2,0,0.5402001,0.32526405126601804,0.3187054301685168,0.4489067090915263,0.6747359487339819
8488,9,1,0,0.31852955,0.11699666121660143,0.11033879254219695,0.24653522303060182,0.8830033387833985
8489,1,1,1,0.9985453,0.970462292270113,0.9717503428875712,0.9870276561788048,0.029537707729886953
8490,3,3,1,0.6847233,0.6934751310826706,0.6915060415279407,0.6863456691399779,0.30652486891732944
8491,3,8,0,0.50702417,0.7396070449826577,0.7397575987325744,0.6526865197596244,0.2603929550173423
8492,0,0,1,0.8750685,0.8896801546296444,0.8908251076046154,0.8444715705728391,0.11031984537035555
8493,2,2,1,0.4700668,0.5501106847939051,0.5477755379626907,0.4999492698783158,0.4498893152060949
8494,1,1,1,0.7147861,0.7348255012714664,0.7335183616728752,0.724198482335072,0.2651744987285336
8495,1,1,1,0.9991008,0.9599154066800157,0.9614209576854902,0.9923659975784693,0.04008459331998426
8496,0,0,1,0.9997596,0.9541892461808696,0.9556684415290824,0.985656582375593,0.045810753819130356
8497,4,4,1,0.8033309,0.8623579151961851,0.8636399717931308,0.7985256953961262,0.1376420848038149
8498,1,1,1,0.9995751,0.9680861610421365,0.9694972372921965,0.9857847056714096,0.03191383895786348
8499,9,9,1,0.9960729,0.9611034876422206,0.9625811641556165,0.9915781075370086,0.038896512357779356
8500,4,4,1,0.99818087,0.9575058472080691,0.9590105626087574,0.9893758344846241,0.04249415279193092
8501,8,8,1,0.99052984,0.9550938914896516,0.9565207632811753,0.983910988860956,0.044906108510348375
8502,1,1,1,0.9998759,0.9470923719121768,0.9485393270943073,0.9873784112569582,0.05290762808782323
8503,1,1,1,0.43221256,0.22736748249224775,0.21919297120063524,0.4592537893281669,0.7726325175077522
8504,1,1,1,0.7960673,0.7360185741382198,0.7345159115451363,0.6259437822378464,0.2639814258617802
8505,5,5,1,0.9447784,0.9386211357881313,0.9404387935326173,0.9225834052227887,0.06137886421186867
8506,9,9,1,0.9996891,0.9704380225362372,0.9715903800795431,0.9920335639590283,0.029561977463762767
8507,8,0,0,0.98203665,0.9481296644775771,0.9496162873558381,0.9691034024352515,0.05187033552242293
8508,1,1,1,0.9575948,0.9498886296176385,0.9513355172663175,0.9265442902427239,0.050111370382361464
8509,6,6,1,0.9857987,0.9540377019319785,0.9554564384004332,0.9703141167487475,0.045962298068021545
8510,7,7,1,0.9991161,0.9509182840480228,0.9523783501301863,0.9930838161172764,0.04908171595197719
8511,2,2,1,0.6141044,0.41097972337837546,0.4049437019954813,0.4455433924856127,0.5890202766216246
8512,9,9,1,0.9006431,0.9216650207186545,0.9230556700988967,0.8448428683603558,0.07833497928134547
8513,9,9,1,0.99462104,0.9654366866578963,0.9667058241482032,0.9918973481997976,0.03456331334210372
8514,7,2,0,0.39003822,0.12219443998341287,0.11537599586854515,0.3507817357267149,0.8778055600165872
8515,8,8,1,0.996445,0.9564245282994269,0.9580704880719194,0.9916008957783111,0.043575471700573076
8516,8,2,0,0.53054255,0.5561328809013037,0.553105556671511,0.5313063596775913,0.44386711909869625
8517,1,1,1,0.99776673,0.9587693497943655,0.9602815950401337,0.9922309192963279,0.041230650205634545
8518,9,9,1,0.55612135,0.45918251925457965,0.4521536178747046,0.592552826484718,0.5408174807454204
8519,7,7,1,0.8591155,0.878345387837004,0.8797245046490229,0.8628443820352081,0.121654612162996
8520,8,8,1,0.79107696,0.6874848441032937,0.6853494783057494,0.622485613371217,0.3125151558967063
8521,9,0,0,0.49953505,0.7187812011015752,0.7189315072881678,0.5608651365622587,0.2812187988984248
8522,1,1,1,1.0,0.9438868924884133,0.9449703338106678,0.9925245462727784,0.05611310751158671
8523,6,6,1,0.99555784,0.9636153211875446,0.9651864516284843,0.989858349143809,0.03638467881245544
8524,6,6,1,0.88818,0.8819067919446709,0.883369818121338,0.8418972692410529,0.11809320805532908
8525,3,3,1,0.7626195,0.852252902420196,0.8535065373224027,0.7909023626065859,0.14774709757980398
8526,3,3,1,0.47259545,0.5836634126337596,0.5810881199098535,0.5670286580953176,0.41633658736624035
8527,1,1,1,0.96912515,0.9286518932603212,0.9300648915668839,0.9326815963490916,0.07134810673967884
8528,3,3,1,0.9625097,0.9494220956643022,0.9508380237403896,0.9339878211416252,0.050577904335697754
8529,0,0,1,0.6227301,0.7369544885976371,0.7371237111134539,0.6606696780056336,0.2630455114023629
8530,8,8,1,0.9999157,0.9532087583274759,0.9547101956938511,0.9904584478904174,0.04679124167252413
8531,8,8,1,0.9979948,0.9653668947991857,0.9666653002099843,0.9821293421840113,0.03463310520081431
8532,3,3,1,0.61905485,0.6653952019566377,0.6635739713320341,0.6820010780863774,0.3346047980433623
8533,6,6,1,0.9880056,0.958461938486507,0.960093314192952,0.9805408373737964,0.04153806151349304
8534,6,6,1,0.9988105,0.9546170848113379,0.9562405503826881,0.9851980002390528,0.04538291518866211
8535,7,7,1,0.48881814,0.7914516295576228,0.7931324122527573,0.6565539111337932,0.20854837044237717
8536,1,0,0,0.95199484,0.8885792610558187,0.88917663260164,0.8910461015086792,0.11142073894418125
8537,0,0,1,0.98846394,0.968290993601735,0.9694750084299345,0.8597300318566472,0.031709006398265016
8538,7,3,0,0.5768116,0.5414747040215704,0.5380676911102842,0.5970468414302736,0.4585252959784296
8539,6,6,1,0.6798881,0.6243055129431546,0.6227966852561432,0.5641137759195839,0.3756944870568454
8540,4,4,1,0.95641947,0.9388174239779776,0.9405219029274275,0.943420655368106,0.06118257602202237
8541,8,8,1,0.79909843,0.7637742529523412,0.7631160052947907,0.6340534157767401,0.23622574704765875
8542,2,3,0,0.66121,0.6481896348693076,0.6462987298568543,0.6134431375644855,0.3518103651306924
8543,0,0,1,0.9988882,0.957191395228746,0.9586850731048737,0.9899930807221247,0.04280860477125403
8544,6,6,1,0.99950624,0.9509137756943854,0.9524811793942487,0.9903632548711373,0.0490862243056146
8545,6,3,0,0.7976764,0.8293488517151667,0.8298464631471298,0.7473096413332634,0.1706511482848333
8546,8,0,0,0.8967426,0.8386706029983166,0.8397328676265238,0.6908408874751699,0.16132939700168336
8547,6,6,1,0.99515885,0.9568639953843014,0.958130901122301,0.993663353044925,0.04313600461569855
8548,3,5,0,0.32108536,0.11526251671203983,0.10920326912129957,0.32011212755365315,0.8847374832879602
8549,1,1,1,0.6534741,0.5749708584608084,0.5705695582133574,0.37353816677326146,0.4250291415391916
8550,1,1,1,0.99579763,0.9570504688320032,0.9585041072369938,0.9925187177092871,0.042949531167996824
8551,8,8,1,0.9848742,0.9598356277589556,0.961373675559585,0.976629518300211,0.04016437224104441
8552,6,6,1,0.51148355,0.7750790186640901,0.7778467686260666,0.6587084019545631,0.22492098133590988
8553,7,2,0,0.34312984,0.4074748180879767,0.401367688069062,0.5743301389703138,0.5925251819120233
8554,0,0,1,0.9934136,0.9709463104189096,0.9721378746955631,0.9824818021728386,0.029053689581090447
8555,5,5,1,0.99866486,0.9486685515334425,0.9503643083862513,0.9883000605648927,0.05133144846655746
8556,4,4,1,0.9939663,0.9607783460052796,0.9623949722974875,0.9778498635831231,0.03922165399472044
8557,3,3,1,0.805353,0.8538088137391611,0.8548659965524176,0.7901889425898193,0.14619118626083893
8558,2,0,0,0.8014929,0.866169485178375,0.8675761270800382,0.7916297650475467,0.133830514821625
8559,1,8,0,0.47673485,0.6333634870405547,0.6322902406598012,0.4896689417586418,0.3666365129594453
8560,7,7,1,0.8295729,0.8686454884641133,0.8698123571600196,0.8562193353851291,0.13135451153588673
8561,8,8,1,0.9998441,0.9607118279161864,0.9621234252392462,0.9904852826467081,0.03928817208381363
8562,2,2,1,0.73436034,0.7709912252534222,0.770766830946353,0.7255135561544341,0.22900877474657777
8563,0,0,1,0.98367244,0.9467240624705193,0.9482946718159365,0.9740370391987113,0.05327593752948068
8564,1,1,1,0.6539171,0.8375100690676757,0.8388692705096389,0.697685515073522,0.16248993093232433
8565,7,7,1,0.99939764,0.9524694023416835,0.9538399570756706,0.9926136378724745,0.047530597658316465
8566,4,0,0,0.5458216,0.46314886012167394,0.4569296181191917,0.4744918698251759,0.536851139878326
8567,8,8,1,0.99562055,0.9641049064919827,0.9655401976444241,0.9908742416721142,0.03589509350801734
8568,7,7,1,0.99883074,0.9587746811122247,0.9601948431897896,0.9923836394271457,0.04122531888777525
8569,6,6,1,0.719348,0.8107907237221674,0.8114814250066268,0.774602455708894,0.18920927627783257
8570,6,6,1,0.9513074,0.938489429481448,0.940326416081198,0.9368338375338907,0.06151057051855202
8571,7,7,1,0.9519287,0.9426472116092881,0.9443868342742266,0.9403228854554818,0.057352788390711895
8572,0,0,1,0.99685526,0.9587864194552622,0.9603706467470251,0.9894080243075204,0.04121358054473778
8573,6,0,0,0.68417954,0.805240936787827,0.8057345402883764,0.6823318372104202,0.19475906321217296
8574,4,4,1,0.61991405,0.6317404470751338,0.628728269230223,0.5715755975087286,0.36825955292486623
8575,9,9,1,0.9998977,0.9616292502697578,0.9628902173392966,0.9925106199222539,0.03837074973024224
8576,2,0,0,0.95635986,0.9409786700945695,0.9425684133625208,0.917824610954958,0.05902132990543052
8577,3,6,0,0.8557592,0.7899740960155925,0.7895586906509195,0.6514807332914883,0.21002590398440746
8578,2,2,1,0.652616,0.565181193840988,0.5607877888456267,0.5712440978996696,0.43481880615901203
8579,1,1,1,0.99995315,0.9569135472038892,0.958473948374071,0.9897717615855557,0.043086452796110786
8580,3,3,1,0.42158017,0.3989515385272736,0.39187151460593317,0.42309721958912583,0.6010484614727264
8581,8,8,1,0.9485873,0.9341688671539317,0.9356295600653083,0.9358387057644577,0.06583113284606834
8582,6,6,1,0.9736447,0.9452989809882034,0.9469230528214561,0.947644303598467,0.05470101901179658
8583,8,8,1,0.99542075,0.953045311096181,0.9544652387872884,0.9924672085454469,0.04695468890381904
8584,1,1,1,0.99839526,0.9571477523315911,0.9584644204195469,0.9872483473689969,0.042852247668408894
8585,9,9,1,0.9966582,0.9615858871644823,0.9630652791554152,0.992209105921865,0.038414112835517655
8586,6,6,1,0.49283648,0.34802344329277274,0.3420546699699888,0.48557740973516156,0.6519765567072273
8587,7,7,1,0.9935883,0.9657116539021537,0.9670176544500597,0.9864067953740956,0.034288346097846256
8588,6,6,1,0.9982987,0.9556129310738548,0.9571681192730772,0.9916795074760801,0.04438706892614519
8589,5,5,1,0.8973422,0.852569552907607,0.8539695989790641,0.756855414775607,0.14743044709239295
8590,0,0,1,0.9212986,0.9225343090272924,0.9240428949146783,0.8804546296886911,0.07746569097270761
8591,6,6,1,0.9319377,0.9215558083026083,0.9230375254584388,0.9156654382531246,0.0784441916973917
8592,0,0,1,0.9418482,0.9345470914024568,0.9359175184422022,0.8933963773705409,0.06545290859754316
8593,1,1,1,0.9998499,0.9573839764048835,0.9588198318619303,0.992445789469864,0.042616023595116514
8594,3,3,1,0.9989889,0.9534423079628311,0.9546915806377104,0.9877096323772342,0.04655769203716886
8595,1,1,1,0.989769,0.9577524156258601,0.9596518897885833,0.9776537703283662,0.04224758437413989
8596,1,1,1,0.99429214,0.9583822700367646,0.9598042324748229,0.9864938186345608,0.04161772996323543
8597,5,5,1,0.96086335,0.9416003338435166,0.9432934163302356,0.9425029483045658,0.0583996661564834
8598,3,6,0,0.42583138,0.5078210121405549,0.5031191342722591,0.475713799964522,0.49217898785944514
8599,4,2,0,0.93657804,0.8347174041524887,0.8350041912055144,0.7453842580583381,0.16528259584751126
8600,3,3,1,0.4224788,0.5879653890937303,0.5864679126814201,0.572004306096324,0.4120346109062697
8601,3,3,1,0.6001876,0.6859370912702998,0.686115067837872,0.7288701933633928,0.3140629087297002
8602,8,0,0,0.53284615,0.38218156328863445,0.3754909662171319,0.34363883685404484,0.6178184367113655
8603,1,1,1,0.9987251,0.9677661622002006,0.9691285895714077,0.9449225436145112,0.03223383779979938
8604,6,6,1,0.7494044,0.7614522283709853,0.7605824863234943,0.7433375280327995,0.23854777162901475
8605,6,6,1,0.9979043,0.9522368849710705,0.9537104689299823,0.99256309183829,0.04776311502892949
8606,1,1,1,0.9568327,0.92201661101868,0.9234147659085399,0.90227409838293,0.07798338898131996
8607,8,8,1,0.9997892,0.9535731886526545,0.9552399874092382,0.9916410845718769,0.0464268113473455
8608,8,8,1,0.831198,0.9401361627825295,0.9427065510258066,0.8696105511716253,0.05986383721747046
8609,6,6,1,0.9996413,0.9590631391531668,0.9605870636128099,0.9920130164855727,0.040936860846833234
8610,2,2,1,0.85965383,0.8534169416960742,0.8541876601230791,0.8325987906168458,0.14658305830392582
8611,7,7,1,0.8321818,0.7859356509612982,0.7857531589969957,0.7359624060126722,0.21406434903870175
8612,4,4,1,0.9992417,0.9617188374849042,0.9632302809967426,0.9871553505875822,0.038281162515095835
8613,6,6,1,0.96030116,0.9282588617397094,0.9296963002137298,0.939670710093087,0.0717411382602906
8614,8,8,1,0.48159575,0.5668030705743383,0.5641067618438278,0.5399979376659333,0.4331969294256617
8615,9,9,1,0.9999443,0.9561517835264663,0.9576013798675344,0.9930758083971056,0.04384821647353365
8616,3,6,0,0.39923233,0.46980742157980765,0.4669455138419217,0.5185107601237889,0.5301925784201924
8617,3,5,0,0.6399071,0.42858447347140016,0.4223205201898075,0.5207952200946573,0.5714155265285998
8618,5,3,0,0.52605367,0.7278204562076505,0.7281982090194711,0.6143772458800651,0.27217954379234954
8619,5,7,0,0.3619925,0.17242627250704556,0.1653194682336741,0.32663632420897526,0.8275737274929544
8620,3,2,0,0.45834625,0.3874910981546397,0.38159804957308685,0.4228096575252035,0.6125089018453602
8621,1,1,1,0.9999951,0.9616461676595804,0.9628187901182103,0.9927227447287166,0.03835383234041956
8622,4,4,1,0.98212403,0.9436133724174663,0.9452214546776068,0.9689730672760392,0.056386627582533655
8623,1,1,1,0.999966,0.9582500562380354,0.9596137454622349,0.993700257250985,0.041749943761964614
8624,9,9,1,0.75780714,0.7858045406396119,0.7858822537505513,0.7384392700776589,0.21419545936038809
8625,5,5,1,0.9518736,0.9387205109676715,0.9404352004301673,0.9368169146480315,0.061279489032328494
8626,1,1,1,0.57532537,0.34114530346594674,0.3331438989992871,0.4528886705001653,0.6588546965340533
8627,7,7,1,0.99850816,0.9633663162679994,0.9647027238891477,0.9926492352432935,0.0366336837320006
8628,7,5,0,0.75300926,0.7915872054155519,0.7917615332077256,0.7744760042889025,0.20841279458444806
8629,7,7,1,0.44106397,0.20726618037201802,0.19960939511388973,0.35742407469371906,0.792733819627982
8630,5,5,1,0.8674052,0.9081863566802936,0.9096402765390892,0.8383931303675108,0.09181364331970643
8631,2,2,1,0.9774464,0.9485516713704355,0.9502724548879963,0.9597543221565679,0.0514483286295645
8632,3,8,0,0.5528577,0.6848918833429264,0.6842455292232278,0.6307436061760991,0.3151081166570736
8633,3,6,0,0.34888586,0.13261992101632908,0.12630174128243934,0.5321400349737359,0.867380078983671
8634,6,6,1,0.57382673,0.6501054602063652,0.6495679798456591,0.6142515916178181,0.34989453979363483
8635,6,6,1,0.9883046,0.9597042352926911,0.9612311739256066,0.981875127236618,0.04029576470730889
8636,6,6,1,0.78301775,0.7442636658450003,0.7438899001004271,0.6306114953102118,0.25573633415499974
8637,4,4,1,0.9639513,0.9320189602467257,0.9337185910279042,0.9202055290864282,0.0679810397532743
8638,0,0,1,0.9998715,0.9268639311312767,0.9282992743709306,0.9862104269005671,0.07313606886872326
8639,7,0,0,0.73301613,0.7975409735586335,0.7981793803465035,0.7190058818823865,0.20245902644136649
8640,1,1,1,0.9999136,0.9624954468622088,0.9638250366463125,0.993202068036688,0.03750455313779122
8641,7,4,0,0.44100884,0.5496014900341775,0.5472499583545891,0.5450229636578748,0.45039850996582254
8642,3,6,0,0.56819427,0.7057370862665033,0.705300939537797,0.660866997715967,0.29426291373349667
8643,0,0,1,0.99992573,0.9554355562065211,0.9569216061025413,0.9823858662880792,0.0445644437934789
8644,8,0,0,0.94486946,0.931952816562319,0.9333715541978955,0.8757041445372364,0.06804718343768101
8645,1,1,1,0.9553644,0.9089147096552102,0.9104010562273769,0.8235502548404896,0.09108529034478985
8646,2,2,1,0.58998793,0.6584651153598287,0.6566565374610926,0.667440652841922,0.34153488464017134
8647,4,4,1,0.9961964,0.9610688016778284,0.9626291269753569,0.9908723045208823,0.03893119832217162
8648,1,1,1,0.99999666,0.9320242362327061,0.9335577568851272,0.9914972658998731,0.06797576376729386
8649,2,2,1,0.9954035,0.9492183502085381,0.9506286707277483,0.9851345727027272,0.050781649791461936
8650,2,2,1,0.55148745,0.6559899193656845,0.6546829054575534,0.603685132756271,0.3440100806343155
8651,4,2,0,0.89632815,0.9061501013222865,0.9075393715311842,0.856144817764874,0.09384989867771354
8652,9,9,1,0.9999665,0.9482448060488118,0.9494992161441858,0.9926970698276548,0.051755193951188216
8653,8,8,1,0.9795156,0.9512647950115216,0.9527957715384676,0.9685214243081904,0.04873520498847839
8654,2,3,0,0.6232518,0.6033326413423731,0.6009247118665687,0.6673324663606395,0.3966673586576269
8655,8,8,1,0.9925938,0.9620764799123835,0.9634164510528508,0.9857616694503989,0.03792352008761646
8656,7,7,1,0.4903431,0.47478856502149086,0.4702364236358927,0.4525002835083901,0.5252114349785091
8657,6,3,0,0.5259658,0.48511640658892896,0.4820413476329827,0.4823329260496418,0.514883593411071
8658,3,3,1,0.79788905,0.8199258073955242,0.8209877072449182,0.7917448207620317,0.18007419260447577
8659,4,4,1,0.9637886,0.9378918670215299,0.9396281697443435,0.9230069829375719,0.062108132978470065
8660,7,7,1,0.5422018,0.7343568856575088,0.7345647466053479,0.609170670277045,0.2656431143424912
8661,2,0,0,0.5090345,0.42816320214876447,0.42244948757007655,0.4925832466738979,0.5718367978512355
8662,3,3,1,0.609725,0.6734333220905774,0.6720038375100514,0.7110212577239382,0.3265666779094226
8663,1,1,1,0.99879384,0.9606544089877798,0.9620609047506862,0.986872849543184,0.03934559101222024
8664,5,5,1,0.81317157,0.8804187641536215,0.8820054663651908,0.8454411874834018,0.11958123584637848
8665,3,3,1,0.98499554,0.9480339684723693,0.9495210535992757,0.9750794761534345,0.051966031527630685
8666,0,0,1,0.9598143,0.9504276390038149,0.9519116605716157,0.9235164280246184,0.049572360996185116
8667,4,2,0,0.8798921,0.9042479821654664,0.9057127388892457,0.8469905825960395,0.09575201783453358
8668,3,3,1,0.9851393,0.9566913628276623,0.9580710289978425,0.9726903414322348,0.04330863717233768
8669,4,4,1,0.790188,0.7921804294477122,0.7923621172081347,0.7701667289766376,0.20781957055228784
8670,9,9,1,0.9570035,0.9398246588116026,0.9414405169029884,0.9439680993264936,0.0601753411883974
8671,4,6,0,0.56693095,0.30840637254243364,0.30109967059101544,0.3477280507933379,0.6915936274575664
8672,7,4,0,0.6469548,0.5159653401370233,0.51166210350171,0.604014557663955,0.48403465986297667
8673,9,9,1,0.98418933,0.9576437965109708,0.9590523382294663,0.9747110506348128,0.04235620348902924
8674,1,1,1,0.9975248,0.9620417927515275,0.9635796547906501,0.9896256209668485,0.03795820724847254
8675,7,7,1,0.8721646,0.8957717015354844,0.8969715263524971,0.8317237716136369,0.10422829846451565
8676,8,0,0,0.8948211,0.9073669006477108,0.9089918798065757,0.8544013138959089,0.09263309935228925
8677,3,3,1,0.73249084,0.8591665720495293,0.8606438306900839,0.7727466522298755,0.1408334279504707
8678,1,1,1,0.99966013,0.9561458507962245,0.957800976021051,0.9920157325055654,0.043854149203775505
8679,8,8,1,0.6065991,0.7128548894423148,0.7117785091064486,0.5988263332160773,0.2871451105576852
8680,3,3,1,0.5988335,0.6964076606782682,0.6954205472006608,0.5801859864664666,0.3035923393217318
8681,2,2,1,0.75464344,0.6207360257197919,0.6170017304265114,0.5581011369674185,0.3792639742802081
8682,5,5,1,0.7527397,0.854345323042258,0.8551298816588299,0.7575239788864662,0.14565467695774204
8683,7,7,1,0.9718803,0.9440986729549298,0.9455165386164501,0.9461594532258392,0.055901327045070226
8684,2,2,1,0.99110025,0.9545069825798013,0.9567526321514687,0.8861004252669763,0.045493017420198734
8685,7,7,1,0.7032661,0.8035562145045567,0.80441092950079,0.7688087882583128,0.19644378549544328
8686,9,9,1,0.9925358,0.9636110293039621,0.9650010147376037,0.9870644906993751,0.03638897069603786
8687,6,6,1,0.90411055,0.8079735225486573,0.807584067962224,0.7579282072027685,0.19202647745134271
8688,8,8,1,0.9973055,0.9543008241282024,0.9559045128545,0.990610142630088,0.045699175871797615
8689,6,6,1,0.9013275,0.9060265436815502,0.9073758722111779,0.8293014515498369,0.09397345631844978
8690,8,0,0,0.7745326,0.8485518665178212,0.8494773907488904,0.7683958253577123,0.15144813348217878
8691,6,6,1,0.65416425,0.3109329888880511,0.3028239550068406,0.4759630873495939,0.6890670111119489
8692,5,2,0,0.45398113,0.5146503216765018,0.5108996091522812,0.5179661076473164,0.4853496783234982
8693,9,9,1,0.99975806,0.9691559957271787,0.9703879885981992,0.9926820903655547,0.0308440042728213
8694,0,0,1,0.99855286,0.926417684474767,0.928052312554643,0.9806896750694072,0.07358231552523298
8695,4,4,1,0.9978452,0.9447397588797177,0.9463875946689265,0.9906866475713375,0.05526024112028227
8696,8,8,1,0.9511956,0.9252820170568825,0.9267287451616182,0.9281056533680422,0.07471798294311749
8697,5,5,1,0.9949091,0.952865814724517,0.9547918618328787,0.9906019141056361,0.047134185275482965
8698,6,6,1,0.61559576,0.7963823341165377,0.797352970407309,0.6518892774059739,0.2036176658834623
8699,4,5,0,0.64583266,0.5770576566131529,0.5746257818285739,0.5778255927452909,0.4229423433868471
8700,3,3,1,0.5872323,0.6806923720158209,0.6797416962593106,0.7295613306246226,0.3193076279841791
8701,8,8,1,0.99974495,0.9652646528805953,0.966601507693116,0.9924811541268075,0.034735347119404736
8702,0,0,1,0.99653035,0.9547576847459146,0.9562453173094705,0.9911160317580615,0.0452423152540854
8703,4,4,1,0.49025786,0.7732686010652803,0.77424243571698,0.6828794059212254,0.22673139893471972
8704,8,8,1,0.9990056,0.9527382437828334,0.9542727363840158,0.9923264365062079,0.04726175621716655
8705,6,6,1,0.94817364,0.9372772205518874,0.9387751338550449,0.9319325792387887,0.06272277944811255
8706,7,7,1,0.6953406,0.7689020225651337,0.7690813118094552,0.7578939601466574,0.23109797743486626
8707,2,2,1,0.82303625,0.82665385028814,0.8278277921994679,0.7242401949238518,0.17334614971186002
8708,7,3,0,0.28684086,0.1816786657745945,0.17458256908159828,0.369022885114775,0.8183213342254055
8709,1,1,1,0.96708685,0.9440590059712861,0.9453964910740488,0.9445056019878697,0.055940994028713886
8710,7,7,1,0.8608562,0.9011956041853078,0.902683637839919,0.8604223782894586,0.09880439581469225
8711,4,4,1,0.99425715,0.945322169474722,0.9468811075350445,0.9896510122494847,0.05467783052527797
8712,1,1,1,0.99999905,0.9460841520050509,0.9474837853847008,0.9927599754536679,0.053915847994949084
8713,2,2,1,0.8151093,0.8142399481277588,0.8147448743750975,0.8432311312217855,0.1857600518722412
8714,4,4,1,0.97542477,0.9405567445159958,0.9421552529099585,0.9590698564532718,0.0594432554840042
8715,2,2,1,0.9987173,0.9589999959028968,0.9603191332130375,0.9926468567964202,0.04100000409710325
8716,2,2,1,0.8789964,0.8724206615972344,0.8735798233058436,0.8540586304212491,0.12757933840276559
8717,8,8,1,0.9988393,0.9514761900949171,0.9531299275189874,0.9898274389459973,0.04852380990508287
8718,7,7,1,0.99661547,0.9639339840978476,0.9654279353836049,0.9869230765251327,0.036066015902152415
8719,2,2,1,0.9215976,0.9225924865022392,0.9241314176088827,0.9149095179511613,0.07740751349776076
8720,2,0,0,0.99277157,0.9501250428975936,0.9516301232659696,0.9660506899062316,0.049874957102406414
8721,6,6,1,0.8212141,0.8635934212325678,0.8648177462006933,0.8483780199973701,0.13640657876743223
8722,7,3,0,0.5517154,0.40114405034913714,0.39383589103786676,0.4971437325742459,0.5988559496508629
8723,5,4,0,0.46535018,0.5272610508972211,0.5241365585737207,0.5328296182361136,0.4727389491027789
8724,6,6,1,0.9666699,0.9483161460574447,0.9497467685158753,0.944268962014753,0.05168385394255526
8725,8,8,1,0.99982446,0.9583225876115511,0.95980031006753,0.9910200900197362,0.04167741238844891
8726,9,9,1,0.9163385,0.9191632654613953,0.9204803622321232,0.8779470576353967,0.08083673453860474
8727,9,0,0,0.8776002,0.8801970408802342,0.8813961987806882,0.8191049445930073,0.1198029591197658
8728,6,2,0,0.5343721,0.46440023645954936,0.4596231805083841,0.4735061430384237,0.5355997635404506
8729,5,5,1,0.40561923,0.528345455781914,0.5262058425957151,0.4617877184520821,0.47165454421808595
8730,2,2,1,0.9841415,0.9504782446299019,0.9521164466692824,0.9631890003850683,0.049521755370098064
8731,9,9,1,0.5988337,0.5862927737779119,0.5832844461434985,0.35194724864486154,0.4137072262220881
8732,8,8,1,0.94776917,0.9333543090035985,0.934986095002626,0.9392807409217291,0.0666456909964015
8733,7,2,0,0.88218784,0.7923690197488706,0.7921550343484278,0.7114967680721513,0.20763098025112936
8734,2,2,1,0.61839986,0.6797048700130924,0.6780208484772431,0.666979501822829,0.32029512998690757
8735,3,2,0,0.8817089,0.810768208715596,0.8109445764653396,0.7397139408785108,0.18923179128440404
8736,3,3,1,0.96787226,0.9478154827011472,0.949258158894115,0.9334704110361295,0.05218451729885276
8737,7,7,1,0.7001608,0.7609596186288081,0.7607337790605967,0.7572799163538287,0.23904038137119188
8738,4,4,1,0.938957,0.9325986983997886,0.9343226586194399,0.9199076031573737,0.0674013016002114
8739,3,3,1,0.9769231,0.9530661757774226,0.9543977432763594,0.9684828649880385,0.046933824222577414
8740,2,2,1,0.6608686,0.7720737411963511,0.772872517180928,0.7022960793200044,0.22792625880364892
8741,1,1,1,0.99020445,0.965165212634474,0.9664182811868884,0.9859596833974578,0.03483478736552603
8742,9,0,0,0.52603996,0.4590657908133367,0.45230124537953376,0.5732478895209551,0.5409342091866634
8743,0,8,0,0.34950897,0.05549301256239677,0.05104035615633043,0.2643459649311548,0.9445069874376032
8744,1,1,1,0.9847831,0.9561888816229557,0.957653913436099,0.9646090222723745,0.04381111837704432
8745,5,5,1,0.9715309,0.9451561067091973,0.9468837971635261,0.9578975781528051,0.05484389329080275
8746,3,3,1,0.68884355,0.7434281972045753,0.7431738995492942,0.708533640838585,0.2565718027954247
8747,2,2,1,0.9996618,0.9552618129021985,0.9566556264798481,0.9859971932979866,0.04473818709780153
8748,6,6,1,0.9693375,0.9459201975330656,0.9476330973549756,0.9472387605827399,0.054079802466934446
8749,5,5,1,0.5233763,0.39655917181909633,0.3909933333655719,0.47649892505201463,0.6034408281809036
8750,9,9,1,0.99970907,0.9649416191510595,0.9664853560247367,0.991574789932232,0.03505838084894053
8751,1,1,1,0.48593682,0.2613024277982223,0.25277396195945345,0.44109001059464836,0.7386975722017777
8752,5,3,0,0.5802349,0.631999938714605,0.6298114520138125,0.6011021139120082,0.368000061285395
8753,4,2,0,0.29370162,0.3475206379017314,0.34188016845281693,0.3588383971681521,0.6524793620982686
8754,3,3,1,0.99845827,0.9474304312463271,0.9492579139609627,0.9863380512013655,0.05256956875367291
8755,6,6,1,0.9963742,0.9623452175005843,0.9639771146480104,0.9906038079378822,0.03765478249941567
8756,2,2,1,0.7036422,0.7937918529262461,0.7940538512851701,0.7109664952824106,0.2062081470737539
8757,8,6,0,0.42423135,0.3883065829175753,0.3826016618126892,0.4364093841230053,0.6116934170824246
8758,9,9,1,0.9913812,0.9599391198492355,0.9614460156131722,0.9851260383693705,0.04006088015076448
8759,7,7,1,0.4232589,0.517887343357087,0.5139059491521802,0.46937579161661247,0.48211265664291303
8760,8,8,1,0.9970571,0.963371015404881,0.9649392084095917,0.9915787210235685,0.036628984595118985
8761,0,0,1,0.99685884,0.9531974285808074,0.9548215373605702,0.9870267447258437,0.04680257141919264
8762,8,8,1,0.997502,0.9609819506929778,0.9624535040673217,0.9905444775279915,0.03901804930702224
8763,9,9,1,0.99786854,0.9399558753919772,0.9412539377489467,0.9936561860388083,0.060044124608022775
8764,1,1,1,0.992489,0.9581022215366257,0.9596916673329796,0.9854024485433862,0.04189777846337428
8765,2,2,1,0.9964066,0.9583849468432997,0.959883118574446,0.9918290972096884,0.04161505315670033
8766,5,5,1,0.99575907,0.9408936774610115,0.9423790819185242,0.991349145481744,0.05910632253898851
8767,7,7,1,0.57049894,0.43029657138316624,0.42427857669211944,0.48563788247368683,0.5697034286168338
8768,2,2,1,0.78689903,0.791104444058415,0.7913744212456844,0.6651568431363367,0.20889555594158504
8769,0,0,1,0.99973994,0.9482076677900828,0.9497575916355694,0.9846914052727643,0.05179233220991719
8770,6,3,0,0.5692611,0.5378273809945538,0.5329145370124844,0.43477767894832475,0.46217261900544615
8771,6,4,0,0.49390668,0.3629613292785018,0.35686823319455285,0.31922568556267616,0.6370386707214982
8772,1,1,1,0.9998671,0.9590736490450988,0.9606429249680211,0.9894950947403511,0.04092635095490116
8773,6,2,0,0.99558854,0.9538883602861054,0.955344890808525,0.9866126814933861,0.04611163971389465
8774,3,3,1,0.66371405,0.2534303287766038,0.2456057674778469,0.43794214795023956,0.7465696712233962
8775,1,0,0,0.35945445,0.28831537475156066,0.28115009301460203,0.422506528900492,0.7116846252484393
8776,5,2,0,0.51912266,0.3582021908000376,0.3521241637605057,0.5414523333204271,0.6417978091999623
8777,0,0,1,0.9960413,0.9568945519952663,0.9584172356424576,0.9898721805138695,0.043105448004733704
8778,3,0,0,0.82258546,0.8453580557037605,0.8464212205724659,0.8137213764878217,0.15464194429623945
8779,7,5,0,0.8921534,0.8952656977822929,0.8966226418140432,0.8519217041511756,0.10473430221770708
8780,4,4,1,0.73878646,0.7855285562926255,0.7859493919245785,0.568123874617013,0.21447144370737448
8781,6,6,1,0.97379637,0.9472049411675976,0.9488641386593243,0.9503797276699902,0.05279505883240243
8782,5,2,0,0.77941066,0.709558197959497,0.7082617374083995,0.5537857526298933,0.29044180204050296
8783,6,2,0,0.51897603,0.3264635510356026,0.31936314560624307,0.341487932736201,0.6735364489643973
8784,4,4,1,0.99007404,0.9537655887616463,0.9553692603875042,0.9840241795819576,0.0462344112383537
8785,8,0,0,0.9506614,0.9323923393257946,0.9338911247715741,0.9325295698972993,0.06760766067420543
8786,3,4,0,0.5174305,0.6559371642524121,0.6565618754190269,0.5909321221597996,0.3440628357475879
8787,4,4,1,0.91443694,0.917967779703971,0.9192794699720652,0.8930372527564191,0.08203222029602897
8788,5,5,1,0.76370573,0.869329193645018,0.8706249434014018,0.8101288809778764,0.13067080635498196
8789,5,5,1,0.9957944,0.9565210805318347,0.9580851479796572,0.9922865332534491,0.04347891946816529
8790,0,0,1,0.9614454,0.9478048109651072,0.949375156212665,0.9473282905413387,0.05219518903489284
8791,6,6,1,0.7874997,0.8570596795342874,0.8585019688097387,0.7787397726039699,0.1429403204657126
8792,6,6,1,0.9108784,0.9098891696423032,0.9113882512728853,0.887880162459932,0.09011083035769685
8793,7,7,1,0.936166,0.9530151975177216,0.9545488603019455,0.9097116339820623,0.04698480248227843
8794,5,3,0,0.7410017,0.8114994609722451,0.8126439247168287,0.7659400219887261,0.18850053902775488
8795,0,0,1,0.9958288,0.9535631093447563,0.9550873484803878,0.9894396873413415,0.0464368906552437
8796,9,9,1,0.999153,0.9577790203317506,0.959317688284836,0.9910993471116686,0.04222097966824945
8797,9,9,1,0.9950022,0.9667816880767885,0.968044781568329,0.9926777578172995,0.03321831192321145
8798,6,6,1,0.9910154,0.9602764327150801,0.961948919605983,0.9796367076229936,0.03972356728491988
8799,1,1,1,0.9608636,0.9454268825658018,0.9469697602598108,0.9423278283187035,0.05457311743419824
8800,0,0,1,0.98439527,0.947406024876762,0.9488113197790146,0.9752526457398409,0.052593975123238046
8801,4,5,0,0.307369,0.145037882380815,0.13842445757468946,0.2873209432674827,0.8549621176191851
8802,6,6,1,0.99993837,0.9526639866460966,0.9541011174382626,0.993764340750143,0.04733601335390336
8803,3,5,0,0.45508474,0.47251198757800755,0.4678172013814004,0.4508716515120906,0.5274880124219925
8804,6,2,0,0.7529134,0.8491697684679,0.850488131844252,0.7902432000340898,0.15083023153209996
8805,9,9,1,0.9980932,0.966214264417939,0.9675569846140258,0.9917026747316171,0.033785735582060994
8806,3,2,0,0.8688321,0.8792196358614607,0.8804393121088202,0.8666463705655651,0.12078036413853932
8807,6,6,1,0.99945873,0.9519588203866277,0.9535833969675491,0.989010952475261,0.04804117961337229
8808,6,6,1,0.79316425,0.8612196633477953,0.8621136100967028,0.7948397663125385,0.13878033665220468
8809,8,2,0,0.440469,0.5897576508463886,0.5884812071900575,0.5731978763299828,0.41024234915361135
8810,2,2,1,0.92957556,0.9343686240353494,0.9360921292299805,0.9182012564773686,0.06563137596465063
8811,1,1,1,0.27120593,0.09656428128849154,0.08978199002461233,0.4153000833094078,0.9034357187115085
8812,0,0,1,0.9985299,0.9416226150285085,0.9429788637008831,0.985231073041509,0.058377384971491475
8813,1,1,1,0.9994684,0.9626972521675793,0.9640104193606642,0.9927056198048687,0.03730274783242071
8814,9,9,1,0.99349546,0.9476095907392482,0.9489683897679068,0.987603441692461,0.05239040926075178
8815,3,1,0,0.60288405,0.5949614992838181,0.5907023127770126,0.6485954413230145,0.40503850071618186
8816,7,4,0,0.2888407,0.20690268292008468,0.20062388109106996,0.32881041772682434,0.7930973170799154
8817,4,2,0,0.7275068,0.676409906531036,0.6749388604551324,0.6453365752017589,0.32359009346896395
8818,3,5,0,0.44969958,0.24861827166786785,0.24140860131161568,0.4177890191965404,0.7513817283321321
8819,0,0,1,0.9998423,0.9586219080314736,0.9599618672166984,0.9829878732416885,0.041378091968526376
8820,2,0,0,0.6466839,0.7713952774097876,0.7728833160660009,0.6239040766785731,0.22860472259021236
8821,7,7,1,0.682408,0.7572566125784805,0.7570400262942433,0.6751695026048203,0.24274338742151946
8822,6,6,1,0.9726502,0.9492865497862109,0.9509537535097645,0.9526467648941562,0.050713450213789146
8823,4,4,1,0.97564566,0.9379576917289499,0.9394391316828771,0.9586191331611341,0.06204230827105006
8824,3,3,1,0.33622536,0.30476284077732274,0.2981249000471512,0.42137114175725165,0.6952371592226773
8825,0,0,1,0.5805503,0.7166912588785284,0.7166058935510881,0.5861185314181757,0.28330874112147164
8826,8,8,1,0.9997861,0.9547891203716459,0.956331436210721,0.9908362853784857,0.04521087962835413
8827,2,2,1,0.9218448,0.9120875551878479,0.9135728842495994,0.8858674599787685,0.0879124448121521
8828,0,0,1,0.74479735,0.7466302442322195,0.7456983093748165,0.6898452953847475,0.25336975576778054
8829,0,0,1,0.99972826,0.9572435162332613,0.9586549608459026,0.9908142768469123,0.042756483766738684
8830,9,9,1,0.9999701,0.951358884852589,0.9528470320505985,0.9926685428437463,0.048641115147410985
8831,6,6,1,0.9687316,0.9374371156584942,0.9391960134375681,0.9378049724801345,0.06256288434150581
8832,6,6,1,0.7751441,0.8132323392880947,0.8135869437812606,0.7543569466063567,0.18676766071190531
8833,6,6,1,0.9982394,0.9595500127103522,0.9610525049005997,0.9918886013787988,0.04044998728964777
8834,8,8,1,0.9969542,0.9577512664437966,0.9592679909720156,0.9889456361696388,0.0422487335562034
8835,7,3,0,0.28978655,0.24925614347142985,0.24243904127297508,0.4457525854795886,0.7507438565285701
8836,4,4,1,0.6359485,0.8415641153631602,0.8434950030753734,0.7554134573037209,0.15843588463683977
8837,1,1,1,0.9996482,0.975443813682914,0.9765094025368413,0.8989105920203215,0.024556186317086004
8838,8,8,1,0.93894964,0.8711382619133199,0.872552019217983,0.8205561220978532,0.1288617380866801
8839,1,1,1,0.9999963,0.9550303926514898,0.9562584003201333,0.993762757250985,0.04496960734851019
8840,2,2,1,0.7896878,0.8106069439006383,0.8108110453492542,0.7537032430060581,0.18939305609936175
8841,2,2,1,0.7371662,0.8449500058852963,0.8460987368494268,0.7575310996086634,0.15504999411470366
8842,4,4,1,0.43161932,0.38040634301707843,0.3747169643097317,0.4276218323537924,0.6195936569829216
8843,8,8,1,0.98685735,0.9507434714324573,0.952132032179998,0.9808895032410513,0.0492565285675427
8844,5,5,1,0.8025624,0.8705406330083114,0.8716207760272028,0.7940995084247282,0.12945936699168858
8845,2,2,1,0.9990767,0.9515297955466421,0.9529976840668501,0.9851955002223547,0.048470204453357923
8846,6,6,1,0.9993368,0.9573257974190101,0.9589303651339507,0.9897685322403511,0.04267420258098986
8847,5,5,1,0.7939707,0.7834191702182569,0.7825657036977648,0.7442991144337128,0.2165808297817431
8848,3,5,0,0.5475627,0.5082675130184026,0.5042292038839856,0.48582605082832897,0.49173248698159744
8849,9,9,1,0.99796593,0.9573757670841927,0.9587780340830915,0.9915895815592868,0.0426242329158073
8850,1,1,1,0.7546652,0.74869496732903,0.7472098110698802,0.6928685503868376,0.25130503267097004
8851,0,0,1,0.99875975,0.9624597887456309,0.9637714401098924,0.990548630044401,0.03754021125436913
8852,7,7,1,0.9974591,0.9521099177486281,0.9535419027398837,0.9864610890512522,0.047890082251371924
8853,2,2,1,0.9851757,0.9446695023954295,0.9461615652018501,0.9633571481187674,0.05533049760457054
8854,4,2,0,0.43280047,0.3805545833577507,0.3751677564764412,0.5002419269968944,0.6194454166422493
8855,4,4,1,0.6327371,0.5310318814478452,0.526823711562952,0.5494937079616711,0.4689681185521548
8856,0,0,1,0.9963181,0.88583705256085,0.887237384443198,0.9574231912583757,0.11416294743915001
8857,0,0,1,0.9618141,0.9410762276014483,0.942605000252749,0.9236783726474356,0.05892377239855173
8858,6,6,1,0.7746883,0.8367521435175611,0.8381592864750878,0.7484663815491449,0.1632478564824389
8859,2,2,1,0.9996699,0.9371368926376522,0.9386212773465334,0.987011124945188,0.06286310736234779
8860,2,2,1,0.9279038,0.9090506008042315,0.9102844230257465,0.911723324461859,0.0909493991957685
8861,4,3,0,0.44256935,0.5103738180083801,0.507214363507626,0.5671801951153878,0.4896261819916199
8862,0,0,1,0.9683518,0.9364734595904615,0.9380040782790943,0.9161234227381422,0.06352654040953853
8863,5,5,1,0.55958086,0.26011610878556024,0.2531567395416181,0.4667426437752427,0.7398838912144398
8864,9,9,1,0.9996704,0.96447429297674,0.9657795243620683,0.9931366966550934,0.03552570702325997
8865,7,7,1,0.6281818,0.3611038629129938,0.3540005873987016,0.35429968480621327,0.6388961370870062
8866,1,1,1,0.98295283,0.9543813423586947,0.95576615068525,0.9664370551672146,0.04561865764130535
8867,8,8,1,0.99992037,0.9559431241511958,0.9574945735986828,0.9903610301215175,0.044056875848804244
8868,4,4,1,0.9549992,0.9470317580309515,0.9485287103465414,0.9289343246103512,0.05296824196904848
8869,5,5,1,0.5362675,0.49334851332289836,0.4890841192529778,0.5338313742689251,0.5066514866771017
8870,5,5,1,0.5614353,0.553232256920328,0.5494117779251996,0.5920523982412944,0.44676774307967204
8871,9,9,1,0.9787582,0.9527851587734293,0.9543617540919779,0.9664113268279249,0.047214841226570714
8872,8,0,0,0.7374943,0.832270636220352,0.833252023295076,0.7570156487876892,0.16772936377964798
8873,5,5,1,0.9404016,0.9300998795785071,0.9317642815796567,0.9326369229113085,0.06990012042149285
8874,7,2,0,0.38296777,0.44110576830883474,0.43640552998161525,0.5523339487173997,0.5588942316911653
8875,8,8,1,0.9999486,0.9643998820716572,0.9657284270441872,0.9877987478368905,0.035600117928342834
8876,0,0,1,0.99879754,0.9470880223999814,0.9484155047495749,0.9873353930683381,0.052911977600018645
8877,9,1,0,0.99145085,0.9610737041193559,0.9624455505787841,0.9825612848625249,0.03892629588064411
8878,8,8,1,0.9339073,0.8996900821162317,0.9007978689329302,0.8907207976582192,0.10030991788376831
8879,9,9,1,0.99164164,0.9487511398630378,0.9501929292845419,0.9861028663424929,0.05124886013696217
8880,1,1,1,0.9999962,0.9409943275587478,0.9424307959292465,0.9928533945737945,0.05900567244125221
8881,6,6,1,0.9929638,0.962405792652841,0.9636430840832241,0.9798588449882584,0.037594207347159014
8882,3,3,1,0.8011439,0.7339053468742344,0.7325574568622127,0.6307109846408178,0.26609465312576563
8883,8,8,1,0.9338958,0.9208524705146898,0.9225408890229104,0.9055512076402898,0.07914752948531023
8884,0,0,1,0.94459265,0.9201474435257679,0.9213858474385893,0.8865710601576825,0.07985255647423206
8885,3,3,1,0.7930993,0.8901956924137385,0.8916656407693762,0.8150352908044696,0.10980430758626147
8886,4,5,0,0.34981713,0.13575217873123055,0.1292635269147356,0.34987403604441697,0.8642478212687694
8887,4,4,1,0.8691779,0.9008162699393832,0.9022830575275953,0.8532771899608116,0.09918373006061676
8888,8,8,1,0.9997949,0.956438573166615,0.9579481844450936,0.9903930765088228,0.04356142683338504
8889,4,4,1,0.99145776,0.9562705308741016,0.9578953907881036,0.9844783846826615,0.04372946912589837
8890,8,8,1,0.99998474,0.9496784429810358,0.9512331092351827,0.9913201573036168,0.050321557018964236
8891,9,9,1,0.99547344,0.9587366792705214,0.9602011932411783,0.9921021033255621,0.04126332072947858
8892,8,8,1,0.9818184,0.952195125560392,0.9535338279836796,0.9717417186322076,0.047804874439608014
8893,6,6,1,0.99708146,0.9450989939504764,0.9464950631563966,0.9910114780594875,0.05490100604952364
8894,0,0,1,0.9935621,0.9676848375222769,0.968928875310638,0.9856775266040431,0.03231516247772315
8895,0,0,1,0.9915514,0.9590037063066807,0.9602804266754384,0.9802473583425627,0.04099629369331925
8896,8,8,1,0.85328305,0.7719746710915659,0.7714923283467943,0.7039083776420285,0.22802532890843408
8897,2,2,1,0.9997749,0.9529313289575038,0.9543833628318641,0.9912465960442627,0.047068671042496235
8898,7,0,0,0.8819149,0.9091819076482878,0.9106658319742911,0.8378714631230548,0.09081809235171223
8899,4,4,1,0.9900227,0.9500255925816242,0.9516156747543254,0.9821868621958078,0.04997440741837578
8900,2,2,1,0.97447044,0.9485201973253352,0.9500847170785462,0.9506436497353906,0.05147980267466479
8901,5,7,0,0.36088338,0.3314564196748631,0.3256841582588344,0.3631578299807536,0.6685435803251369
8902,6,6,1,0.9959507,0.9578108228886583,0.9593090322499493,0.9842692002530725,0.042189177111341736
8903,0,0,1,0.9615429,0.8845324925823592,0.8852221760486528,0.8339943106590116,0.11546750741764078
8904,5,5,1,0.96276236,0.9414656158416281,0.9430800162373564,0.9426459591339282,0.058534384158371866
8905,8,8,1,0.9999733,0.9577914837632238,0.9594097838646414,0.9913125441445232,0.04220851623677624
8906,4,4,1,0.92724115,0.9314138150700162,0.93289989968767,0.9104718896699774,0.0685861849299838
8907,1,1,1,0.9957201,0.9549104734234325,0.9563753664051695,0.9924325275520887,0.04508952657656751
8908,9,9,1,0.99807775,0.9673265469482629,0.968762412911078,0.991930366201932,0.03267345305173708
8909,0,0,1,0.9993131,0.9571425034307103,0.9586464966263079,0.9860332187281945,0.04285749656928972
8910,1,1,1,0.9985055,0.952384789709412,0.954060997437427,0.9745326979277265,0.04761521029058802
8911,4,4,1,0.8511575,0.8962234893296548,0.8977527758947771,0.8513780828933324,0.10377651067034521
8912,4,4,1,0.8855504,0.8773532974822397,0.8785229191004122,0.8534469474564716,0.12264670251776033
8913,8,0,0,0.5801552,0.6580983941944947,0.6564104482956908,0.5301616306867666,0.3419016058055053
8914,4,4,1,0.99534816,0.9435669029572837,0.9450599205948437,0.9910287604772384,0.05643309704271626
8915,9,9,1,0.9532363,0.9393034854417079,0.9406904156809054,0.9382914009222313,0.06069651455829206
8916,6,6,1,0.96496046,0.9468126508350789,0.9483723823667807,0.9422795783136363,0.05318734916492107
8917,0,0,1,0.98330104,0.9501621978718269,0.9515221811861849,0.9643477308425389,0.049837802128173125
8918,7,7,1,0.8988539,0.8991113176292436,0.9002684468937308,0.7948019204106849,0.10088868237075643
8919,7,4,0,0.77974874,0.873079391551081,0.8743796731163559,0.8029414158296702,0.12692060844891895
8920,6,6,1,0.99826163,0.9476544534913449,0.9492523907369296,0.9914972658998731,0.05234554650865508
8921,8,0,0,0.7979,0.8459340074566739,0.8472736608898979,0.7609158048976726,0.1540659925433261
8922,9,9,1,0.9797385,0.9486491960578727,0.9500247841325257,0.9714539969861723,0.05135080394212732
8923,6,2,0,0.8225179,0.7338753933156973,0.7333557992163016,0.6838236592675605,0.2661246066843027
8924,2,2,1,0.9998771,0.9579183516351482,0.9594245664504101,0.9913497968325806,0.04208164836485184
8925,0,0,1,0.9409995,0.8911143992303391,0.8919927339351165,0.8710524594201767,0.10888560076966092
8926,4,4,1,0.9954514,0.95312326741861,0.9546675597005033,0.9910993471116686,0.046876732581390024
8927,9,9,1,0.9968766,0.961102558496407,0.9626074119106294,0.9922842352210859,0.03889744150359298
8928,4,4,1,0.9356011,0.8921102153937905,0.8932608147233856,0.9149416751357304,0.10788978460620946
8929,9,9,1,0.99825674,0.9376192136423773,0.9389617459292474,0.992464042036261,0.062380786357622675
8930,3,3,1,0.4461797,0.5932915211972816,0.5913688144667282,0.5841346291977579,0.40670847880271843
8931,9,9,1,0.9999888,0.9496042219421325,0.9509227993944696,0.9935546407057195,0.050395778057867546
8932,6,2,0,0.97884995,0.9559618447911667,0.9573676965747905,0.9732403520851814,0.04403815520883325
8933,6,6,1,0.9668222,0.9520404752304781,0.9537860211451403,0.944351685514287,0.04795952476952192
8934,7,5,0,0.84620947,0.8937802509829524,0.8952600387380877,0.8652883502474192,0.10621974901704756
8935,0,0,1,0.9996673,0.9571091080203555,0.9586354694613046,0.9906715097908312,0.04289089197964446
8936,9,9,1,0.999057,0.9647692230687213,0.9660722434076582,0.9917173497388725,0.03523077693127874
8937,7,4,0,0.24003255,0.13612225394516347,0.1293234892092136,0.21282510873525873,0.8638777460548366
8938,1,1,1,0.6606759,0.651281520879426,0.6486946851877526,0.6880190953194107,0.34871847912057397
8939,8,2,0,0.45736548,0.15293384527614753,0.14571682933432292,0.5024418874177417,0.8470661547238525
8940,6,0,0,0.482492,0.4101352048802844,0.40445308474994335,0.4407462295325202,0.5898647951197156
8941,0,0,1,0.9888032,0.9555082720285053,0.9568578891120312,0.9757074943649939,0.0444917279714947
8942,6,6,1,0.99235314,0.953749049580481,0.9552559842683482,0.9843516871576644,0.04625095041951899
8943,7,5,0,0.43896192,0.16402741476779706,0.15770569183354455,0.3351230795346081,0.835972585232203
8944,4,0,0,0.45514247,0.24218099160862758,0.23471674184608265,0.35430266978041103,0.7578190083913724
8945,1,1,1,0.9999083,0.9722854524393354,0.9734978830059846,0.9912447875019781,0.027714547560664604
8946,9,9,1,0.998579,0.9638696290358004,0.9652140216326756,0.9925623433966194,0.036130370964199576
8947,4,4,1,0.5183442,0.8593059087025402,0.8617379676427032,0.7061929753661106,0.1406940912974598
8948,6,6,1,0.5676883,0.8223372182008314,0.8237850367935727,0.7283416843431456,0.1776627817991686
8949,7,7,1,0.96096605,0.9503429439151982,0.9516863016215987,0.9312365865692014,0.049657056084801754
8950,9,9,1,0.9973755,0.9636256730522914,0.9649851435444091,0.9912604949413238,0.03637432694770859
8951,8,8,1,0.99986863,0.9536773513317574,0.9550805743966398,0.9902864484439611,0.04632264866824265
8952,3,3,1,0.91196424,0.8519494372674756,0.852893920963673,0.7778708877893658,0.14805056273252437
8953,9,9,1,0.62187165,0.5121214056713734,0.5070895864372907,0.4766258280800969,0.48787859432862657
8954,2,2,1,0.9390907,0.9222597557486859,0.923803221152365,0.9255413541627854,0.0777402442513141
8955,1,1,1,0.98493826,0.9554412392314079,0.9568142115505263,0.9774876840060392,0.04455876076859211
8956,2,2,1,0.9895398,0.9614672366938031,0.9630192403616569,0.9766679100893693,0.03853276330619693
8957,7,2,0,0.670034,0.40062414961604215,0.3934944205805463,0.410522910886312,0.5993758503839579
8958,6,6,1,0.610441,0.4479379429797943,0.44308030788146147,0.5019390908030248,0.5520620570202057
8959,1,1,1,0.99998796,0.9596069506632068,0.9610679098218644,0.9932366794205072,0.04039304933679322
8960,0,0,1,0.84456646,0.6956863318340817,0.6904753809542655,0.6917959360829856,0.3043136681659183
8961,0,0,1,0.98849815,0.9544650332008848,0.9560568325112634,0.9827613711609363,0.04553496679911517
8962,5,5,1,0.6654731,0.7882682614318555,0.7886603478041482,0.7363241185784143,0.21173173856814453
8963,6,6,1,0.99524975,0.9601522146731852,0.9617986970289898,0.98930802239518,0.039847785326814766
8964,0,0,1,0.9992787,0.965201122261653,0.9666717887338322,0.9920297704079918,0.034798877738347
8965,4,4,1,0.99707377,0.9542146884961504,0.9556257243394304,0.9906352044765582,0.04578531150384957
8966,3,3,1,0.6836798,0.7770511450744249,0.7779210370500607,0.78267761833863,0.22294885492557515
8967,2,2,1,0.9812118,0.9148114813330441,0.9165341302905882,0.7594618046225334,0.08518851866695587
8968,8,6,0,0.39511907,0.14413609064906288,0.13778596343015614,0.30917512545710596,0.8558639093509371
8969,8,8,1,0.9999044,0.9525954202252132,0.9541496656672918,0.9891064074405596,0.04740457977478685
8970,0,0,1,0.9445033,0.8995095707418589,0.900456711216177,0.9001145750526182,0.10049042925814111
8971,6,6,1,0.9861929,0.9349612481505363,0.9365777791721862,0.9780741600768043,0.06503875184946373
8972,9,0,0,0.67332786,0.7542367055934476,0.7547609359719648,0.6770735431861671,0.24576329440655242
8973,5,5,1,0.4655157,0.41026418219736405,0.4037958748147938,0.4754617796388488,0.589735817802636
8974,2,2,1,0.997919,0.9565142270422731,0.9580800082608607,0.9893090267084662,0.04348577295772693
8975,8,8,1,0.9999907,0.9372609358460752,0.9387262130571842,0.9928828063385005,0.06273906415392483
8976,7,0,0,0.5274442,0.4252744406038926,0.41914508901337916,0.4492861025406615,0.5747255593961074
8977,0,0,1,0.7141867,0.8421913424058849,0.843920434560775,0.734648262103527,0.1578086575941151
8978,6,6,1,0.9981937,0.9562801919384759,0.9577767335134176,0.9919707153604826,0.04371980806152409
8979,5,5,1,0.99940896,0.9514035646947352,0.9529728507258217,0.9920474544135871,0.04859643530526481
8980,9,9,1,0.99956566,0.9636958082099722,0.9651369844821398,0.9811939880968639,0.03630419179002775
8981,7,4,0,0.9053359,0.8976663405317963,0.8990593608123408,0.8626133088233259,0.10233365946820372
8982,2,2,1,0.9480119,0.936902501304244,0.9387390131320997,0.9171063043723707,0.06309749869575598
8983,3,4,0,0.8982708,0.9000819479060608,0.901658153434054,0.8493852602163637,0.09991805209393922
8984,6,6,1,0.98232025,0.954549258487218,0.956034157999609,0.969352971423907,0.045450741512781945
8985,9,0,0,0.8040953,0.6689259076790369,0.6657249262511908,0.5309039267848826,0.3310740923209631
8986,6,6,1,0.99895096,0.9471024434308895,0.9486849774096386,0.9877051199201816,0.05289755656911055
8987,2,2,1,0.9911913,0.95841058849945,0.9600946523896006,0.9820688274932077,0.041589411500549955
8988,2,2,1,0.99994934,0.9507133293211221,0.9519855383436124,0.9918668378291651,0.04928667067887793
8989,4,4,1,0.9804048,0.9476858172088797,0.9493096360171298,0.9683876722272541,0.05231418279112032
8990,1,1,1,0.9999962,0.9441821137371138,0.9453919897196342,0.9923521211257067,0.055817886262886196
8991,0,0,1,0.9204248,0.8939987943864469,0.8951551801355473,0.8926800047758868,0.10600120561355308
8992,5,5,1,0.97002,0.9402427787874595,0.9418219667992994,0.9582572012002302,0.05975722121254046
8993,0,9,0,0.80805546,0.8857909928559833,0.8873168634463818,0.8490595357173945,0.11420900714401672
8994,8,8,1,0.99697196,0.9584344876784969,0.9598668058627615,0.9908014512868122,0.04156551232150307
8995,9,9,1,0.9991021,0.9617299946284594,0.9631945742823946,0.9918510390391737,0.03827000537154057
8996,3,0,0,0.5017619,0.21859664807938878,0.20934909633410828,0.30316428467343715,0.7814033519206112
8997,5,5,1,0.7901926,0.7235393938941821,0.7226407013825923,0.6767861419652648,0.2764606061058179
8998,9,9,1,0.9999838,0.942864826764749,0.9439937333984947,0.9930713091365511,0.05713517323525097
8999,3,3,1,0.73280156,0.770202902853509,0.7696293829423152,0.7620481723429583,0.229797097146491
9000,8,8,1,0.9999527,0.9541143611404406,0.9556181500821391,0.9921913582240665,0.04588563885955943
9001,1,1,1,0.9997609,0.9587542763692654,0.9603425614248011,0.9919902308134307,0.04124572363073464
9002,6,6,1,0.8734132,0.9034567037770109,0.9050899822438495,0.8651176678243808,0.09654329622298907
9003,3,6,0,0.6714128,0.5837027383170171,0.5799683689322822,0.5986105001256855,0.41629726168298287
9004,7,7,1,0.99862134,0.9575952451289368,0.9590253437970926,0.9871120999016029,0.04240475487106321
9005,5,5,1,0.93429905,0.9296480784003871,0.9311009269070695,0.9165210066292612,0.0703519215996129
9006,6,6,1,0.9827443,0.9367623994765932,0.9383252384095901,0.9688063614419427,0.06323760052340677
9007,2,2,1,0.82671183,0.8613184331706132,0.8625954124784702,0.8307632095089501,0.13868156682938682
9008,0,0,1,0.9901869,0.9529770204348681,0.954485832662594,0.9831822447267909,0.047022979565131906
9009,2,2,1,0.9665374,0.9244569039477483,0.9259280133400392,0.9317534140522312,0.07554309605225173
9010,8,5,0,0.48791873,0.5172358240435638,0.5132414656608987,0.5718487823293806,0.48276417595643617
9011,2,2,1,0.94245964,0.9018153324837938,0.9032618409225466,0.8979420203250575,0.09818466751620625
9012,8,1,0,0.48662043,0.6810420465848068,0.6800424021878477,0.5973132266398621,0.3189579534151932
9013,7,7,1,0.5875406,0.3638168186021477,0.3577285426838526,0.5206583818066204,0.6361831813978522
9014,7,3,0,0.490359,0.4573492252758017,0.45261188153913084,0.4611988244023147,0.5426507747241983
9015,8,8,1,0.9895371,0.9611913087457792,0.96260191338825,0.9840064825137034,0.03880869125422082
9016,1,1,1,0.9998723,0.9463629492059678,0.9480624509782821,0.9844089832412231,0.05363705079403225
9017,0,0,1,0.9526224,0.9379513944159903,0.9394171289683397,0.9382220170774336,0.06204860558400971
9018,8,0,0,0.57026863,0.4112844442085713,0.40383508662041473,0.4832651724400222,0.5887155557914288
9019,9,9,1,0.9980204,0.9590209309906879,0.9604929493269346,0.9911747947665102,0.04097906900931214
9020,7,7,1,0.8611253,0.8577649884861286,0.8584323532319281,0.8234439513200617,0.1422350115138714
9021,0,0,1,0.8991037,0.8849542699665236,0.886293135787079,0.8396623939487995,0.1150457300334764
9022,3,3,1,0.70854574,0.8338438916799538,0.8350128564703905,0.7155607224535002,0.16615610832004624
9023,8,8,1,0.99107623,0.9638303802354244,0.9652852804891522,0.9855791324114683,0.036169619764575556
9024,0,0,1,0.9662008,0.9339986599285263,0.9355649327621103,0.9161053498041483,0.06600134007147374
9025,5,5,1,0.9484252,0.9333499703536043,0.9350562191855847,0.9058602106794217,0.06665002964639566
9026,9,0,0,0.6504833,0.6155431288920287,0.6127854549000793,0.5843410460787405,0.38445687110797133
9027,5,5,1,0.9912116,0.9523528891275251,0.9536451457521119,0.977106142936501,0.04764711087247486
9028,8,8,1,0.79330856,0.8905169403178427,0.8922493276909175,0.8186136034472554,0.10948305968215732
9029,4,4,1,0.5648978,0.5175470285128758,0.5131387305209872,0.5860435272531185,0.4824529714871242
9030,2,0,0,0.8563058,0.796077053099038,0.7962816430822983,0.6530479111866925,0.20392294690096202
9031,0,0,1,0.9931356,0.9607197136323062,0.962266296617003,0.9754990526093051,0.03928028636769376
9032,9,9,1,0.7648791,0.7705594318606209,0.769246449876692,0.7490361898069371,0.22944056813937908
9033,2,2,1,0.9338773,0.9325728169487872,0.9340749260326546,0.8796469159267708,0.06742718305121276
9034,2,2,1,0.6040158,0.5846108314566649,0.5812480313779895,0.5967120180821307,0.4153891685433351
9035,4,2,0,0.6397276,0.6354669971251707,0.6334579741183307,0.695426428201541,0.36453300287482926
9036,4,4,1,0.92247087,0.9016302675184218,0.9029610447589969,0.8434959192030133,0.09836973248157821
9037,9,9,1,0.6769514,0.8508883372497366,0.8520863697058326,0.7409889138354434,0.14911166275026344
9038,2,2,1,0.99064356,0.9496284922793713,0.9512224119646904,0.9845905250810493,0.050371507720628705
9039,2,6,0,0.4648109,0.5960188248699811,0.5938110731780487,0.6084742721830652,0.40398117513001885
9040,2,2,1,0.7575782,0.6519628454176546,0.6493355433531798,0.6353514155514077,0.3480371545823454
9041,5,5,1,0.8391263,0.8899634042105861,0.8916784067323965,0.8320601518259623,0.11003659578941394
9042,1,1,1,0.9755432,0.9406105820388617,0.9420896669510659,0.9341029778243723,0.05938941796113828
9043,3,3,1,0.85767484,0.874308002411385,0.8752418145438927,0.8229667707920256,0.12569199758861505
9044,2,2,1,0.99983895,0.952253545267269,0.9538899526452488,0.9898109839569653,0.04774645473273098
9045,0,0,1,0.9974923,0.9678855095426198,0.9690810501935626,0.9804249702059651,0.03211449045738024
9046,0,0,1,0.988167,0.9575217683825533,0.9591079721683657,0.9801104207656941,0.04247823161744668
9047,4,4,1,0.9860736,0.9579094689679429,0.9593089323293914,0.980893850527768,0.042090531032057066
9048,0,0,1,0.9951781,0.9568106613308288,0.9582566096048419,0.9843294521133588,0.043189338669171184
9049,6,6,1,0.950079,0.8883738860880699,0.8897678658318641,0.8228814726187278,0.11162611391193011
9050,5,5,1,0.53505725,0.58781118732657,0.5854103309388462,0.650721744954234,0.41218881267343
9051,8,8,1,0.99986446,0.9526708739143845,0.9543403086745121,0.9921651993651388,0.04732912608561546
9052,0,0,1,0.9878599,0.9647375091105787,0.9660738921039392,0.9681559050530416,0.03526249088942135
9053,5,5,1,0.61136246,0.7846940950204682,0.7860216058691473,0.7201792879302531,0.21530590497953184
9054,8,8,1,0.9981268,0.9495230299719534,0.9510237111411712,0.9896220882968373,0.05047697002804663
9055,6,6,1,0.9980379,0.9635460753928143,0.9650843194758421,0.9914983576711812,0.03645392460718566
9056,4,3,0,0.32542482,0.15408529925174522,0.14810101366305792,0.355337494790954,0.8459147007482548
9057,8,8,1,0.9470593,0.9430364563835582,0.9445238409097259,0.9350540796316177,0.05696354361644185
9058,5,3,0,0.39963716,0.12782466361949274,0.12155833195007962,0.34202471333491163,0.8721753363805073
9059,2,3,0,0.45571753,0.35447802962192076,0.3487106297549949,0.3990143738070256,0.6455219703780792
9060,9,9,1,0.9934209,0.9593776099230226,0.9607856298262168,0.9849949584285553,0.04062239007697743
9061,7,4,0,0.8068812,0.8446982960317803,0.8452498978959332,0.7727384343545834,0.15530170396821974
9062,9,9,1,0.95286,0.9394201503936994,0.9407792762210961,0.9334655200956301,0.060579849606300584
9063,7,7,1,0.98199534,0.9517781902322534,0.9532914249841495,0.9673486540651625,0.04822180976774659
9064,1,1,1,0.99225664,0.9589064592733036,0.9604683620657312,0.9854872908016776,0.041093540726696354
9065,0,0,1,0.3791141,0.21522358773460898,0.20853932990532204,0.28291910913113966,0.7847764122653911
9066,1,1,1,0.9605301,0.9202311470185981,0.9217763703786751,0.902148791286706,0.0797688529814019
9067,9,1,0,0.6141784,0.790305829677012,0.7911287553688252,0.5954411598759761,0.20969417032298798
9068,6,6,1,0.62149185,0.5466669463768692,0.5426062124404196,0.6152043311647739,0.4533330536231308
9069,9,9,1,0.9889424,0.9501690575216888,0.9516877530895085,0.9839519264647326,0.04983094247831121
9070,2,2,1,0.8945119,0.9143712416423447,0.9159267912960923,0.8646701660217289,0.08562875835765527
9071,7,7,1,0.5282186,0.38158681726618787,0.3751762065971306,0.3242132035462692,0.6184131827338122
9072,9,9,1,0.9958807,0.9636963255184229,0.9651294270747266,0.9925888054501526,0.03630367448157712
9073,4,6,0,0.7584753,0.5403452721793844,0.5360505544391408,0.5519271977009608,0.45965472782061556
9074,4,4,1,0.85982776,0.8877747849853712,0.8890241767656605,0.8278995536317378,0.11222521501462879
9075,0,0,1,0.98664886,0.9506569461269925,0.9520890148357,0.9807401402501221,0.049343053873007525
9076,6,6,1,0.9209801,0.8905216989894802,0.8916263912779585,0.8730119202346406,0.10947830101051981
9077,2,2,1,0.99800223,0.9575807249829362,0.9591909546028177,0.9877588094154856,0.04241927501706377
9078,4,4,1,0.9874135,0.9614790762410415,0.9629361447499274,0.9808291752847857,0.03852092375895855
9079,1,1,1,0.9929489,0.9513751243587661,0.9529616784115928,0.9828256585299325,0.048624875641233856
9080,3,3,1,0.56057245,0.34087784385020237,0.33399702706294826,0.4357830455905264,0.6591221561497976
9081,7,7,1,0.90201926,0.9024853996736335,0.9037344302748952,0.8447973398840968,0.0975146003263665
9082,2,6,0,0.42436406,0.346606137464391,0.33992850892282145,0.37436831639484763,0.653393862535609
9083,8,0,0,0.7563774,0.8555582696697183,0.8569024192695784,0.7986275492736506,0.14444173033028174
9084,5,3,0,0.7037447,0.872799100968704,0.8745497369016955,0.7717712650929276,0.12720089903129606
9085,9,1,0,0.53325784,0.5723061765914796,0.569250456503214,0.5546542187021796,0.42769382340852036
9086,0,0,1,0.999476,0.9576723748346166,0.9591172077543464,0.9918839417595657,0.042327625165383354
9087,3,3,1,0.9271115,0.9270778351529003,0.9286174957677281,0.8892867290322886,0.07292216484709968
9088,2,3,0,0.3086808,0.22135064350433886,0.21502495916927516,0.27939759527317515,0.7786493564956611
9089,3,3,1,0.9898622,0.9440050813483527,0.9458477481262952,0.9818381263888005,0.055994918651647296
9090,2,2,1,0.84789985,0.8807177367649279,0.8817590421612692,0.8099519726066461,0.11928226323507207
9091,7,7,1,0.99998045,0.9434012971373159,0.9447780527965052,0.9927599754536679,0.05659870286268409
9092,6,6,1,0.9931559,0.9599962452301171,0.961549112261364,0.9841332667615391,0.04000375476988294
9093,3,3,1,0.50203747,0.48520341234877734,0.4815160890747132,0.49445387274592384,0.5147965876512226
9094,2,2,1,0.9386138,0.9225754437166618,0.9239988185064998,0.8899186308715648,0.07742455628333822
9095,5,3,0,0.43548205,0.24357551428325488,0.23667100396820617,0.5631599206511368,0.7564244857167451
9096,9,9,1,0.9778625,0.9592945583895153,0.9607265298135611,0.9740779300373481,0.04070544161048473
9097,0,0,1,0.92631483,0.9036495301598666,0.9051105105012296,0.8638825010825909,0.0963504698401334
9098,5,5,1,0.97250473,0.9438964934090495,0.9454439562056256,0.9140567282424371,0.056103506590950536
9099,9,9,1,0.7455794,0.8648706949699896,0.8660528785000564,0.7823650315985966,0.13512930503001042
9100,9,9,1,0.97254366,0.9499619189051295,0.9515028930761632,0.9594691143154368,0.05003808109487051
9101,8,8,1,0.9999703,0.9508094698486195,0.9524754598874667,0.9919024529182443,0.04919053015138053
9102,7,7,1,0.74444664,0.7097379130026248,0.708475155456013,0.6093891199712091,0.2902620869973752
9103,7,7,1,0.3615363,0.23724606002618187,0.23101827894601326,0.35354217804465754,0.7627539399738181
9104,4,4,1,0.99351645,0.9506305626790329,0.952031860742862,0.9851165952909716,0.0493694373209671
9105,8,0,0,0.9852925,0.9443765434821909,0.945935817692201,0.9655175694356899,0.05562345651780909
9106,6,6,1,0.8430467,0.8691926367852346,0.8702734425235438,0.8605446793136687,0.13080736321476538
9107,5,2,0,0.9224038,0.8682324764625455,0.8694710050862178,0.7888546988782618,0.13176752353745447
9108,2,2,1,0.997248,0.9650367204976128,0.966418822214559,0.9837780682323694,0.0349632795023872
9109,3,3,1,0.70598143,0.8536268154337993,0.855244189617212,0.763422878242621,0.14637318456620074
9110,1,1,1,0.99772173,0.9684444172085035,0.9698718410690027,0.9852655110758093,0.031555582791496506
9111,0,0,1,0.9998648,0.9595300125486439,0.9607760326616517,0.9922983239331958,0.040469987451356104
9112,4,4,1,0.99119097,0.94963696480885,0.950973296076629,0.986812483102964,0.05036303519115004
9113,1,1,1,0.998638,0.962198764637367,0.9636587104419708,0.9917425686938282,0.03780123536263302
9114,8,9,0,0.63111633,0.6501830439741105,0.648076526888663,0.6734754194139329,0.34981695602588947
9115,8,8,1,0.9999938,0.9546297210664024,0.9561739305390603,0.9928828063385005,0.045370278933597574
9116,4,4,1,0.9899629,0.9570334372120828,0.9586146270957067,0.9820167140786599,0.04296656278791722
9117,9,9,1,0.98760545,0.9554555143254199,0.9570447885712684,0.980191610035506,0.044544485674580137
9118,4,4,1,0.9755073,0.9472822541777279,0.9488207939812795,0.9543687000322683,0.052717745822272066
9119,4,4,1,0.98665005,0.9541288230556615,0.9556282751138216,0.9802631870397295,0.04587117694433851
9120,3,3,1,0.44812813,0.5308375030459381,0.5273179383514568,0.5259864519302072,0.46916249695406187
9121,3,3,1,0.5524906,0.7459940695180446,0.7458848723744517,0.6397133447520226,0.2540059304819554
9122,9,1,0,0.51729536,0.4923964199755555,0.4873145142812521,0.5570762338552189,0.5076035800244445
9123,2,2,1,0.9888033,0.9618028354500149,0.9632659916494957,0.9722479830366091,0.03819716454998512
9124,0,0,1,0.9968286,0.9468439703873713,0.9484727737135066,0.9850349946615315,0.053156029612628664
9125,1,1,1,0.99995935,0.9539884620482955,0.9555109874680111,0.9885907210935847,0.04601153795170454
9126,1,1,1,0.83734477,0.7473189714099304,0.746439629385513,0.6758175982607898,0.2526810285900696
9127,8,8,1,0.72691673,0.7857861069822003,0.78592480040931,0.7704023985745372,0.2142138930177997
9128,4,4,1,0.9621763,0.9439552893537438,0.9457319812353026,0.9395166953718487,0.05604471064625616
9129,4,4,1,0.7550043,0.8818648772155744,0.8838217306883593,0.7880886763782459,0.11813512278442562
9130,8,8,1,0.9975414,0.9506350710449147,0.9521851036856207,0.9911376728110193,0.04936492895508526
9131,3,3,1,0.7176311,0.7184573454860874,0.7184221439400057,0.761178875086947,0.2815426545139126
9132,2,6,0,0.7710905,0.7967020887916041,0.7969583576129133,0.7512638847639361,0.2032979112083959
9133,9,9,1,0.83561105,0.8052428946505742,0.8052683965204287,0.7837085363340844,0.1947571053494258
9134,5,5,1,0.972877,0.9455846034570135,0.9471936280600295,0.9362397479251006,0.05441539654298655
9135,7,7,1,0.80570996,0.849191666163879,0.8501298744715259,0.8095610752717214,0.15080833383612102
9136,6,6,1,0.99559826,0.9579930090712413,0.959422868192008,0.9912386969449167,0.0420069909287587
9137,2,2,1,0.5251001,0.5198096330820758,0.5161276534519558,0.5615840419239435,0.48019036691792416
9138,5,5,1,0.9739075,0.9540797285943159,0.9556609129528318,0.9536241397778776,0.04592027140568411
9139,4,4,1,0.9773343,0.953328991768203,0.9550046905277605,0.9621165918725632,0.04667100823179704
9140,7,2,0,0.6406309,0.4676667247532609,0.4619667654982947,0.5712597467972931,0.5323332752467391
9141,3,3,1,0.9008948,0.9112167910683541,0.9124770851255234,0.8396248666435779,0.08878320893164593
9142,3,3,1,0.90736943,0.9183635488207804,0.9197654382204616,0.8536754356677767,0.08163645117921958
9143,9,9,1,0.39458555,0.2672605877240339,0.25999333355184623,0.24027102144620535,0.7327394122759661
9144,0,0,1,0.9998323,0.9445705972405818,0.9459673183581289,0.9914480313990974,0.05542940275941821
9145,1,9,0,0.68313414,0.6900535210464404,0.6881825940693029,0.6171729033819534,0.30994647895355965
9146,5,5,1,0.99840397,0.9491986914224364,0.9510493418354193,0.989128670565081,0.0508013085775636
9147,9,9,1,0.9898151,0.959751423049472,0.9611132469315619,0.9861075871438778,0.04024857695052797
9148,3,5,0,0.7327584,0.8753381394765796,0.8770970510103535,0.8267217758455147,0.12466186052342043
9149,7,0,0,0.57031906,0.6135435500485026,0.6107848563168305,0.6312631177964652,0.3864564499514974
9150,6,6,1,0.972623,0.9487089056320996,0.9502869146478484,0.9483225697886417,0.05129109436790036
9151,0,0,1,0.99666226,0.9662580465427215,0.9676030413880858,0.9881806071959166,0.033741953457278484
9152,4,4,1,0.99616075,0.9586282261655574,0.9600886678308862,0.9914980411848958,0.04137177383444257
9153,2,2,1,0.59637386,0.5421417560144624,0.5383128228257683,0.4236148421446502,0.45785824398553765
9154,2,2,1,0.9996673,0.9419479905942989,0.9436413274671075,0.9865642656762834,0.0580520094057011
9155,5,5,1,0.9949845,0.9534973337813251,0.9550141718222491,0.9917555843482705,0.04650266621867494
9156,6,6,1,0.9674761,0.9422703469101092,0.9438376464887775,0.9426801015609815,0.05772965308989075
9157,3,3,1,0.6342977,0.8315863878636028,0.8332434696767527,0.7416447768659392,0.16841361213639716
9158,8,8,1,0.37111482,0.4005027003141951,0.39499039068291536,0.40728973987409034,0.5994972996858049
9159,9,9,1,0.94434553,0.9365649312112019,0.9379639642362171,0.9239589952302597,0.06343506878879812
9160,5,3,0,0.56976473,0.6725538483183985,0.6726458410266188,0.6554769999214655,0.3274461516816015
9161,6,6,1,0.6355205,0.7282660008659241,0.7285006213850215,0.5660675488377919,0.2717339991340759
9162,1,1,1,0.9976426,0.955177165938939,0.956621589389332,0.9894536630143544,0.04482283406106102
9163,4,4,1,0.98973644,0.9415660341058754,0.9431430953137038,0.9798121994415816,0.05843396589412464
9164,5,5,1,0.97657233,0.9514607964177484,0.9532229085926515,0.9645729844045191,0.04853920358225161
9165,4,4,1,0.98349977,0.945307525258458,0.9467404492256355,0.9581534662307979,0.05469247474154204
9166,6,6,1,0.98767906,0.9602396968547403,0.9616173430594689,0.9825871189582395,0.03976030314525969
9167,7,7,1,0.9995921,0.9606619954751962,0.9620555442675621,0.988941463196099,0.03933800452480385
9168,2,2,1,0.98599595,0.9523607137971485,0.9538322966068226,0.9705249217788253,0.047639286202851516
9169,1,1,1,0.994565,0.9647064264029636,0.9659703512853423,0.9901503605241205,0.03529357359703644
9170,0,9,0,0.95461035,0.8995099875701108,0.9008687978828999,0.7705682490849765,0.1004900124298892
9171,2,2,1,0.9995372,0.9586651607168264,0.9602504909795244,0.9910375999969845,0.04133483928317361
9172,0,0,1,0.9994723,0.9623407515831991,0.9638863556713632,0.9916730435593114,0.037659248416800906
9173,4,4,1,0.99880135,0.9667706251609655,0.968061809404054,0.9922299623884686,0.03322937483903454
9174,9,9,1,0.98047596,0.9476566512238334,0.949126032785049,0.9696320145453194,0.05234334877616664
9175,8,8,1,0.99284816,0.9629127355159908,0.9645007763688961,0.9850870893890735,0.03708726448400923
9176,8,8,1,0.96251005,0.9266651297129913,0.928021354855409,0.9369548432842155,0.07333487028700869
9177,9,9,1,0.9848267,0.9488387947393067,0.9503528946374162,0.9638528889118838,0.05116120526069334
9178,1,1,1,0.97009414,0.9562025134630936,0.9574988005011117,0.9561283687501024,0.043797486536906405
9179,1,1,1,0.99999917,0.9463294031790829,0.9478034231737561,0.9928707508816639,0.05367059682091713
9180,5,5,1,0.9923062,0.9546357173290028,0.9562376422776184,0.9844091249906355,0.045364282670997236
9181,0,0,1,0.99897265,0.954143118053112,0.9557654296579084,0.985959320851564,0.04585688194688797
9182,0,0,1,0.9984577,0.9431235161075164,0.9446336231241544,0.9838514025612325,0.056876483892483565
9183,8,8,1,0.99931014,0.9662731261060973,0.9676495790307195,0.9907012191571282,0.03372687389390272
9184,7,4,0,0.8450672,0.8834406009022467,0.8846903415730917,0.8618893895628353,0.11655939909775326
9185,1,1,1,0.7107251,0.6311597776973359,0.6280493529601313,0.6685821041463488,0.3688402223026641
9186,7,2,0,0.9391424,0.9234205216741831,0.9248935544571445,0.915604002300628,0.07657947832581691
9187,4,4,1,0.952108,0.936080170421653,0.9378471298528999,0.9300968195147672,0.06391982957834696
9188,5,2,0,0.7852987,0.7766037642800017,0.7761968731572707,0.6088714721327777,0.22339623571999834
9189,4,4,1,0.7987247,0.7922074332665481,0.7925616647938134,0.7344472246103981,0.20779256673345192
9190,3,5,0,0.691549,0.5267252970061584,0.522682452437213,0.5340567651588098,0.47327470299384156
9191,3,3,1,0.5732965,0.5042134435868528,0.49926574932802237,0.5760314601370041,0.4957865564131472
9192,2,2,1,0.9951197,0.9534966130564069,0.9550287011058584,0.9909604458536059,0.04650338694359313
9193,0,2,0,0.7864073,0.8558662461289448,0.8572569235796219,0.6429509457769923,0.1441337538710552
9194,6,6,1,0.9997011,0.9539096228398292,0.9554606243139445,0.9887714478949899,0.04609037716017084
9195,6,6,1,0.98996186,0.9387592659310673,0.9401941604475301,0.9853745265883072,0.06124073406893271
9196,0,0,1,0.9996805,0.9630039835190335,0.9644681272395433,0.9868237733914527,0.03699601648096651
9197,1,1,1,0.99999547,0.9360561914003664,0.9374264940909665,0.99217930276723,0.06394380859963356
9198,3,3,1,0.952579,0.948616033482313,0.9502717034978033,0.9463643374119897,0.05138396651768695
9199,9,9,1,0.98552585,0.9636622703372494,0.9648774573668595,0.9672725884576501,0.03633772966275062
9200,8,8,1,0.99296474,0.9584979636391353,0.9600495454156562,0.9825829493024169,0.04150203636086469
9201,3,3,1,0.6652316,0.7847995096506821,0.7852875014438423,0.6763326556378524,0.21520049034931787
9202,7,7,1,0.97942424,0.9540460934720005,0.9554370652929266,0.9655746209926767,0.045953906527999466
9203,8,8,1,0.44753632,0.2081161830391772,0.20062506474827468,0.3453995759636204,0.7918838169608228
9204,9,9,1,0.81537443,0.7105839853193942,0.7090287083647029,0.6697474733442291,0.28941601468060585
9205,4,4,1,0.97603774,0.9561168249152454,0.9577950200837401,0.9629504543350594,0.04388317508475459
9206,8,8,1,0.96826565,0.9188864961055065,0.920258744900724,0.9479843348634376,0.08111350389449345
9207,9,9,1,0.98968935,0.9421299787027666,0.9434214776929999,0.9860141369946995,0.0578700212972334
9208,0,0,1,0.9704854,0.9286932603341136,0.9301600610613109,0.9444441555430764,0.07130673966588641
9209,9,1,0,0.598208,0.41206165164791175,0.4043520601167534,0.5791093123812082,0.5879383483520882
9210,7,7,1,0.930108,0.9269271241134278,0.9283885361556236,0.9139778174490517,0.07307287588657219
9211,1,1,1,0.99977463,0.9658623807053329,0.9672871778456642,0.9888156678044231,0.034137619294667076
9212,6,6,1,0.9828462,0.9520421125956263,0.9536984217890919,0.9735001825033468,0.04795788740437368
9213,2,2,1,0.99972767,0.9638890391376165,0.9654205209389776,0.9858424995578444,0.03611096086238352
9214,9,9,1,0.8977511,0.8760429876156307,0.8769598258881279,0.8322247112930625,0.12395701238436929
9215,5,5,1,0.9778399,0.9535040989242545,0.9553810257154818,0.9629810503033347,0.04649590107574553
9216,6,6,1,0.3909143,0.31261957675977864,0.3059464092037728,0.37984083053726686,0.6873804232402214
9217,9,0,0,0.9830639,0.9576524436385446,0.9589009403231522,0.9752171595134684,0.042347556361455374
9218,3,3,1,0.51124656,0.33867511564932573,0.3317718964506972,0.4266254832965183,0.6613248843506743
9219,9,7,0,0.6003368,0.6311866365833153,0.6279957674095022,0.6456803746266488,0.3688133634166847
9220,8,8,1,0.83144677,0.9167764863435626,0.9183935733123962,0.8696087697994203,0.08322351365643743
9221,7,7,1,0.7983938,0.8507236312963634,0.8518765483084492,0.8023815033602297,0.14927636870363659
9222,7,7,1,0.76554495,0.8774830072339739,0.8791049897718081,0.8015605549871553,0.12251699276602612
9223,1,1,1,0.90339947,0.8854776079709517,0.8863512220477269,0.8191895328011958,0.11452239202904835
9224,6,6,1,0.98085964,0.9527825494170477,0.9543274114031799,0.9715729253433649,0.04721745058295235
9225,5,0,0,0.54964906,0.43780964487534807,0.4315511610867249,0.5132549046681567,0.5621903551246519
9226,3,3,1,0.71176344,0.8756014015800812,0.8772318995196262,0.7837852374772649,0.12439859841991885
9227,1,9,0,0.83894736,0.9103098477387865,0.9117873312412857,0.8362333986053045,0.08969015226121346
9228,3,3,1,0.49145505,0.7590398410229932,0.7602265414347967,0.6068520310195303,0.24096015897700684
9229,1,1,1,0.960972,0.9209043507873027,0.9224223669069722,0.9155685381517797,0.0790956492126973
9230,2,0,0,0.22393928,0.09114184667565245,0.08570580600834866,0.2530676037516973,0.9088581533243476
9231,7,2,0,0.34685746,0.4868410167326557,0.48305601788724395,0.5837890591658439,0.5131589832673443
9232,1,1,1,0.99994195,0.9516515692627078,0.9533682125235293,0.9881545640600923,0.048348430737292225
9233,8,8,1,0.9948243,0.9623623455103104,0.9638844551945374,0.9916830189554662,0.03763765448968959
9234,2,2,1,0.93685216,0.9078408653129687,0.9090651864021009,0.9178948703309557,0.0921591346870313
9235,0,0,1,0.9799487,0.9471123231352386,0.948571877752271,0.9585747297804232,0.05288767686476137
9236,9,9,1,0.9883668,0.9576655959889508,0.9590793669058294,0.9801927205895143,0.042334404011049154
9237,7,0,0,0.45852157,0.37562354449277063,0.3689250859746827,0.4659253508495062,0.6243764555072293
9238,9,9,1,0.97848606,0.9560917087809357,0.9575526149545713,0.9718163710835603,0.043908291219064255
9239,8,8,1,0.9993742,0.9607935098718302,0.9621835473575177,0.9901928969589795,0.03920649012816979
9240,8,8,1,0.99065465,0.9610708497523849,0.9625510857863818,0.9853651644190804,0.03892915024761512
9241,6,6,1,0.9961653,0.9633522258332702,0.9648514224170005,0.991903439230456,0.03664777416672982
9242,7,7,1,0.57693213,0.4060130507762169,0.3994895856161889,0.29125673312024897,0.593986949223783
9243,3,3,1,0.8545862,0.9002200446197097,0.9019104363546687,0.8216534537361367,0.09977995538029028
9244,7,7,1,0.95384663,0.9122645654162902,0.9136619742943316,0.9191465316689035,0.0877354345837098
9245,1,1,1,0.9984061,0.9592505223529774,0.960926738480375,0.9889052375906574,0.040749477647022636
9246,3,3,1,0.49370268,0.4514946010235189,0.4460458806895637,0.5138891584599942,0.5485053989764811
9247,9,9,1,0.99977463,0.9588197110352146,0.9602464723908481,0.9923836394271457,0.04118028896478543
9248,0,0,1,0.94390017,0.930609565832756,0.9320444383085518,0.9130648885156069,0.069390434167244
9249,9,9,1,0.99425805,0.9409550030710779,0.9422206469535583,0.9934552364996597,0.05904499692892207
9250,3,5,0,0.39867646,0.27796999699411584,0.2709522314702371,0.3161845372199857,0.7220300030058842
9251,6,6,1,0.8698354,0.8894505833654701,0.8907395615983736,0.8469394501020211,0.11054941663452988
9252,7,4,0,0.75795627,0.7795218338165917,0.7797703065681841,0.7689467444971375,0.22047816618340832
9253,2,2,1,0.67540723,0.8094939600723343,0.810254630728473,0.7332962575509383,0.19050603992766568
9254,7,2,0,0.75884783,0.6428056467804116,0.6388886028394468,0.6860616246964021,0.35719435321958837
9255,3,3,1,0.9158354,0.9066204675102447,0.9082957615371935,0.8880952504644704,0.09337953248975528
9256,0,0,1,0.999863,0.956299791186604,0.9577635028498805,0.9811764016264513,0.04370020881339598
9257,5,5,1,0.8504251,0.921120459931843,0.9229312367538732,0.8574212767702629,0.078879540068157
9258,9,9,1,0.9744693,0.9537922159343996,0.9552069425219062,0.9634974117330605,0.046207784065600443
9259,7,7,1,0.98965174,0.9480290373175079,0.9495180194631072,0.9838388975409461,0.05197096268249213
9260,5,3,0,0.90303624,0.9137536487261378,0.9156314895349078,0.880064371456736,0.08624635127386215
9261,5,5,1,0.94859195,0.9349814065559567,0.9368004462891417,0.9069484326378042,0.06501859344404326
9262,0,0,1,0.6657437,0.624626241039055,0.6209094290824242,0.6552740776278588,0.37537375896094505
9263,6,6,1,0.97618014,0.9476313027056047,0.94910067318117,0.9648940907280906,0.052368697294395306
9264,5,5,1,0.83899647,0.9042057439692812,0.905769792014588,0.8404255476392711,0.09579425603071878
9265,1,1,1,0.9976695,0.9599685569842746,0.961542813954615,0.9920223534597349,0.040031443015725365
9266,8,8,1,0.76516014,0.8022017995540287,0.8029898309568341,0.6739160240505959,0.1977982004459713
9267,2,2,1,0.5553825,0.5649002002635641,0.5612181802239472,0.5727842010354216,0.43509979973643587
9268,7,7,1,0.8281348,0.7519774484659368,0.7515275607587061,0.7016073539550147,0.24802255153406316
9269,5,3,0,0.48328865,0.2500045624411039,0.2425503187256677,0.33686086722535635,0.7499954375588961
9270,9,9,1,0.9966878,0.973028180758614,0.9741335888812699,0.9927449633534835,0.02697181924138603
9271,0,0,1,0.99490416,0.9533449971324159,0.9548587188136192,0.9898369967200233,0.04665500286758406
9272,0,0,1,0.9985682,0.9489535014713211,0.9505100476779557,0.9899722101034273,0.05104649852867893
9273,0,0,1,0.7780436,0.7712537332704932,0.7711731652045513,0.7208271945898173,0.22874626672950682
9274,8,0,0,0.9624633,0.9366317819801641,0.9381964932986876,0.947435025401995,0.06336821801983594
9275,8,8,1,0.5051977,0.5779414445611636,0.5755916241684158,0.58737895847729,0.4220585554388364
9276,7,7,1,0.42503297,0.3916318259800831,0.3851834373678537,0.5653021484024647,0.6083681740199169
9277,3,3,1,0.77171385,0.8206096303532453,0.8216405690904204,0.7851318791431793,0.1793903696467547
9278,7,4,0,0.354027,0.29438785154158553,0.287175450924367,0.44626898964485456,0.7056121484584145
9279,8,8,1,0.99993396,0.9499100449375246,0.9512757688900835,0.991979027299369,0.05008995506247538
9280,9,9,1,0.9928237,0.9530082618808772,0.9543649952681846,0.9862839799101444,0.04699173811912283
9281,3,3,1,0.91117257,0.9046743260058369,0.906050661396068,0.9028272232687508,0.09532567399416314
9282,7,7,1,0.9391767,0.9241823210356127,0.9257072783427005,0.879702290305594,0.07581767896438729
9283,9,9,1,0.9992667,0.9401640632343277,0.9415545910142463,0.992400750519597,0.05983593676567234
9284,7,7,1,0.9994773,0.9635747881889877,0.9650673805143255,0.9926273796216327,0.036425211811012326
9285,8,8,1,0.99275017,0.9650814631670703,0.9663498813215096,0.9857616694503989,0.03491853683292967
9286,7,0,0,0.28363216,0.13313572439810878,0.12668979334141967,0.21861023035721716,0.8668642756018912
9287,9,9,1,0.96421903,0.9295533569349956,0.9310406830937445,0.9432784418106266,0.07044664306500437
9288,8,8,1,0.9622038,0.9159514717249632,0.917330122976972,0.937976257939396,0.08404852827503684
9289,5,5,1,0.8823015,0.8962449214335356,0.897900502283448,0.824564155526511,0.10375507856646438
9290,4,4,1,0.98768604,0.9460001525232629,0.9475027331947296,0.9801859478616383,0.05399984747673714
9291,8,4,0,0.8426402,0.6642196706707979,0.6597510716301624,0.5374420445317177,0.3357803293292021
9292,3,3,1,0.57247967,0.3211366862721852,0.31212128598237765,0.3669649162581272,0.6788633137278148
9293,7,2,0,0.7071183,0.6331404570730295,0.6296131479879843,0.596968104391656,0.36685954292697054
9294,6,6,1,0.66812253,0.6459224539362406,0.642878929275784,0.7257964795600627,0.3540775460637594
9295,3,3,1,0.87651247,0.9204843206672022,0.9221535970871032,0.8665098968666607,0.0795156793327978
9296,8,8,1,0.99887234,0.9623857687826544,0.9638189925426824,0.9916165565509724,0.03761423121734564
9297,2,2,1,0.9679605,0.940897452691892,0.9424477679148591,0.9227096529435775,0.059102547308108044
9298,1,1,1,0.9287107,0.8756204921378817,0.8765826283880818,0.7552974011960005,0.12437950786211827
9299,9,9,1,0.9995653,0.9627894443985527,0.9641956787938238,0.9924004391905598,0.03721055560144726
9300,5,2,0,0.26582813,0.11018412474297938,0.10451706701314213,0.27012418097573104,0.8898158752570207
9301,7,3,0,0.5508809,0.6864682379443503,0.6863971010951774,0.5693944914256676,0.3135317620556497
9302,3,9,0,0.28112543,0.07834870612542422,0.07289263839429826,0.24813200757963547,0.9216512938745758
9303,9,1,0,0.8025574,0.8062221859583876,0.8065178473320735,0.5574245358342418,0.19377781404161243
9304,5,2,0,0.8809267,0.8982338817299429,0.8997968940365524,0.8179811898685574,0.1017661182700571
9305,5,5,1,0.54934937,0.47434543718505306,0.46947938879950774,0.5153819657950146,0.5256545628149469
9306,8,8,1,0.99998283,0.953642267219044,0.9551294238607532,0.9902664552700989,0.04635773278095601
9307,7,7,1,0.99719065,0.9427991370111364,0.9441921304846572,0.9880110001341375,0.05720086298886362
9308,3,3,1,0.94229996,0.9391618266122794,0.9410424421932758,0.8892930228996342,0.06083817338772057
9309,5,5,1,0.84769195,0.88679072047254,0.8880583796522908,0.8040192786581912,0.11320927952745996
9310,3,3,1,0.6164083,0.6664541294454567,0.6651463191669725,0.6599336015280273,0.3335458705545433
9311,5,5,1,0.99845743,0.958882997029977,0.9601708849648155,0.9928590131474928,0.041117002970022964
9312,9,9,1,0.9998524,0.9603658530203658,0.9617903112628198,0.9909677394270588,0.03963414697963419
9313,7,7,1,0.9172556,0.9261292124767533,0.9276977302698249,0.8880813172805173,0.07387078752324672
9314,6,6,1,0.98652995,0.9524568234472787,0.9538925086594816,0.9814917550813261,0.047543176552721333
9315,7,2,0,0.8089641,0.8428502251438813,0.8434720974651786,0.7983340554023699,0.1571497748561187
9316,3,4,0,0.7120528,0.5856307086857864,0.5811007038100529,0.5590751439931215,0.41436929131421363
9317,6,6,1,0.9983897,0.9603173680396889,0.9617682513190984,0.9879578316159661,0.03968263196031108
9318,4,4,1,0.98700005,0.9523579941568066,0.9540497597762435,0.9694875172979665,0.04764200584319345
9319,3,5,0,0.88666487,0.9325138971812755,0.9340309220901647,0.8822653210012283,0.06748610281872447
9320,9,9,1,0.9999559,0.9427665658691804,0.9442500477669985,0.9924517294882759,0.057233434130819605
9321,4,4,1,0.9890675,0.9493089030622321,0.9509413447117391,0.982203151284466,0.050691096937767854
9322,2,2,1,0.9352693,0.9306673190541694,0.9321220540238437,0.8815569509441333,0.06933268094583056
9323,1,1,1,0.9997105,0.969786370927852,0.9710572355830734,0.9728329451086918,0.030213629072147974
9324,9,9,1,0.99434656,0.9609206984007083,0.9622974554288699,0.9930372924490335,0.03907930159929174
9325,6,6,1,0.84006166,0.7856912750929006,0.7854549800618417,0.6837396308140811,0.2143087249070994
9326,0,0,1,0.9987752,0.9616557992377635,0.9631132089767365,0.9842272675741723,0.03834420076223655
9327,2,6,0,0.4704051,0.5079120500373691,0.504539016525411,0.5218940947211593,0.49208794996263094
9328,6,6,1,0.9997008,0.9502000019065507,0.9520578643305132,0.9890468687466237,0.04979999809344926
9329,7,4,0,0.71011555,0.5655172031873489,0.5610342935983504,0.40120611431281344,0.4344827968126511
9330,4,4,1,0.9847036,0.9585030229793133,0.9600761526415211,0.967583813281556,0.041496977020686665
9331,7,7,1,0.9712378,0.9484612290532384,0.950069567487145,0.9363998975924648,0.051538770946761625
9332,9,9,1,0.9999118,0.9607300053253924,0.9619515856243791,0.9934552364996597,0.03926999467460757
9333,0,0,1,0.99976176,0.9514252802286265,0.9527578266866075,0.9927965131474928,0.04857471977137351
9334,7,7,1,0.9030374,0.8716984641094605,0.8725350193073083,0.8382486014112226,0.1283015358905395
9335,4,4,1,0.99707663,0.9396449414312327,0.9409238561504325,0.992979397371845,0.06035505856876733
9336,3,3,1,0.6693679,0.6271388197649235,0.625359708051645,0.5465372775341949,0.37286118023507653
9337,5,5,1,0.8043883,0.8491694424060432,0.850326826206076,0.8185851187222177,0.1508305575939568
9338,3,3,1,0.76646817,0.6735335568704757,0.6714790216740906,0.6300149877772976,0.32646644312952433
9339,1,1,1,0.99390477,0.9430426554576418,0.944603251202816,0.9797542943875314,0.056957344542358235
9340,1,1,1,0.999846,0.9536301014416569,0.9548346371069965,0.9923077014062439,0.04636989855834306
9341,2,2,1,0.7616784,0.8379441575894646,0.8391222544997078,0.7581216735704155,0.1620558424105354
9342,6,6,1,0.99902225,0.9503900658818889,0.9519455409137197,0.9913887065540056,0.0496099341181111
9343,8,8,1,0.99947566,0.9671092611169267,0.9685314193237409,0.9919446766880313,0.032890738883073256
9344,2,3,0,0.3516233,0.2788539662152326,0.2728464452771692,0.5236687132540266,0.7211460337847674
9345,1,1,1,0.9899888,0.959964010779974,0.961411592845798,0.9830525273424897,0.04003598922002605
9346,7,2,0,0.72704715,0.7301666413496722,0.7294390731909445,0.737428972484914,0.26983335865032776
9347,8,8,1,0.9974765,0.9587789832252094,0.9603441354083506,0.9905442531890261,0.04122101677479062
9348,5,5,1,0.93981063,0.8745349980323155,0.8755915416705383,0.6931698889486866,0.1254650019676845
9349,9,0,0,0.92320144,0.9082450448028212,0.9096628975592308,0.8955124616944821,0.0917549551971788
9350,6,6,1,0.99543625,0.952823463793804,0.9545924230182918,0.9911645628402536,0.047176536206195996
9351,1,1,1,0.94400394,0.929819112529134,0.931315141535144,0.9246297928141256,0.07018088747086604
9352,1,1,1,0.97105956,0.9501616949497752,0.9517908538477929,0.9420235458841617,0.049838305050224796
9353,5,5,1,0.913455,0.917993029160072,0.91966719712232,0.8848151891334627,0.08200697083992803
9354,0,0,1,0.99649954,0.9603280950088673,0.9616655688223116,0.9908242486684129,0.03967190499113271
9355,6,6,1,0.9987839,0.9578636965183204,0.9594659657032191,0.991160048873121,0.04213630348167963
9356,0,0,1,0.9833467,0.9236505334887056,0.9250292765498753,0.9668806110670934,0.07634946651129437
9357,9,9,1,0.92788905,0.9347149263735786,0.936031897275473,0.8984312842603853,0.06528507362642144
9358,2,2,1,0.88227284,0.8890079049494327,0.8902358179903871,0.8349348198376613,0.11099209505056729
9359,6,6,1,0.6332937,0.6173098550250647,0.6141526519608214,0.5725455840226662,0.38269014497493525
9360,5,0,0,0.99637234,0.9512884744774872,0.9529000218544765,0.9865594550062176,0.04871152552251279
9361,8,0,0,0.5513009,0.6617458222882201,0.6603318693241823,0.5999938042842444,0.3382541777117799
9362,9,9,1,0.9140678,0.9147153115409816,0.9160644083544155,0.8812957836462878,0.08528468845901838
9363,5,3,0,0.52373767,0.26135005355090557,0.2536194444088808,0.38081372701499716,0.7386499464490944
9364,5,5,1,0.97664434,0.9423989078179625,0.9441653228808913,0.9606312457104687,0.05760109218203746
9365,6,6,1,0.99843234,0.9626880266509936,0.9642636364797835,0.9898565148005037,0.03731197334900638
9366,2,2,1,0.98067206,0.9538520396071533,0.9554645891773579,0.9706721775484543,0.04614796039284674
9367,9,9,1,0.9129798,0.9310159439047695,0.9323559773214103,0.8967838523686192,0.0689840560952305
9368,1,1,1,0.9998784,0.9671064772828192,0.9683262945523028,0.9915889326362144,0.03289352271718082
9369,5,4,0,0.50279564,0.23853850546814764,0.23035400142118245,0.43919547614937676,0.7614614945318523
9370,8,5,0,0.23687747,0.09560969018436062,0.08962226346695955,0.22264422530607272,0.9043903098156394
9371,8,8,1,0.8775953,0.9078294082252851,0.9095273142837246,0.8620840239958306,0.09217059177471487
9372,7,7,1,0.9750303,0.9519627550699028,0.9536543725559894,0.9547198971606606,0.0480372449300972
9373,1,1,1,0.99961853,0.9621458110016119,0.9635876140760256,0.9921043881524588,0.037854188998388105
9374,7,7,1,0.99182445,0.952017345849945,0.9533719954414582,0.9858960824177311,0.04798265415005498
9375,3,5,0,0.6677265,0.6981141946501175,0.697069462873742,0.7071927558123646,0.3018858053498825
9376,5,5,1,0.44778696,0.5099804816181093,0.5068667635547855,0.4644582844673554,0.49001951838189073
9377,4,4,1,0.9900497,0.9414015104267308,0.9429122311350784,0.9854676701528409,0.058598489573269186
9378,9,9,1,0.9955764,0.9665605474854981,0.9678187810006564,0.9913364517699574,0.033439452514501866
9379,7,7,1,0.99149007,0.9543662935602428,0.9558036636388294,0.9853063495296921,0.04563370643975717
9380,5,3,0,0.7590547,0.8293016442700754,0.8300327625050092,0.7356431027522364,0.17069835572992464
9381,2,2,1,0.98267937,0.9550210442082843,0.9567264323184241,0.9522073051508309,0.044978955791715736
9382,9,9,1,0.9766907,0.9539137818716814,0.9552655104192768,0.939005718331329,0.04608621812831859
9383,9,0,0,0.50632054,0.3968204035083315,0.39053951043327084,0.308427419053383,0.6031795964916685
9384,4,4,1,0.61609256,0.8397633882139907,0.8417278665733297,0.7314321984824546,0.16023661178600934
9385,7,6,0,0.3667566,0.19478222980158516,0.1867605609555861,0.318739501217442,0.8052177701984149
9386,4,2,0,0.9338541,0.9194460364586163,0.9211100861146745,0.9104536925903708,0.08055396354138367
9387,1,1,1,0.9996984,0.9605817017926558,0.9621008564001894,0.9883973627227526,0.039418298207344216
9388,3,3,1,0.99564373,0.9459321002558548,0.9477330605253111,0.9896047288579333,0.054067899744145165
9389,8,8,1,0.53040946,0.5974879346709078,0.5953317963158189,0.4438475069168147,0.40251206532909223
9390,7,7,1,0.89205635,0.9168658888018477,0.918269628781439,0.8374289664401576,0.08313411119815228
9391,9,9,1,0.9932017,0.9636530671692007,0.9649847289396241,0.9761221548523477,0.03634693283079926
9392,0,0,1,0.9954331,0.9709103017150541,0.9720867164533212,0.9866044786530145,0.029089698284945897
9393,4,4,1,0.94807774,0.9319382618523759,0.9337447350912768,0.8870150711536293,0.06806173814762406
9394,5,5,1,0.93731433,0.8953424486112294,0.8965550046028301,0.8627835039925138,0.10465755138877064
9395,7,7,1,0.9915364,0.9626623441948873,0.9641082685848587,0.9862890398952844,0.037337655805112724
9396,5,5,1,0.98657006,0.9485396694687015,0.9500360963478465,0.9788649712972368,0.051460330531298504
9397,2,2,1,0.95063245,0.9196710064091397,0.9210092703230268,0.9375128483063772,0.08032899359086032
9398,8,8,1,0.507991,0.6921416903956503,0.6917718467188384,0.6423517792386092,0.3078583096043497
9399,7,7,1,0.98908335,0.9626865716167717,0.9640495065239538,0.9803078903022864,0.037313428383228264
9400,6,6,1,0.9689164,0.9384574030742444,0.9399416430848869,0.9444973164428845,0.06154259692575559
9401,9,9,1,0.7661315,0.8292611277833346,0.829923427986462,0.73435503873423,0.1707388722166654
9402,6,2,0,0.5532933,0.4134765317037911,0.4067663736507158,0.42273730990480635,0.5865234682962088
9403,9,9,1,0.9538024,0.9470666596225218,0.9488394088739276,0.9315340917762116,0.05293334037747821
9404,3,6,0,0.6176182,0.29259758504446826,0.2846224675515175,0.3890985856605381,0.7074024149555318
9405,8,8,1,0.9939541,0.9588734955246814,0.9603500886460175,0.9836524956866093,0.041126504475318626
9406,5,5,1,0.98870707,0.9561573924291237,0.9579303699051583,0.9825846270514367,0.043842607570876324
9407,6,6,1,0.87918663,0.900541549824516,0.9023278935898656,0.8401929380170806,0.09945845017548405
9408,6,6,1,0.87707525,0.779489194368066,0.7781247617922097,0.6456792448683796,0.22051080563193404
9409,9,9,1,0.9933849,0.9620169345620286,0.9633899410485915,0.9869758485916162,0.037983065437971364
9410,5,5,1,0.9659809,0.9393972680254876,0.9410178525079558,0.9456697781077352,0.06060273197451238
9411,7,7,1,0.9093286,0.920885930626954,0.922232576952863,0.8894191096520448,0.07911406937304599
9412,8,8,1,0.9996125,0.9596982971636304,0.9611532990353441,0.990837205795384,0.04030170283636958
9413,0,0,1,0.9997507,0.9595569514116855,0.9611400906662163,0.985619006924156,0.04044304858831449
9414,5,3,0,0.72053456,0.8480721006121282,0.8492602639225395,0.7270254120498215,0.15192789938787177
9415,0,0,1,0.987166,0.9560477468535945,0.9576572860013188,0.9675725061536007,0.043952253146405496
9416,7,7,1,0.63794076,0.6753216488114216,0.673701813557701,0.7664530419952905,0.32467835118857835
9417,4,4,1,0.68184435,0.7899785223872586,0.7910705084837184,0.702053029091602,0.21002147761274137
9418,8,8,1,0.8533313,0.8154400420494297,0.8152138399473914,0.7814230406534164,0.18455995795057034
9419,2,2,1,0.97670346,0.9418426687891659,0.9433417666988062,0.9577285008368455,0.05815733121083411
9420,5,5,1,0.98552483,0.9562982798486115,0.9578034546156569,0.9736531459081803,0.04370172015138851
9421,1,1,1,0.8829277,0.8797296987808897,0.8805577866163881,0.798477667437233,0.12027030121911031
9422,3,3,1,0.7729315,0.8517152044328563,0.8529360669818797,0.7741230535697534,0.1482847955671437
9423,2,2,1,0.9987005,0.9540055567900833,0.9556527662496155,0.9861456155113407,0.04599444320991675
9424,2,2,1,0.9935822,0.9475607646270765,0.949040480698737,0.9769467708800206,0.0524392353729235
9425,6,6,1,0.982951,0.939004437765931,0.9406472301997224,0.9706581233054322,0.06099556223406899
9426,2,4,0,0.7844482,0.8379074038458038,0.8388748414410937,0.7891094584352217,0.16209259615419624
9427,1,1,1,0.99988925,0.9558894634091037,0.9573403005476148,0.9930717606604398,0.044110536590896254
9428,7,7,1,0.7135366,0.5941528396170843,0.5903410026468124,0.6122205080567095,0.4058471603829157
9429,4,4,1,0.8955108,0.8121012971339697,0.8124125034362659,0.7402368118067804,0.18789870286603028
9430,6,6,1,0.55625373,0.488470379975784,0.4847447252184853,0.4768106263122748,0.511529620024216
9431,3,5,0,0.6614887,0.8531750989986492,0.8547786407136523,0.759541868084701,0.14682490100135082
9432,1,1,1,0.9961754,0.9692703998028724,0.9704745399917969,0.9845562977513259,0.03072960019712756
9433,3,3,1,0.8258281,0.9049690189522615,0.9064315367023209,0.8522662725170461,0.09503098104773855
9434,7,2,0,0.40040466,0.24864407241263747,0.2413206862188251,0.3213783452130906,0.7513559275873625
9435,2,5,0,0.81553286,0.8936499339272819,0.8953508911345384,0.8614604390914823,0.10635006607271813
9436,1,6,0,0.32030985,0.3768082562888409,0.37211601636903174,0.39853141373232476,0.6231917437111592
9437,3,3,1,0.3899968,0.43032202104523815,0.4244270369544229,0.41922032794015507,0.5696779789547619
9438,7,7,1,0.64194596,0.6514493702791428,0.649847306604591,0.6292968057011944,0.34855062972085715
9439,0,0,1,0.99110985,0.9494748320377763,0.9510409099064647,0.9788182810478,0.05052516796222373
9440,8,8,1,0.958199,0.944768063355004,0.9462242840871345,0.9421198653924033,0.05523193664499604
9441,4,4,1,0.74664444,0.786900383965216,0.7870454196853438,0.7566741527771689,0.213099616034784
9442,4,4,1,0.9308723,0.9100778476576323,0.9115974635049765,0.9136677148793848,0.08992215234236767
9443,5,5,1,0.7077088,0.8504744572632317,0.851640470004612,0.7118295353282305,0.14952554273676832
9444,7,7,1,0.88693637,0.8310524966863572,0.8316148024279721,0.7108780581735175,0.16894750331364283
9445,9,9,1,0.4712556,0.1512541306017561,0.14292395614517486,0.24442250854300213,0.8487458693982439
9446,5,5,1,0.76537925,0.844733244816112,0.8454850061951545,0.7532159236073112,0.155266755183888
9447,4,4,1,0.9189283,0.9230823257372371,0.9247543279881288,0.8908554860482221,0.07691767426276286
9448,3,3,1,0.6464058,0.8214674172901961,0.8223723533472616,0.692697269146446,0.17853258270980388
9449,9,0,0,0.86749667,0.8743714756015167,0.875649819654992,0.8249659774101942,0.12562852439848327
9450,6,6,1,0.77951604,0.7120869952408079,0.7109693115556234,0.595512604640549,0.2879130047591921
9451,8,8,1,0.6332244,0.7737308626499413,0.7741123347529044,0.6804073336651504,0.2262691373500587
9452,2,0,0,0.44582275,0.7206842836668084,0.7214507024870662,0.5782838733224349,0.27931571633319163
9453,3,3,1,0.7781324,0.8438851546414753,0.845266632170815,0.7281172076185689,0.1561148453585247
9454,3,6,0,0.46504694,0.3234068380681613,0.31650349208398787,0.3239105043917292,0.6765931619318387
9455,1,1,1,0.9532106,0.9295390944632764,0.930944593283939,0.9217667177383901,0.07046090553672357
9456,6,6,1,0.9987134,0.9583589133131888,0.959918251181109,0.9914492010386405,0.04164108668681121
9457,1,9,0,0.5701532,0.39983369917719047,0.3934607222499932,0.3400322991528192,0.6001663008228095
9458,7,7,1,0.9997023,0.9509638231704957,0.9523481392249532,0.9927808943949467,0.04903617682950434
9459,0,0,1,0.92484593,0.9391148751588059,0.9405778275239045,0.9257525307833334,0.06088512484119413
9460,3,3,1,0.96664107,0.943585194958836,0.9451816125999276,0.9485732149036071,0.05641480504116403
9461,4,4,1,0.90127826,0.9069123544107118,0.908283741721237,0.8625434796773959,0.09308764558928817
9462,2,0,0,0.89467776,0.7969772883216577,0.796251822944472,0.7433241590718412,0.2030227116783423
9463,9,1,0,0.47952121,0.48182448485232204,0.4768437001727847,0.3311621154096778,0.5181755151476779
9464,4,4,1,0.48490745,0.7294818764267904,0.730783540371648,0.5742356227671437,0.2705181235732096
9465,5,4,0,0.297943,0.20460330073372504,0.19765783940365672,0.29209744245274905,0.795396699266275
9466,8,8,1,0.9997316,0.9563223696745415,0.957830379580032,0.9915432706019139,0.04367763032545846
9467,2,2,1,0.83914685,0.8619438045981929,0.8629996786684965,0.8337511398328352,0.13805619540180714
9468,7,3,0,0.4336904,0.34512774817567726,0.3385092020731684,0.43998858436798327,0.6548722518243227
9469,0,0,1,0.9824091,0.9525553055944036,0.9540545216016443,0.957292578425272,0.0474446944055964
9470,9,9,1,0.9997588,0.9529124078524391,0.9543759130161098,0.9928828063385005,0.047087592147560864
9471,6,6,1,0.46137807,0.14894992745085672,0.1422347195688076,0.3136502254386524,0.8510500725491432
9472,8,8,1,0.99925643,0.9606510241720624,0.9620726993982026,0.9900595735289853,0.039348975827937616
9473,0,0,1,0.98660266,0.9490748833425068,0.9507778242028473,0.9644050365166384,0.05092511665749322
9474,8,8,1,0.9990175,0.9621421031409023,0.9636138258608942,0.9904554846645068,0.037857896859097684
9475,2,2,1,0.98362666,0.9410899921394252,0.9426791661260995,0.9611585020812464,0.058910007860574765
9476,8,8,1,0.9934855,0.9578762331210824,0.9593319921217848,0.9863741531511535,0.04212376687891761
9477,5,5,1,0.9788472,0.949350939211978,0.9510618132458436,0.9673608788280407,0.050649060788022005
9478,7,7,1,0.99225473,0.9579336939728005,0.9593319501304148,0.9780357767145738,0.04206630602719952
9479,7,7,1,0.9966624,0.9523611598500267,0.9540758960234605,0.9885163365598372,0.04763884014997333
9480,2,2,1,0.98481303,0.9552434517040137,0.9569447068682444,0.9409137820100587,0.0447565482959863
9481,2,2,1,0.9764455,0.9504744652169599,0.9521653410289146,0.9563938238488099,0.049525534783040115
9482,0,0,1,0.9804575,0.9698185564359176,0.9709909594325882,0.8452095769281841,0.030181443564082366
9483,0,0,1,0.9608089,0.9299373005128094,0.9314375205448594,0.9178333580979384,0.07006269948719057
9484,0,0,1,0.632762,0.619764715348744,0.6174170437892469,0.5777801483930788,0.380235284651256
9485,7,7,1,0.9593628,0.9403797434927442,0.9419771605665211,0.9484870713121396,0.059620256507255776
9486,4,4,1,0.96583253,0.9372318161272452,0.9387977067053996,0.9467840241419235,0.06276818387275485
9487,1,1,1,0.999984,0.9522973052052052,0.9538979015529735,0.9920246716538413,0.04770269479479483
9488,6,6,1,0.9824964,0.9483834537090893,0.9501017455756968,0.9512615535432445,0.051616546290910725
9489,6,6,1,0.997835,0.9693071302225607,0.9709080646386044,0.979541692772298,0.030692869777439347
9490,8,8,1,0.86613137,0.8924883923113812,0.8937742964516612,0.8406737414267007,0.10751160768861878
9491,8,8,1,0.9839653,0.9424483291102016,0.9440881163586048,0.9707155389022847,0.0575516708897984
9492,9,9,1,0.8498799,0.9139191667494655,0.9153618286696932,0.8693857470894993,0.0860808332505345
9493,0,0,1,0.999777,0.9569813707253507,0.958371509323845,0.9853659005461987,0.04301862927464928
9494,9,9,1,0.9062502,0.930477860659501,0.9319456988691405,0.8889362708894372,0.069522139340499
9495,0,0,1,0.9959479,0.9589608219908168,0.9605902970265907,0.9819748529828943,0.04103917800918322
9496,1,1,1,0.99999607,0.9546222597058198,0.9558590221218426,0.9928590131474928,0.04537774029418018
9497,3,6,0,0.8592887,0.8625988433870724,0.8634424170846612,0.8705684945492993,0.13740115661292762
9498,3,6,0,0.6906998,0.8715365552497578,0.8733003581831361,0.7721632980685197,0.12846344475024218
9499,0,0,1,0.9991732,0.9616821135062862,0.9630754042083323,0.9837589052622162,0.038317886493713815
9500,9,9,1,0.99203825,0.9590061327979305,0.9605573996598544,0.9852043806341253,0.040993867202069545
9501,6,0,0,0.9736136,0.9385902508445613,0.94015404548923,0.9585447771634343,0.06140974915543873
9502,6,6,1,0.9276339,0.920358566028731,0.9218539170294523,0.8805472917491602,0.079641433971269
9503,2,4,0,0.6131506,0.6578934467462302,0.6556178857164406,0.6692183644302312,0.3421065532537698
9504,6,6,1,0.9991942,0.9496894727143947,0.9514881961283872,0.9869806390755188,0.050310527285605255
9505,3,5,0,0.5603782,0.7539367669000931,0.7550561146264813,0.7019149282130104,0.24606323309990685
9506,4,2,0,0.935444,0.9052810172574498,0.9066792492728817,0.8933551046306447,0.0947189827425502
9507,0,0,1,0.98932564,0.9602217252460287,0.9616621614699554,0.9702786259496512,0.03977827475397133
9508,8,8,1,0.9597091,0.9319210906596835,0.9332115812287708,0.937375680848974,0.06807890934031646
9509,4,4,1,0.989073,0.9487832559333234,0.950180497215387,0.9815065451130246,0.051216744066676645
9510,1,1,1,0.99857605,0.9645881475627421,0.9659720580018701,0.9926412126916279,0.03541185243725786
9511,4,4,1,0.94683534,0.9235485427765765,0.925151800158812,0.8980990922374954,0.0764514572234235
9512,0,0,1,0.9992138,0.9490816309604673,0.9508449016795022,0.9802383109377619,0.05091836903953273
9513,6,6,1,0.7384185,0.7152567516156081,0.7138142251888435,0.6462123966907563,0.2847432483843919
9514,5,3,0,0.30314177,0.1033241411915918,0.09800677311755736,0.4468038412674005,0.8966758588084082
9515,0,0,1,0.9966884,0.9623744733534899,0.9637408726556677,0.9921602770454078,0.03762552664651009
9516,9,9,1,0.9999151,0.9627645981466874,0.9641118170609917,0.992627714778214,0.037235401853312644
9517,9,9,1,0.6767029,0.5340366489377811,0.5289125724485848,0.5845738021600488,0.46596335106221887
9518,9,1,0,0.98936254,0.9564112183673746,0.9578558600668537,0.9803203763718039,0.04358878163262536
9519,9,9,1,0.99998295,0.9491739742158266,0.9503615447961252,0.9933877344209132,0.05082602578417339
9520,1,1,1,0.9996112,0.9824072355884972,0.9834306419986878,0.9713573913706923,0.017592764411502815
9521,2,2,1,0.9048318,0.8981715684926138,0.8994609996510335,0.8732543834386193,0.10182843150738619
9522,3,2,0,0.9519488,0.9296986643867147,0.9313989688148763,0.9040824777542242,0.07030133561328533
9523,5,5,1,0.87983,0.9139147347622579,0.9155394449341735,0.8736879220812327,0.08608526523774207
9524,4,4,1,0.999595,0.9558299687563068,0.9573924423833046,0.9922354258006121,0.04417003124369323
9525,2,2,1,0.9906183,0.9528403273274708,0.9543622346878159,0.9835032408921236,0.047159672672529185
9526,9,9,1,0.85283387,0.8305107853490998,0.8313487776778455,0.7327677794108767,0.16948921465090017
9527,6,6,1,0.73137,0.5323251444222191,0.5253036595676707,0.6184071343114341,0.4676748555777809
9528,0,8,0,0.44113356,0.38224705628380756,0.3758989392074788,0.47382640654799135,0.6177529437161924
9529,9,9,1,0.96670014,0.9570033787150525,0.9583982105613144,0.920372528731438,0.04299662128494752
9530,6,6,1,0.99797314,0.9659171707674347,0.9670926196079259,0.9832928348194495,0.03408282923256534
9531,6,6,1,0.9994337,0.9565235722016412,0.9579709064324152,0.9911922483598639,0.04347642779835881
9532,8,8,1,0.99888974,0.9585071755319465,0.9598999890173489,0.9920721807708301,0.04149282446805347
9533,0,0,1,0.9712276,0.9385363712678624,0.9401579413699632,0.9344854760285637,0.06146362873213762
9534,6,6,1,0.9538576,0.9456450288759015,0.9472518504431405,0.9477623768828384,0.05435497112409848
9535,1,1,1,0.84337,0.9036886034547338,0.9049322835698194,0.7926747751288166,0.09631139654526621
9536,4,4,1,0.90569687,0.8933380082500794,0.89461316980145,0.8696050669052445,0.10666199174992064
9537,6,6,1,0.9998944,0.956335824916626,0.957705418561651,0.9936008530449252,0.043664175083373946
9538,8,8,1,0.77461463,0.8334367296864637,0.8338844776260076,0.7585191437962914,0.16656327031353635
9539,0,0,1,0.99772173,0.9647573010409568,0.9660154763811005,0.9853395409051764,0.035242698959043195
9540,5,5,1,0.95785856,0.9417653663784724,0.9432994600342818,0.9395316165871344,0.05823463362152759
9541,4,4,1,0.95598644,0.9375124833497956,0.9390954325649915,0.9457220402467915,0.062487516650204356
9542,1,1,1,0.8880792,0.9127081925218035,0.9140034325013163,0.849125437462985,0.08729180747819654
9543,2,2,1,0.99930906,0.9575787422338079,0.9590760707627521,0.9920677554506857,0.0424212577661921
9544,0,0,1,0.9842768,0.955388334048392,0.9567678912061216,0.9759203639644476,0.04461166595160804
9545,9,9,1,0.9998442,0.958049841126053,0.9593033833009623,0.9918464163980067,0.04195015887394704
9546,6,6,1,0.9953551,0.9608190137826765,0.9622981656616975,0.9873402615256147,0.039180986217323466
9547,4,4,1,0.99989724,0.9414309243403893,0.9430664175870818,0.9883392129562588,0.05856907565961067
9548,2,2,1,0.98712873,0.9577469441543164,0.9590891049236706,0.9820857736654558,0.04225305584568362
9549,4,4,1,0.9644622,0.9430324389763618,0.9444675972077692,0.9431094877014999,0.0569675610236382
9550,6,6,1,0.9987557,0.9452657393530874,0.9467712823671116,0.9917606581150713,0.05473426064691256
9551,5,4,0,0.4344102,0.18648335934631213,0.17911152044333817,0.37036920569232884,0.8135166406536879
9552,9,9,1,0.99865144,0.9641500241453225,0.9654214501019179,0.9928406980870101,0.03584997585467753
9553,7,7,1,0.49801853,0.6861648197870803,0.6853231021527816,0.6203345498238187,0.3138351802129197
9554,7,7,1,0.9997515,0.9522538265695267,0.9535355665617259,0.987325647144059,0.04774617343047327
9555,4,4,1,0.40569636,0.32963884855690717,0.3229248493267913,0.41132865766095583,0.6703611514430928
9556,6,2,0,0.7093888,0.7632223247131885,0.7633224943421261,0.768807276075826,0.23677767528681148
9557,5,5,1,0.5015808,0.751871485882897,0.7533626505239536,0.6199707754262926,0.24812851411710302
9558,0,0,1,0.9989974,0.9557822151734244,0.9573230552595288,0.9910683215494999,0.04421778482657557
9559,1,1,1,0.989019,0.9615983000310132,0.9628856829315635,0.979874503343534,0.03840169996898679
9560,9,9,1,0.77499807,0.84335156170839,0.8443115648797118,0.761171007376916,0.15664843829161001
9561,0,0,1,0.99972147,0.9519865169775983,0.9533638226402277,0.9919039941813029,0.048013483022401715
9562,3,3,1,0.77043337,0.770507339970989,0.770147059121606,0.725644941488966,0.22949266002901103
9563,1,2,0,0.6310949,0.6844773531823075,0.6827745177300306,0.6720257724958358,0.3155226468176925
9564,9,9,1,0.99978656,0.9556547613937892,0.9571830419860441,0.9928828063385005,0.04434523860621076
9565,0,0,1,0.9998022,0.9535809330580118,0.9549842315823405,0.9914231903333146,0.04641906694198816
9566,9,9,1,0.99841607,0.9592644101999717,0.9605663822785498,0.9919716050257034,0.04073558980002834
9567,7,7,1,0.965943,0.8725598106872029,0.8739580334601693,0.8174625758030826,0.1274401893127971
9568,8,8,1,0.99243486,0.9513231618986934,0.9530883978139589,0.9841773625911459,0.04867683810130663
9569,6,6,1,0.976395,0.9538495184250058,0.9554824924393973,0.9552033654902969,0.04615048157499424
9570,7,7,1,0.87631804,0.9045283172247469,0.905822187481421,0.8452767950088004,0.09547168277525309
9571,6,6,1,0.9600397,0.9337833401341052,0.9353362095419517,0.9478595904796623,0.06621665986589476
9572,8,8,1,0.99943846,0.9574215078093392,0.9590421680066789,0.9916662671599057,0.04257849219066079
9573,2,2,1,0.592746,0.5431787350189314,0.5394744686196253,0.6140556600506102,0.45682126498106856
9574,4,4,1,0.9968658,0.953433273622476,0.9550069713688244,0.9911647184932632,0.046566726377524015
9575,5,5,1,0.8670795,0.8920939529364841,0.8933754158173468,0.8273558690164985,0.10790604706351592
9576,3,3,1,0.6821251,0.680282023549213,0.6774153498967789,0.7134800010148663,0.31971797645078703
9577,0,0,1,0.9975683,0.9613030977630099,0.9627608325789149,0.9816132983211486,0.03869690223699007
9578,3,3,1,0.7399874,0.8193734129308693,0.820482299088718,0.7760234644802277,0.1806265870691307
9579,2,6,0,0.6173773,0.5739507322671036,0.5713268862269651,0.531509815402921,0.4260492677328964
9580,1,1,1,0.9999907,0.9493452679880565,0.9509205446616878,0.9908366754570731,0.05065473201194348
9581,7,7,1,0.9996804,0.9474626282181873,0.9490200733370796,0.990095948237447,0.052537371781812725
9582,5,5,1,0.883361,0.9097189774014867,0.9113969639884102,0.8613558367228782,0.09028102259851334
9583,9,9,1,0.98649824,0.9546405139143632,0.9561618755887693,0.9798056229029435,0.04535948608563678
9584,3,3,1,0.7537125,0.8729555744921651,0.8747285939507193,0.7506800356906054,0.1270444255078349
9585,4,4,1,0.76564693,0.8532118694460833,0.8542386082990945,0.7629841112944128,0.1467881305539167
9586,5,5,1,0.5141505,0.6561595571673549,0.6569854816717942,0.5410907651614181,0.34384044283264514
9587,7,3,0,0.36855328,0.3142720863820977,0.3068278561994007,0.4224535463681904,0.6857279136179023
9588,1,1,1,0.99994135,0.965358727325013,0.9666137632297215,0.9832135370873304,0.034641272674986956
9589,5,5,1,0.9659217,0.9406461762249101,0.9424422644939437,0.9441370775055848,0.05935382377508991
9590,0,0,1,0.7496204,0.6239555124903752,0.620825585674216,0.5649507113420343,0.3760444875096248
9591,1,1,1,0.9999869,0.9559925072936334,0.9576677946458345,0.9781266229967422,0.04400749270636661
9592,1,1,1,0.9999938,0.9543484879406765,0.9555317551245672,0.9930963624973753,0.045651512059323496
9593,1,1,1,0.5343144,0.1540168889277138,0.1462262653717236,0.27634117092800464,0.8459831110722862
9594,9,9,1,0.78547925,0.8155078587403205,0.8163332577352131,0.760314250941738,0.1844921412596795
9595,7,7,1,0.86418855,0.9014273490051494,0.9029416425816732,0.8733649801854155,0.09857265099485057
9596,5,5,1,0.8574885,0.9210860423496818,0.9227845814562343,0.8666508836973774,0.07891395765031817
9597,4,4,1,0.50596255,0.7371389450346546,0.7373708281887003,0.6211372950336664,0.2628610549653454
9598,9,9,1,0.9954516,0.9522885443460483,0.9536363632716094,0.9936270663642149,0.04771145565395174
9599,7,7,1,0.9979678,0.9782811522115373,0.9793540933542871,0.8886024128687227,0.02171884778846267
9600,8,8,1,0.98942435,0.9564151005877454,0.9578929804106269,0.9792603691448784,0.04358489941225463
9601,1,1,1,0.8654896,0.8423513506373638,0.8424083552284449,0.7741595067503048,0.15764864936263623
9602,0,0,1,0.99807537,0.9642219259279228,0.9657448375210059,0.9841937118889617,0.035778074072077226
9603,2,2,1,0.99903655,0.9558029167205945,0.9573552317127811,0.991584279320782,0.044197083279405525
9604,8,8,1,0.7818865,0.789839357851412,0.7896153443840912,0.7559980754407486,0.21016064214858798
9605,5,5,1,0.51832575,0.5072929906412935,0.502383677079766,0.5059724792687628,0.4927070093587065
9606,6,6,1,0.48924333,0.31370085787986673,0.30641041449918993,0.4145200781423383,0.6862991421201332
9607,7,7,1,0.8784109,0.9123592077854138,0.9138869444418596,0.8674878215977628,0.0876407922145862
9608,0,0,1,0.9259179,0.9305319745470509,0.9323320250343633,0.8976385246021702,0.06946802545294906
9609,1,1,1,0.6108955,0.6681792743375947,0.6656079723108926,0.5729620691954442,0.3318207256624053
9610,4,4,1,0.9999244,0.9449901721015692,0.9464948151626359,0.9915410545197855,0.055009827898430785
9611,8,8,1,0.99664223,0.9561971592328973,0.9577902021525722,0.9919886190714184,0.043802840767102724
9612,4,4,1,0.5253472,0.4127935246699185,0.4066891683030233,0.375671043084268,0.5872064753300815
9613,4,4,1,0.94742405,0.9355249329052671,0.9371788582791633,0.9420418343717732,0.06447506709473294
9614,6,6,1,0.9999932,0.9416172374326539,0.9431364086201377,0.9931268320737945,0.05838276256734609
9615,6,6,1,0.99980813,0.9374816253850671,0.9391096196222436,0.9885030644121445,0.06251837461493293
9616,5,2,0,0.41247213,0.19774821496356934,0.19061142470115053,0.3764036806265446,0.8022517850364307
9617,8,8,1,0.587488,0.7656221265260654,0.7660845597611274,0.6706236232086605,0.23437787347393457
9618,1,1,1,0.99999046,0.9589153800267363,0.9602729467111787,0.9900696888004821,0.041084619973263736
9619,8,8,1,0.9969528,0.9587413847780404,0.9602159805523888,0.9894993217185162,0.041258615221959616
9620,4,4,1,0.99340206,0.9398984240267996,0.9412512213022246,0.9867051483555558,0.06010157597320043
9621,6,6,1,0.9944285,0.9560748727200593,0.9574540676658405,0.9902467079686517,0.04392512727994069
9622,5,5,1,0.63291216,0.601639341921969,0.5982360968590683,0.5949796206580497,0.398360658078031
9623,9,9,1,0.99996555,0.9525747906183023,0.95386950350696,0.9930713091365511,0.0474252093816977
9624,2,2,1,0.84889394,0.8641309504581962,0.8650210957252257,0.8361411296159773,0.1358690495418038
9625,2,0,0,0.61611396,0.776831411887831,0.7782056405843433,0.6492822558215648,0.223168588112169
9626,1,1,1,0.9508067,0.915936073256592,0.9172943023316417,0.9119374248299323,0.08406392674340801
9627,4,4,1,0.8280201,0.8183768715908573,0.8186690479109918,0.8345701086554694,0.18162312840914274
9628,9,9,1,0.999925,0.9509145072590774,0.952317414737186,0.9926605712476081,0.049085492740922554
9629,1,1,1,0.99942386,0.9474859407703203,0.9491098485920137,0.9886146440482361,0.052514059229679666
9630,6,6,1,0.9592598,0.9374600449693947,0.9391017240762428,0.9384939709860339,0.06253995503060528
9631,7,7,1,0.9914513,0.9482083577524968,0.9495936547556878,0.9858419829264203,0.05179164224750321
9632,2,2,1,0.99997485,0.9498234197250428,0.9514034799250097,0.9914972658998731,0.050176580274957194
9633,0,3,0,0.55711406,0.44285282640065143,0.43755065734050264,0.4524640626503716,0.5571471735993485
9634,1,1,1,0.9999517,0.9545580348334948,0.9559235380028939,0.9932691804007604,0.04544196516650523
9635,7,4,0,0.54151946,0.5684721372884131,0.5651685797965608,0.5788081632839244,0.43152786271158694
9636,6,6,1,0.9903488,0.9534498520430743,0.9551296911467437,0.9804923171304374,0.04655014795692569
9637,5,5,1,0.75103503,0.9113196369220887,0.913222102066182,0.8276847322367022,0.08868036307791127
9638,2,2,1,0.999951,0.9460035124649062,0.9475132670560427,0.9909490106114112,0.053996487535093785
9639,2,2,1,0.99547595,0.9499099535211283,0.9515472861237483,0.9885541457668663,0.05009004647887172
9640,5,2,0,0.8018293,0.7625796010451522,0.7625942449365408,0.6442592573081192,0.2374203989548478
9641,6,3,0,0.89473057,0.8873301835616522,0.888630003619975,0.8676759286425502,0.11266981643834784
9642,0,0,1,0.98573524,0.9610693644200252,0.9624879397805882,0.9688859100260216,0.03893063557997478
9643,9,0,0,0.99787426,0.9665807050884944,0.9678712284281533,0.9919154497870061,0.03341929491150564
9644,0,0,1,0.9297508,0.9399764320617929,0.9415274110677331,0.9006009069975651,0.06002356793820707
9645,1,1,1,0.9999919,0.9541741535591773,0.9552977208496,0.9926864895926164,0.04582584644082266
9646,5,4,0,0.66762495,0.7378981597037089,0.7381616781202346,0.7423492684783461,0.26210184029629113
9647,3,3,1,0.7506371,0.8415304186735156,0.8422960362289369,0.7264499067883099,0.15846958132648437
9648,3,3,1,0.8542996,0.9049077552339438,0.9063093639822686,0.8621178026396771,0.09509224476605616
9649,5,5,1,0.9966498,0.9593847199908675,0.9609301482647747,0.9865774764252997,0.040615280009132504
9650,8,8,1,0.8948517,0.9307952844998206,0.9323205740567196,0.8819632152605543,0.06920471550017937
9651,7,7,1,0.9834816,0.9523086420552186,0.9538443538219955,0.9712815978214845,0.04769135794478141
9652,5,0,0,0.36122477,0.07716467386145245,0.07181376594615745,0.24907384743276859,0.9228353261385476
9653,6,6,1,0.99757224,0.9515829838258991,0.9532434944199449,0.9860579996335224,0.04841701617410088
9654,5,5,1,0.83082867,0.895035986226907,0.8965711616400521,0.8585192523569749,0.10496401377309295
9655,8,8,1,0.9971771,0.9530657918592192,0.9545111938915705,0.992593500523423,0.04693420814078075
9656,0,0,1,0.99593276,0.9538654591157648,0.9552989848282114,0.9911899657233725,0.04613454088423519
9657,5,5,1,0.4053142,0.7002575188465366,0.7004626581105312,0.6249428472299596,0.29974248115346336
9658,9,9,1,0.99326646,0.9601211504889215,0.9616274871094161,0.985387277310285,0.03987884951107845
9659,4,4,1,0.74851996,0.8947902638050479,0.8966771288167447,0.8232827512070642,0.10520973619495211
9660,6,6,1,0.99876523,0.9708874814618591,0.972059499612771,0.9890028806712202,0.029112518538140897
9661,5,5,1,0.7315797,0.8490705824534803,0.8500180956095575,0.7688534222917767,0.15092941754651967
9662,1,1,1,0.9998129,0.9416206513343278,0.9428657478472074,0.9938978355331264,0.05837934866567218
9663,1,1,1,0.99989426,0.9668269353167132,0.9681001471653001,0.9842327440744724,0.033173064683286846
9664,0,0,1,0.9963211,0.9571821166848853,0.9586001457312312,0.990454968685996,0.04281788331511471
9665,3,3,1,0.66947865,0.6575010018264557,0.6563732438490526,0.6457606627741102,0.34249899817354434
9666,3,3,1,0.8384822,0.9046925469239406,0.9064164593955174,0.8668013508403419,0.09530745307605937
9667,9,9,1,0.99688077,0.9609749319768767,0.9623564911036643,0.9926646189842739,0.03902506802312333
9668,4,4,1,0.97590804,0.9388965257406549,0.9403048625309285,0.9663376979072572,0.06110347425934515
9669,8,8,1,0.99695516,0.9602735165273142,0.9617335809464794,0.9901883894997511,0.039726483472685814
9670,1,1,1,0.9998159,0.9488086766709681,0.9502635764534464,0.9881432066673169,0.05119132332903187
9671,7,7,1,0.99495345,0.9598585998054293,0.9612104354179983,0.9870835717813427,0.04014140019457069
9672,7,7,1,0.9774664,0.954197869317212,0.9556565000181364,0.9728925331188502,0.045802130682788045
9673,9,9,1,0.97064745,0.9550531153952264,0.9566889301820549,0.9607018309928713,0.044946884604773585
9674,9,9,1,0.99980944,0.9453817690422858,0.9467541266639304,0.9931328175436227,0.05461823095771423
9675,4,4,1,0.8194924,0.8495406838411412,0.8502095347639069,0.8159857904763069,0.15045931615885877
9676,3,8,0,0.43618006,0.3085633430222887,0.3016154578960897,0.45455956502367767,0.6914366569777113
9677,6,6,1,0.9997305,0.957268802910766,0.9588460305078087,0.9910898225231175,0.04273119708923401
9678,3,3,1,0.419461,0.6014825571884078,0.5999146127248872,0.5350690247420654,0.3985174428115922
9679,2,2,1,0.9737355,0.952993157319165,0.9548704101265384,0.9476744179920759,0.04700684268083499
9680,8,8,1,0.9953963,0.9643893995166071,0.965792049988965,0.991767664939778,0.03561060048339293
9681,2,2,1,0.99861145,0.9603329143243302,0.9619705082486306,0.988624319209691,0.03966708567566979
9682,7,7,1,0.91806847,0.8996339132954168,0.9009348791459083,0.9006161274722015,0.10036608670458325
9683,6,6,1,0.83266413,0.832035581741248,0.832567793052569,0.8353042912440725,0.16796441825875197
9684,7,7,1,0.9718248,0.9489808698992028,0.9503806876027177,0.9427583398693146,0.05101913010079717
9685,0,0,1,0.99488246,0.9526099712268389,0.9541955250731445,0.988783705625153,0.04739002877316112
9686,2,2,1,0.8239479,0.8203541751552988,0.8205481554623507,0.7921911538679677,0.17964582484470115
9687,1,1,1,0.95594406,0.9386794600328401,0.940386710540323,0.9409522580119785,0.061320539967159915
9688,2,2,1,0.9951049,0.958867738191357,0.9604544768697229,0.9916719096824633,0.041132261808643045
9689,9,9,1,0.9355387,0.9284320292757162,0.9298598454778971,0.9179459085815641,0.07156797072428378
9690,4,4,1,0.5932424,0.6632463102820252,0.6629447551284785,0.5099206388147948,0.3367536897179748
9691,6,6,1,0.7197219,0.7593551655707163,0.7589500018504135,0.773983502823514,0.24064483442928375
9692,9,9,1,0.49044693,0.42788565431625825,0.4226723293913471,0.43024801958884495,0.5721143456837418
9693,6,6,1,0.71467406,0.800107869249357,0.800781356289449,0.6790736545631961,0.19989213075064305
9694,1,1,1,0.90244645,0.8689899262143861,0.8698047514711201,0.8153245540455377,0.1310100737856139
9695,0,0,1,0.9961201,0.9585867368481413,0.9601523720594035,0.9899479808932254,0.04141326315185867
9696,1,1,1,0.9991636,0.9398296915614452,0.941190533624441,0.9924797167520656,0.060170308438554754
9697,8,8,1,0.79292387,0.8987702739040895,0.9004442718511294,0.8321992181131196,0.10122972609591052
9698,7,7,1,0.97928226,0.956751116601728,0.9581364027237946,0.9706211917187065,0.04324888339827204
9699,0,0,1,0.99914086,0.956581056051099,0.9581968552316319,0.9898230341736478,0.043418943948901
9700,0,0,1,0.9990637,0.9450204177986541,0.9465209653767863,0.9901332024471821,0.05497958220134591
9701,4,4,1,0.95453626,0.9196920039668838,0.921308810550222,0.9394618559276942,0.08030799603311622
9702,7,7,1,0.9993389,0.9452785461834374,0.9466353192842376,0.9881304639464028,0.05472145381656257
9703,4,4,1,0.99717915,0.9458372282352085,0.947330213076888,0.9926746897932351,0.05416277176479145
9704,2,5,0,0.46768668,0.39585098189161066,0.3901077760965373,0.40239641391523606,0.6041490181083893
9705,6,6,1,0.5771529,0.5924710508389426,0.5895796937078465,0.6118453596342551,0.4075289491610574
9706,9,9,1,0.8843961,0.8804093341309391,0.8814074565735813,0.8420270825970178,0.11959066586906086
9707,5,7,0,0.8080546,0.7986684378104298,0.7989729780731701,0.7011535312545547,0.20133156218957016
9708,9,1,0,0.98696506,0.9503025027209928,0.9516367736220309,0.9819882483421171,0.049697497279007186
9709,0,0,1,0.598906,0.5261967675759455,0.5219485318514089,0.6080423142473635,0.47380323242405453
9710,7,7,1,0.49252784,0.47325587549051384,0.4675470570682107,0.4982281335619561,0.5267441245094862
9711,4,4,1,0.9996512,0.9482139250136006,0.9498633229107779,0.9904591283841068,0.05178607498639942
9712,5,5,1,0.9636847,0.9475281314509549,0.9495667510686364,0.9436982748473315,0.052471868549045064
9713,8,8,1,0.99972504,0.9617380327417291,0.9633214559640199,0.9918892148653586,0.03826196725827091
9714,1,1,1,0.9998627,0.9628224698601334,0.9643798386453748,0.9924049525902681,0.03717753013986658
9715,4,6,0,0.82495713,0.741185820065862,0.7400160421468178,0.6457688063427923,0.258814179934138
9716,7,4,0,0.4401429,0.4713012898133055,0.46672239531629184,0.5558229625381087,0.5286987101866945
9717,9,9,1,0.9121324,0.9083611312455935,0.9096093955954532,0.8897776286644745,0.09163886875440652
9718,9,1,0,0.81670064,0.8042944007586941,0.8045367403111193,0.6494018811556789,0.19570559924130593
9719,8,8,1,0.9999193,0.9494936364771931,0.9510442451754576,0.9924074713904432,0.05050636352280691
9720,8,8,1,0.9730916,0.9251715028079843,0.9265575409664107,0.9490730729325019,0.07482849719201567
9721,6,6,1,0.92676073,0.9142821662657965,0.9159939877502928,0.9080717111833825,0.0857178337342035
9722,3,3,1,0.89209837,0.9243982235946657,0.9258754036428275,0.8701889689113104,0.07560177640533428
9723,7,7,1,0.8218011,0.8699272006455747,0.8712484303081742,0.8351175454891411,0.13007279935442528
9724,0,0,1,0.9941918,0.9479119675157733,0.9494218606360737,0.9815363942629309,0.052088032484226665
9725,8,0,0,0.2851765,0.093388738938741,0.08756512565559749,0.23504331024851177,0.906611261061259
9726,9,9,1,0.9768436,0.9457817342132948,0.9470703051356798,0.9675348839868535,0.05421826578670519
9727,6,6,1,0.8866827,0.8818427581760847,0.8828266826820514,0.8295221760799428,0.1181572418239153
9728,2,2,1,0.96509695,0.944645217374999,0.9464281655295398,0.9416470826901546,0.05535478262500104
9729,4,6,0,0.7879036,0.6769822772927578,0.6744524307473778,0.6170563565349599,0.32301772270724216
9730,6,3,0,0.60500586,0.7792414269090965,0.780820601462733,0.5871594127960781,0.22075857309090352
9731,2,2,1,0.9333592,0.9297550213155519,0.9313807201764749,0.8899526432342532,0.07024497868444812
9732,9,9,1,0.9963085,0.9412009527514347,0.9427429751231619,0.9918237487296437,0.05879904724856533
9733,7,7,1,0.9852701,0.9605116636089781,0.9618751583117936,0.9789508519114213,0.039488336391021894
9734,4,7,0,0.73444986,0.5784779678627472,0.5741170425276646,0.5304741078534686,0.4215220321372528
9735,6,6,1,0.35557914,0.13943910158924694,0.13330869997137204,0.27406673199424497,0.8605608984107531
9736,8,8,1,0.94341,0.9278403116424597,0.9294962812136699,0.9259050132978622,0.07215968835754027
9737,5,5,1,0.7300514,0.834115494364492,0.8354310616243518,0.808386234075189,0.16588450563550805
9738,6,6,1,0.9764714,0.9534964111049751,0.9552005367825647,0.9572199885023206,0.04650358889502493
9739,1,1,1,0.9318931,0.9190572623392546,0.9202711946885128,0.9012991562389222,0.08094273766074545
9740,3,6,0,0.82748365,0.8400966135885154,0.8407233450969394,0.8488316006555009,0.1599033864114846
9741,5,5,1,0.70249504,0.8242374169418664,0.8251638707084544,0.773065830317682,0.17576258305813364
9742,9,0,0,0.66882974,0.7524262385994118,0.7519499129644159,0.6783339399077165,0.24757376140058818
9743,9,1,0,0.8383539,0.9010122529461897,0.9024575536295344,0.8292313122724382,0.0989877470538103
9744,1,9,0,0.93336827,0.9423187595947627,0.9438516472028986,0.9287433771117471,0.057681240405237255
9745,3,3,1,0.9779081,0.9523123293177888,0.9538551753611625,0.9704547166103922,0.04768767068221125
9746,2,0,0,0.8295665,0.8282385317041498,0.8299200651414206,0.6678465029411782,0.17176146829585015
9747,0,0,1,0.9987614,0.9433262713459234,0.9447659056426302,0.9791513254400767,0.056673728654076605
9748,3,3,1,0.91651773,0.9269997969862231,0.928423856357207,0.8870867834575523,0.07300020301377685
9749,0,0,1,0.9909348,0.9571189176508639,0.9584863782624908,0.9815850017045057,0.042881082349136124
9750,2,2,1,0.6654491,0.7148630642624761,0.7137927634104138,0.6914622017493174,0.28513693573752386
9751,0,0,1,0.8521202,0.8543466084734856,0.8551510220397824,0.801277028269663,0.14565339152651435
9752,7,7,1,0.8427698,0.7874274156310226,0.7877330107137467,0.7138740935966794,0.2125725843689774
9753,3,2,0,0.6903211,0.7629729059018506,0.7634200393698165,0.693601487157758,0.23702709409814937
9754,9,9,1,0.9986651,0.9470087248753714,0.9483814404605247,0.9929977392614812,0.052991275124628645
9755,3,6,0,0.7992295,0.702972635503845,0.7010481248912432,0.6660685567935201,0.29702736449615497
9756,5,5,1,0.77516514,0.6595233783687509,0.6571718806888842,0.6021823101769805,0.34047662163124914
9757,7,7,1,0.8923325,0.9028679119957875,0.9042454400928498,0.8706248380314819,0.09713208800421247
9758,6,6,1,0.9989753,0.9685487216938193,0.9698136397449088,0.9928139946914658,0.03145127830618066
9759,5,5,1,0.8973147,0.9214395272359237,0.9232545664008979,0.8549749133004589,0.0785604727640763
9760,9,9,1,0.5826993,0.6933577935123522,0.6916366023240443,0.6587845501841899,0.30664220648764784
9761,5,5,1,0.9148222,0.903764936712984,0.9052172000560774,0.8839064177472922,0.09623506328701603
9762,6,6,1,0.9872802,0.9467977088053342,0.948431260992778,0.9793466616999927,0.053202291194665796
9763,1,1,1,0.99918884,0.9552663806565501,0.9570234724906719,0.9897185535328917,0.04473361934344988
9764,2,0,0,0.94120234,0.9326282664086121,0.9340045672513668,0.8774781605485136,0.06737173359138793
9765,4,4,1,0.95071155,0.9316578051242557,0.9334917285388271,0.9122531276203625,0.06834219487574433
9766,0,0,1,0.97949904,0.9471461423465719,0.9489624676296827,0.9683678787648775,0.052853857653428093
9767,2,2,1,0.8945982,0.8934660052837199,0.8948299952294929,0.8432926159947093,0.10653399471628011
9768,7,7,1,0.958878,0.9452525566486883,0.9467195588015757,0.9155842254462964,0.05474744335131165
9769,8,8,1,0.9999361,0.9528364440574094,0.9543716824552532,0.9924256863266909,0.047163555942590585
9770,4,4,1,0.76899004,0.8272789754731255,0.8279975910586113,0.7551124566171954,0.17272102452687454
9771,4,4,1,0.98451495,0.9431230396763567,0.9447807968133716,0.9639546929292026,0.05687696032364331
9772,0,0,1,0.84404886,0.9030902997402107,0.9048889678683125,0.8428926118865441,0.09690970025978929
9773,9,9,1,0.7539502,0.809319763047738,0.8103460252482146,0.667918172309053,0.190680236952262
9774,5,5,1,0.47301346,0.29721520023801584,0.2907491180834833,0.38297867606699953,0.7027847997619842
9775,9,9,1,0.98943347,0.9648542704303574,0.966106493239899,0.9858465380861581,0.03514572956964257
9776,2,4,0,0.88689023,0.8805889371694287,0.8820508607608282,0.7026200876612413,0.11941106283057135
9777,9,9,1,0.88222283,0.9023515891930742,0.9036747954719261,0.8478979378856454,0.09764841080692577
9778,3,5,0,0.5297716,0.721276372373573,0.7213503465722094,0.5991704599768207,0.278723627626427
9779,2,2,1,0.9498869,0.9302794460188606,0.9317794315482333,0.9025722300326399,0.06972055398113941
9780,4,5,0,0.7052244,0.471276005625897,0.46580615569937844,0.4632398840245155,0.528723994374103
9781,3,3,1,0.61940557,0.8681527826086999,0.8699991993842372,0.6916045174849336,0.13184721739130012
9782,2,2,1,0.98182917,0.9504968936898534,0.952285716580933,0.9433675895915128,0.04950310631014665
9783,2,2,1,0.849965,0.8801732011898004,0.8813586113223042,0.8553764256497344,0.11982679881019964
9784,8,8,1,0.9999585,0.9602609583541806,0.9616977332379031,0.9923836394271457,0.03973904164581943
9785,8,0,0,0.54885095,0.4676298947804173,0.4617859568037752,0.5200666427618784,0.5323701052195827
9786,6,6,1,0.5164903,0.25750977817980714,0.2491347120989657,0.487223909020761,0.7424902218201929
9787,8,0,0,0.96282786,0.9446966339316856,0.9463723453216032,0.9470934626266712,0.05530336606831443
9788,1,1,1,0.999995,0.950837682956793,0.9520448218560817,0.9928590131474928,0.04916231704320695
9789,6,6,1,0.9400312,0.9252057848900914,0.926656790871061,0.9154811715597363,0.07479421510990858
9790,8,0,0,0.89376736,0.8821855280048938,0.8832834836781595,0.8626298857075225,0.1178144719951062
9791,9,9,1,0.29086912,0.1478690032309441,0.1411391787345674,0.2065876345028327,0.8521309967690559
9792,8,0,0,0.6183278,0.3711639154962115,0.3640656237086202,0.43584827737618675,0.6288360845037885
9793,2,2,1,0.7600572,0.7558986883088239,0.7557152187451148,0.7553129551952142,0.2441013116911761
9794,1,0,0,0.9628734,0.9344714263700725,0.9358840346473799,0.8964161280592186,0.06552857362992748
9795,4,4,1,0.9079674,0.8945154016310435,0.895972033795555,0.8587971131952028,0.10548459836895652
9796,9,9,1,0.98865396,0.9435094292753249,0.9449841736890738,0.9831429743496318,0.056490570724675115
9797,1,1,1,0.99965036,0.9475665460108074,0.9490326689907284,0.9885145261077279,0.052433453989192635
9798,5,5,1,0.9902264,0.954638017946156,0.9563820809713013,0.9738040236191071,0.04536198205384401
9799,7,7,1,0.8892505,0.9095970376862501,0.9109552649103835,0.8486950301238533,0.09040296231374989
9800,1,1,1,0.99999416,0.9564000264582393,0.9575551760533126,0.9925245462727784,0.043599973541760706
9801,6,3,0,0.33487967,0.4691616331531163,0.46209873391135425,0.5414505256287715,0.5308383668468837
9802,0,0,1,0.99817145,0.9648493868701445,0.9661105697296517,0.9907659962412283,0.03515061312985546
9803,1,1,1,0.99985456,0.9607417864345809,0.9620720121766333,0.9870835717813427,0.03925821356541914
9804,5,5,1,0.57658243,0.8366862699903059,0.8390818668401956,0.7081537120067614,0.16331373000969407
9805,2,0,0,0.8457437,0.8432808607695191,0.843960730465659,0.701464252894489,0.15671913923048086
9806,8,8,1,0.9999696,0.9552225739780793,0.9566678246483219,0.9907075811477122,0.0447774260219207
9807,1,1,1,0.9996327,0.9664149215116083,0.9676870477176771,0.9924344960550207,0.03358507848839165
9808,1,1,1,0.87846005,0.9009115694740613,0.9021237998905414,0.8354970831323618,0.09908843052593874
9809,3,3,1,0.85749626,0.9048342908494822,0.9064848899689939,0.8664228439861101,0.09516570915051781
9810,8,5,0,0.78212637,0.6737754729150716,0.670938485672907,0.6638072026975772,0.32622452708492844
9811,1,1,1,0.9922849,0.9575609783995679,0.958983958044847,0.9837632298444676,0.042439021600432114
9812,3,8,0,0.77558327,0.7774748605826072,0.7769204097254835,0.7007045893079688,0.22252513941739283
9813,1,1,1,0.99989927,0.9557712189651519,0.9572942765793229,0.9882284571538495,0.044228781034848064
9814,8,8,1,0.9998981,0.9564179021850154,0.9578884011841737,0.9904395594615407,0.043582097814984566
9815,5,2,0,0.8715929,0.87429546928622,0.8755577794898614,0.8547321835265863,0.12570453071377996
9816,1,1,1,0.97249603,0.9377548455461371,0.9392260646025913,0.9476555986252339,0.062245154453862916
9817,9,1,0,0.984162,0.9541821558640541,0.9555733679431132,0.9670604169643698,0.04581784413594592
9818,0,0,1,0.9863305,0.9485710081651003,0.9499702613278621,0.9807724341859747,0.051428991834899684
9819,3,5,0,0.85260236,0.9108596300923795,0.9123829874819394,0.8303393980991796,0.08914036990762053
9820,0,0,1,0.71914315,0.6160393212219919,0.6130660337847116,0.6004620648107811,0.3839606787780081
9821,4,4,1,0.69165015,0.77813727864914,0.7787049931873942,0.75509280044358,0.22186272135086005
9822,0,0,1,0.9819948,0.9500118146376344,0.9518102564525708,0.9633006047373093,0.0499881853623656
9823,5,5,1,0.47035223,0.42096168699137976,0.41561168654380215,0.46982711569989605,0.5790383130086203
9824,1,1,1,0.99628997,0.9687363847121588,0.970087514299721,0.9886242450152151,0.03126361528784116
9825,2,4,0,0.7386196,0.851988739435343,0.8534722519778669,0.7670249744308739,0.14801126056465697
9826,0,0,1,0.9981462,0.9387755803549915,0.9403094839734383,0.984625261397111,0.061224419645008465
9827,4,4,1,0.48785782,0.6725121108586023,0.6728409672665097,0.5431807430747859,0.3274878891413977
9828,9,9,1,0.96877116,0.9531194699271224,0.9546120978557144,0.9601704522313299,0.046880530072877624
9829,5,5,1,0.71974945,0.7828810605226242,0.7835287135442918,0.8101821029597265,0.21711893947737582
9830,1,1,1,0.9966229,0.9571915617485713,0.9589020093797069,0.9803673503462969,0.04280843825142866
9831,2,2,1,0.8600557,0.8755662428554658,0.8765440503529306,0.8361155653378421,0.1244337571445342
9832,2,2,1,0.8339994,0.7212663715809547,0.719948547817729,0.6545808228581161,0.27873362841904525
9833,7,7,1,0.8559129,0.7663365548354426,0.7658599367272467,0.6661513404706939,0.2336634451645574
9834,8,0,0,0.7753076,0.7706316601918338,0.7712405434125351,0.6232405805409234,0.22936833980816618
9835,7,4,0,0.9279769,0.9256937600146639,0.9271639319384244,0.8938241312434981,0.07430623998533614
9836,2,2,1,0.7464636,0.7556520571618563,0.7552625653143147,0.634136079036449,0.24434794283814365
9837,4,4,1,0.8025794,0.8432968921133748,0.8441258546582626,0.7652731207552737,0.15670310788662523
9838,5,5,1,0.97864956,0.957767828598173,0.9590283322609727,0.9692336958173776,0.042232171401827
9839,3,2,0,0.5650229,0.44137169923873437,0.43571621147861894,0.47031057183558295,0.5586283007612656
9840,4,7,0,0.8545406,0.8859947821588069,0.8872828065161948,0.8559628702579566,0.11400521784119311
9841,0,0,1,0.99949086,0.9551869705642686,0.9566454211513746,0.9825129530498338,0.0448130294357314
9842,6,4,0,0.6632959,0.8433257454599767,0.8451947483749185,0.681019938660834,0.15667425454002326
9843,1,1,1,0.9998093,0.9629400103669152,0.9646016790477385,0.9924768847193871,0.03705998963308477
9844,5,5,1,0.93482006,0.9076850304630157,0.9090436205085075,0.8637718963955979,0.09231496953698426
9845,9,9,1,0.95345783,0.9297178880937315,0.9310408667588985,0.9283934894609545,0.07028211190626854
9846,8,8,1,0.9884356,0.9589898152116882,0.9604994255627229,0.9836184977276962,0.041010184788311754
9847,0,0,1,0.996612,0.9588648801643874,0.960338648270149,0.9842203383690786,0.04113511983561258
9848,2,2,1,0.7517076,0.8251806431471234,0.8256929288771078,0.732738236923594,0.17481935685287664
9849,0,0,1,0.60742337,0.6193955331528052,0.6166191391284582,0.576923990466044,0.38060446684719484
9850,7,4,0,0.9430144,0.9308324655349092,0.9326079170682129,0.9179919296033892,0.06916753446509083
9851,6,6,1,0.6582631,0.7131600225870678,0.7124006316503555,0.6277147824060608,0.2868399774129322
9852,0,0,1,0.99067456,0.9569685491971331,0.9584682362493503,0.9788617698005316,0.043031450802866855
9853,5,5,1,0.6183749,0.5452094689235235,0.5418902505890127,0.6383177714027457,0.4547905310764765
9854,9,9,1,0.99289316,0.9650429306749795,0.9662287290011987,0.9755040010558358,0.03495706932502052
9855,7,7,1,0.9500827,0.9438637617202416,0.9452561019016874,0.9302540832898057,0.056136238279758444
9856,5,5,1,0.9770315,0.9497476538856301,0.9511683576565334,0.9709883860909639,0.050252346114369906
9857,0,1,0,0.5989217,0.2920262373988515,0.2827989906021926,0.30794219277853946,0.7079737626011485
9858,4,4,1,0.9059285,0.9099463020005301,0.911670263480602,0.8593354631425298,0.09005369799946994
9859,6,6,1,0.5872888,0.76729196056215,0.7680404884473022,0.6882269740695678,0.23270803943785
9860,0,0,1,0.57454777,0.5377238589173433,0.534273149122644,0.4629017460572226,0.4622761410826567
9861,6,6,1,0.9932467,0.9558870456533001,0.9573638747179255,0.986421759785821,0.04411295434669993
9862,3,0,0,0.42740053,0.3825816534293639,0.37633330627975037,0.41864722915976726,0.6174183465706361
9863,6,6,1,0.99652666,0.9613224694173883,0.9628250211623761,0.9917425686938282,0.0386775305826117
9864,8,8,1,0.96058387,0.9478319260864989,0.9492778750503632,0.9449083768941171,0.05216807391350109
9865,1,1,1,0.9997143,0.9550702279098292,0.9566071191729074,0.9915432706019139,0.044929772090170794
9866,1,1,1,0.77410275,0.8196275122823928,0.8203119538885095,0.7504841377386269,0.18037248771760717
9867,8,0,0,0.8330526,0.8696294690560263,0.8707238579037261,0.8232098189428032,0.13037053094397366
9868,9,9,1,0.89969724,0.9209622638798919,0.9225587282797182,0.8648451793881113,0.07903773612010812
9869,7,7,1,0.7320856,0.691943682386631,0.6906294541739637,0.6490921874752281,0.30805631761336905
9870,2,2,1,0.98592836,0.9633214361589246,0.9648610557401267,0.9697747197633155,0.03667856384107537
9871,9,9,1,0.98644096,0.9510897368820949,0.9525814192999413,0.9819760020446888,0.04891026311790514
9872,0,0,1,0.97703457,0.9580278296431789,0.9593770917830524,0.9587665385973856,0.041972170356821104
9873,2,2,1,0.55888313,0.7008479200451219,0.7005416271448494,0.5974431558220639,0.29915207995487814
9874,2,2,1,0.81186324,0.6406297831231752,0.6379832125629096,0.631284934639287,0.3593702168768248
9875,9,9,1,0.99862933,0.9621620842961619,0.9635810462570101,0.9908839007842927,0.0378379157038381
9876,0,0,1,0.9802317,0.9481350261872452,0.9495673938003943,0.9572255550326497,0.05186497381275479
9877,6,2,0,0.77508533,0.7598924067078529,0.7589338165389187,0.7373795432986053,0.24010759329214715
9878,5,5,1,0.8022233,0.8381314661419493,0.8390852424105707,0.8060433556846657,0.16186853385805067
9879,7,5,0,0.48914924,0.4775633533717835,0.4726477613390094,0.4767310615181725,0.5224366466282164
9880,7,7,1,0.47529495,0.2212688461536374,0.21340427230087589,0.35553171000724215,0.7787311538463626
9881,9,1,0,0.33707452,0.2590139075213605,0.2507163801543326,0.4237912914942585,0.7409860924786396
9882,1,1,1,0.99977285,0.9546201898364345,0.9558702660067839,0.993762757250985,0.045379810163565515
9883,7,7,1,0.4106048,0.28639933663241235,0.27979233814277615,0.46550010560512184,0.7136006633675877
9884,9,8,0,0.5120744,0.43048636592330025,0.4252908211725028,0.3829532432085566,0.5695136340766997
9885,8,8,1,0.99336714,0.9621796823769684,0.9637271624757451,0.9834218729009652,0.03782031762303162
9886,4,4,1,0.98741406,0.9446993575109808,0.9462333248593362,0.9722804325659544,0.055300642489019225
9887,5,5,1,0.65947837,0.7509697832646772,0.7504050099071469,0.7608263639222385,0.24903021673532277
9888,0,0,1,0.9899074,0.9564471441136094,0.9580244863913782,0.979719915424537,0.043552855886390573
9889,8,8,1,0.97681296,0.9433833143720886,0.9450270490314738,0.9673368779760837,0.056616685627911445
9890,0,0,1,0.9999194,0.9516881877018711,0.9531128301772687,0.9931305940693513,0.048311812298128864
9891,2,2,1,0.80604595,0.8336734558450706,0.834824306055512,0.7981924105979629,0.16632654415492942
9892,5,2,0,0.9770477,0.941354410837565,0.9429253456141212,0.9687300670698518,0.05864558916243501
9893,2,2,1,0.9311087,0.9045218077249488,0.9059381446224947,0.8911795607062355,0.09547819227505117
9894,1,1,1,0.8694972,0.6816549811521411,0.6788769588548982,0.6274008780978667,0.31834501884785893
9895,4,4,1,0.8060327,0.8920788896052521,0.8938760562646372,0.8056837160964104,0.10792111039474794
9896,4,4,1,0.8327847,0.8990617945187432,0.9007811534718371,0.8518814617759851,0.10093820548125676
9897,8,8,1,0.9994122,0.9566968180052147,0.9581999609280588,0.9910791990899551,0.043303181994785334
9898,9,9,1,0.92531013,0.8694714520447041,0.8706309238611969,0.7868102127364485,0.1305285479552959
9899,7,7,1,0.8460512,0.9139480145956718,0.915817725407367,0.8271872223167898,0.08605198540432824
9900,8,8,1,0.9995801,0.9591953490475966,0.9605188988511048,0.9913757871995107,0.040804650952403376
9901,3,2,0,0.37439337,0.21642444935781668,0.20845170863051316,0.46416442690272963,0.7835755506421833
9902,6,6,1,0.9666181,0.9452290854635234,0.9466502058932436,0.9102742045500358,0.054770914536476645
9903,6,6,1,0.9842609,0.9482094264334542,0.9497174771724216,0.970352220845765,0.05179057356654582
9904,0,0,1,0.9998417,0.947835250581272,0.9493637979963655,0.9879716507499055,0.05216474941872795
9905,1,1,1,0.9932468,0.9765429029383699,0.9776681458657718,0.9552753750298524,0.023457097061630128
9906,1,1,1,0.99997747,0.957517724415807,0.958752543433699,0.9926970698276548,0.04248227558419304
9907,1,1,1,0.9959287,0.9549410370003564,0.956635380641093,0.9885406704742966,0.045058962999643626
9908,8,0,0,0.65917516,0.5978609090978672,0.5939314540485919,0.4747870846471804,0.40213909090213285
9909,1,1,1,0.99811065,0.9654858488917666,0.9670255819770749,0.9850051981165905,0.034514151108233415
9910,4,7,0,0.6802699,0.7992655900696747,0.8001228546718923,0.7526907266573726,0.20073440993032532
9911,4,4,1,0.9884978,0.9521666978325911,0.953649006487587,0.9805248362607982,0.047833302167408887
9912,0,0,1,0.999826,0.938441165033273,0.9399349067430997,0.9915832336648758,0.06155883496672698
9913,7,7,1,0.77758735,0.8038046357088495,0.8034379143068011,0.7535476082378384,0.19619536429115048
9914,8,8,1,0.99995685,0.9620431262724166,0.9633046714684144,0.9922357848194175,0.037956873727583385
9915,2,2,1,0.92819893,0.9199963469947046,0.9216296704032122,0.9145977338161384,0.08000365300529544
9916,1,1,1,0.99940383,0.967462314880763,0.9686405286185515,0.9847651795716885,0.03253768511923705
9917,2,2,1,0.9890115,0.9498828926897744,0.951309099330047,0.9809680118281594,0.05011710731022556
9918,5,5,1,0.59915566,0.7037490188245652,0.7029335526212469,0.7219613280738816,0.2962509811754348
9919,4,4,1,0.57795453,0.6633508807032293,0.6626747341447676,0.6678887923107998,0.33664911929677066
9920,6,6,1,0.99608254,0.9655032693247365,0.9669439933908324,0.9915269308109826,0.03449673067526349
9921,0,0,1,0.99806315,0.936333893744,0.9378176576484675,0.9486705390404557,0.063666106256
9922,5,5,1,0.5224399,0.7802474185203147,0.780997169055041,0.6979902762241419,0.21975258147968535
9923,7,0,0,0.42369485,0.456231161417272,0.45165878702156326,0.48129592747426336,0.543768838582728
9924,4,4,1,0.37166592,0.17750222951564557,0.17004002289601072,0.4214170702152953,0.8224977704843545
9925,4,4,1,0.84223825,0.8753383747709893,0.8765596415752388,0.84751011258082,0.1246616252290107
9926,3,6,0,0.41322896,0.4666783539480207,0.46323083160877515,0.5560186784923516,0.5333216460519793
9927,9,9,1,0.9495234,0.9332587976854094,0.9346873066173801,0.9419612183625823,0.06674120231459058
9928,5,2,0,0.35741818,0.14911670103524935,0.14241797262443798,0.32927676781634063,0.8508832989647507
9929,8,8,1,0.7874719,0.8978702506763696,0.8997817156517784,0.8338499534197704,0.10212974932363039
9930,8,8,1,0.6565699,0.5219801801456104,0.5161072610912869,0.5890657876768216,0.47801981985438957
9931,0,0,1,0.99985194,0.9567463910775785,0.9582655143297019,0.9899790376662704,0.04325360892242147
9932,8,8,1,0.66355205,0.7567909535254065,0.7557449671724719,0.6655020267297965,0.24320904647459352
9933,7,2,0,0.31229064,0.15723364104081194,0.1497950734640621,0.2905447529455483,0.8427663589591881
9934,4,4,1,0.97290504,0.9479214395482256,0.949535741689783,0.9482212697351112,0.05207856045177439
9935,1,1,1,0.9990435,0.9664708576204062,0.9679648603970555,0.9915836147494065,0.03352914237959381
9936,8,8,1,0.992753,0.9597126446977564,0.9614813232922517,0.9848849983031844,0.04028735530224359
9937,4,4,1,0.9981337,0.950332435336338,0.9515880635318987,0.9929940914296342,0.049667564663661956
9938,9,9,1,0.9984314,0.9688754014065077,0.9701264340419021,0.9921165676851318,0.03112459859349226
9939,5,5,1,0.99892503,0.955614561065714,0.9572626292195682,0.9860234737505751,0.04438543893428604
9940,4,4,1,0.31133795,0.42900046597101327,0.4240510626513183,0.5411238942984989,0.5709995340289867
9941,1,1,1,0.9994313,0.9613054812263773,0.962807845416117,0.9860072751454989,0.03869451877362273
9942,7,7,1,0.94751465,0.8794329465353474,0.8804458633303544,0.7613443304215097,0.12056705346465257
9943,7,0,0,0.7727735,0.5786570005303904,0.5749838189408837,0.5863728221023033,0.4213429994696096
9944,7,7,1,0.99022955,0.960752979489459,0.9620733240114832,0.975136199929133,0.039247020510540964
9945,7,7,1,0.64610845,0.8402647929252274,0.8418417976314951,0.7547778882430056,0.15973520707477262
9946,0,0,1,0.9965713,0.9608666794849248,0.9622900659005179,0.9852039698633278,0.03913332051507523
9947,3,3,1,0.7337823,0.7381093557375049,0.7374312262393217,0.5601304246913198,0.2618906442624951
9948,8,8,1,0.99485624,0.9569511563091793,0.9583890230787824,0.9883410792341801,0.04304884369082074
9949,3,2,0,0.34861004,0.4580544501852001,0.45319598533025945,0.5724553838058609,0.5419455498147999
9950,3,3,1,0.7053494,0.7936875250360493,0.7942144161039878,0.7600210573468483,0.20631247496395066
9951,0,0,1,0.98719925,0.9544385240253389,0.9558488450144079,0.9836671969183335,0.04556147597466109
9952,5,5,1,0.99970776,0.9560119326962997,0.9575057226155306,0.986057785254375,0.04398806730370031
9953,7,2,0,0.9003538,0.8068805788319668,0.8069806692147544,0.7238135639839747,0.19311942116803316
9954,0,0,1,0.99832565,0.9649555973237355,0.9665548861041516,0.9914210643903243,0.03504440267626452
9955,8,8,1,0.99999356,0.950776299057971,0.9522821929294372,0.9919790622350084,0.04922370094202899
9956,0,0,1,0.89869297,0.8817884917981275,0.8827050106396281,0.8488566579874582,0.11821150820187254
9957,0,0,1,0.991368,0.9597680931339548,0.9611871497335971,0.9842651121908983,0.040231906866045164
9958,9,9,1,0.9723396,0.9495117977989841,0.9508341518238432,0.9619936295871002,0.05048820220101591
9959,2,3,0,0.64857876,0.4167492739364003,0.41029678629105415,0.5215093667106817,0.5832507260635997
9960,2,0,0,0.90889776,0.9188079822504402,0.9201973897091569,0.845493088454154,0.08119201774955975
9961,3,3,1,0.9284982,0.9206821474102354,0.9221099267329691,0.8959505850597703,0.07931785258976465
9962,4,4,1,0.9828814,0.9503359711584343,0.9519599042437152,0.9709507562180774,0.04966402884156573
9963,8,8,1,0.8593956,0.8981191861263518,0.8996930669071027,0.85845203631123,0.10188081387364822
9964,2,2,1,0.86559933,0.8800991175544711,0.8813488981990417,0.8722188602293635,0.11990088244552888
9965,2,2,1,0.7065798,0.8812922405816087,0.8830956658349125,0.7861724927470335,0.11870775941839129
9966,6,6,1,0.99805826,0.9634773890275463,0.9650009472508476,0.9918605288864804,0.036522610972453684
9967,3,2,0,0.7658856,0.6271237965916487,0.6243981488066416,0.6574298737121176,0.37287620340835126
9968,3,2,0,0.9413717,0.9362438307315827,0.9379051653939341,0.9045730194111549,0.06375616926841732
9969,6,6,1,0.80543214,0.8519946538046895,0.8530016739673733,0.7617278041846858,0.14800534619531047
9970,2,2,1,0.9986749,0.9605973262733863,0.9620993209263263,0.9897606094822055,0.03940267372661366
9971,9,9,1,0.9744364,0.9584984118573996,0.9599736822156377,0.9589367852611548,0.04150158814260041
9972,4,4,1,0.9069632,0.9272767458223365,0.9290025431440151,0.8959761374497106,0.07272325417766345
9973,0,0,1,0.9980716,0.9634102035330621,0.9648268755742344,0.9905744136224679,0.03658979646693794
9974,1,1,1,0.99978226,0.9562256694543224,0.9576314676055807,0.9935720925199552,0.04377433054567759
9975,7,7,1,0.9920614,0.9679345834627922,0.96913711638047,0.9815386825605404,0.03206541653720785
9976,5,5,1,0.90774435,0.9137969462864381,0.9151678466799846,0.8775206505579493,0.08620305371356185
9977,5,5,1,0.8807866,0.9067847651065136,0.908818085079682,0.8033879339207153,0.09321523489348638
9978,7,7,1,0.7786167,0.8767149589706404,0.8785071914556303,0.8202313893728346,0.12328504102935955
9979,3,3,1,0.76039183,0.8612326677157661,0.8631964006827259,0.7912658207304082,0.13876733228423388
9980,0,0,1,0.9970379,0.9694587195635929,0.9706669102348527,0.9919066930115337,0.030541280436407137
9981,4,4,1,0.77658594,0.8115095138978952,0.8118223962810271,0.7286960130730452,0.18849048610210484
9982,2,6,0,0.3224722,0.3722979274103025,0.3665634814443801,0.4016586179445703,0.6277020725896976
9983,0,0,1,0.86329275,0.8819405349469301,0.8832213252204049,0.8625862528000491,0.11805946505306986
9984,7,7,1,0.9477899,0.940036690944545,0.9416540070241924,0.9293805579748227,0.059963309055454994
9985,5,5,1,0.6126394,0.6377469344169178,0.6356002812010321,0.6437287868834487,0.36225306558308223
9986,8,8,1,0.9716641,0.9480297410747642,0.9495326549533752,0.9506227225579346,0.05197025892523577
9987,0,0,1,0.99170727,0.9545506467854376,0.9560981339067691,0.984328770843158,0.04544935321456245
9988,8,8,1,0.99994504,0.9566812501010983,0.9579866072411705,0.9926970698276548,0.04331874989890172
9989,2,4,0,0.6846008,0.827006261784782,0.8281513987339145,0.7246744825214592,0.17299373821521802
9990,7,7,1,0.3293629,0.18694845960202727,0.17942224782873423,0.2606805073272875,0.8130515403979728
9991,0,0,1,0.99995553,0.9520588970372479,0.9534466759425132,0.9933345642099838,0.047941102962752113
9992,3,3,1,0.8475737,0.9070876651625361,0.9088422095705305,0.862856989841617,0.09291233483746386
9993,5,5,1,0.5418204,0.6211959506715226,0.6194878426801619,0.4771996744181382,0.37880404932847744
9994,3,3,1,0.89487255,0.9133316144419752,0.9149479514851272,0.858673881601797,0.08666838555802481
9995,8,0,0,0.9619287,0.9400061638158581,0.9415133788357897,0.9278478875146652,0.05999383618414189
9996,3,3,1,0.45967177,0.582531871655216,0.5803318594444318,0.5452984817189717,0.417468128344784
9997,5,5,1,0.95222026,0.9486672749824978,0.9504404990267246,0.9121782262531581,0.05133272501750219
9998,1,1,1,0.98464614,0.9529967901813483,0.9545467983788338,0.9711866579659422,0.04700320981865169
9999,7,7,1,0.86177737,0.8901039508644996,0.8913346945823334,0.8283039757478157,0.10989604913550044
